2026-06-06 12:23:17.044 [INFO] src.enrichment.client_base: Logger initialized. Log file: /Users/zhaorongli/.workbuddy/skills/sensory-genomics/logs/sensory_genomics_20260606_122317.log
2026-06-06 12:23:17.046 [INFO] src.gene_sets.bed_mapper: Logger initialized. Log file: /Users/zhaorongli/.workbuddy/skills/sensory-genomics/logs/sensory_genomics_20260606_122317.log
2026-06-06 12:23:17.047 [INFO] src.gene_sets.filter: Logger initialized. Log file: /Users/zhaorongli/.workbuddy/skills/sensory-genomics/logs/sensory_genomics_20260606_122317.log
2026-06-06 12:23:17.048 [INFO] src.report.json_generator: Logger initialized. Log file: /Users/zhaorongli/.workbuddy/skills/sensory-genomics/logs/sensory_genomics_20260606_122317.log
2026-06-06 12:23:17.078 [INFO] src.report.markdown_generator: Logger initialized. Log file: /Users/zhaorongli/.workbuddy/skills/sensory-genomics/logs/sensory_genomics_20260606_122317.log
2026-06-06 12:23:17.080 [INFO] src.specialized.mitochondrial: Logger initialized. Log file: /Users/zhaorongli/.workbuddy/skills/sensory-genomics/logs/sensory_genomics_20260606_122317.log
2026-06-06 12:23:17.080 [INFO] src.specialized.or_tiers: Logger initialized. Log file: /Users/zhaorongli/.workbuddy/skills/sensory-genomics/logs/sensory_genomics_20260606_122317.log
2026-06-06 12:23:17.081 [INFO] src.specialized.tas2r38: Logger initialized. Log file: /Users/zhaorongli/.workbuddy/skills/sensory-genomics/logs/sensory_genomics_20260606_122317.log
2026-06-06 12:23:17.081 [INFO] src.report.report_context: Logger initialized. Log file: /Users/zhaorongli/.workbuddy/skills/sensory-genomics/logs/sensory_genomics_20260606_122317.log
2026-06-06 12:23:17.190 [INFO] src.vcf.parser: Logger initialized. Log file: /Users/zhaorongli/.workbuddy/skills/sensory-genomics/logs/sensory_genomics_20260606_122317.log
2026-06-06 12:23:17.190 [INFO] src.vcf.prefilter: Logger initialized. Log file: /Users/zhaorongli/.workbuddy/skills/sensory-genomics/logs/sensory_genomics_20260606_122317.log
2026-06-06 12:23:17.194 [INFO] src.vep.client: Logger initialized. Log file: /Users/zhaorongli/.workbuddy/skills/sensory-genomics/logs/sensory_genomics_20260606_122317.log
2026-06-06 12:23:17.195 [INFO] src.vep.local_client: Logger initialized. Log file: /Users/zhaorongli/.workbuddy/skills/sensory-genomics/logs/sensory_genomics_20260606_122317.log
2026-06-06 12:23:17.196 [INFO] src.vep.hybrid_client: Logger initialized. Log file: /Users/zhaorongli/.workbuddy/skills/sensory-genomics/logs/sensory_genomics_20260606_122317.log
2026-06-06 12:23:17.196 [INFO] main: Logger initialized. Log file: /Users/zhaorongli/.workbuddy/skills/sensory-genomics/logs/sensory_genomics_20260606_122317.log
2026-06-06 12:23:17.215 [INFO] sensory_genomics: Logger initialized. Log file: /Users/zhaorongli/.workbuddy/skills/sensory-genomics/logs/sensory_genomics_20260606_122317.log
2026-06-06 12:23:28.378 [INFO] main: BED-filtered VCF: /var/folders/g5/gdb7vzxd6_5fwkmkt6j_nrx00000gn/T/tmps2uphyms.vcf.gz -> 24609 variants
2026-06-06 12:23:28.424 [INFO] src.specialized.tas2r38: Loaded TAS2R38 SNP definitions: 3 SNPs
2026-06-06 12:23:28.425 [INFO] src.specialized.mitochondrial: Loaded mitochondrial variant database: 8 entries
2026-06-06 12:23:28.425 [INFO] src.specialized.or_tiers: Loaded OR ligand map: 11 entries
2026-06-06 12:23:28.426 [INFO] main: Loaded precomputed transcript map: 384 genes
2026-06-06 12:23:28.431 [INFO] src.gene_sets.bed_mapper: Loaded BED regions: 6931 intervals across 23 chromosomes (bisect indexed)
2026-06-06 12:23:28.431 [INFO] main: Loaded exon BED for strict filtering
2026-06-06 12:23:28.431 [INFO] main: Using LocalVepClient (Docker offline)
2026-06-06 12:23:28.431 [INFO] src.gene_sets.bed_mapper: Loaded BED regions: 382 intervals across 23 chromosomes (bisect indexed)
2026-06-06 12:23:28.431 [INFO] main: Pipeline started for /var/folders/g5/gdb7vzxd6_5fwkmkt6j_nrx00000gn/T/tmps2uphyms.vcf.gz
2026-06-06 12:23:28.436 [INFO] src.vcf.parser: Parsing VCF for sample: ML150006935_L01_184
2026-06-06 12:23:28.645 [INFO] main: Stage 1 complete: 23821 variants after prefilter
2026-06-06 12:23:28.655 [INFO] src.vep.local_client: Running local VEP for 23821 variants via Docker
2026-06-06 12:24:09.881 [INFO] src.vep.local_client: Local VEP annotated 23821 variants
2026-06-06 12:24:10.047 [INFO] main: Stage 2 complete: 23821 variants annotated
2026-06-06 12:24:10.051 [INFO] main: Stage 2.5 complete: BED mapped 101 variants to genes
2026-06-06 12:24:10.121 [INFO] src.gene_sets.filter: Sensory filter: 22507 / 23821 variants retained
2026-06-06 12:24:10.121 [INFO] main: Stage 3 complete: 22507 sensory variants
2026-06-06 12:24:10.378 [INFO] main: Stage 4 complete: 367 gene cards
2026-06-06 12:24:10.485 [INFO] main: Stage 5 complete: TAS2R38=yes, MT=0, OR=11031
2026-06-06 12:24:20.000 [ERROR] src.enrichment.client_base: gnomad HTTP 400: Bad Request
2026-06-06 12:24:20.008 [ERROR] src.enrichment.client_base: gnomad HTTP 400: Bad Request
2026-06-06 12:24:20.012 [ERROR] src.enrichment.client_base: gnomad HTTP 400: Bad Request
2026-06-06 12:24:20.034 [ERROR] src.enrichment.client_base: gnomad HTTP 400: Bad Request
2026-06-06 12:24:20.035 [ERROR] src.enrichment.client_base: gnomad HTTP 400: Bad Request
2026-06-06 12:24:20.075 [ERROR] src.enrichment.client_base: gnomad HTTP 400: Bad Request
2026-06-06 12:24:20.127 [ERROR] src.enrichment.client_base: gnomad HTTP 400: Bad Request
2026-06-06 12:24:20.195 [ERROR] src.enrichment.client_base: gnomad HTTP 400: Bad Request
2026-06-06 12:24:20.197 [ERROR] src.enrichment.client_base: gnomad HTTP 400: Bad Request
2026-06-06 12:24:20.277 [ERROR] src.enrichment.client_base: gnomad HTTP 400: Bad Request
2026-06-06 12:24:20.432 [ERROR] src.enrichment.client_base: gnomad HTTP 400: Bad Request
2026-06-06 12:24:20.560 [WARNING] src.enrichment.client_base: clinvar rate limited (429), retrying in 1s...
2026-06-06 12:24:20.757 [ERROR] src.enrichment.client_base: gnomad HTTP 400: Bad Request
2026-06-06 12:24:20.873 [ERROR] src.enrichment.client_base: gnomad HTTP 400: Bad Request
2026-06-06 12:24:21.005 [WARNING] src.enrichment.client_base: clinvar rate limited (429), retrying in 1s...
2026-06-06 12:24:21.081 [WARNING] src.enrichment.client_base: clinvar rate limited (429), retrying in 1s...
2026-06-06 12:24:21.519 [ERROR] src.enrichment.client_base: gnomad HTTP 400: Bad Request
2026-06-06 12:24:21.549 [ERROR] src.enrichment.client_base: gnomad HTTP 400: Bad Request
2026-06-06 12:24:21.792 [ERROR] src.enrichment.client_base: gnomad HTTP 400: Bad Request
2026-06-06 12:24:21.811 [ERROR] src.enrichment.client_base: gnomad HTTP 400: Bad Request
2026-06-06 12:24:21.824 [ERROR] src.enrichment.client_base: gnomad HTTP 400: Bad Request
2026-06-06 12:24:21.858 [ERROR] src.enrichment.client_base: gnomad HTTP 400: Bad Request
2026-06-06 12:24:21.862 [ERROR] src.enrichment.client_base: gnomad HTTP 400: Bad Request
2026-06-06 12:24:21.863 [ERROR] src.enrichment.client_base: gnomad HTTP 400: Bad Request
2026-06-06 12:24:21.865 [ERROR] src.enrichment.client_base: gnomad HTTP 400: Bad Request
2026-06-06 12:24:21.907 [ERROR] src.enrichment.client_base: gnomad HTTP 400: Bad Request
2026-06-06 12:24:21.989 [ERROR] src.enrichment.client_base: gnomad HTTP 400: Bad Request
2026-06-06 12:24:22.103 [ERROR] src.enrichment.client_base: gnomad HTTP 400: Bad Request
2026-06-06 12:24:22.216 [ERROR] src.enrichment.client_base: gnomad HTTP 400: Bad Request
2026-06-06 12:24:22.248 [ERROR] src.enrichment.client_base: gnomad HTTP 400: Bad Request
2026-06-06 12:24:22.272 [ERROR] src.enrichment.client_base: gnomad HTTP 400: Bad Request
2026-06-06 12:24:22.416 [WARNING] src.enrichment.client_base: clinvar rate limited (429), retrying in 2s...
2026-06-06 12:24:22.538 [WARNING] src.enrichment.client_base: clinvar rate limited (429), retrying in 2s...
2026-06-06 12:24:22.840 [WARNING] src.enrichment.client_base: clinvar rate limited (429), retrying in 1s...
2026-06-06 12:24:23.087 [ERROR] src.enrichment.client_base: gnomad HTTP 400: Bad Request
2026-06-06 12:24:23.882 [ERROR] src.enrichment.client_base: gnomad HTTP 400: Bad Request
2026-06-06 12:24:24.044 [ERROR] src.enrichment.client_base: gnomad HTTP 400: Bad Request
2026-06-06 12:24:24.086 [ERROR] src.enrichment.client_base: gnomad HTTP 400: Bad Request
2026-06-06 12:24:24.116 [ERROR] src.enrichment.client_base: gnomad HTTP 400: Bad Request
2026-06-06 12:24:24.127 [ERROR] src.enrichment.client_base: gnomad HTTP 400: Bad Request
2026-06-06 12:24:24.139 [ERROR] src.enrichment.client_base: gnomad HTTP 400: Bad Request
2026-06-06 12:24:24.157 [ERROR] src.enrichment.client_base: gnomad HTTP 400: Bad Request
2026-06-06 12:24:24.163 [ERROR] src.enrichment.client_base: gnomad HTTP 400: Bad Request
2026-06-06 12:24:24.208 [ERROR] src.enrichment.client_base: gnomad HTTP 400: Bad Request
2026-06-06 12:24:24.227 [ERROR] src.enrichment.client_base: gnomad HTTP 400: Bad Request
2026-06-06 12:24:24.522 [ERROR] src.enrichment.client_base: gnomad HTTP 400: Bad Request
2026-06-06 12:24:24.664 [ERROR] src.enrichment.client_base: gnomad HTTP 400: Bad Request
2026-06-06 12:24:24.836 [ERROR] src.enrichment.client_base: gnomad HTTP 400: Bad Request
2026-06-06 12:24:24.955 [ERROR] src.enrichment.client_base: gnomad HTTP 400: Bad Request
2026-06-06 12:24:25.327 [ERROR] src.enrichment.client_base: gnomad HTTP 400: Bad Request
2026-06-06 12:24:25.861 [WARNING] src.enrichment.client_base: clinvar rate limited (429), retrying in 1s...
2026-06-06 12:24:26.107 [ERROR] src.enrichment.client_base: gnomad HTTP 400: Bad Request
2026-06-06 12:24:26.446 [WARNING] src.enrichment.client_base: clinvar rate limited (429), retrying in 1s...
2026-06-06 12:24:27.302 [WARNING] src.enrichment.client_base: clinvar rate limited (429), retrying in 1s...
2026-06-06 12:24:28.298 [ERROR] src.enrichment.client_base: gnomad HTTP 400: Bad Request
2026-06-06 12:24:28.327 [ERROR] src.enrichment.client_base: gnomad HTTP 400: Bad Request
2026-06-06 12:24:28.376 [ERROR] src.enrichment.client_base: gnomad HTTP 400: Bad Request
2026-06-06 12:24:28.390 [ERROR] src.enrichment.client_base: gnomad HTTP 400: Bad Request
2026-06-06 12:24:28.434 [ERROR] src.enrichment.client_base: gnomad HTTP 400: Bad Request
2026-06-06 12:24:28.616 [ERROR] src.enrichment.client_base: gnomad HTTP 400: Bad Request
2026-06-06 12:24:28.739 [ERROR] src.enrichment.client_base: gnomad HTTP 400: Bad Request
2026-06-06 12:24:28.908 [ERROR] src.enrichment.client_base: gnomad HTTP 400: Bad Request
2026-06-06 12:24:28.986 [WARNING] src.enrichment.client_base: gnomad rate limited (429), retrying in 8s...
2026-06-06 12:24:28.998 [ERROR] src.enrichment.client_base: gnomad HTTP 400: Bad Request
2026-06-06 12:24:29.001 [ERROR] src.enrichment.client_base: gnomad HTTP 400: Bad Request
2026-06-06 12:24:29.028 [ERROR] src.enrichment.client_base: gnomad HTTP 400: Bad Request
2026-06-06 12:24:29.032 [ERROR] src.enrichment.client_base: gnomad HTTP 400: Bad Request
2026-06-06 12:24:29.033 [ERROR] src.enrichment.client_base: gnomad HTTP 400: Bad Request
2026-06-06 12:24:29.053 [WARNING] src.enrichment.client_base: gnomad rate limited (429), retrying in 1s...
2026-06-06 12:24:29.071 [ERROR] src.enrichment.client_base: gnomad HTTP 400: Bad Request
2026-06-06 12:24:29.174 [WARNING] src.enrichment.client_base: gnomad rate limited (429), retrying in 8s...
2026-06-06 12:24:29.270 [WARNING] src.enrichment.client_base: gnomad rate limited (429), retrying in 1s...
2026-06-06 12:24:29.314 [WARNING] src.enrichment.client_base: gnomad rate limited (429), retrying in 1s...
2026-06-06 12:24:29.329 [WARNING] src.enrichment.client_base: clinvar rate limited (429), retrying in 1s...
2026-06-06 12:24:29.330 [WARNING] src.enrichment.client_base: gnomad rate limited (429), retrying in 1s...
2026-06-06 12:24:29.397 [WARNING] src.enrichment.client_base: clinvar rate limited (429), retrying in 1s...
2026-06-06 12:24:29.548 [WARNING] src.enrichment.client_base: clinvar rate limited (429), retrying in 2s...
2026-06-06 12:24:29.679 [WARNING] src.enrichment.client_base: gnomad rate limited (429), retrying in 8s...
2026-06-06 12:24:29.687 [WARNING] src.enrichment.client_base: gnomad rate limited (429), retrying in 8s...
2026-06-06 12:24:29.939 [WARNING] src.enrichment.client_base: gnomad rate limited (429), retrying in 2s...
2026-06-06 12:24:30.235 [ERROR] src.enrichment.client_base: gtex HTTP 422: Unprocessable Entity
2026-06-06 12:24:30.238 [ERROR] src.enrichment.client_base: gtex HTTP 422: Unprocessable Entity
2026-06-06 12:24:30.249 [ERROR] src.enrichment.client_base: gtex HTTP 422: Unprocessable Entity
2026-06-06 12:24:30.252 [ERROR] src.enrichment.client_base: gtex HTTP 422: Unprocessable Entity
2026-06-06 12:24:30.254 [ERROR] src.enrichment.client_base: gtex HTTP 422: Unprocessable Entity
2026-06-06 12:24:30.255 [ERROR] src.enrichment.client_base: gtex HTTP 422: Unprocessable Entity
2026-06-06 12:24:30.340 [ERROR] src.enrichment.client_base: gnomad HTTP 400: Bad Request
2026-06-06 12:24:30.349 [WARNING] src.enrichment.client_base: gnomad rate limited (429), retrying in 2s...
2026-06-06 12:24:30.355 [WARNING] src.enrichment.client_base: gnomad rate limited (429), retrying in 2s...
2026-06-06 12:24:30.357 [WARNING] src.enrichment.client_base: gnomad rate limited (429), retrying in 2s...
2026-06-06 12:24:30.374 [WARNING] src.enrichment.client_base: gnomad rate limited (429), retrying in 2s...
2026-06-06 12:24:30.395 [WARNING] src.enrichment.client_base: gnomad rate limited (429), retrying in 2s...
2026-06-06 12:24:30.448 [ERROR] src.enrichment.client_base: gtex HTTP 422: Unprocessable Entity
2026-06-06 12:24:30.602 [WARNING] src.enrichment.client_base: gnomad rate limited (429), retrying in 2s...
2026-06-06 12:24:30.649 [WARNING] src.enrichment.client_base: gnomad rate limited (429), retrying in 2s...
2026-06-06 12:24:30.651 [WARNING] src.enrichment.client_base: gnomad rate limited (429), retrying in 1s...
2026-06-06 12:24:30.675 [WARNING] src.enrichment.client_base: gnomad rate limited (429), retrying in 2s...
2026-06-06 12:24:30.748 [ERROR] src.enrichment.client_base: gtex HTTP 422: Unprocessable Entity
2026-06-06 12:24:30.825 [WARNING] src.enrichment.client_base: gnomad rate limited (429), retrying in 8s...
2026-06-06 12:24:30.885 [ERROR] src.enrichment.client_base: gtex HTTP 422: Unprocessable Entity
2026-06-06 12:24:31.356 [WARNING] src.enrichment.client_base: clinvar rate limited (429), retrying in 1s...
2026-06-06 12:24:31.443 [WARNING] src.enrichment.client_base: clinvar rate limited (429), retrying in 2s...
2026-06-06 12:24:31.474 [ERROR] src.enrichment.client_base: gtex HTTP 422: Unprocessable Entity
2026-06-06 12:24:31.697 [ERROR] src.enrichment.client_base: gtex HTTP 422: Unprocessable Entity
2026-06-06 12:24:31.702 [ERROR] src.enrichment.client_base: gtex HTTP 422: Unprocessable Entity
2026-06-06 12:24:31.705 [ERROR] src.enrichment.client_base: gtex HTTP 422: Unprocessable Entity
2026-06-06 12:24:31.717 [ERROR] src.enrichment.client_base: gtex HTTP 422: Unprocessable Entity
2026-06-06 12:24:31.988 [WARNING] src.enrichment.client_base: gnomad rate limited (429), retrying in 2s...
2026-06-06 12:24:32.101 [ERROR] src.enrichment.client_base: gtex HTTP 422: Unprocessable Entity
2026-06-06 12:24:32.165 [ERROR] src.enrichment.client_base: gtex HTTP 422: Unprocessable Entity
2026-06-06 12:24:32.277 [WARNING] src.enrichment.client_base: gnomad rate limited (429), retrying in 4s...
2026-06-06 12:24:32.337 [ERROR] src.enrichment.client_base: gtex HTTP 422: Unprocessable Entity
2026-06-06 12:24:32.345 [ERROR] src.enrichment.client_base: gtex HTTP 422: Unprocessable Entity
2026-06-06 12:24:32.693 [WARNING] src.enrichment.client_base: gnomad rate limited (429), retrying in 4s...
2026-06-06 12:24:32.700 [WARNING] src.enrichment.client_base: gnomad rate limited (429), retrying in 4s...
2026-06-06 12:24:32.700 [WARNING] src.enrichment.client_base: gnomad rate limited (429), retrying in 4s...
2026-06-06 12:24:32.716 [ERROR] src.enrichment.client_base: gtex HTTP 422: Unprocessable Entity
2026-06-06 12:24:32.729 [WARNING] src.enrichment.client_base: gnomad rate limited (429), retrying in 4s...
2026-06-06 12:24:32.734 [WARNING] src.enrichment.client_base: gnomad rate limited (429), retrying in 4s...
2026-06-06 12:24:32.863 [WARNING] src.enrichment.client_base: clinvar rate limited (429), retrying in 2s...
2026-06-06 12:24:32.928 [ERROR] src.enrichment.client_base: gtex HTTP 422: Unprocessable Entity
2026-06-06 12:24:32.939 [WARNING] src.enrichment.client_base: gnomad rate limited (429), retrying in 4s...
2026-06-06 12:24:32.977 [WARNING] src.enrichment.client_base: gnomad rate limited (429), retrying in 4s...
2026-06-06 12:24:32.994 [WARNING] src.enrichment.client_base: gnomad rate limited (429), retrying in 4s...
2026-06-06 12:24:33.569 [WARNING] src.enrichment.client_base: clinvar rate limited (429), retrying in 1s...
2026-06-06 12:24:34.163 [ERROR] src.enrichment.client_base: gtex HTTP 422: Unprocessable Entity
2026-06-06 12:24:34.184 [ERROR] src.enrichment.client_base: gtex HTTP 422: Unprocessable Entity
2026-06-06 12:24:34.730 [ERROR] src.enrichment.client_base: gtex HTTP 422: Unprocessable Entity
2026-06-06 12:24:34.733 [WARNING] src.enrichment.client_base: gnomad rate limited (429), retrying in 4s...
2026-06-06 12:24:34.942 [ERROR] src.enrichment.client_base: gtex HTTP 422: Unprocessable Entity
2026-06-06 12:24:35.028 [WARNING] src.enrichment.client_base: clinvar rate limited (429), retrying in 1s...
2026-06-06 12:24:35.146 [ERROR] src.enrichment.client_base: gtex HTTP 422: Unprocessable Entity
2026-06-06 12:24:35.187 [ERROR] src.enrichment.client_base: gtex HTTP 422: Unprocessable Entity
2026-06-06 12:24:35.210 [ERROR] src.enrichment.client_base: gtex HTTP 422: Unprocessable Entity
2026-06-06 12:24:35.386 [ERROR] src.enrichment.client_base: gtex HTTP 422: Unprocessable Entity
2026-06-06 12:24:35.392 [ERROR] src.enrichment.client_base: gtex HTTP 422: Unprocessable Entity
2026-06-06 12:24:35.418 [ERROR] src.enrichment.client_base: gtex HTTP 422: Unprocessable Entity
2026-06-06 12:24:36.610 [WARNING] src.enrichment.client_base: gnomad rate limited (429), retrying in 8s...
2026-06-06 12:24:37.009 [WARNING] src.enrichment.client_base: gnomad rate limited (429), retrying in 8s...
2026-06-06 12:24:37.016 [WARNING] src.enrichment.client_base: gnomad rate limited (429), retrying in 8s...
2026-06-06 12:24:37.047 [WARNING] src.enrichment.client_base: gnomad rate limited (429), retrying in 8s...
2026-06-06 12:24:37.056 [WARNING] src.enrichment.client_base: gnomad rate limited (429), retrying in 8s...
2026-06-06 12:24:37.258 [WARNING] src.enrichment.client_base: gnomad rate limited (429), retrying in 8s...
2026-06-06 12:24:37.327 [WARNING] src.enrichment.client_base: gnomad rate limited (429), retrying in 8s...
2026-06-06 12:24:37.362 [WARNING] src.enrichment.client_base: gnomad rate limited (429), retrying in 8s...
2026-06-06 12:24:37.385 [WARNING] src.enrichment.client_base: clinvar rate limited (429), retrying in 4s...
2026-06-06 12:24:37.474 [WARNING] src.enrichment.client_base: gnomad rate limited (429), retrying in 8s...
2026-06-06 12:24:37.505 [WARNING] src.enrichment.client_base: gnomad rate limited (429), retrying in 1s...
2026-06-06 12:24:37.635 [WARNING] src.enrichment.client_base: clinvar rate limited (429), retrying in 1s...
2026-06-06 12:24:37.799 [WARNING] src.enrichment.client_base: clinvar rate limited (429), retrying in 1s...
2026-06-06 12:24:38.013 [WARNING] src.enrichment.client_base: gnomad rate limited (429), retrying in 1s...
2026-06-06 12:24:38.015 [WARNING] src.enrichment.client_base: gnomad rate limited (429), retrying in 1s...
2026-06-06 12:24:38.113 [WARNING] src.enrichment.client_base: gnomad rate limited (429), retrying in 1s...
2026-06-06 12:24:38.618 [ERROR] src.enrichment.client_base: gtex HTTP 422: Unprocessable Entity
2026-06-06 12:24:38.642 [ERROR] src.enrichment.client_base: gtex HTTP 422: Unprocessable Entity
2026-06-06 12:24:38.826 [WARNING] src.enrichment.client_base: gnomad rate limited (429), retrying in 2s...
2026-06-06 12:24:39.095 [ERROR] src.enrichment.client_base: gtex HTTP 422: Unprocessable Entity
2026-06-06 12:24:39.331 [WARNING] src.enrichment.client_base: gnomad rate limited (429), retrying in 2s...
2026-06-06 12:24:39.403 [ERROR] src.enrichment.client_base: gtex HTTP 422: Unprocessable Entity
2026-06-06 12:24:39.435 [WARNING] src.enrichment.client_base: gnomad rate limited (429), retrying in 2s...
2026-06-06 12:24:39.466 [ERROR] src.enrichment.client_base: gtex HTTP 422: Unprocessable Entity
2026-06-06 12:24:39.561 [WARNING] src.enrichment.client_base: gnomad rate limited (429), retrying in 1s...
2026-06-06 12:24:39.643 [ERROR] src.enrichment.client_base: gtex HTTP 422: Unprocessable Entity
2026-06-06 12:24:39.659 [ERROR] src.enrichment.client_base: gtex HTTP 422: Unprocessable Entity
2026-06-06 12:24:39.676 [ERROR] src.enrichment.client_base: gtex HTTP 422: Unprocessable Entity
2026-06-06 12:24:39.791 [WARNING] src.enrichment.client_base: clinvar rate limited (429), retrying in 2s...
2026-06-06 12:24:39.856 [ERROR] src.enrichment.client_base: gtex HTTP 422: Unprocessable Entity
2026-06-06 12:24:39.862 [ERROR] src.enrichment.client_base: gtex HTTP 422: Unprocessable Entity
2026-06-06 12:24:39.865 [ERROR] src.enrichment.client_base: gtex HTTP 422: Unprocessable Entity
2026-06-06 12:24:39.878 [ERROR] src.enrichment.client_base: gtex HTTP 422: Unprocessable Entity
2026-06-06 12:24:40.089 [ERROR] src.enrichment.client_base: gtex HTTP 422: Unprocessable Entity
2026-06-06 12:24:40.090 [WARNING] src.enrichment.client_base: gnomad rate limited (429), retrying in 2s...
2026-06-06 12:24:40.099 [ERROR] src.enrichment.client_base: gtex HTTP 422: Unprocessable Entity
2026-06-06 12:24:40.131 [ERROR] src.enrichment.client_base: gtex HTTP 422: Unprocessable Entity
2026-06-06 12:24:40.147 [ERROR] src.enrichment.client_base: gtex HTTP 422: Unprocessable Entity
2026-06-06 12:24:40.199 [WARNING] src.enrichment.client_base: clinvar rate limited (429), retrying in 1s...
2026-06-06 12:24:40.269 [WARNING] src.enrichment.client_base: gnomad rate limited (429), retrying in 8s...
2026-06-06 12:24:40.343 [ERROR] src.enrichment.client_base: gtex HTTP 422: Unprocessable Entity
2026-06-06 12:24:40.550 [ERROR] src.enrichment.client_base: gtex HTTP 422: Unprocessable Entity
2026-06-06 12:24:40.587 [ERROR] src.enrichment.client_base: gtex HTTP 422: Unprocessable Entity
2026-06-06 12:24:40.641 [ERROR] src.enrichment.client_base: gtex HTTP 422: Unprocessable Entity
2026-06-06 12:24:40.886 [WARNING] src.enrichment.client_base: gnomad rate limited (429), retrying in 2s...
2026-06-06 12:24:40.890 [ERROR] src.enrichment.client_base: gtex HTTP 422: Unprocessable Entity
2026-06-06 12:24:40.937 [ERROR] src.enrichment.client_base: gtex HTTP 422: Unprocessable Entity
2026-06-06 12:24:41.143 [WARNING] src.enrichment.client_base: gnomad rate limited (429), retrying in 4s...
2026-06-06 12:24:41.315 [ERROR] src.enrichment.client_base: gtex HTTP 422: Unprocessable Entity
2026-06-06 12:24:41.587 [ERROR] src.enrichment.client_base: gtex HTTP 422: Unprocessable Entity
2026-06-06 12:24:41.614 [ERROR] src.enrichment.client_base: gtex HTTP 422: Unprocessable Entity
2026-06-06 12:24:41.666 [WARNING] src.enrichment.client_base: gnomad rate limited (429), retrying in 4s...
2026-06-06 12:24:41.795 [WARNING] src.enrichment.client_base: gnomad rate limited (429), retrying in 4s...
2026-06-06 12:24:41.812 [ERROR] src.enrichment.client_base: gtex HTTP 422: Unprocessable Entity
2026-06-06 12:24:41.906 [WARNING] src.enrichment.client_base: clinvar rate limited (429), retrying in 8s...
2026-06-06 12:24:41.998 [WARNING] src.enrichment.client_base: clinvar rate limited (429), retrying in 1s...
2026-06-06 12:24:42.146 [ERROR] src.enrichment.client_base: gtex HTTP 422: Unprocessable Entity
2026-06-06 12:24:42.434 [ERROR] src.enrichment.client_base: gtex HTTP 422: Unprocessable Entity
2026-06-06 12:24:42.449 [WARNING] src.enrichment.client_base: gnomad rate limited (429), retrying in 4s...
2026-06-06 12:24:42.556 [ERROR] src.enrichment.client_base: gtex HTTP 422: Unprocessable Entity
2026-06-06 12:24:42.715 [ERROR] src.enrichment.client_base: gtex HTTP 422: Unprocessable Entity
2026-06-06 12:24:43.122 [ERROR] src.enrichment.client_base: gtex HTTP 422: Unprocessable Entity
2026-06-06 12:24:43.217 [WARNING] src.enrichment.client_base: gnomad rate limited (429), retrying in 4s...
2026-06-06 12:24:43.405 [ERROR] src.enrichment.client_base: gtex HTTP 422: Unprocessable Entity
2026-06-06 12:24:43.485 [WARNING] src.enrichment.client_base: clinvar rate limited (429), retrying in 1s...
2026-06-06 12:24:43.772 [ERROR] src.enrichment.client_base: gtex HTTP 422: Unprocessable Entity
2026-06-06 12:24:44.059 [ERROR] src.enrichment.client_base: gtex HTTP 422: Unprocessable Entity
2026-06-06 12:24:44.080 [ERROR] src.enrichment.client_base: gtex HTTP 422: Unprocessable Entity
2026-06-06 12:24:44.303 [ERROR] src.enrichment.client_base: gtex HTTP 422: Unprocessable Entity
2026-06-06 12:24:44.466 [WARNING] src.enrichment.client_base: clinvar rate limited (429), retrying in 1s...
2026-06-06 12:24:44.793 [ERROR] src.enrichment.client_base: gtex HTTP 422: Unprocessable Entity
2026-06-06 12:24:44.902 [ERROR] src.enrichment.client_base: gtex HTTP 422: Unprocessable Entity
2026-06-06 12:24:44.938 [WARNING] src.enrichment.client_base: gnomad rate limited (429), retrying in 1s...
2026-06-06 12:24:45.202 [ERROR] src.enrichment.client_base: gtex HTTP 422: Unprocessable Entity
2026-06-06 12:24:45.335 [WARNING] src.enrichment.client_base: gnomad rate limited (429), retrying in 1s...
2026-06-06 12:24:45.338 [WARNING] src.enrichment.client_base: gnomad rate limited (429), retrying in 1s...
2026-06-06 12:24:45.369 [WARNING] src.enrichment.client_base: gnomad rate limited (429), retrying in 1s...
2026-06-06 12:24:45.370 [WARNING] src.enrichment.client_base: gnomad rate limited (429), retrying in 1s...
2026-06-06 12:24:45.394 [ERROR] src.enrichment.client_base: gtex HTTP 422: Unprocessable Entity
2026-06-06 12:24:45.457 [WARNING] src.enrichment.client_base: gnomad rate limited (429), retrying in 8s...
2026-06-06 12:24:45.594 [WARNING] src.enrichment.client_base: gnomad rate limited (429), retrying in 1s...
2026-06-06 12:24:45.662 [WARNING] src.enrichment.client_base: gnomad rate limited (429), retrying in 1s...
2026-06-06 12:24:45.691 [WARNING] src.enrichment.client_base: gnomad rate limited (429), retrying in 1s...
2026-06-06 12:24:45.806 [WARNING] src.enrichment.client_base: gnomad rate limited (429), retrying in 1s...
2026-06-06 12:24:46.021 [WARNING] src.enrichment.client_base: gnomad rate limited (429), retrying in 8s...
2026-06-06 12:24:46.114 [WARNING] src.enrichment.client_base: gnomad rate limited (429), retrying in 8s...
2026-06-06 12:24:46.311 [WARNING] src.enrichment.client_base: gnomad rate limited (429), retrying in 2s...
2026-06-06 12:24:46.473 [WARNING] src.enrichment.client_base: clinvar rate limited (429), retrying in 2s...
2026-06-06 12:24:46.699 [WARNING] src.enrichment.client_base: gnomad rate limited (429), retrying in 2s...
2026-06-06 12:24:46.701 [WARNING] src.enrichment.client_base: gnomad rate limited (429), retrying in 2s...
2026-06-06 12:24:46.705 [WARNING] src.enrichment.client_base: gnomad rate limited (429), retrying in 2s...
2026-06-06 12:24:46.719 [WARNING] src.enrichment.client_base: gnomad rate limited (429), retrying in 2s...
2026-06-06 12:24:46.785 [WARNING] src.enrichment.client_base: gnomad rate limited (429), retrying in 8s...
2026-06-06 12:24:46.913 [WARNING] src.enrichment.client_base: gnomad rate limited (429), retrying in 2s...
2026-06-06 12:24:46.986 [WARNING] src.enrichment.client_base: gnomad rate limited (429), retrying in 2s...
2026-06-06 12:24:47.017 [WARNING] src.enrichment.client_base: gnomad rate limited (429), retrying in 2s...
2026-06-06 12:24:47.139 [WARNING] src.enrichment.client_base: gnomad rate limited (429), retrying in 2s...
2026-06-06 12:24:47.529 [WARNING] src.enrichment.client_base: clinvar rate limited (429), retrying in 1s...
2026-06-06 12:24:47.537 [WARNING] src.enrichment.client_base: gnomad rate limited (429), retrying in 8s...
2026-06-06 12:24:47.578 [ERROR] src.enrichment.client_base: gtex HTTP 422: Unprocessable Entity
2026-06-06 12:24:48.046 [ERROR] src.enrichment.client_base: gtex HTTP 422: Unprocessable Entity
2026-06-06 12:24:48.218 [ERROR] src.enrichment.client_base: gtex HTTP 422: Unprocessable Entity
2026-06-06 12:24:48.242 [ERROR] src.enrichment.client_base: gtex HTTP 422: Unprocessable Entity
2026-06-06 12:24:48.528 [ERROR] src.enrichment.client_base: gtex HTTP 422: Unprocessable Entity
2026-06-06 12:24:48.595 [WARNING] src.enrichment.client_base: gnomad rate limited (429), retrying in 1s...
2026-06-06 12:24:48.597 [ERROR] src.enrichment.client_base: gtex HTTP 422: Unprocessable Entity
2026-06-06 12:24:48.641 [WARNING] src.enrichment.client_base: gnomad rate limited (429), retrying in 4s...
2026-06-06 12:24:48.671 [ERROR] src.enrichment.client_base: gtex HTTP 422: Unprocessable Entity
2026-06-06 12:24:48.853 [ERROR] src.enrichment.client_base: gtex HTTP 422: Unprocessable Entity
2026-06-06 12:24:48.910 [ERROR] src.enrichment.client_base: gtex HTTP 422: Unprocessable Entity
2026-06-06 12:24:48.977 [ERROR] src.enrichment.client_base: gtex HTTP 422: Unprocessable Entity
2026-06-06 12:24:49.015 [WARNING] src.enrichment.client_base: gnomad rate limited (429), retrying in 4s...
2026-06-06 12:24:49.016 [WARNING] src.enrichment.client_base: gnomad rate limited (429), retrying in 4s...
2026-06-06 12:24:49.042 [WARNING] src.enrichment.client_base: gnomad rate limited (429), retrying in 4s...
2026-06-06 12:24:49.060 [WARNING] src.enrichment.client_base: gnomad rate limited (429), retrying in 4s...
2026-06-06 12:24:49.082 [ERROR] src.enrichment.client_base: gtex HTTP 422: Unprocessable Entity
2026-06-06 12:24:49.244 [WARNING] src.enrichment.client_base: gnomad rate limited (429), retrying in 4s...
2026-06-06 12:24:49.277 [WARNING] src.enrichment.client_base: clinvar rate limited (429), retrying in 2s...
2026-06-06 12:24:49.280 [ERROR] src.enrichment.client_base: gtex HTTP 422: Unprocessable Entity
2026-06-06 12:24:49.333 [WARNING] src.enrichment.client_base: gnomad rate limited (429), retrying in 4s...
2026-06-06 12:24:49.340 [ERROR] src.enrichment.client_base: gtex HTTP 422: Unprocessable Entity
2026-06-06 12:24:49.397 [WARNING] src.enrichment.client_base: gnomad rate limited (429), retrying in 4s...
2026-06-06 12:24:49.422 [ERROR] src.enrichment.client_base: gtex HTTP 422: Unprocessable Entity
2026-06-06 12:24:49.467 [WARNING] src.enrichment.client_base: gnomad rate limited (429), retrying in 4s...
2026-06-06 12:24:49.603 [WARNING] src.enrichment.client_base: clinvar rate limited (429), retrying in 1s...
2026-06-06 12:24:49.678 [ERROR] src.enrichment.client_base: gtex HTTP 422: Unprocessable Entity
2026-06-06 12:24:49.757 [ERROR] src.enrichment.client_base: gtex HTTP 422: Unprocessable Entity
2026-06-06 12:24:49.899 [ERROR] src.enrichment.client_base: gtex HTTP 422: Unprocessable Entity
2026-06-06 12:24:49.905 [ERROR] src.enrichment.client_base: gtex HTTP 422: Unprocessable Entity
2026-06-06 12:24:49.912 [WARNING] src.enrichment.client_base: gnomad rate limited (429), retrying in 2s...
2026-06-06 12:24:50.128 [ERROR] src.enrichment.client_base: gtex HTTP 422: Unprocessable Entity
2026-06-06 12:24:50.149 [ERROR] src.enrichment.client_base: gtex HTTP 422: Unprocessable Entity
2026-06-06 12:24:50.321 [ERROR] src.enrichment.client_base: gtex HTTP 422: Unprocessable Entity
2026-06-06 12:24:50.434 [ERROR] src.enrichment.client_base: gtex HTTP 422: Unprocessable Entity
2026-06-06 12:24:50.443 [ERROR] src.enrichment.client_base: gtex HTTP 422: Unprocessable Entity
2026-06-06 12:24:50.446 [ERROR] src.enrichment.client_base: gtex HTTP 422: Unprocessable Entity
2026-06-06 12:24:50.534 [ERROR] src.enrichment.client_base: gtex HTTP 422: Unprocessable Entity
2026-06-06 12:24:50.804 [ERROR] src.enrichment.client_base: gtex HTTP 422: Unprocessable Entity
2026-06-06 12:24:51.368 [ERROR] src.enrichment.client_base: gtex HTTP 422: Unprocessable Entity
2026-06-06 12:24:51.420 [WARNING] src.enrichment.client_base: clinvar rate limited (429), retrying in 2s...
2026-06-06 12:24:51.614 [ERROR] src.enrichment.client_base: gtex HTTP 422: Unprocessable Entity
2026-06-06 12:24:51.797 [ERROR] src.enrichment.client_base: gtex HTTP 422: Unprocessable Entity
2026-06-06 12:24:52.213 [WARNING] src.enrichment.client_base: clinvar rate limited (429), retrying in 1s...
2026-06-06 12:24:52.228 [ERROR] src.enrichment.client_base: gtex HTTP 422: Unprocessable Entity
2026-06-06 12:24:52.228 [WARNING] src.enrichment.client_base: gnomad rate limited (429), retrying in 4s...
2026-06-06 12:24:52.250 [ERROR] src.enrichment.client_base: gtex HTTP 422: Unprocessable Entity
2026-06-06 12:24:52.599 [ERROR] src.enrichment.client_base: gtex HTTP 422: Unprocessable Entity
2026-06-06 12:24:52.892 [ERROR] src.enrichment.client_base: gtex HTTP 422: Unprocessable Entity
2026-06-06 12:24:52.907 [ERROR] src.enrichment.client_base: gtex HTTP 422: Unprocessable Entity
2026-06-06 12:24:52.965 [WARNING] src.enrichment.client_base: gnomad rate limited (429), retrying in 8s...
2026-06-06 12:24:52.990 [ERROR] src.enrichment.client_base: gtex HTTP 422: Unprocessable Entity
2026-06-06 12:24:53.011 [WARNING] src.enrichment.client_base: clinvar rate limited (429), retrying in 1s...
2026-06-06 12:24:53.257 [ERROR] src.enrichment.client_base: gtex HTTP 422: Unprocessable Entity
2026-06-06 12:24:53.328 [WARNING] src.enrichment.client_base: gnomad rate limited (429), retrying in 8s...
2026-06-06 12:24:53.367 [WARNING] src.enrichment.client_base: gnomad rate limited (429), retrying in 8s...
2026-06-06 12:24:53.388 [WARNING] src.enrichment.client_base: gnomad rate limited (429), retrying in 8s...
2026-06-06 12:24:53.564 [WARNING] src.enrichment.client_base: gnomad rate limited (429), retrying in 8s...
2026-06-06 12:24:53.650 [WARNING] src.enrichment.client_base: gnomad rate limited (429), retrying in 8s...
2026-06-06 12:24:53.718 [WARNING] src.enrichment.client_base: gnomad rate limited (429), retrying in 8s...
2026-06-06 12:24:53.737 [WARNING] src.enrichment.client_base: gnomad rate limited (429), retrying in 8s...
2026-06-06 12:24:53.792 [WARNING] src.enrichment.client_base: gnomad rate limited (429), retrying in 8s...
2026-06-06 12:24:53.809 [WARNING] src.enrichment.client_base: gnomad rate limited (429), retrying in 1s...
2026-06-06 12:24:53.850 [ERROR] src.enrichment.client_base: gtex HTTP 422: Unprocessable Entity
2026-06-06 12:24:54.068 [ERROR] src.enrichment.client_base: gtex HTTP 422: Unprocessable Entity
2026-06-06 12:24:54.377 [WARNING] src.enrichment.client_base: gnomad rate limited (429), retrying in 1s...
2026-06-06 12:24:54.514 [WARNING] src.enrichment.client_base: clinvar rate limited (429), retrying in 4s...
2026-06-06 12:24:54.525 [WARNING] src.enrichment.client_base: gnomad rate limited (429), retrying in 1s...
2026-06-06 12:24:54.634 [ERROR] src.enrichment.client_base: gtex HTTP 422: Unprocessable Entity
2026-06-06 12:24:54.767 [ERROR] src.enrichment.client_base: gtex HTTP 422: Unprocessable Entity
2026-06-06 12:24:55.024 [WARNING] src.enrichment.client_base: clinvar rate limited (429), retrying in 1s...
2026-06-06 12:24:55.116 [WARNING] src.enrichment.client_base: gnomad rate limited (429), retrying in 1s...
2026-06-06 12:24:55.148 [WARNING] src.enrichment.client_base: gnomad rate limited (429), retrying in 2s...
2026-06-06 12:24:55.696 [WARNING] src.enrichment.client_base: gnomad rate limited (429), retrying in 2s...
2026-06-06 12:24:55.862 [WARNING] src.enrichment.client_base: gnomad rate limited (429), retrying in 1s...
2026-06-06 12:24:56.229 [WARNING] src.enrichment.client_base: gnomad rate limited (429), retrying in 2s...
2026-06-06 12:24:56.446 [WARNING] src.enrichment.client_base: gnomad rate limited (429), retrying in 2s...
2026-06-06 12:24:56.686 [WARNING] src.enrichment.client_base: clinvar rate limited (429), retrying in 2s...
2026-06-06 12:24:56.690 [ERROR] src.enrichment.client_base: gtex HTTP 422: Unprocessable Entity
2026-06-06 12:24:56.908 [WARNING] src.enrichment.client_base: clinvar rate limited (429), retrying in 1s...
2026-06-06 12:24:56.946 [WARNING] src.enrichment.client_base: gnomad rate limited (429), retrying in 8s...
2026-06-06 12:24:57.066 [ERROR] src.enrichment.client_base: gtex HTTP 422: Unprocessable Entity
2026-06-06 12:24:57.155 [ERROR] src.enrichment.client_base: gtex HTTP 422: Unprocessable Entity
2026-06-06 12:24:57.179 [WARNING] src.enrichment.client_base: gnomad rate limited (429), retrying in 2s...
2026-06-06 12:24:57.353 [ERROR] src.enrichment.client_base: gtex HTTP 422: Unprocessable Entity
2026-06-06 12:24:57.374 [ERROR] src.enrichment.client_base: gtex HTTP 422: Unprocessable Entity
2026-06-06 12:24:57.463 [WARNING] src.enrichment.client_base: gnomad rate limited (429), retrying in 4s...
2026-06-06 12:24:57.657 [ERROR] src.enrichment.client_base: gtex HTTP 422: Unprocessable Entity
2026-06-06 12:24:57.706 [ERROR] src.enrichment.client_base: gtex HTTP 422: Unprocessable Entity
2026-06-06 12:24:57.726 [ERROR] src.enrichment.client_base: gtex HTTP 422: Unprocessable Entity
2026-06-06 12:24:57.809 [ERROR] src.enrichment.client_base: gtex HTTP 422: Unprocessable Entity
2026-06-06 12:24:57.838 [ERROR] src.enrichment.client_base: gtex HTTP 422: Unprocessable Entity
2026-06-06 12:24:58.018 [WARNING] src.enrichment.client_base: gnomad rate limited (429), retrying in 4s...
2026-06-06 12:24:58.106 [ERROR] src.enrichment.client_base: gtex HTTP 422: Unprocessable Entity
2026-06-06 12:24:58.190 [ERROR] src.enrichment.client_base: gtex HTTP 422: Unprocessable Entity
2026-06-06 12:24:58.375 [ERROR] src.enrichment.client_base: gtex HTTP 422: Unprocessable Entity
2026-06-06 12:24:58.551 [ERROR] src.enrichment.client_base: gtex HTTP 422: Unprocessable Entity
2026-06-06 12:24:58.578 [WARNING] src.enrichment.client_base: gnomad rate limited (429), retrying in 4s...
2026-06-06 12:24:58.622 [ERROR] src.enrichment.client_base: gtex HTTP 422: Unprocessable Entity
2026-06-06 12:24:58.791 [WARNING] src.enrichment.client_base: gnomad rate limited (429), retrying in 4s...
2026-06-06 12:24:58.828 [ERROR] src.enrichment.client_base: gtex HTTP 422: Unprocessable Entity
2026-06-06 12:24:59.010 [ERROR] src.enrichment.client_base: gtex HTTP 422: Unprocessable Entity
2026-06-06 12:24:59.209 [ERROR] src.enrichment.client_base: gtex HTTP 422: Unprocessable Entity
2026-06-06 12:24:59.322 [ERROR] src.enrichment.client_base: gtex HTTP 422: Unprocessable Entity
2026-06-06 12:24:59.460 [ERROR] src.enrichment.client_base: gtex HTTP 422: Unprocessable Entity
2026-06-06 12:24:59.460 [WARNING] src.enrichment.client_base: clinvar rate limited (429), retrying in 4s...
2026-06-06 12:24:59.531 [WARNING] src.enrichment.client_base: gnomad rate limited (429), retrying in 4s...
2026-06-06 12:24:59.582 [ERROR] src.enrichment.client_base: gtex HTTP 422: Unprocessable Entity
2026-06-06 12:24:59.588 [ERROR] src.enrichment.client_base: gtex HTTP 422: Unprocessable Entity
2026-06-06 12:24:59.607 [WARNING] src.enrichment.client_base: clinvar rate limited (429), retrying in 8s...
2026-06-06 12:24:59.636 [WARNING] src.enrichment.client_base: clinvar rate limited (429), retrying in 1s...
2026-06-06 12:24:59.688 [ERROR] src.enrichment.client_base: gtex HTTP 422: Unprocessable Entity
2026-06-06 12:24:59.876 [ERROR] src.enrichment.client_base: gtex HTTP 422: Unprocessable Entity
2026-06-06 12:25:00.280 [ERROR] src.enrichment.client_base: gtex HTTP 422: Unprocessable Entity
2026-06-06 12:25:00.298 [ERROR] src.enrichment.client_base: gtex HTTP 422: Unprocessable Entity
2026-06-06 12:25:00.467 [ERROR] src.enrichment.client_base: gtex HTTP 422: Unprocessable Entity
2026-06-06 12:25:00.555 [ERROR] src.enrichment.client_base: gtex HTTP 422: Unprocessable Entity
2026-06-06 12:25:01.292 [ERROR] src.enrichment.client_base: gtex HTTP 422: Unprocessable Entity
2026-06-06 12:25:01.300 [WARNING] src.enrichment.client_base: gnomad rate limited (429), retrying in 1s...
2026-06-06 12:25:01.696 [WARNING] src.enrichment.client_base: gnomad rate limited (429), retrying in 1s...
2026-06-06 12:25:01.700 [WARNING] src.enrichment.client_base: gnomad rate limited (429), retrying in 1s...
2026-06-06 12:25:01.733 [WARNING] src.enrichment.client_base: clinvar rate limited (429), retrying in 1s...
2026-06-06 12:25:01.738 [ERROR] src.enrichment.client_base: gtex HTTP 422: Unprocessable Entity
2026-06-06 12:25:01.747 [ERROR] src.enrichment.client_base: gtex HTTP 422: Unprocessable Entity
2026-06-06 12:25:01.787 [ERROR] src.enrichment.client_base: gtex HTTP 422: Unprocessable Entity
2026-06-06 12:25:01.808 [WARNING] src.enrichment.client_base: gnomad rate limited (429), retrying in 1s...
2026-06-06 12:25:01.816 [WARNING] src.enrichment.client_base: gnomad rate limited (429), retrying in 8s...
2026-06-06 12:25:01.874 [WARNING] src.enrichment.client_base: gnomad rate limited (429), retrying in 1s...
2026-06-06 12:25:01.963 [ERROR] src.enrichment.client_base: gtex HTTP 422: Unprocessable Entity
2026-06-06 12:25:01.977 [WARNING] src.enrichment.client_base: gnomad rate limited (429), retrying in 1s...
2026-06-06 12:25:02.064 [WARNING] src.enrichment.client_base: gnomad rate limited (429), retrying in 1s...
2026-06-06 12:25:02.064 [WARNING] src.enrichment.client_base: gnomad rate limited (429), retrying in 1s...
2026-06-06 12:25:02.085 [ERROR] src.enrichment.client_base: gtex HTTP 422: Unprocessable Entity
2026-06-06 12:25:02.176 [WARNING] src.enrichment.client_base: gnomad rate limited (429), retrying in 1s...
2026-06-06 12:25:02.188 [ERROR] src.enrichment.client_base: gtex HTTP 422: Unprocessable Entity
2026-06-06 12:25:02.364 [WARNING] src.enrichment.client_base: gnomad rate limited (429), retrying in 8s...
2026-06-06 12:25:02.410 [ERROR] src.enrichment.client_base: gtex HTTP 422: Unprocessable Entity
2026-06-06 12:25:02.657 [WARNING] src.enrichment.client_base: gnomad rate limited (429), retrying in 2s...
2026-06-06 12:25:02.808 [ERROR] src.enrichment.client_base: gtex HTTP 422: Unprocessable Entity
2026-06-06 12:25:02.912 [WARNING] src.enrichment.client_base: gnomad rate limited (429), retrying in 8s...
2026-06-06 12:25:03.021 [WARNING] src.enrichment.client_base: gnomad rate limited (429), retrying in 2s...
2026-06-06 12:25:03.052 [WARNING] src.enrichment.client_base: gnomad rate limited (429), retrying in 2s...
2026-06-06 12:25:03.141 [WARNING] src.enrichment.client_base: gnomad rate limited (429), retrying in 8s...
2026-06-06 12:25:03.155 [WARNING] src.enrichment.client_base: gnomad rate limited (429), retrying in 2s...
2026-06-06 12:25:03.300 [WARNING] src.enrichment.client_base: gnomad rate limited (429), retrying in 2s...
2026-06-06 12:25:03.493 [WARNING] src.enrichment.client_base: gnomad rate limited (429), retrying in 2s...
2026-06-06 12:25:03.582 [ERROR] src.enrichment.client_base: gtex HTTP 422: Unprocessable Entity
2026-06-06 12:25:03.585 [WARNING] src.enrichment.client_base: gnomad rate limited (429), retrying in 2s...
2026-06-06 12:25:03.747 [WARNING] src.enrichment.client_base: gnomad rate limited (429), retrying in 2s...
2026-06-06 12:25:03.870 [WARNING] src.enrichment.client_base: gnomad rate limited (429), retrying in 8s...
2026-06-06 12:25:04.135 [WARNING] src.enrichment.client_base: gnomad rate limited (429), retrying in 2s...
2026-06-06 12:25:04.206 [ERROR] src.enrichment.client_base: gtex HTTP 422: Unprocessable Entity
2026-06-06 12:25:04.424 [ERROR] src.enrichment.client_base: gtex HTTP 422: Unprocessable Entity
2026-06-06 12:25:04.849 [WARNING] src.enrichment.client_base: clinvar rate limited (429), retrying in 1s...
2026-06-06 12:25:04.987 [WARNING] src.enrichment.client_base: gnomad rate limited (429), retrying in 4s...
2026-06-06 12:25:05.055 [WARNING] src.enrichment.client_base: clinvar rate limited (429), retrying in 2s...
2026-06-06 12:25:05.339 [WARNING] src.enrichment.client_base: gnomad rate limited (429), retrying in 4s...
2026-06-06 12:25:05.491 [WARNING] src.enrichment.client_base: gnomad rate limited (429), retrying in 4s...
2026-06-06 12:25:05.625 [WARNING] src.enrichment.client_base: gnomad rate limited (429), retrying in 4s...
2026-06-06 12:25:05.637 [WARNING] src.enrichment.client_base: gnomad rate limited (429), retrying in 1s...
2026-06-06 12:25:05.746 [ERROR] src.enrichment.client_base: gtex HTTP 422: Unprocessable Entity
2026-06-06 12:25:05.748 [WARNING] src.enrichment.client_base: gnomad rate limited (429), retrying in 4s...
2026-06-06 12:25:05.849 [WARNING] src.enrichment.client_base: gnomad rate limited (429), retrying in 4s...
2026-06-06 12:25:05.915 [WARNING] src.enrichment.client_base: gnomad rate limited (429), retrying in 4s...
2026-06-06 12:25:06.090 [WARNING] src.enrichment.client_base: gnomad rate limited (429), retrying in 4s...
2026-06-06 12:25:06.209 [ERROR] src.enrichment.client_base: gtex HTTP 422: Unprocessable Entity
2026-06-06 12:25:06.219 [ERROR] src.enrichment.client_base: gtex HTTP 422: Unprocessable Entity
2026-06-06 12:25:06.245 [ERROR] src.enrichment.client_base: gtex HTTP 422: Unprocessable Entity
2026-06-06 12:25:06.468 [WARNING] src.enrichment.client_base: gnomad rate limited (429), retrying in 4s...
2026-06-06 12:25:06.549 [ERROR] src.enrichment.client_base: gtex HTTP 422: Unprocessable Entity
2026-06-06 12:25:06.657 [ERROR] src.enrichment.client_base: gtex HTTP 422: Unprocessable Entity
2026-06-06 12:25:06.676 [ERROR] src.enrichment.client_base: gtex HTTP 422: Unprocessable Entity
2026-06-06 12:25:06.702 [ERROR] src.enrichment.client_base: gtex HTTP 422: Unprocessable Entity
2026-06-06 12:25:06.880 [ERROR] src.enrichment.client_base: gtex HTTP 422: Unprocessable Entity
2026-06-06 12:25:06.953 [WARNING] src.enrichment.client_base: gnomad rate limited (429), retrying in 2s...
2026-06-06 12:25:07.060 [ERROR] src.enrichment.client_base: gtex HTTP 422: Unprocessable Entity
2026-06-06 12:25:07.143 [ERROR] src.enrichment.client_base: gtex HTTP 422: Unprocessable Entity
2026-06-06 12:25:07.364 [ERROR] src.enrichment.client_base: gtex HTTP 422: Unprocessable Entity
2026-06-06 12:25:07.493 [ERROR] src.enrichment.client_base: gtex HTTP 422: Unprocessable Entity
2026-06-06 12:25:07.690 [ERROR] src.enrichment.client_base: gtex HTTP 422: Unprocessable Entity
2026-06-06 12:25:07.989 [ERROR] src.enrichment.client_base: gtex HTTP 422: Unprocessable Entity
2026-06-06 12:25:08.038 [ERROR] src.enrichment.client_base: gtex HTTP 422: Unprocessable Entity
2026-06-06 12:25:08.127 [ERROR] src.enrichment.client_base: gtex HTTP 422: Unprocessable Entity
2026-06-06 12:25:08.157 [ERROR] src.enrichment.client_base: gtex HTTP 422: Unprocessable Entity
2026-06-06 12:25:08.520 [ERROR] src.enrichment.client_base: gtex HTTP 422: Unprocessable Entity
2026-06-06 12:25:08.633 [ERROR] src.enrichment.client_base: gtex HTTP 422: Unprocessable Entity
2026-06-06 12:25:08.678 [ERROR] src.enrichment.client_base: gtex HTTP 422: Unprocessable Entity
2026-06-06 12:25:08.882 [ERROR] src.enrichment.client_base: gtex HTTP 422: Unprocessable Entity
2026-06-06 12:25:08.898 [ERROR] src.enrichment.client_base: gtex HTTP 422: Unprocessable Entity
2026-06-06 12:25:09.177 [ERROR] src.enrichment.client_base: gtex HTTP 422: Unprocessable Entity
2026-06-06 12:25:09.186 [ERROR] src.enrichment.client_base: gtex HTTP 422: Unprocessable Entity
2026-06-06 12:25:09.309 [WARNING] src.enrichment.client_base: gnomad rate limited (429), retrying in 8s...
2026-06-06 12:25:09.413 [ERROR] src.enrichment.client_base: gtex HTTP 422: Unprocessable Entity
2026-06-06 12:25:09.464 [ERROR] src.enrichment.client_base: gtex HTTP 422: Unprocessable Entity
2026-06-06 12:25:09.666 [WARNING] src.enrichment.client_base: gnomad rate limited (429), retrying in 4s...
2026-06-06 12:25:09.838 [WARNING] src.enrichment.client_base: gnomad rate limited (429), retrying in 8s...
2026-06-06 12:25:09.952 [WARNING] src.enrichment.client_base: gnomad rate limited (429), retrying in 8s...
2026-06-06 12:25:10.066 [WARNING] src.enrichment.client_base: gnomad rate limited (429), retrying in 8s...
2026-06-06 12:25:10.067 [WARNING] src.enrichment.client_base: gnomad rate limited (429), retrying in 8s...
2026-06-06 12:25:10.183 [WARNING] src.enrichment.client_base: gnomad rate limited (429), retrying in 8s...
2026-06-06 12:25:10.189 [WARNING] src.enrichment.client_base: gnomad rate limited (429), retrying in 1s...
2026-06-06 12:25:10.236 [WARNING] src.enrichment.client_base: gnomad rate limited (429), retrying in 8s...
2026-06-06 12:25:10.379 [ERROR] src.enrichment.client_base: gtex HTTP 422: Unprocessable Entity
2026-06-06 12:25:10.619 [ERROR] src.enrichment.client_base: gtex HTTP 422: Unprocessable Entity
2026-06-06 12:25:10.640 [ERROR] src.enrichment.client_base: gtex HTTP 422: Unprocessable Entity
2026-06-06 12:25:10.745 [WARNING] src.enrichment.client_base: gnomad rate limited (429), retrying in 1s...
2026-06-06 12:25:10.790 [WARNING] src.enrichment.client_base: gnomad rate limited (429), retrying in 8s...
2026-06-06 12:25:10.798 [WARNING] src.enrichment.client_base: gnomad rate limited (429), retrying in 8s...
2026-06-06 12:25:10.872 [ERROR] src.enrichment.client_base: gtex HTTP 422: Unprocessable Entity
2026-06-06 12:25:10.974 [ERROR] src.enrichment.client_base: gtex HTTP 422: Unprocessable Entity
2026-06-06 12:25:11.010 [ERROR] src.enrichment.client_base: gtex HTTP 422: Unprocessable Entity
2026-06-06 12:25:11.034 [ERROR] src.enrichment.client_base: gtex HTTP 422: Unprocessable Entity
2026-06-06 12:25:11.097 [ERROR] src.enrichment.client_base: gtex HTTP 422: Unprocessable Entity
2026-06-06 12:25:11.254 [WARNING] src.enrichment.client_base: gnomad rate limited (429), retrying in 1s...
2026-06-06 12:25:11.453 [WARNING] src.enrichment.client_base: gnomad rate limited (429), retrying in 1s...
2026-06-06 12:25:11.504 [WARNING] src.enrichment.client_base: gnomad rate limited (429), retrying in 2s...
2026-06-06 12:25:11.961 [ERROR] src.enrichment.client_base: gtex HTTP 422: Unprocessable Entity
2026-06-06 12:25:12.107 [ERROR] src.enrichment.client_base: gnomad HTTP 400: Bad Request
2026-06-06 12:25:12.111 [ERROR] src.enrichment.client_base: gtex HTTP 422: Unprocessable Entity
2026-06-06 12:25:12.438 [WARNING] src.enrichment.client_base: gnomad rate limited (429), retrying in 2s...
2026-06-06 12:25:12.535 [ERROR] src.enrichment.client_base: gnomad HTTP 400: Bad Request
2026-06-06 12:25:12.690 [ERROR] src.enrichment.client_base: gnomad HTTP 400: Bad Request
2026-06-06 12:25:13.349 [ERROR] src.enrichment.client_base: gnomad HTTP 400: Bad Request
2026-06-06 12:25:13.557 [ERROR] src.enrichment.client_base: gtex HTTP 422: Unprocessable Entity
2026-06-06 12:25:13.560 [ERROR] src.enrichment.client_base: gtex HTTP 422: Unprocessable Entity
2026-06-06 12:25:13.738 [ERROR] src.enrichment.client_base: gnomad HTTP 400: Bad Request
2026-06-06 12:25:13.899 [ERROR] src.enrichment.client_base: gnomad HTTP 400: Bad Request
2026-06-06 12:25:14.067 [ERROR] src.enrichment.client_base: gtex HTTP 422: Unprocessable Entity
2026-06-06 12:25:14.521 [ERROR] src.enrichment.client_base: gnomad HTTP 400: Bad Request
2026-06-06 12:25:14.663 [ERROR] src.enrichment.client_base: gnomad HTTP 400: Bad Request
2026-06-06 12:25:14.794 [ERROR] src.enrichment.client_base: gnomad HTTP 400: Bad Request
2026-06-06 12:25:14.857 [ERROR] src.enrichment.client_base: gtex HTTP 422: Unprocessable Entity
2026-06-06 12:25:14.916 [ERROR] src.enrichment.client_base: gnomad HTTP 400: Bad Request
2026-06-06 12:25:15.092 [ERROR] src.enrichment.client_base: gtex HTTP 422: Unprocessable Entity
2026-06-06 12:25:15.101 [ERROR] src.enrichment.client_base: gtex HTTP 422: Unprocessable Entity
2026-06-06 12:25:15.322 [ERROR] src.enrichment.client_base: gtex HTTP 422: Unprocessable Entity
2026-06-06 12:25:15.549 [ERROR] src.enrichment.client_base: gtex HTTP 422: Unprocessable Entity
2026-06-06 12:25:15.563 [ERROR] src.enrichment.client_base: gtex HTTP 422: Unprocessable Entity
2026-06-06 12:25:15.588 [ERROR] src.enrichment.client_base: gnomad HTTP 400: Bad Request
2026-06-06 12:25:15.639 [ERROR] src.enrichment.client_base: gtex HTTP 422: Unprocessable Entity
2026-06-06 12:25:15.774 [ERROR] src.enrichment.client_base: gtex HTTP 422: Unprocessable Entity
2026-06-06 12:25:15.792 [ERROR] src.enrichment.client_base: gnomad HTTP 400: Bad Request
2026-06-06 12:25:16.407 [ERROR] src.enrichment.client_base: gtex HTTP 422: Unprocessable Entity
2026-06-06 12:25:16.543 [ERROR] src.enrichment.client_base: gtex HTTP 422: Unprocessable Entity
2026-06-06 12:25:16.561 [ERROR] src.enrichment.client_base: gtex HTTP 422: Unprocessable Entity
2026-06-06 12:25:16.684 [ERROR] src.enrichment.client_base: gtex HTTP 422: Unprocessable Entity
2026-06-06 12:25:16.800 [ERROR] src.enrichment.client_base: gtex HTTP 422: Unprocessable Entity
2026-06-06 12:25:16.890 [ERROR] src.enrichment.client_base: gtex HTTP 422: Unprocessable Entity
2026-06-06 12:25:17.013 [ERROR] src.enrichment.client_base: gtex HTTP 422: Unprocessable Entity
2026-06-06 12:25:17.242 [ERROR] src.enrichment.client_base: gtex HTTP 422: Unprocessable Entity
2026-06-06 12:25:17.566 [ERROR] src.enrichment.client_base: gnomad HTTP 400: Bad Request
2026-06-06 12:25:17.589 [ERROR] src.enrichment.client_base: gtex HTTP 422: Unprocessable Entity
2026-06-06 12:25:17.960 [ERROR] src.enrichment.client_base: gnomad HTTP 400: Bad Request
2026-06-06 12:25:18.022 [ERROR] src.enrichment.client_base: gtex HTTP 422: Unprocessable Entity
2026-06-06 12:25:18.023 [ERROR] src.enrichment.client_base: gtex HTTP 422: Unprocessable Entity
2026-06-06 12:25:18.059 [ERROR] src.enrichment.client_base: gnomad HTTP 400: Bad Request
2026-06-06 12:25:18.159 [ERROR] src.enrichment.client_base: gtex HTTP 422: Unprocessable Entity
2026-06-06 12:25:18.177 [ERROR] src.enrichment.client_base: gnomad HTTP 400: Bad Request
2026-06-06 12:25:18.191 [ERROR] src.enrichment.client_base: gnomad HTTP 400: Bad Request
2026-06-06 12:25:18.291 [ERROR] src.enrichment.client_base: gnomad HTTP 400: Bad Request
2026-06-06 12:25:18.299 [ERROR] src.enrichment.client_base: gnomad HTTP 400: Bad Request
2026-06-06 12:25:18.344 [ERROR] src.enrichment.client_base: gtex HTTP 422: Unprocessable Entity
2026-06-06 12:25:18.378 [ERROR] src.enrichment.client_base: gtex HTTP 422: Unprocessable Entity
2026-06-06 12:25:18.417 [ERROR] src.enrichment.client_base: gnomad HTTP 400: Bad Request
2026-06-06 12:25:18.482 [ERROR] src.enrichment.client_base: gnomad HTTP 400: Bad Request
2026-06-06 12:25:18.488 [ERROR] src.enrichment.client_base: gnomad HTTP 400: Bad Request
2026-06-06 12:25:18.498 [ERROR] src.enrichment.client_base: gtex HTTP 422: Unprocessable Entity
2026-06-06 12:25:18.546 [ERROR] src.enrichment.client_base: gtex HTTP 422: Unprocessable Entity
2026-06-06 12:25:18.546 [ERROR] src.enrichment.client_base: gtex HTTP 422: Unprocessable Entity
2026-06-06 12:25:18.792 [ERROR] src.enrichment.client_base: gnomad HTTP 400: Bad Request
2026-06-06 12:25:19.027 [ERROR] src.enrichment.client_base: gtex HTTP 422: Unprocessable Entity
2026-06-06 12:25:19.131 [ERROR] src.enrichment.client_base: gnomad HTTP 400: Bad Request
2026-06-06 12:25:19.154 [ERROR] src.enrichment.client_base: gnomad HTTP 400: Bad Request
2026-06-06 12:25:19.270 [ERROR] src.enrichment.client_base: gtex HTTP 422: Unprocessable Entity
2026-06-06 12:25:19.279 [ERROR] src.enrichment.client_base: gnomad HTTP 400: Bad Request
2026-06-06 12:25:19.301 [ERROR] src.enrichment.client_base: gtex HTTP 422: Unprocessable Entity
2026-06-06 12:25:19.332 [ERROR] src.enrichment.client_base: gnomad HTTP 400: Bad Request
2026-06-06 12:25:19.379 [ERROR] src.enrichment.client_base: gnomad HTTP 400: Bad Request
2026-06-06 12:25:19.411 [ERROR] src.enrichment.client_base: gnomad HTTP 400: Bad Request
2026-06-06 12:25:19.431 [ERROR] src.enrichment.client_base: gnomad HTTP 400: Bad Request
2026-06-06 12:25:19.446 [ERROR] src.enrichment.client_base: gnomad HTTP 400: Bad Request
2026-06-06 12:25:19.483 [ERROR] src.enrichment.client_base: gnomad HTTP 400: Bad Request
2026-06-06 12:25:19.528 [ERROR] src.enrichment.client_base: gnomad HTTP 400: Bad Request
2026-06-06 12:25:19.536 [ERROR] src.enrichment.client_base: gnomad HTTP 400: Bad Request
2026-06-06 12:25:19.540 [ERROR] src.enrichment.client_base: gnomad HTTP 400: Bad Request
2026-06-06 12:25:19.563 [ERROR] src.enrichment.client_base: gnomad HTTP 400: Bad Request
2026-06-06 12:25:19.694 [ERROR] src.enrichment.client_base: gtex HTTP 422: Unprocessable Entity
2026-06-06 12:25:19.712 [ERROR] src.enrichment.client_base: gnomad HTTP 400: Bad Request
2026-06-06 12:25:19.724 [ERROR] src.enrichment.client_base: gnomad HTTP 400: Bad Request
2026-06-06 12:25:19.809 [ERROR] src.enrichment.client_base: gnomad HTTP 400: Bad Request
2026-06-06 12:25:19.968 [ERROR] src.enrichment.client_base: gtex HTTP 422: Unprocessable Entity
2026-06-06 12:25:20.025 [ERROR] src.enrichment.client_base: gtex HTTP 422: Unprocessable Entity
2026-06-06 12:25:20.046 [ERROR] src.enrichment.client_base: gnomad HTTP 400: Bad Request
2026-06-06 12:25:20.358 [ERROR] src.enrichment.client_base: gtex HTTP 422: Unprocessable Entity
2026-06-06 12:25:20.494 [ERROR] src.enrichment.client_base: gtex HTTP 422: Unprocessable Entity
2026-06-06 12:25:20.600 [ERROR] src.enrichment.client_base: gnomad HTTP 400: Bad Request
2026-06-06 12:25:20.617 [ERROR] src.enrichment.client_base: gtex HTTP 422: Unprocessable Entity
2026-06-06 12:25:20.688 [ERROR] src.enrichment.client_base: gnomad HTTP 400: Bad Request
2026-06-06 12:25:20.708 [ERROR] src.enrichment.client_base: gnomad HTTP 400: Bad Request
2026-06-06 12:25:20.773 [ERROR] src.enrichment.client_base: gnomad HTTP 400: Bad Request
2026-06-06 12:25:20.779 [ERROR] src.enrichment.client_base: gnomad HTTP 400: Bad Request
2026-06-06 12:25:20.802 [ERROR] src.enrichment.client_base: gtex HTTP 422: Unprocessable Entity
2026-06-06 12:25:20.835 [ERROR] src.enrichment.client_base: gtex HTTP 422: Unprocessable Entity
2026-06-06 12:25:21.014 [ERROR] src.enrichment.client_base: gnomad HTTP 400: Bad Request
2026-06-06 12:25:21.294 [ERROR] src.enrichment.client_base: gnomad HTTP 400: Bad Request
2026-06-06 12:25:21.510 [ERROR] src.enrichment.client_base: gnomad HTTP 400: Bad Request
2026-06-06 12:25:21.644 [ERROR] src.enrichment.client_base: gnomad HTTP 400: Bad Request
2026-06-06 12:25:21.674 [ERROR] src.enrichment.client_base: gnomad HTTP 400: Bad Request
2026-06-06 12:25:21.761 [ERROR] src.enrichment.client_base: gnomad HTTP 400: Bad Request
2026-06-06 12:25:21.953 [ERROR] src.enrichment.client_base: gnomad HTTP 400: Bad Request
2026-06-06 12:25:22.301 [ERROR] src.enrichment.client_base: gnomad HTTP 400: Bad Request
2026-06-06 12:25:22.307 [ERROR] src.enrichment.client_base: gtex HTTP 422: Unprocessable Entity
2026-06-06 12:25:22.476 [ERROR] src.enrichment.client_base: gtex HTTP 422: Unprocessable Entity
2026-06-06 12:25:22.522 [ERROR] src.enrichment.client_base: gnomad HTTP 400: Bad Request
2026-06-06 12:25:22.665 [ERROR] src.enrichment.client_base: gnomad HTTP 400: Bad Request
2026-06-06 12:25:22.812 [ERROR] src.enrichment.client_base: gtex HTTP 422: Unprocessable Entity
2026-06-06 12:25:22.872 [ERROR] src.enrichment.client_base: gnomad HTTP 400: Bad Request
2026-06-06 12:25:23.017 [WARNING] src.enrichment.client_base: gnomad rate limited (429), retrying in 1s...
2026-06-06 12:25:23.056 [WARNING] src.enrichment.client_base: gnomad rate limited (429), retrying in 4s...
2026-06-06 12:25:23.085 [WARNING] src.enrichment.client_base: gnomad rate limited (429), retrying in 4s...
2026-06-06 12:25:23.467 [WARNING] src.enrichment.client_base: gnomad rate limited (429), retrying in 4s...
2026-06-06 12:25:23.569 [ERROR] src.enrichment.client_base: gtex HTTP 422: Unprocessable Entity
2026-06-06 12:25:23.656 [ERROR] src.enrichment.client_base: gnomad HTTP 400: Bad Request
2026-06-06 12:25:24.205 [ERROR] src.enrichment.client_base: gtex HTTP 422: Unprocessable Entity
2026-06-06 12:25:24.348 [ERROR] src.enrichment.client_base: gtex HTTP 422: Unprocessable Entity
2026-06-06 12:25:24.361 [WARNING] src.enrichment.client_base: gnomad rate limited (429), retrying in 2s...
2026-06-06 12:25:24.435 [WARNING] src.enrichment.client_base: gnomad rate limited (429), retrying in 4s...
2026-06-06 12:25:24.711 [ERROR] src.enrichment.client_base: gtex HTTP 422: Unprocessable Entity
2026-06-06 12:25:24.819 [ERROR] src.enrichment.client_base: gtex HTTP 422: Unprocessable Entity
2026-06-06 12:25:25.083 [ERROR] src.enrichment.client_base: gtex HTTP 422: Unprocessable Entity
2026-06-06 12:25:25.292 [ERROR] src.enrichment.client_base: gtex HTTP 422: Unprocessable Entity
2026-06-06 12:25:25.375 [WARNING] src.enrichment.client_base: gnomad rate limited (429), retrying in 8s...
2026-06-06 12:25:25.412 [ERROR] src.enrichment.client_base: gtex HTTP 422: Unprocessable Entity
2026-06-06 12:25:25.631 [ERROR] src.enrichment.client_base: gtex HTTP 422: Unprocessable Entity
2026-06-06 12:25:25.830 [WARNING] src.enrichment.client_base: gnomad rate limited (429), retrying in 8s...
2026-06-06 12:25:25.910 [ERROR] src.enrichment.client_base: gtex HTTP 422: Unprocessable Entity
2026-06-06 12:25:25.998 [WARNING] src.enrichment.client_base: gnomad rate limited (429), retrying in 8s...
2026-06-06 12:25:26.110 [ERROR] src.enrichment.client_base: gtex HTTP 422: Unprocessable Entity
2026-06-06 12:25:26.138 [ERROR] src.enrichment.client_base: gtex HTTP 422: Unprocessable Entity
2026-06-06 12:25:26.151 [ERROR] src.enrichment.client_base: gtex HTTP 422: Unprocessable Entity
2026-06-06 12:25:26.259 [ERROR] src.enrichment.client_base: gtex HTTP 422: Unprocessable Entity
2026-06-06 12:25:26.306 [WARNING] src.enrichment.client_base: gnomad rate limited (429), retrying in 8s...
2026-06-06 12:25:26.409 [WARNING] src.enrichment.client_base: gnomad rate limited (429), retrying in 8s...
2026-06-06 12:25:26.468 [ERROR] src.enrichment.client_base: gtex HTTP 422: Unprocessable Entity
2026-06-06 12:25:26.472 [WARNING] src.enrichment.client_base: gnomad rate limited (429), retrying in 8s...
2026-06-06 12:25:26.667 [WARNING] src.enrichment.client_base: gnomad rate limited (429), retrying in 8s...
2026-06-06 12:25:26.680 [WARNING] src.enrichment.client_base: gnomad rate limited (429), retrying in 4s...
2026-06-06 12:25:26.815 [ERROR] src.enrichment.client_base: gtex HTTP 422: Unprocessable Entity
2026-06-06 12:25:26.892 [WARNING] src.enrichment.client_base: gnomad rate limited (429), retrying in 8s...
2026-06-06 12:25:26.944 [ERROR] src.enrichment.client_base: gtex HTTP 422: Unprocessable Entity
2026-06-06 12:25:27.199 [WARNING] src.enrichment.client_base: gnomad rate limited (429), retrying in 8s...
2026-06-06 12:25:27.366 [ERROR] src.enrichment.client_base: gtex HTTP 422: Unprocessable Entity
2026-06-06 12:25:27.370 [WARNING] src.enrichment.client_base: gnomad rate limited (429), retrying in 8s...
2026-06-06 12:25:27.403 [ERROR] src.enrichment.client_base: gtex HTTP 422: Unprocessable Entity
2026-06-06 12:25:27.407 [WARNING] src.enrichment.client_base: gnomad rate limited (429), retrying in 8s...
2026-06-06 12:25:27.462 [ERROR] src.enrichment.client_base: gtex HTTP 422: Unprocessable Entity
2026-06-06 12:25:27.601 [ERROR] src.enrichment.client_base: gtex HTTP 422: Unprocessable Entity
2026-06-06 12:25:27.637 [ERROR] src.enrichment.client_base: gtex HTTP 422: Unprocessable Entity
2026-06-06 12:25:27.749 [ERROR] src.enrichment.client_base: gtex HTTP 422: Unprocessable Entity
2026-06-06 12:25:27.787 [WARNING] src.enrichment.client_base: gnomad rate limited (429), retrying in 8s...
2026-06-06 12:25:27.927 [ERROR] src.enrichment.client_base: gtex HTTP 422: Unprocessable Entity
2026-06-06 12:25:28.000 [WARNING] src.enrichment.client_base: gnomad rate limited (429), retrying in 8s...
2026-06-06 12:25:28.026 [ERROR] src.enrichment.client_base: gtex HTTP 422: Unprocessable Entity
2026-06-06 12:25:28.227 [ERROR] src.enrichment.client_base: gtex HTTP 422: Unprocessable Entity
2026-06-06 12:25:28.716 [ERROR] src.enrichment.client_base: gtex HTTP 422: Unprocessable Entity
2026-06-06 12:25:28.787 [WARNING] src.enrichment.client_base: gnomad rate limited (429), retrying in 8s...
2026-06-06 12:25:28.844 [ERROR] src.enrichment.client_base: gtex HTTP 422: Unprocessable Entity
2026-06-06 12:25:28.862 [ERROR] src.enrichment.client_base: gtex HTTP 422: Unprocessable Entity
2026-06-06 12:25:28.970 [ERROR] src.enrichment.client_base: gtex HTTP 422: Unprocessable Entity
2026-06-06 12:25:29.109 [ERROR] src.enrichment.client_base: gtex HTTP 422: Unprocessable Entity
2026-06-06 12:25:29.392 [ERROR] src.enrichment.client_base: gtex HTTP 422: Unprocessable Entity
2026-06-06 12:25:29.883 [ERROR] src.enrichment.client_base: gtex HTTP 422: Unprocessable Entity
2026-06-06 12:25:30.554 [ERROR] src.enrichment.client_base: gtex HTTP 422: Unprocessable Entity
2026-06-06 12:25:30.558 [ERROR] src.enrichment.client_base: gtex HTTP 422: Unprocessable Entity
2026-06-06 12:25:30.586 [ERROR] src.enrichment.client_base: gtex HTTP 422: Unprocessable Entity
2026-06-06 12:25:30.813 [ERROR] src.enrichment.client_base: gtex HTTP 422: Unprocessable Entity
2026-06-06 12:25:31.019 [WARNING] src.enrichment.client_base: gnomad rate limited (429), retrying in 8s...
2026-06-06 12:25:31.309 [ERROR] src.enrichment.client_base: gtex HTTP 422: Unprocessable Entity
2026-06-06 12:25:31.656 [ERROR] src.enrichment.client_base: gtex HTTP 422: Unprocessable Entity
2026-06-06 12:25:31.856 [ERROR] src.enrichment.client_base: gtex HTTP 422: Unprocessable Entity
2026-06-06 12:25:33.194 [ERROR] src.enrichment.client_base: gtex HTTP 422: Unprocessable Entity
2026-06-06 12:25:33.410 [ERROR] src.enrichment.client_base: gtex HTTP 422: Unprocessable Entity
2026-06-06 12:25:33.421 [ERROR] src.enrichment.client_base: gtex HTTP 422: Unprocessable Entity
2026-06-06 12:25:33.699 [WARNING] src.enrichment.client_base: gnomad rate limited (429), retrying in 1s...
2026-06-06 12:25:33.870 [ERROR] src.enrichment.client_base: gtex HTTP 422: Unprocessable Entity
2026-06-06 12:25:33.885 [ERROR] src.enrichment.client_base: gtex HTTP 422: Unprocessable Entity
2026-06-06 12:25:34.158 [WARNING] src.enrichment.client_base: gnomad rate limited (429), retrying in 1s...
2026-06-06 12:25:34.325 [WARNING] src.enrichment.client_base: gnomad rate limited (429), retrying in 1s...
2026-06-06 12:25:34.353 [ERROR] src.enrichment.client_base: gtex HTTP 422: Unprocessable Entity
2026-06-06 12:25:34.639 [WARNING] src.enrichment.client_base: gnomad rate limited (429), retrying in 1s...
2026-06-06 12:25:34.799 [WARNING] src.enrichment.client_base: gnomad rate limited (429), retrying in 1s...
2026-06-06 12:25:34.814 [ERROR] src.enrichment.client_base: gtex HTTP 422: Unprocessable Entity
2026-06-06 12:25:34.982 [WARNING] src.enrichment.client_base: gnomad rate limited (429), retrying in 1s...
2026-06-06 12:25:35.052 [WARNING] src.enrichment.client_base: gnomad rate limited (429), retrying in 2s...
2026-06-06 12:25:35.060 [ERROR] src.enrichment.client_base: gtex HTTP 422: Unprocessable Entity
2026-06-06 12:25:35.094 [WARNING] src.enrichment.client_base: gnomad rate limited (429), retrying in 1s...
2026-06-06 12:25:35.219 [WARNING] src.enrichment.client_base: gnomad rate limited (429), retrying in 1s...
2026-06-06 12:25:35.265 [ERROR] src.enrichment.client_base: gtex HTTP 422: Unprocessable Entity
2026-06-06 12:25:35.266 [ERROR] src.enrichment.client_base: gtex HTTP 422: Unprocessable Entity
2026-06-06 12:25:35.338 [ERROR] src.enrichment.client_base: gtex HTTP 422: Unprocessable Entity
2026-06-06 12:25:35.340 [ERROR] src.enrichment.client_base: gtex HTTP 422: Unprocessable Entity
2026-06-06 12:25:35.472 [WARNING] src.enrichment.client_base: gnomad rate limited (429), retrying in 2s...
2026-06-06 12:25:35.537 [ERROR] src.enrichment.client_base: gtex HTTP 422: Unprocessable Entity
2026-06-06 12:25:35.647 [WARNING] src.enrichment.client_base: gnomad rate limited (429), retrying in 2s...
2026-06-06 12:25:35.692 [WARNING] src.enrichment.client_base: gnomad rate limited (429), retrying in 1s...
2026-06-06 12:25:35.727 [ERROR] src.enrichment.client_base: gtex HTTP 422: Unprocessable Entity
2026-06-06 12:25:35.766 [WARNING] src.enrichment.client_base: gnomad rate limited (429), retrying in 1s...
2026-06-06 12:25:35.787 [ERROR] src.enrichment.client_base: gtex HTTP 422: Unprocessable Entity
2026-06-06 12:25:35.967 [WARNING] src.enrichment.client_base: gnomad rate limited (429), retrying in 2s...
2026-06-06 12:25:36.109 [WARNING] src.enrichment.client_base: gnomad rate limited (429), retrying in 1s...
2026-06-06 12:25:36.242 [ERROR] src.enrichment.client_base: gtex HTTP 422: Unprocessable Entity
2026-06-06 12:25:36.289 [ERROR] src.enrichment.client_base: gtex HTTP 422: Unprocessable Entity
2026-06-06 12:25:36.305 [WARNING] src.enrichment.client_base: gnomad rate limited (429), retrying in 2s...
2026-06-06 12:25:36.309 [ERROR] src.enrichment.client_base: gtex HTTP 422: Unprocessable Entity
2026-06-06 12:25:36.332 [WARNING] src.enrichment.client_base: gnomad rate limited (429), retrying in 1s...
2026-06-06 12:25:36.423 [WARNING] src.enrichment.client_base: gnomad rate limited (429), retrying in 2s...
2026-06-06 12:25:36.447 [ERROR] src.enrichment.client_base: gtex HTTP 422: Unprocessable Entity
2026-06-06 12:25:36.502 [WARNING] src.enrichment.client_base: gnomad rate limited (429), retrying in 2s...
2026-06-06 12:25:36.550 [WARNING] src.enrichment.client_base: gnomad rate limited (429), retrying in 2s...
2026-06-06 12:25:36.662 [ERROR] src.enrichment.client_base: gtex HTTP 422: Unprocessable Entity
2026-06-06 12:25:36.757 [ERROR] src.enrichment.client_base: gtex HTTP 422: Unprocessable Entity
2026-06-06 12:25:37.001 [ERROR] src.enrichment.client_base: gtex HTTP 422: Unprocessable Entity
2026-06-06 12:25:37.028 [WARNING] src.enrichment.client_base: gnomad rate limited (429), retrying in 1s...
2026-06-06 12:25:37.047 [WARNING] src.enrichment.client_base: gnomad rate limited (429), retrying in 2s...
2026-06-06 12:25:37.090 [WARNING] src.enrichment.client_base: gnomad rate limited (429), retrying in 2s...
2026-06-06 12:25:37.113 [WARNING] src.enrichment.client_base: gnomad rate limited (429), retrying in 1s...
2026-06-06 12:25:37.120 [ERROR] src.enrichment.client_base: gtex HTTP 422: Unprocessable Entity
2026-06-06 12:25:37.367 [WARNING] src.enrichment.client_base: gnomad rate limited (429), retrying in 4s...
2026-06-06 12:25:37.394 [ERROR] src.enrichment.client_base: gtex HTTP 422: Unprocessable Entity
2026-06-06 12:25:37.434 [WARNING] src.enrichment.client_base: gnomad rate limited (429), retrying in 2s...
2026-06-06 12:25:37.642 [ERROR] src.enrichment.client_base: gtex HTTP 422: Unprocessable Entity
2026-06-06 12:25:37.660 [WARNING] src.enrichment.client_base: gnomad rate limited (429), retrying in 2s...
2026-06-06 12:25:37.724 [ERROR] src.enrichment.client_base: gtex HTTP 422: Unprocessable Entity
2026-06-06 12:25:37.794 [ERROR] src.enrichment.client_base: gtex HTTP 422: Unprocessable Entity
2026-06-06 12:25:37.814 [WARNING] src.enrichment.client_base: gnomad rate limited (429), retrying in 4s...
2026-06-06 12:25:37.904 [ERROR] src.enrichment.client_base: gtex HTTP 422: Unprocessable Entity
2026-06-06 12:25:37.973 [WARNING] src.enrichment.client_base: gnomad rate limited (429), retrying in 4s...
2026-06-06 12:25:38.098 [ERROR] src.enrichment.client_base: gtex HTTP 422: Unprocessable Entity
2026-06-06 12:25:38.163 [ERROR] src.enrichment.client_base: gtex HTTP 422: Unprocessable Entity
2026-06-06 12:25:38.216 [ERROR] src.enrichment.client_base: gtex HTTP 422: Unprocessable Entity
2026-06-06 12:25:38.357 [WARNING] src.enrichment.client_base: gnomad rate limited (429), retrying in 2s...
2026-06-06 12:25:38.444 [WARNING] src.enrichment.client_base: gnomad rate limited (429), retrying in 2s...
2026-06-06 12:25:38.649 [WARNING] src.enrichment.client_base: gnomad rate limited (429), retrying in 4s...
2026-06-06 12:25:38.743 [WARNING] src.enrichment.client_base: gnomad rate limited (429), retrying in 4s...
2026-06-06 12:25:38.760 [ERROR] src.enrichment.client_base: gtex HTTP 422: Unprocessable Entity
2026-06-06 12:25:38.819 [WARNING] src.enrichment.client_base: gnomad rate limited (429), retrying in 4s...
2026-06-06 12:25:38.868 [WARNING] src.enrichment.client_base: gnomad rate limited (429), retrying in 4s...
2026-06-06 12:25:39.037 [WARNING] src.enrichment.client_base: gnomad rate limited (429), retrying in 4s...
2026-06-06 12:25:39.102 [ERROR] src.enrichment.client_base: gtex HTTP 422: Unprocessable Entity
2026-06-06 12:25:39.358 [WARNING] src.enrichment.client_base: gnomad rate limited (429), retrying in 4s...
2026-06-06 12:25:39.416 [WARNING] src.enrichment.client_base: gnomad rate limited (429), retrying in 4s...
2026-06-06 12:25:39.488 [ERROR] src.enrichment.client_base: gtex HTTP 422: Unprocessable Entity
2026-06-06 12:25:39.563 [ERROR] src.enrichment.client_base: gtex HTTP 422: Unprocessable Entity
2026-06-06 12:25:39.744 [WARNING] src.enrichment.client_base: gnomad rate limited (429), retrying in 4s...
2026-06-06 12:25:39.775 [WARNING] src.enrichment.client_base: gnomad rate limited (429), retrying in 1s...
2026-06-06 12:25:39.859 [ERROR] src.enrichment.client_base: gtex HTTP 422: Unprocessable Entity
2026-06-06 12:25:40.176 [ERROR] src.enrichment.client_base: gtex HTTP 422: Unprocessable Entity
2026-06-06 12:25:40.345 [WARNING] src.enrichment.client_base: gnomad rate limited (429), retrying in 4s...
2026-06-06 12:25:40.383 [ERROR] src.enrichment.client_base: gtex HTTP 422: Unprocessable Entity
2026-06-06 12:25:40.670 [ERROR] src.enrichment.client_base: gtex HTTP 422: Unprocessable Entity
2026-06-06 12:25:40.689 [WARNING] src.enrichment.client_base: gnomad rate limited (429), retrying in 4s...
2026-06-06 12:25:40.788 [WARNING] src.enrichment.client_base: gnomad rate limited (429), retrying in 4s...
2026-06-06 12:25:41.111 [WARNING] src.enrichment.client_base: gnomad rate limited (429), retrying in 2s...
2026-06-06 12:25:41.565 [ERROR] src.enrichment.client_base: gtex HTTP 422: Unprocessable Entity
2026-06-06 12:25:41.691 [WARNING] src.enrichment.client_base: gnomad rate limited (429), retrying in 8s...
2026-06-06 12:25:42.020 [ERROR] src.enrichment.client_base: gtex HTTP 422: Unprocessable Entity
2026-06-06 12:25:42.161 [WARNING] src.enrichment.client_base: gnomad rate limited (429), retrying in 8s...
2026-06-06 12:25:42.267 [ERROR] src.enrichment.client_base: gtex HTTP 422: Unprocessable Entity
2026-06-06 12:25:42.305 [WARNING] src.enrichment.client_base: gnomad rate limited (429), retrying in 8s...
2026-06-06 12:25:42.632 [ERROR] src.enrichment.client_base: gtex HTTP 422: Unprocessable Entity
2026-06-06 12:25:42.968 [WARNING] src.enrichment.client_base: gnomad rate limited (429), retrying in 8s...
2026-06-06 12:25:43.056 [WARNING] src.enrichment.client_base: gnomad rate limited (429), retrying in 8s...
2026-06-06 12:25:43.156 [WARNING] src.enrichment.client_base: gnomad rate limited (429), retrying in 8s...
2026-06-06 12:25:43.190 [WARNING] src.enrichment.client_base: gnomad rate limited (429), retrying in 8s...
2026-06-06 12:25:43.210 [ERROR] src.enrichment.client_base: gtex HTTP 422: Unprocessable Entity
2026-06-06 12:25:43.278 [ERROR] src.enrichment.client_base: gtex HTTP 422: Unprocessable Entity
2026-06-06 12:25:43.363 [WARNING] src.enrichment.client_base: gnomad rate limited (429), retrying in 8s...
2026-06-06 12:25:43.468 [WARNING] src.enrichment.client_base: gnomad rate limited (429), retrying in 4s...
2026-06-06 12:25:43.620 [ERROR] src.enrichment.client_base: gtex HTTP 422: Unprocessable Entity
2026-06-06 12:25:43.677 [ERROR] src.enrichment.client_base: gtex HTTP 422: Unprocessable Entity
2026-06-06 12:25:43.703 [WARNING] src.enrichment.client_base: gnomad rate limited (429), retrying in 8s...
2026-06-06 12:25:43.781 [WARNING] src.enrichment.client_base: gnomad rate limited (429), retrying in 8s...
2026-06-06 12:25:43.956 [ERROR] src.enrichment.client_base: gtex HTTP 422: Unprocessable Entity
2026-06-06 12:25:44.066 [WARNING] src.enrichment.client_base: gnomad rate limited (429), retrying in 8s...
2026-06-06 12:25:44.632 [ERROR] src.enrichment.client_base: gtex HTTP 422: Unprocessable Entity
2026-06-06 12:25:44.670 [WARNING] src.enrichment.client_base: gnomad rate limited (429), retrying in 8s...
2026-06-06 12:25:44.740 [ERROR] src.enrichment.client_base: gtex HTTP 422: Unprocessable Entity
2026-06-06 12:25:44.780 [ERROR] src.enrichment.client_base: gtex HTTP 422: Unprocessable Entity
2026-06-06 12:25:44.829 [ERROR] src.enrichment.client_base: gtex HTTP 422: Unprocessable Entity
2026-06-06 12:25:44.871 [ERROR] src.enrichment.client_base: gtex HTTP 422: Unprocessable Entity
2026-06-06 12:25:45.030 [WARNING] src.enrichment.client_base: gnomad rate limited (429), retrying in 8s...
2026-06-06 12:25:45.091 [ERROR] src.enrichment.client_base: gtex HTTP 422: Unprocessable Entity
2026-06-06 12:25:45.114 [WARNING] src.enrichment.client_base: gnomad rate limited (429), retrying in 8s...
2026-06-06 12:25:45.118 [ERROR] src.enrichment.client_base: gtex HTTP 422: Unprocessable Entity
2026-06-06 12:25:45.121 [ERROR] src.enrichment.client_base: gtex HTTP 422: Unprocessable Entity
2026-06-06 12:25:45.476 [ERROR] src.enrichment.client_base: gtex HTTP 422: Unprocessable Entity
2026-06-06 12:25:45.576 [ERROR] src.enrichment.client_base: gtex HTTP 422: Unprocessable Entity
2026-06-06 12:25:45.623 [ERROR] src.enrichment.client_base: gtex HTTP 422: Unprocessable Entity
2026-06-06 12:25:45.706 [ERROR] src.enrichment.client_base: gtex HTTP 422: Unprocessable Entity
2026-06-06 12:25:46.240 [ERROR] src.enrichment.client_base: gtex HTTP 422: Unprocessable Entity
2026-06-06 12:25:46.426 [ERROR] src.enrichment.client_base: gtex HTTP 422: Unprocessable Entity
2026-06-06 12:25:46.479 [ERROR] src.enrichment.client_base: gtex HTTP 422: Unprocessable Entity
2026-06-06 12:25:46.894 [ERROR] src.enrichment.client_base: gtex HTTP 422: Unprocessable Entity
2026-06-06 12:25:46.914 [ERROR] src.enrichment.client_base: gtex HTTP 422: Unprocessable Entity
2026-06-06 12:25:46.930 [ERROR] src.enrichment.client_base: gtex HTTP 422: Unprocessable Entity
2026-06-06 12:25:46.943 [ERROR] src.enrichment.client_base: gtex HTTP 422: Unprocessable Entity
2026-06-06 12:25:47.173 [ERROR] src.enrichment.client_base: gtex HTTP 422: Unprocessable Entity
2026-06-06 12:25:47.196 [ERROR] src.enrichment.client_base: gtex HTTP 422: Unprocessable Entity
2026-06-06 12:25:47.444 [ERROR] src.enrichment.client_base: gtex HTTP 422: Unprocessable Entity
2026-06-06 12:25:47.590 [ERROR] src.enrichment.client_base: gtex HTTP 422: Unprocessable Entity
2026-06-06 12:25:47.794 [WARNING] src.enrichment.client_base: gnomad rate limited (429), retrying in 8s...
2026-06-06 12:25:48.083 [ERROR] src.enrichment.client_base: gtex HTTP 422: Unprocessable Entity
2026-06-06 12:25:48.343 [ERROR] src.enrichment.client_base: gtex HTTP 422: Unprocessable Entity
2026-06-06 12:25:48.706 [ERROR] src.enrichment.client_base: gtex HTTP 422: Unprocessable Entity
2026-06-06 12:25:49.009 [ERROR] src.enrichment.client_base: gtex HTTP 422: Unprocessable Entity
2026-06-06 12:25:49.369 [ERROR] src.enrichment.client_base: gtex HTTP 422: Unprocessable Entity
2026-06-06 12:25:49.384 [ERROR] src.enrichment.client_base: gtex HTTP 422: Unprocessable Entity
2026-06-06 12:25:49.637 [ERROR] src.enrichment.client_base: gtex HTTP 422: Unprocessable Entity
2026-06-06 12:25:49.900 [ERROR] src.enrichment.client_base: gtex HTTP 422: Unprocessable Entity
2026-06-06 12:25:50.409 [WARNING] src.enrichment.client_base: gnomad rate limited (429), retrying in 1s...
2026-06-06 12:25:50.493 [WARNING] src.enrichment.client_base: gnomad rate limited (429), retrying in 1s...
2026-06-06 12:25:50.659 [WARNING] src.enrichment.client_base: gnomad rate limited (429), retrying in 1s...
2026-06-06 12:25:51.293 [WARNING] src.enrichment.client_base: gnomad rate limited (429), retrying in 1s...
2026-06-06 12:25:51.300 [ERROR] src.enrichment.client_base: gtex HTTP 422: Unprocessable Entity
2026-06-06 12:25:51.375 [WARNING] src.enrichment.client_base: gnomad rate limited (429), retrying in 1s...
2026-06-06 12:25:51.467 [ERROR] src.enrichment.client_base: gtex HTTP 422: Unprocessable Entity
2026-06-06 12:25:51.479 [WARNING] src.enrichment.client_base: gnomad rate limited (429), retrying in 1s...
2026-06-06 12:25:51.503 [WARNING] src.enrichment.client_base: gnomad rate limited (429), retrying in 1s...
2026-06-06 12:25:51.692 [WARNING] src.enrichment.client_base: gnomad rate limited (429), retrying in 1s...
2026-06-06 12:25:51.724 [WARNING] src.enrichment.client_base: gnomad rate limited (429), retrying in 2s...
2026-06-06 12:25:51.848 [WARNING] src.enrichment.client_base: gnomad rate limited (429), retrying in 2s...
2026-06-06 12:25:51.863 [ERROR] src.enrichment.client_base: gtex HTTP 422: Unprocessable Entity
2026-06-06 12:25:51.977 [WARNING] src.enrichment.client_base: gnomad rate limited (429), retrying in 2s...
2026-06-06 12:25:52.026 [WARNING] src.enrichment.client_base: gnomad rate limited (429), retrying in 1s...
2026-06-06 12:25:52.037 [ERROR] src.enrichment.client_base: gtex HTTP 422: Unprocessable Entity
2026-06-06 12:25:52.125 [WARNING] src.enrichment.client_base: gnomad rate limited (429), retrying in 1s...
2026-06-06 12:25:52.496 [ERROR] src.enrichment.client_base: gtex HTTP 422: Unprocessable Entity
2026-06-06 12:25:52.567 [ERROR] src.enrichment.client_base: gtex HTTP 422: Unprocessable Entity
2026-06-06 12:25:52.618 [WARNING] src.enrichment.client_base: gnomad rate limited (429), retrying in 2s...
2026-06-06 12:25:52.708 [WARNING] src.enrichment.client_base: gnomad rate limited (429), retrying in 2s...
2026-06-06 12:25:52.772 [WARNING] src.enrichment.client_base: gnomad rate limited (429), retrying in 1s...
2026-06-06 12:25:52.809 [WARNING] src.enrichment.client_base: gnomad rate limited (429), retrying in 2s...
2026-06-06 12:25:52.821 [WARNING] src.enrichment.client_base: gnomad rate limited (429), retrying in 2s...
2026-06-06 12:25:52.985 [WARNING] src.enrichment.client_base: gnomad rate limited (429), retrying in 1s...
2026-06-06 12:25:53.013 [WARNING] src.enrichment.client_base: gnomad rate limited (429), retrying in 2s...
2026-06-06 12:25:53.014 [ERROR] src.enrichment.client_base: gtex HTTP 422: Unprocessable Entity
2026-06-06 12:25:53.162 [ERROR] src.enrichment.client_base: gtex HTTP 422: Unprocessable Entity
2026-06-06 12:25:53.163 [ERROR] src.enrichment.client_base: gtex HTTP 422: Unprocessable Entity
2026-06-06 12:25:53.348 [WARNING] src.enrichment.client_base: gnomad rate limited (429), retrying in 1s...
2026-06-06 12:25:53.357 [WARNING] src.enrichment.client_base: gnomad rate limited (429), retrying in 2s...
2026-06-06 12:25:53.438 [WARNING] src.enrichment.client_base: gnomad rate limited (429), retrying in 2s...
2026-06-06 12:25:53.443 [WARNING] src.enrichment.client_base: gnomad rate limited (429), retrying in 1s...
2026-06-06 12:25:53.637 [ERROR] src.enrichment.client_base: gtex HTTP 422: Unprocessable Entity
2026-06-06 12:25:53.858 [ERROR] src.enrichment.client_base: gtex HTTP 422: Unprocessable Entity
2026-06-06 12:25:53.861 [ERROR] src.enrichment.client_base: gtex HTTP 422: Unprocessable Entity
2026-06-06 12:25:54.078 [WARNING] src.enrichment.client_base: gnomad rate limited (429), retrying in 4s...
2026-06-06 12:25:54.080 [ERROR] src.enrichment.client_base: gtex HTTP 422: Unprocessable Entity
2026-06-06 12:25:54.090 [WARNING] src.enrichment.client_base: gnomad rate limited (429), retrying in 2s...
2026-06-06 12:25:54.171 [WARNING] src.enrichment.client_base: gnomad rate limited (429), retrying in 4s...
2026-06-06 12:25:54.306 [ERROR] src.enrichment.client_base: gtex HTTP 422: Unprocessable Entity
2026-06-06 12:25:54.312 [WARNING] src.enrichment.client_base: gnomad rate limited (429), retrying in 2s...
2026-06-06 12:25:54.313 [ERROR] src.enrichment.client_base: gtex HTTP 422: Unprocessable Entity
2026-06-06 12:25:54.467 [ERROR] src.enrichment.client_base: gtex HTTP 422: Unprocessable Entity
2026-06-06 12:25:54.572 [ERROR] src.enrichment.client_base: gtex HTTP 422: Unprocessable Entity
2026-06-06 12:25:54.625 [ERROR] src.enrichment.client_base: gtex HTTP 422: Unprocessable Entity
2026-06-06 12:25:54.682 [WARNING] src.enrichment.client_base: gnomad rate limited (429), retrying in 2s...
2026-06-06 12:25:54.707 [WARNING] src.enrichment.client_base: gnomad rate limited (429), retrying in 4s...
2026-06-06 12:25:54.766 [ERROR] src.enrichment.client_base: gtex HTTP 422: Unprocessable Entity
2026-06-06 12:25:54.770 [WARNING] src.enrichment.client_base: gnomad rate limited (429), retrying in 2s...
2026-06-06 12:25:54.959 [WARNING] src.enrichment.client_base: gnomad rate limited (429), retrying in 4s...
2026-06-06 12:25:55.149 [WARNING] src.enrichment.client_base: gnomad rate limited (429), retrying in 4s...
2026-06-06 12:25:55.150 [WARNING] src.enrichment.client_base: gnomad rate limited (429), retrying in 4s...
2026-06-06 12:25:55.201 [ERROR] src.enrichment.client_base: gtex HTTP 422: Unprocessable Entity
2026-06-06 12:25:55.308 [ERROR] src.enrichment.client_base: gtex HTTP 422: Unprocessable Entity
2026-06-06 12:25:55.397 [WARNING] src.enrichment.client_base: gnomad rate limited (429), retrying in 4s...
2026-06-06 12:25:55.428 [ERROR] src.enrichment.client_base: gtex HTTP 422: Unprocessable Entity
2026-06-06 12:25:55.681 [WARNING] src.enrichment.client_base: gnomad rate limited (429), retrying in 4s...
2026-06-06 12:25:55.696 [WARNING] src.enrichment.client_base: gnomad rate limited (429), retrying in 4s...
2026-06-06 12:25:55.765 [ERROR] src.enrichment.client_base: gtex HTTP 422: Unprocessable Entity
2026-06-06 12:25:55.775 [ERROR] src.enrichment.client_base: gtex HTTP 422: Unprocessable Entity
2026-06-06 12:25:55.785 [ERROR] src.enrichment.client_base: gtex HTTP 422: Unprocessable Entity
2026-06-06 12:25:55.955 [ERROR] src.enrichment.client_base: gtex HTTP 422: Unprocessable Entity
2026-06-06 12:25:56.121 [WARNING] src.enrichment.client_base: gnomad rate limited (429), retrying in 1s...
2026-06-06 12:25:56.292 [ERROR] src.enrichment.client_base: gtex HTTP 422: Unprocessable Entity
2026-06-06 12:25:56.422 [ERROR] src.enrichment.client_base: gtex HTTP 422: Unprocessable Entity
2026-06-06 12:25:56.448 [WARNING] src.enrichment.client_base: gnomad rate limited (429), retrying in 4s...
2026-06-06 12:25:56.466 [WARNING] src.enrichment.client_base: gnomad rate limited (429), retrying in 4s...
2026-06-06 12:25:56.654 [WARNING] src.enrichment.client_base: gnomad rate limited (429), retrying in 4s...
2026-06-06 12:25:56.741 [ERROR] src.enrichment.client_base: gtex HTTP 422: Unprocessable Entity
2026-06-06 12:25:56.880 [ERROR] src.enrichment.client_base: gtex HTTP 422: Unprocessable Entity
2026-06-06 12:25:56.920 [ERROR] src.enrichment.client_base: gtex HTTP 422: Unprocessable Entity
2026-06-06 12:25:57.009 [WARNING] src.enrichment.client_base: gnomad rate limited (429), retrying in 4s...
2026-06-06 12:25:57.100 [WARNING] src.enrichment.client_base: gnomad rate limited (429), retrying in 4s...
2026-06-06 12:25:57.317 [ERROR] src.enrichment.client_base: gtex HTTP 422: Unprocessable Entity
2026-06-06 12:25:57.454 [WARNING] src.enrichment.client_base: gnomad rate limited (429), retrying in 2s...
2026-06-06 12:25:57.656 [ERROR] src.enrichment.client_base: gtex HTTP 422: Unprocessable Entity
2026-06-06 12:25:57.763 [ERROR] src.enrichment.client_base: gtex HTTP 422: Unprocessable Entity
2026-06-06 12:25:57.890 [ERROR] src.enrichment.client_base: gtex HTTP 422: Unprocessable Entity
2026-06-06 12:25:58.119 [ERROR] src.enrichment.client_base: gtex HTTP 422: Unprocessable Entity
2026-06-06 12:25:58.236 [ERROR] src.enrichment.client_base: gtex HTTP 422: Unprocessable Entity
2026-06-06 12:25:58.238 [ERROR] src.enrichment.client_base: gtex HTTP 422: Unprocessable Entity
2026-06-06 12:25:58.420 [WARNING] src.enrichment.client_base: gnomad rate limited (429), retrying in 8s...
2026-06-06 12:25:58.875 [WARNING] src.enrichment.client_base: gnomad rate limited (429), retrying in 8s...
2026-06-06 12:25:59.063 [WARNING] src.enrichment.client_base: gnomad rate limited (429), retrying in 8s...
2026-06-06 12:25:59.213 [ERROR] src.enrichment.client_base: gtex HTTP 422: Unprocessable Entity
2026-06-06 12:25:59.339 [ERROR] src.enrichment.client_base: gtex HTTP 422: Unprocessable Entity
2026-06-06 12:25:59.470 [WARNING] src.enrichment.client_base: gnomad rate limited (429), retrying in 8s...
2026-06-06 12:25:59.719 [WARNING] src.enrichment.client_base: gnomad rate limited (429), retrying in 8s...
2026-06-06 12:25:59.768 [WARNING] src.enrichment.client_base: gnomad rate limited (429), retrying in 4s...
2026-06-06 12:25:59.837 [WARNING] src.enrichment.client_base: gnomad rate limited (429), retrying in 8s...
2026-06-06 12:26:00.009 [WARNING] src.enrichment.client_base: gnomad rate limited (429), retrying in 8s...
2026-06-06 12:26:00.009 [WARNING] src.enrichment.client_base: gnomad rate limited (429), retrying in 8s...
2026-06-06 12:26:00.051 [WARNING] src.enrichment.client_base: gnomad rate limited (429), retrying in 8s...
2026-06-06 12:26:00.345 [ERROR] src.enrichment.client_base: gtex HTTP 422: Unprocessable Entity
2026-06-06 12:26:00.579 [ERROR] src.enrichment.client_base: gtex HTTP 422: Unprocessable Entity
2026-06-06 12:26:00.760 [WARNING] src.enrichment.client_base: gnomad rate limited (429), retrying in 8s...
2026-06-06 12:26:00.785 [WARNING] src.enrichment.client_base: gnomad rate limited (429), retrying in 8s...
2026-06-06 12:26:00.977 [WARNING] src.enrichment.client_base: gnomad rate limited (429), retrying in 8s...
2026-06-06 12:26:01.353 [WARNING] src.enrichment.client_base: gnomad rate limited (429), retrying in 8s...
2026-06-06 12:26:01.455 [WARNING] src.enrichment.client_base: gnomad rate limited (429), retrying in 8s...
2026-06-06 12:26:01.739 [ERROR] src.enrichment.client_base: gtex HTTP 422: Unprocessable Entity
2026-06-06 12:26:01.789 [ERROR] src.enrichment.client_base: gtex HTTP 422: Unprocessable Entity
2026-06-06 12:26:02.192 [ERROR] src.enrichment.client_base: gtex HTTP 422: Unprocessable Entity
2026-06-06 12:26:02.230 [ERROR] src.enrichment.client_base: gtex HTTP 422: Unprocessable Entity
2026-06-06 12:26:02.234 [ERROR] src.enrichment.client_base: gtex HTTP 422: Unprocessable Entity
2026-06-06 12:26:02.289 [ERROR] src.enrichment.client_base: gtex HTTP 422: Unprocessable Entity
2026-06-06 12:26:02.719 [ERROR] src.enrichment.client_base: gtex HTTP 422: Unprocessable Entity
2026-06-06 12:26:02.720 [ERROR] src.enrichment.client_base: gtex HTTP 422: Unprocessable Entity
2026-06-06 12:26:02.919 [ERROR] src.enrichment.client_base: gtex HTTP 422: Unprocessable Entity
2026-06-06 12:26:03.175 [ERROR] src.enrichment.client_base: gtex HTTP 422: Unprocessable Entity
2026-06-06 12:26:03.190 [ERROR] src.enrichment.client_base: gtex HTTP 422: Unprocessable Entity
2026-06-06 12:26:03.230 [ERROR] src.enrichment.client_base: gtex HTTP 422: Unprocessable Entity
2026-06-06 12:26:03.677 [ERROR] src.enrichment.client_base: gtex HTTP 422: Unprocessable Entity
2026-06-06 12:26:03.742 [ERROR] src.enrichment.client_base: gtex HTTP 422: Unprocessable Entity
2026-06-06 12:26:03.805 [ERROR] src.enrichment.client_base: gtex HTTP 422: Unprocessable Entity
2026-06-06 12:26:03.892 [ERROR] src.enrichment.client_base: gtex HTTP 422: Unprocessable Entity
2026-06-06 12:26:04.151 [ERROR] src.enrichment.client_base: gtex HTTP 422: Unprocessable Entity
2026-06-06 12:26:04.288 [ERROR] src.enrichment.client_base: gtex HTTP 422: Unprocessable Entity
2026-06-06 12:26:04.599 [WARNING] src.enrichment.client_base: gnomad rate limited (429), retrying in 8s...
2026-06-06 12:26:04.665 [ERROR] src.enrichment.client_base: gtex HTTP 422: Unprocessable Entity
2026-06-06 12:26:04.770 [ERROR] src.enrichment.client_base: gtex HTTP 422: Unprocessable Entity
2026-06-06 12:26:04.844 [ERROR] src.enrichment.client_base: gtex HTTP 422: Unprocessable Entity
2026-06-06 12:26:04.963 [ERROR] src.enrichment.client_base: gtex HTTP 422: Unprocessable Entity
2026-06-06 12:26:05.145 [ERROR] src.enrichment.client_base: gtex HTTP 422: Unprocessable Entity
2026-06-06 12:26:05.275 [ERROR] src.enrichment.client_base: gtex HTTP 422: Unprocessable Entity
2026-06-06 12:26:05.621 [ERROR] src.enrichment.client_base: gtex HTTP 422: Unprocessable Entity
2026-06-06 12:26:05.932 [ERROR] src.enrichment.client_base: gtex HTTP 422: Unprocessable Entity
2026-06-06 12:26:06.141 [ERROR] src.enrichment.client_base: gtex HTTP 422: Unprocessable Entity
2026-06-06 12:26:06.199 [ERROR] src.enrichment.client_base: gtex HTTP 422: Unprocessable Entity
2026-06-06 12:26:06.397 [ERROR] src.enrichment.client_base: gtex HTTP 422: Unprocessable Entity
2026-06-06 12:26:06.748 [WARNING] src.enrichment.client_base: gnomad rate limited (429), retrying in 1s...
2026-06-06 12:26:07.121 [ERROR] src.enrichment.client_base: gtex HTTP 422: Unprocessable Entity
2026-06-06 12:26:07.199 [ERROR] src.enrichment.client_base: gtex HTTP 422: Unprocessable Entity
2026-06-06 12:26:07.223 [WARNING] src.enrichment.client_base: gnomad rate limited (429), retrying in 1s...
2026-06-06 12:26:07.390 [ERROR] src.enrichment.client_base: gtex HTTP 422: Unprocessable Entity
2026-06-06 12:26:07.392 [ERROR] src.enrichment.client_base: gtex HTTP 422: Unprocessable Entity
2026-06-06 12:26:07.485 [WARNING] src.enrichment.client_base: gnomad rate limited (429), retrying in 1s...
2026-06-06 12:26:07.632 [ERROR] src.enrichment.client_base: gtex HTTP 422: Unprocessable Entity
2026-06-06 12:26:07.709 [ERROR] src.enrichment.client_base: gtex HTTP 422: Unprocessable Entity
2026-06-06 12:26:07.823 [WARNING] src.enrichment.client_base: gnomad rate limited (429), retrying in 1s...
2026-06-06 12:26:08.053 [WARNING] src.enrichment.client_base: gnomad rate limited (429), retrying in 1s...
2026-06-06 12:26:08.066 [WARNING] src.enrichment.client_base: gnomad rate limited (429), retrying in 2s...
2026-06-06 12:26:08.151 [WARNING] src.enrichment.client_base: gnomad rate limited (429), retrying in 1s...
2026-06-06 12:26:08.153 [ERROR] src.enrichment.client_base: gtex HTTP 422: Unprocessable Entity
2026-06-06 12:26:08.340 [WARNING] src.enrichment.client_base: gnomad rate limited (429), retrying in 1s...
2026-06-06 12:26:08.365 [WARNING] src.enrichment.client_base: gnomad rate limited (429), retrying in 1s...
2026-06-06 12:26:08.390 [WARNING] src.enrichment.client_base: gnomad rate limited (429), retrying in 1s...
2026-06-06 12:26:08.427 [ERROR] src.enrichment.client_base: gtex HTTP 422: Unprocessable Entity
2026-06-06 12:26:08.563 [WARNING] src.enrichment.client_base: gnomad rate limited (429), retrying in 2s...
2026-06-06 12:26:08.606 [ERROR] src.enrichment.client_base: gtex HTTP 422: Unprocessable Entity
2026-06-06 12:26:08.824 [WARNING] src.enrichment.client_base: gnomad rate limited (429), retrying in 2s...
2026-06-06 12:26:09.122 [WARNING] src.enrichment.client_base: gnomad rate limited (429), retrying in 1s...
2026-06-06 12:26:09.169 [WARNING] src.enrichment.client_base: gnomad rate limited (429), retrying in 2s...
2026-06-06 12:26:09.327 [WARNING] src.enrichment.client_base: gnomad rate limited (429), retrying in 1s...
2026-06-06 12:26:09.380 [WARNING] src.enrichment.client_base: gnomad rate limited (429), retrying in 2s...
2026-06-06 12:26:09.458 [WARNING] src.enrichment.client_base: gnomad rate limited (429), retrying in 1s...
2026-06-06 12:26:09.473 [WARNING] src.enrichment.client_base: gnomad rate limited (429), retrying in 2s...
2026-06-06 12:26:09.611 [ERROR] src.enrichment.client_base: gtex HTTP 422: Unprocessable Entity
2026-06-06 12:26:09.663 [WARNING] src.enrichment.client_base: gnomad rate limited (429), retrying in 2s...
2026-06-06 12:26:09.699 [WARNING] src.enrichment.client_base: gnomad rate limited (429), retrying in 1s...
2026-06-06 12:26:09.706 [WARNING] src.enrichment.client_base: gnomad rate limited (429), retrying in 2s...
2026-06-06 12:26:09.783 [WARNING] src.enrichment.client_base: gnomad rate limited (429), retrying in 1s...
2026-06-06 12:26:10.077 [WARNING] src.enrichment.client_base: gnomad rate limited (429), retrying in 2s...
2026-06-06 12:26:10.742 [ERROR] src.enrichment.client_base: gtex HTTP 422: Unprocessable Entity
2026-06-06 12:26:10.758 [WARNING] src.enrichment.client_base: gnomad rate limited (429), retrying in 2s...
2026-06-06 12:26:10.759 [WARNING] src.enrichment.client_base: gnomad rate limited (429), retrying in 4s...
2026-06-06 12:26:10.854 [WARNING] src.enrichment.client_base: gnomad rate limited (429), retrying in 2s...
2026-06-06 12:26:10.915 [WARNING] src.enrichment.client_base: gnomad rate limited (429), retrying in 2s...
2026-06-06 12:26:10.924 [WARNING] src.enrichment.client_base: gnomad rate limited (429), retrying in 4s...
2026-06-06 12:26:11.079 [ERROR] src.enrichment.client_base: gtex HTTP 422: Unprocessable Entity
2026-06-06 12:26:11.092 [WARNING] src.enrichment.client_base: gnomad rate limited (429), retrying in 2s...
2026-06-06 12:26:11.155 [WARNING] src.enrichment.client_base: gnomad rate limited (429), retrying in 4s...
2026-06-06 12:26:11.498 [WARNING] src.enrichment.client_base: gnomad rate limited (429), retrying in 2s...
2026-06-06 12:26:11.684 [ERROR] src.enrichment.client_base: gtex HTTP 422: Unprocessable Entity
2026-06-06 12:26:11.821 [WARNING] src.enrichment.client_base: gnomad rate limited (429), retrying in 4s...
2026-06-06 12:26:11.831 [WARNING] src.enrichment.client_base: gnomad rate limited (429), retrying in 4s...
2026-06-06 12:26:11.869 [WARNING] src.enrichment.client_base: gnomad rate limited (429), retrying in 4s...
2026-06-06 12:26:11.912 [ERROR] src.enrichment.client_base: gtex HTTP 422: Unprocessable Entity
2026-06-06 12:26:11.980 [WARNING] src.enrichment.client_base: gnomad rate limited (429), retrying in 4s...
2026-06-06 12:26:12.021 [WARNING] src.enrichment.client_base: gnomad rate limited (429), retrying in 4s...
2026-06-06 12:26:12.086 [ERROR] src.enrichment.client_base: gtex HTTP 422: Unprocessable Entity
2026-06-06 12:26:12.110 [ERROR] src.enrichment.client_base: gtex HTTP 422: Unprocessable Entity
2026-06-06 12:26:12.171 [ERROR] src.enrichment.client_base: gtex HTTP 422: Unprocessable Entity
2026-06-06 12:26:12.171 [ERROR] src.enrichment.client_base: gtex HTTP 422: Unprocessable Entity
2026-06-06 12:26:12.330 [ERROR] src.enrichment.client_base: gnomad HTTP 400: Bad Request
2026-06-06 12:26:12.656 [ERROR] src.enrichment.client_base: gtex HTTP 422: Unprocessable Entity
2026-06-06 12:26:12.656 [ERROR] src.enrichment.client_base: gtex HTTP 422: Unprocessable Entity
2026-06-06 12:26:12.870 [ERROR] src.enrichment.client_base: gnomad HTTP 400: Bad Request
2026-06-06 12:26:12.886 [ERROR] src.enrichment.client_base: gtex HTTP 422: Unprocessable Entity
2026-06-06 12:26:12.981 [ERROR] src.enrichment.client_base: gnomad HTTP 400: Bad Request
2026-06-06 12:26:13.067 [ERROR] src.enrichment.client_base: gtex HTTP 422: Unprocessable Entity
2026-06-06 12:26:13.093 [ERROR] src.enrichment.client_base: gtex HTTP 422: Unprocessable Entity
2026-06-06 12:26:13.108 [ERROR] src.enrichment.client_base: gtex HTTP 422: Unprocessable Entity
2026-06-06 12:26:13.112 [ERROR] src.enrichment.client_base: gnomad HTTP 400: Bad Request
2026-06-06 12:26:13.121 [ERROR] src.enrichment.client_base: gtex HTTP 422: Unprocessable Entity
2026-06-06 12:26:13.141 [ERROR] src.enrichment.client_base: gnomad HTTP 400: Bad Request
2026-06-06 12:26:13.358 [ERROR] src.enrichment.client_base: gtex HTTP 422: Unprocessable Entity
2026-06-06 12:26:13.364 [ERROR] src.enrichment.client_base: gnomad HTTP 400: Bad Request
2026-06-06 12:26:13.595 [ERROR] src.enrichment.client_base: gtex HTTP 422: Unprocessable Entity
2026-06-06 12:26:13.622 [ERROR] src.enrichment.client_base: gtex HTTP 422: Unprocessable Entity
2026-06-06 12:26:13.739 [ERROR] src.enrichment.client_base: gnomad HTTP 400: Bad Request
2026-06-06 12:26:14.022 [ERROR] src.enrichment.client_base: gtex HTTP 422: Unprocessable Entity
2026-06-06 12:26:14.075 [ERROR] src.enrichment.client_base: gtex HTTP 422: Unprocessable Entity
2026-06-06 12:26:14.122 [ERROR] src.enrichment.client_base: gnomad HTTP 400: Bad Request
2026-06-06 12:26:14.133 [ERROR] src.enrichment.client_base: gtex HTTP 422: Unprocessable Entity
2026-06-06 12:26:14.520 [ERROR] src.enrichment.client_base: gtex HTTP 422: Unprocessable Entity
2026-06-06 12:26:14.523 [ERROR] src.enrichment.client_base: gtex HTTP 422: Unprocessable Entity
2026-06-06 12:26:14.574 [ERROR] src.enrichment.client_base: gtex HTTP 422: Unprocessable Entity
2026-06-06 12:26:15.015 [ERROR] src.enrichment.client_base: gnomad HTTP 400: Bad Request
2026-06-06 12:26:15.065 [ERROR] src.enrichment.client_base: gtex HTTP 422: Unprocessable Entity
2026-06-06 12:26:15.168 [ERROR] src.enrichment.client_base: gnomad HTTP 400: Bad Request
2026-06-06 12:26:15.188 [ERROR] src.enrichment.client_base: gtex HTTP 422: Unprocessable Entity
2026-06-06 12:26:15.386 [ERROR] src.enrichment.client_base: gnomad HTTP 400: Bad Request
2026-06-06 12:26:15.398 [ERROR] src.enrichment.client_base: gnomad HTTP 400: Bad Request
2026-06-06 12:26:15.438 [ERROR] src.enrichment.client_base: gtex HTTP 422: Unprocessable Entity
2026-06-06 12:26:15.606 [ERROR] src.enrichment.client_base: gnomad HTTP 400: Bad Request
2026-06-06 12:26:15.665 [ERROR] src.enrichment.client_base: gtex HTTP 422: Unprocessable Entity
2026-06-06 12:26:15.974 [ERROR] src.enrichment.client_base: gnomad HTTP 400: Bad Request
2026-06-06 12:26:15.995 [ERROR] src.enrichment.client_base: gtex HTTP 422: Unprocessable Entity
2026-06-06 12:26:16.055 [ERROR] src.enrichment.client_base: gnomad HTTP 400: Bad Request
2026-06-06 12:26:16.067 [ERROR] src.enrichment.client_base: gnomad HTTP 400: Bad Request
2026-06-06 12:26:16.075 [ERROR] src.enrichment.client_base: gtex HTTP 422: Unprocessable Entity
2026-06-06 12:26:16.094 [ERROR] src.enrichment.client_base: gnomad HTTP 400: Bad Request
2026-06-06 12:26:16.196 [ERROR] src.enrichment.client_base: gnomad HTTP 400: Bad Request
2026-06-06 12:26:16.266 [ERROR] src.enrichment.client_base: gtex HTTP 422: Unprocessable Entity
2026-06-06 12:26:16.278 [ERROR] src.enrichment.client_base: gnomad HTTP 400: Bad Request
2026-06-06 12:26:16.300 [ERROR] src.enrichment.client_base: gnomad HTTP 400: Bad Request
2026-06-06 12:26:16.340 [ERROR] src.enrichment.client_base: gnomad HTTP 400: Bad Request
2026-06-06 12:26:16.398 [ERROR] src.enrichment.client_base: gnomad HTTP 400: Bad Request
2026-06-06 12:26:16.431 [ERROR] src.enrichment.client_base: gnomad HTTP 400: Bad Request
2026-06-06 12:26:16.600 [ERROR] src.enrichment.client_base: gnomad HTTP 400: Bad Request
2026-06-06 12:26:16.625 [ERROR] src.enrichment.client_base: gnomad HTTP 400: Bad Request
2026-06-06 12:26:16.632 [ERROR] src.enrichment.client_base: gtex HTTP 422: Unprocessable Entity
2026-06-06 12:26:16.678 [ERROR] src.enrichment.client_base: gtex HTTP 422: Unprocessable Entity
2026-06-06 12:26:16.829 [ERROR] src.enrichment.client_base: gnomad HTTP 400: Bad Request
2026-06-06 12:26:16.830 [ERROR] src.enrichment.client_base: gnomad HTTP 400: Bad Request
2026-06-06 12:26:16.868 [ERROR] src.enrichment.client_base: gnomad HTTP 400: Bad Request
2026-06-06 12:26:16.988 [ERROR] src.enrichment.client_base: gtex HTTP 422: Unprocessable Entity
2026-06-06 12:26:17.026 [ERROR] src.enrichment.client_base: gtex HTTP 422: Unprocessable Entity
2026-06-06 12:26:17.121 [ERROR] src.enrichment.client_base: gnomad HTTP 400: Bad Request
2026-06-06 12:26:17.227 [ERROR] src.enrichment.client_base: gnomad HTTP 400: Bad Request
2026-06-06 12:26:17.332 [ERROR] src.enrichment.client_base: gnomad HTTP 400: Bad Request
2026-06-06 12:26:17.338 [ERROR] src.enrichment.client_base: gnomad HTTP 400: Bad Request
2026-06-06 12:26:17.363 [ERROR] src.enrichment.client_base: gnomad HTTP 400: Bad Request
2026-06-06 12:26:17.484 [ERROR] src.enrichment.client_base: gnomad HTTP 400: Bad Request
2026-06-06 12:26:17.510 [ERROR] src.enrichment.client_base: gnomad HTTP 400: Bad Request
2026-06-06 12:26:17.516 [ERROR] src.enrichment.client_base: gtex HTTP 422: Unprocessable Entity
2026-06-06 12:26:17.556 [ERROR] src.enrichment.client_base: gnomad HTTP 400: Bad Request
2026-06-06 12:26:17.579 [ERROR] src.enrichment.client_base: gnomad HTTP 400: Bad Request
2026-06-06 12:26:17.586 [ERROR] src.enrichment.client_base: gnomad HTTP 400: Bad Request
2026-06-06 12:26:17.605 [ERROR] src.enrichment.client_base: gnomad HTTP 400: Bad Request
2026-06-06 12:26:17.611 [ERROR] src.enrichment.client_base: gnomad HTTP 400: Bad Request
2026-06-06 12:26:17.732 [ERROR] src.enrichment.client_base: gtex HTTP 422: Unprocessable Entity
2026-06-06 12:26:17.866 [ERROR] src.enrichment.client_base: gnomad HTTP 400: Bad Request
2026-06-06 12:26:17.909 [ERROR] src.enrichment.client_base: gtex HTTP 422: Unprocessable Entity
2026-06-06 12:26:18.001 [ERROR] src.enrichment.client_base: gnomad HTTP 400: Bad Request
2026-06-06 12:26:18.047 [ERROR] src.enrichment.client_base: gnomad HTTP 400: Bad Request
2026-06-06 12:26:18.115 [ERROR] src.enrichment.client_base: gtex HTTP 422: Unprocessable Entity
2026-06-06 12:26:18.344 [ERROR] src.enrichment.client_base: gnomad HTTP 400: Bad Request
2026-06-06 12:26:18.389 [ERROR] src.enrichment.client_base: gnomad HTTP 400: Bad Request
2026-06-06 12:26:18.460 [ERROR] src.enrichment.client_base: gtex HTTP 422: Unprocessable Entity
2026-06-06 12:26:18.614 [ERROR] src.enrichment.client_base: gnomad HTTP 400: Bad Request
2026-06-06 12:26:18.715 [ERROR] src.enrichment.client_base: gnomad HTTP 400: Bad Request
2026-06-06 12:26:18.806 [ERROR] src.enrichment.client_base: gnomad HTTP 400: Bad Request
2026-06-06 12:26:18.839 [ERROR] src.enrichment.client_base: gnomad HTTP 400: Bad Request
2026-06-06 12:26:18.855 [ERROR] src.enrichment.client_base: gnomad HTTP 400: Bad Request
2026-06-06 12:26:19.076 [ERROR] src.enrichment.client_base: gnomad HTTP 400: Bad Request
2026-06-06 12:26:19.110 [ERROR] src.enrichment.client_base: gnomad HTTP 400: Bad Request
2026-06-06 12:26:19.582 [ERROR] src.enrichment.client_base: gnomad HTTP 400: Bad Request
2026-06-06 12:26:19.740 [ERROR] src.enrichment.client_base: gnomad HTTP 400: Bad Request
2026-06-06 12:26:19.886 [ERROR] src.enrichment.client_base: gnomad HTTP 400: Bad Request
2026-06-06 12:26:19.904 [WARNING] src.enrichment.client_base: gnomad rate limited (429), retrying in 4s...
2026-06-06 12:26:19.970 [WARNING] src.enrichment.client_base: gnomad rate limited (429), retrying in 2s...
2026-06-06 12:26:20.183 [ERROR] src.enrichment.client_base: gtex HTTP 422: Unprocessable Entity
2026-06-06 12:26:20.382 [WARNING] src.enrichment.client_base: gnomad rate limited (429), retrying in 4s...
2026-06-06 12:26:20.608 [ERROR] src.enrichment.client_base: gtex HTTP 422: Unprocessable Entity
2026-06-06 12:26:20.693 [WARNING] src.enrichment.client_base: gnomad rate limited (429), retrying in 4s...
2026-06-06 12:26:20.716 [WARNING] src.enrichment.client_base: gnomad rate limited (429), retrying in 4s...
2026-06-06 12:26:20.732 [WARNING] src.enrichment.client_base: gnomad rate limited (429), retrying in 8s...
2026-06-06 12:26:21.030 [WARNING] src.enrichment.client_base: gnomad rate limited (429), retrying in 4s...
2026-06-06 12:26:21.091 [ERROR] src.enrichment.client_base: gtex HTTP 422: Unprocessable Entity
2026-06-06 12:26:21.107 [ERROR] src.enrichment.client_base: gtex HTTP 422: Unprocessable Entity
2026-06-06 12:26:21.122 [WARNING] src.enrichment.client_base: gnomad rate limited (429), retrying in 4s...
2026-06-06 12:26:21.163 [WARNING] src.enrichment.client_base: gnomad rate limited (429), retrying in 4s...
2026-06-06 12:26:21.206 [ERROR] src.enrichment.client_base: gtex HTTP 422: Unprocessable Entity
2026-06-06 12:26:21.438 [WARNING] src.enrichment.client_base: gnomad rate limited (429), retrying in 4s...
2026-06-06 12:26:21.460 [ERROR] src.enrichment.client_base: gtex HTTP 422: Unprocessable Entity
2026-06-06 12:26:21.487 [ERROR] src.enrichment.client_base: gtex HTTP 422: Unprocessable Entity
2026-06-06 12:26:21.575 [ERROR] src.enrichment.client_base: gtex HTTP 422: Unprocessable Entity
2026-06-06 12:26:21.910 [ERROR] src.enrichment.client_base: gtex HTTP 422: Unprocessable Entity
2026-06-06 12:26:21.925 [ERROR] src.enrichment.client_base: gtex HTTP 422: Unprocessable Entity
2026-06-06 12:26:21.979 [ERROR] src.enrichment.client_base: gtex HTTP 422: Unprocessable Entity
2026-06-06 12:26:21.983 [ERROR] src.enrichment.client_base: gtex HTTP 422: Unprocessable Entity
2026-06-06 12:26:22.306 [WARNING] src.enrichment.client_base: gnomad rate limited (429), retrying in 4s...
2026-06-06 12:26:22.370 [ERROR] src.enrichment.client_base: gtex HTTP 422: Unprocessable Entity
2026-06-06 12:26:22.492 [ERROR] src.enrichment.client_base: gtex HTTP 422: Unprocessable Entity
2026-06-06 12:26:22.576 [ERROR] src.enrichment.client_base: gtex HTTP 422: Unprocessable Entity
2026-06-06 12:26:22.925 [ERROR] src.enrichment.client_base: gtex HTTP 422: Unprocessable Entity
2026-06-06 12:26:22.960 [ERROR] src.enrichment.client_base: gtex HTTP 422: Unprocessable Entity
2026-06-06 12:26:23.054 [ERROR] src.enrichment.client_base: gtex HTTP 422: Unprocessable Entity
2026-06-06 12:26:23.184 [WARNING] src.enrichment.client_base: gnomad rate limited (429), retrying in 8s...
2026-06-06 12:26:23.423 [WARNING] src.enrichment.client_base: gnomad rate limited (429), retrying in 8s...
2026-06-06 12:26:23.457 [ERROR] src.enrichment.client_base: gtex HTTP 422: Unprocessable Entity
2026-06-06 12:26:23.676 [ERROR] src.enrichment.client_base: gtex HTTP 422: Unprocessable Entity
2026-06-06 12:26:23.703 [ERROR] src.enrichment.client_base: gtex HTTP 422: Unprocessable Entity
2026-06-06 12:26:23.846 [ERROR] src.enrichment.client_base: gtex HTTP 422: Unprocessable Entity
2026-06-06 12:26:23.904 [WARNING] src.enrichment.client_base: gnomad rate limited (429), retrying in 8s...
2026-06-06 12:26:23.954 [ERROR] src.enrichment.client_base: gtex HTTP 422: Unprocessable Entity
2026-06-06 12:26:24.071 [WARNING] src.enrichment.client_base: gnomad rate limited (429), retrying in 8s...
2026-06-06 12:26:24.164 [ERROR] src.enrichment.client_base: gtex HTTP 422: Unprocessable Entity
2026-06-06 12:26:24.214 [WARNING] src.enrichment.client_base: gnomad rate limited (429), retrying in 8s...
2026-06-06 12:26:24.313 [ERROR] src.enrichment.client_base: gtex HTTP 422: Unprocessable Entity
2026-06-06 12:26:24.409 [ERROR] src.enrichment.client_base: gtex HTTP 422: Unprocessable Entity
2026-06-06 12:26:24.640 [ERROR] src.enrichment.client_base: gtex HTTP 422: Unprocessable Entity
2026-06-06 12:26:24.740 [WARNING] src.enrichment.client_base: gnomad rate limited (429), retrying in 8s...
2026-06-06 12:26:25.006 [WARNING] src.enrichment.client_base: gnomad rate limited (429), retrying in 8s...
2026-06-06 12:26:25.033 [WARNING] src.enrichment.client_base: gnomad rate limited (429), retrying in 8s...
2026-06-06 12:26:25.063 [ERROR] src.enrichment.client_base: gtex HTTP 422: Unprocessable Entity
2026-06-06 12:26:25.070 [WARNING] src.enrichment.client_base: gnomad rate limited (429), retrying in 8s...
2026-06-06 12:26:25.117 [ERROR] src.enrichment.client_base: gtex HTTP 422: Unprocessable Entity
2026-06-06 12:26:25.137 [ERROR] src.enrichment.client_base: gtex HTTP 422: Unprocessable Entity
2026-06-06 12:26:25.457 [WARNING] src.enrichment.client_base: gnomad rate limited (429), retrying in 8s...
2026-06-06 12:26:25.477 [WARNING] src.enrichment.client_base: gnomad rate limited (429), retrying in 8s...
2026-06-06 12:26:25.662 [ERROR] src.enrichment.client_base: gtex HTTP 422: Unprocessable Entity
2026-06-06 12:26:25.734 [WARNING] src.enrichment.client_base: gnomad rate limited (429), retrying in 8s...
2026-06-06 12:26:26.042 [ERROR] src.enrichment.client_base: gtex HTTP 422: Unprocessable Entity
2026-06-06 12:26:26.138 [WARNING] src.enrichment.client_base: gnomad rate limited (429), retrying in 8s...
2026-06-06 12:26:26.640 [WARNING] src.enrichment.client_base: gnomad rate limited (429), retrying in 8s...
2026-06-06 12:26:26.692 [ERROR] src.enrichment.client_base: gtex HTTP 422: Unprocessable Entity
2026-06-06 12:26:26.779 [ERROR] src.enrichment.client_base: gtex HTTP 422: Unprocessable Entity
2026-06-06 12:26:26.796 [ERROR] src.enrichment.client_base: gtex HTTP 422: Unprocessable Entity
2026-06-06 12:26:26.869 [ERROR] src.enrichment.client_base: gtex HTTP 422: Unprocessable Entity
2026-06-06 12:26:26.947 [ERROR] src.enrichment.client_base: gtex HTTP 422: Unprocessable Entity
2026-06-06 12:26:27.626 [ERROR] src.enrichment.client_base: gtex HTTP 422: Unprocessable Entity
2026-06-06 12:26:28.124 [ERROR] src.enrichment.client_base: gtex HTTP 422: Unprocessable Entity
2026-06-06 12:26:28.275 [ERROR] src.enrichment.client_base: gtex HTTP 422: Unprocessable Entity
2026-06-06 12:26:29.070 [WARNING] src.enrichment.client_base: gnomad rate limited (429), retrying in 1s...
2026-06-06 12:26:29.894 [ERROR] src.enrichment.client_base: gtex HTTP 422: Unprocessable Entity
2026-06-06 12:26:30.400 [WARNING] src.enrichment.client_base: gnomad rate limited (429), retrying in 2s...
2026-06-06 12:26:30.516 [ERROR] src.enrichment.client_base: gtex HTTP 422: Unprocessable Entity
2026-06-06 12:26:30.731 [ERROR] src.enrichment.client_base: gtex HTTP 422: Unprocessable Entity
2026-06-06 12:26:30.739 [ERROR] src.enrichment.client_base: gtex HTTP 422: Unprocessable Entity
2026-06-06 12:26:30.976 [ERROR] src.enrichment.client_base: gtex HTTP 422: Unprocessable Entity
2026-06-06 12:26:31.159 [ERROR] src.enrichment.client_base: gtex HTTP 422: Unprocessable Entity
2026-06-06 12:26:31.248 [ERROR] src.enrichment.client_base: gtex HTTP 422: Unprocessable Entity
2026-06-06 12:26:31.402 [ERROR] src.enrichment.client_base: gtex HTTP 422: Unprocessable Entity
2026-06-06 12:26:31.414 [ERROR] src.enrichment.client_base: gtex HTTP 422: Unprocessable Entity
2026-06-06 12:26:31.528 [WARNING] src.enrichment.client_base: gnomad rate limited (429), retrying in 1s...
2026-06-06 12:26:31.606 [ERROR] src.enrichment.client_base: gtex HTTP 422: Unprocessable Entity
2026-06-06 12:26:31.761 [WARNING] src.enrichment.client_base: gnomad rate limited (429), retrying in 1s...
2026-06-06 12:26:31.799 [ERROR] src.enrichment.client_base: gtex HTTP 422: Unprocessable Entity
2026-06-06 12:26:31.862 [ERROR] src.enrichment.client_base: gtex HTTP 422: Unprocessable Entity
2026-06-06 12:26:31.891 [ERROR] src.enrichment.client_base: gtex HTTP 422: Unprocessable Entity
2026-06-06 12:26:31.906 [ERROR] src.enrichment.client_base: gtex HTTP 422: Unprocessable Entity
2026-06-06 12:26:32.090 [ERROR] src.enrichment.client_base: gtex HTTP 422: Unprocessable Entity
2026-06-06 12:26:32.210 [ERROR] src.enrichment.client_base: gtex HTTP 422: Unprocessable Entity
2026-06-06 12:26:32.232 [WARNING] src.enrichment.client_base: gnomad rate limited (429), retrying in 1s...
2026-06-06 12:26:32.242 [ERROR] src.enrichment.client_base: gtex HTTP 422: Unprocessable Entity
2026-06-06 12:26:32.397 [WARNING] src.enrichment.client_base: gnomad rate limited (429), retrying in 1s...
2026-06-06 12:26:32.433 [ERROR] src.enrichment.client_base: gtex HTTP 422: Unprocessable Entity
2026-06-06 12:26:32.566 [ERROR] src.enrichment.client_base: gtex HTTP 422: Unprocessable Entity
2026-06-06 12:26:32.571 [WARNING] src.enrichment.client_base: gnomad rate limited (429), retrying in 1s...
2026-06-06 12:26:32.592 [ERROR] src.enrichment.client_base: gtex HTTP 422: Unprocessable Entity
2026-06-06 12:26:32.717 [WARNING] src.enrichment.client_base: gnomad rate limited (429), retrying in 4s...
2026-06-06 12:26:32.850 [WARNING] src.enrichment.client_base: gnomad rate limited (429), retrying in 2s...
2026-06-06 12:26:33.052 [WARNING] src.enrichment.client_base: gnomad rate limited (429), retrying in 1s...
2026-06-06 12:26:33.073 [ERROR] src.enrichment.client_base: gtex HTTP 422: Unprocessable Entity
2026-06-06 12:26:33.079 [WARNING] src.enrichment.client_base: gnomad rate limited (429), retrying in 2s...
2026-06-06 12:26:33.237 [ERROR] src.enrichment.client_base: gtex HTTP 422: Unprocessable Entity
2026-06-06 12:26:33.328 [WARNING] src.enrichment.client_base: gnomad rate limited (429), retrying in 1s...
2026-06-06 12:26:33.360 [WARNING] src.enrichment.client_base: gnomad rate limited (429), retrying in 1s...
2026-06-06 12:26:33.362 [ERROR] src.enrichment.client_base: gtex HTTP 422: Unprocessable Entity
2026-06-06 12:26:33.389 [WARNING] src.enrichment.client_base: gnomad rate limited (429), retrying in 1s...
2026-06-06 12:26:33.712 [ERROR] src.enrichment.client_base: gtex HTTP 422: Unprocessable Entity
2026-06-06 12:26:33.734 [WARNING] src.enrichment.client_base: gnomad rate limited (429), retrying in 2s...
2026-06-06 12:26:33.797 [WARNING] src.enrichment.client_base: gnomad rate limited (429), retrying in 1s...
2026-06-06 12:26:33.819 [WARNING] src.enrichment.client_base: gnomad rate limited (429), retrying in 1s...
2026-06-06 12:26:33.830 [ERROR] src.enrichment.client_base: gtex HTTP 422: Unprocessable Entity
2026-06-06 12:26:33.891 [WARNING] src.enrichment.client_base: gnomad rate limited (429), retrying in 2s...
2026-06-06 12:26:33.937 [WARNING] src.enrichment.client_base: gnomad rate limited (429), retrying in 2s...
2026-06-06 12:26:34.060 [WARNING] src.enrichment.client_base: gnomad rate limited (429), retrying in 1s...
2026-06-06 12:26:34.216 [ERROR] src.enrichment.client_base: gtex HTTP 422: Unprocessable Entity
2026-06-06 12:26:34.258 [ERROR] src.enrichment.client_base: gtex HTTP 422: Unprocessable Entity
2026-06-06 12:26:34.378 [WARNING] src.enrichment.client_base: gnomad rate limited (429), retrying in 2s...
2026-06-06 12:26:34.489 [WARNING] src.enrichment.client_base: gnomad rate limited (429), retrying in 1s...
2026-06-06 12:26:34.642 [WARNING] src.enrichment.client_base: gnomad rate limited (429), retrying in 2s...
2026-06-06 12:26:34.670 [ERROR] src.enrichment.client_base: gtex HTTP 422: Unprocessable Entity
2026-06-06 12:26:34.676 [WARNING] src.enrichment.client_base: gnomad rate limited (429), retrying in 2s...
2026-06-06 12:26:34.700 [WARNING] src.enrichment.client_base: gnomad rate limited (429), retrying in 2s...
2026-06-06 12:26:34.703 [ERROR] src.enrichment.client_base: gtex HTTP 422: Unprocessable Entity
2026-06-06 12:26:34.898 [ERROR] src.enrichment.client_base: gtex HTTP 422: Unprocessable Entity
2026-06-06 12:26:34.955 [WARNING] src.enrichment.client_base: gnomad rate limited (429), retrying in 1s...
2026-06-06 12:26:35.108 [WARNING] src.enrichment.client_base: gnomad rate limited (429), retrying in 2s...
2026-06-06 12:26:35.145 [WARNING] src.enrichment.client_base: gnomad rate limited (429), retrying in 2s...
2026-06-06 12:26:35.169 [WARNING] src.enrichment.client_base: gnomad rate limited (429), retrying in 4s...
2026-06-06 12:26:35.384 [ERROR] src.enrichment.client_base: gtex HTTP 422: Unprocessable Entity
2026-06-06 12:26:35.391 [WARNING] src.enrichment.client_base: gnomad rate limited (429), retrying in 2s...
2026-06-06 12:26:35.409 [WARNING] src.enrichment.client_base: gnomad rate limited (429), retrying in 4s...
2026-06-06 12:26:35.577 [ERROR] src.enrichment.client_base: gtex HTTP 422: Unprocessable Entity
2026-06-06 12:26:35.814 [ERROR] src.enrichment.client_base: gtex HTTP 422: Unprocessable Entity
2026-06-06 12:26:35.832 [WARNING] src.enrichment.client_base: gnomad rate limited (429), retrying in 2s...
2026-06-06 12:26:36.055 [WARNING] src.enrichment.client_base: gnomad rate limited (429), retrying in 4s...
2026-06-06 12:26:36.058 [ERROR] src.enrichment.client_base: gtex HTTP 422: Unprocessable Entity
2026-06-06 12:26:36.171 [ERROR] src.enrichment.client_base: gtex HTTP 422: Unprocessable Entity
2026-06-06 12:26:36.215 [WARNING] src.enrichment.client_base: gnomad rate limited (429), retrying in 4s...
2026-06-06 12:26:36.267 [WARNING] src.enrichment.client_base: gnomad rate limited (429), retrying in 4s...
2026-06-06 12:26:36.285 [WARNING] src.enrichment.client_base: gnomad rate limited (429), retrying in 2s...
2026-06-06 12:26:36.296 [ERROR] src.enrichment.client_base: gtex HTTP 422: Unprocessable Entity
2026-06-06 12:26:36.733 [WARNING] src.enrichment.client_base: gnomad rate limited (429), retrying in 4s...
2026-06-06 12:26:37.015 [WARNING] src.enrichment.client_base: gnomad rate limited (429), retrying in 4s...
2026-06-06 12:26:37.035 [WARNING] src.enrichment.client_base: gnomad rate limited (429), retrying in 8s...
2026-06-06 12:26:37.059 [ERROR] src.enrichment.client_base: gtex HTTP 422: Unprocessable Entity
2026-06-06 12:26:37.271 [ERROR] src.enrichment.client_base: gtex HTTP 422: Unprocessable Entity
2026-06-06 12:26:37.318 [WARNING] src.enrichment.client_base: gnomad rate limited (429), retrying in 4s...
2026-06-06 12:26:37.449 [WARNING] src.enrichment.client_base: gnomad rate limited (429), retrying in 4s...
2026-06-06 12:26:37.522 [ERROR] src.enrichment.client_base: gtex HTTP 422: Unprocessable Entity
2026-06-06 12:26:37.525 [ERROR] src.enrichment.client_base: gtex HTTP 422: Unprocessable Entity
2026-06-06 12:26:37.713 [WARNING] src.enrichment.client_base: gnomad rate limited (429), retrying in 4s...
2026-06-06 12:26:37.720 [WARNING] src.enrichment.client_base: gnomad rate limited (429), retrying in 4s...
2026-06-06 12:26:37.846 [WARNING] src.enrichment.client_base: gnomad rate limited (429), retrying in 4s...
2026-06-06 12:26:38.167 [WARNING] src.enrichment.client_base: gnomad rate limited (429), retrying in 4s...
2026-06-06 12:26:38.621 [WARNING] src.enrichment.client_base: gnomad rate limited (429), retrying in 4s...
2026-06-06 12:26:39.134 [ERROR] src.enrichment.client_base: gtex HTTP 422: Unprocessable Entity
2026-06-06 12:26:39.353 [ERROR] src.enrichment.client_base: gtex HTTP 422: Unprocessable Entity
2026-06-06 12:26:39.511 [WARNING] src.enrichment.client_base: gnomad rate limited (429), retrying in 8s...
2026-06-06 12:26:39.755 [WARNING] src.enrichment.client_base: gnomad rate limited (429), retrying in 8s...
2026-06-06 12:26:39.805 [ERROR] src.enrichment.client_base: gtex HTTP 422: Unprocessable Entity
2026-06-06 12:26:39.972 [ERROR] src.enrichment.client_base: gtex HTTP 422: Unprocessable Entity
2026-06-06 12:26:40.001 [ERROR] src.enrichment.client_base: gtex HTTP 422: Unprocessable Entity
2026-06-06 12:26:40.233 [ERROR] src.enrichment.client_base: gtex HTTP 422: Unprocessable Entity
2026-06-06 12:26:40.281 [ERROR] src.enrichment.client_base: gtex HTTP 422: Unprocessable Entity
2026-06-06 12:26:40.378 [WARNING] src.enrichment.client_base: gnomad rate limited (429), retrying in 8s...
2026-06-06 12:26:40.556 [WARNING] src.enrichment.client_base: gnomad rate limited (429), retrying in 8s...
2026-06-06 12:26:40.595 [WARNING] src.enrichment.client_base: gnomad rate limited (429), retrying in 8s...
2026-06-06 12:26:40.629 [ERROR] src.enrichment.client_base: gtex HTTP 422: Unprocessable Entity
2026-06-06 12:26:40.745 [ERROR] src.enrichment.client_base: gtex HTTP 422: Unprocessable Entity
2026-06-06 12:26:40.747 [ERROR] src.enrichment.client_base: gtex HTTP 422: Unprocessable Entity
2026-06-06 12:26:40.890 [ERROR] src.enrichment.client_base: gtex HTTP 422: Unprocessable Entity
2026-06-06 12:26:41.086 [WARNING] src.enrichment.client_base: gnomad rate limited (429), retrying in 8s...
2026-06-06 12:26:41.092 [ERROR] src.enrichment.client_base: gtex HTTP 422: Unprocessable Entity
2026-06-06 12:26:41.206 [ERROR] src.enrichment.client_base: gtex HTTP 422: Unprocessable Entity
2026-06-06 12:26:41.258 [ERROR] src.enrichment.client_base: gtex HTTP 422: Unprocessable Entity
2026-06-06 12:26:41.326 [WARNING] src.enrichment.client_base: gnomad rate limited (429), retrying in 8s...
2026-06-06 12:26:41.511 [ERROR] src.enrichment.client_base: gtex HTTP 422: Unprocessable Entity
2026-06-06 12:26:41.655 [WARNING] src.enrichment.client_base: gnomad rate limited (429), retrying in 8s...
2026-06-06 12:26:41.668 [ERROR] src.enrichment.client_base: gtex HTTP 422: Unprocessable Entity
2026-06-06 12:26:41.979 [ERROR] src.enrichment.client_base: gtex HTTP 422: Unprocessable Entity
2026-06-06 12:26:42.031 [WARNING] src.enrichment.client_base: gnomad rate limited (429), retrying in 8s...
2026-06-06 12:26:42.041 [WARNING] src.enrichment.client_base: gnomad rate limited (429), retrying in 8s...
2026-06-06 12:26:42.128 [WARNING] src.enrichment.client_base: gnomad rate limited (429), retrying in 8s...
2026-06-06 12:26:42.164 [WARNING] src.enrichment.client_base: gnomad rate limited (429), retrying in 8s...
2026-06-06 12:26:42.215 [ERROR] src.enrichment.client_base: gtex HTTP 422: Unprocessable Entity
2026-06-06 12:26:42.228 [ERROR] src.enrichment.client_base: gtex HTTP 422: Unprocessable Entity
2026-06-06 12:26:42.468 [ERROR] src.enrichment.client_base: gtex HTTP 422: Unprocessable Entity
2026-06-06 12:26:42.498 [WARNING] src.enrichment.client_base: gnomad rate limited (429), retrying in 8s...
2026-06-06 12:26:42.556 [ERROR] src.enrichment.client_base: gtex HTTP 422: Unprocessable Entity
2026-06-06 12:26:42.571 [ERROR] src.enrichment.client_base: gtex HTTP 422: Unprocessable Entity
2026-06-06 12:26:42.673 [ERROR] src.enrichment.client_base: gtex HTTP 422: Unprocessable Entity
2026-06-06 12:26:42.713 [ERROR] src.enrichment.client_base: gtex HTTP 422: Unprocessable Entity
2026-06-06 12:26:42.781 [ERROR] src.enrichment.client_base: gtex HTTP 422: Unprocessable Entity
2026-06-06 12:26:42.954 [WARNING] src.enrichment.client_base: gnomad rate limited (429), retrying in 8s...
2026-06-06 12:26:43.948 [ERROR] src.enrichment.client_base: gtex HTTP 422: Unprocessable Entity
2026-06-06 12:26:44.020 [ERROR] src.enrichment.client_base: gtex HTTP 422: Unprocessable Entity
2026-06-06 12:26:44.151 [ERROR] src.enrichment.client_base: gtex HTTP 422: Unprocessable Entity
2026-06-06 12:26:44.174 [ERROR] src.enrichment.client_base: gtex HTTP 422: Unprocessable Entity
2026-06-06 12:26:44.298 [ERROR] src.enrichment.client_base: gtex HTTP 422: Unprocessable Entity
2026-06-06 12:26:44.456 [ERROR] src.enrichment.client_base: gtex HTTP 422: Unprocessable Entity
2026-06-06 12:26:44.674 [ERROR] src.enrichment.client_base: gtex HTTP 422: Unprocessable Entity
2026-06-06 12:26:44.897 [ERROR] src.enrichment.client_base: gtex HTTP 422: Unprocessable Entity
2026-06-06 12:26:45.008 [ERROR] src.enrichment.client_base: gtex HTTP 422: Unprocessable Entity
2026-06-06 12:26:45.250 [ERROR] src.enrichment.client_base: gtex HTTP 422: Unprocessable Entity
2026-06-06 12:26:45.365 [WARNING] src.enrichment.client_base: gnomad rate limited (429), retrying in 1s...
2026-06-06 12:26:45.379 [ERROR] src.enrichment.client_base: gtex HTTP 422: Unprocessable Entity
2026-06-06 12:26:46.362 [ERROR] src.enrichment.client_base: gtex HTTP 422: Unprocessable Entity
2026-06-06 12:26:46.405 [ERROR] src.enrichment.client_base: gtex HTTP 422: Unprocessable Entity
2026-06-06 12:26:46.472 [ERROR] src.enrichment.client_base: gtex HTTP 422: Unprocessable Entity
2026-06-06 12:26:46.652 [ERROR] src.enrichment.client_base: gtex HTTP 422: Unprocessable Entity
2026-06-06 12:26:46.715 [WARNING] src.enrichment.client_base: gnomad rate limited (429), retrying in 2s...
2026-06-06 12:26:47.836 [WARNING] src.enrichment.client_base: gnomad rate limited (429), retrying in 1s...
2026-06-06 12:26:48.094 [WARNING] src.enrichment.client_base: gnomad rate limited (429), retrying in 1s...
2026-06-06 12:26:48.618 [ERROR] src.enrichment.client_base: gtex HTTP 422: Unprocessable Entity
2026-06-06 12:26:48.713 [WARNING] src.enrichment.client_base: gnomad rate limited (429), retrying in 1s...
2026-06-06 12:26:48.777 [ERROR] src.enrichment.client_base: gtex HTTP 422: Unprocessable Entity
2026-06-06 12:26:48.813 [ERROR] src.enrichment.client_base: gtex HTTP 422: Unprocessable Entity
2026-06-06 12:26:48.946 [WARNING] src.enrichment.client_base: gnomad rate limited (429), retrying in 1s...
2026-06-06 12:26:49.026 [WARNING] src.enrichment.client_base: gnomad rate limited (429), retrying in 4s...
2026-06-06 12:26:49.085 [ERROR] src.enrichment.client_base: gtex HTTP 422: Unprocessable Entity
2026-06-06 12:26:49.252 [WARNING] src.enrichment.client_base: gnomad rate limited (429), retrying in 1s...
2026-06-06 12:26:49.403 [WARNING] src.enrichment.client_base: gnomad rate limited (429), retrying in 1s...
2026-06-06 12:26:49.414 [WARNING] src.enrichment.client_base: gnomad rate limited (429), retrying in 2s...
2026-06-06 12:26:49.431 [ERROR] src.enrichment.client_base: gtex HTTP 422: Unprocessable Entity
2026-06-06 12:26:49.483 [ERROR] src.enrichment.client_base: gtex HTTP 422: Unprocessable Entity
2026-06-06 12:26:49.517 [WARNING] src.enrichment.client_base: gnomad rate limited (429), retrying in 2s...
2026-06-06 12:26:49.539 [ERROR] src.enrichment.client_base: gtex HTTP 422: Unprocessable Entity
2026-06-06 12:26:49.643 [WARNING] src.enrichment.client_base: gnomad rate limited (429), retrying in 1s...
2026-06-06 12:26:49.831 [ERROR] src.enrichment.client_base: gtex HTTP 422: Unprocessable Entity
2026-06-06 12:26:49.977 [WARNING] src.enrichment.client_base: gnomad rate limited (429), retrying in 1s...
2026-06-06 12:26:50.008 [ERROR] src.enrichment.client_base: gtex HTTP 422: Unprocessable Entity
2026-06-06 12:26:50.046 [WARNING] src.enrichment.client_base: gnomad rate limited (429), retrying in 2s...
2026-06-06 12:26:50.119 [ERROR] src.enrichment.client_base: gtex HTTP 422: Unprocessable Entity
2026-06-06 12:26:50.284 [WARNING] src.enrichment.client_base: gnomad rate limited (429), retrying in 2s...
2026-06-06 12:26:50.362 [WARNING] src.enrichment.client_base: gnomad rate limited (429), retrying in 1s...
2026-06-06 12:26:50.388 [WARNING] src.enrichment.client_base: gnomad rate limited (429), retrying in 1s...
2026-06-06 12:26:50.454 [WARNING] src.enrichment.client_base: gnomad rate limited (429), retrying in 1s...
2026-06-06 12:26:50.574 [ERROR] src.enrichment.client_base: gtex HTTP 422: Unprocessable Entity
2026-06-06 12:26:50.757 [WARNING] src.enrichment.client_base: gnomad rate limited (429), retrying in 2s...
2026-06-06 12:26:50.818 [ERROR] src.enrichment.client_base: gtex HTTP 422: Unprocessable Entity
2026-06-06 12:26:50.858 [ERROR] src.enrichment.client_base: gtex HTTP 422: Unprocessable Entity
2026-06-06 12:26:50.866 [WARNING] src.enrichment.client_base: gnomad rate limited (429), retrying in 1s...
2026-06-06 12:26:50.903 [ERROR] src.enrichment.client_base: gtex HTTP 422: Unprocessable Entity
2026-06-06 12:26:50.935 [ERROR] src.enrichment.client_base: gtex HTTP 422: Unprocessable Entity
2026-06-06 12:26:50.956 [WARNING] src.enrichment.client_base: gnomad rate limited (429), retrying in 2s...
2026-06-06 12:26:51.169 [WARNING] src.enrichment.client_base: gnomad rate limited (429), retrying in 1s...
2026-06-06 12:26:51.279 [WARNING] src.enrichment.client_base: gnomad rate limited (429), retrying in 1s...
2026-06-06 12:26:51.300 [WARNING] src.enrichment.client_base: gnomad rate limited (429), retrying in 2s...
2026-06-06 12:26:51.316 [ERROR] src.enrichment.client_base: gtex HTTP 422: Unprocessable Entity
2026-06-06 12:26:51.583 [ERROR] src.enrichment.client_base: gtex HTTP 422: Unprocessable Entity
2026-06-06 12:26:51.652 [ERROR] src.enrichment.client_base: gtex HTTP 422: Unprocessable Entity
2026-06-06 12:26:51.679 [WARNING] src.enrichment.client_base: gnomad rate limited (429), retrying in 2s...
2026-06-06 12:26:51.705 [WARNING] src.enrichment.client_base: gnomad rate limited (429), retrying in 2s...
2026-06-06 12:26:51.731 [WARNING] src.enrichment.client_base: gnomad rate limited (429), retrying in 4s...
2026-06-06 12:26:51.781 [WARNING] src.enrichment.client_base: gnomad rate limited (429), retrying in 2s...
2026-06-06 12:26:51.784 [ERROR] src.enrichment.client_base: gtex HTTP 422: Unprocessable Entity
2026-06-06 12:26:51.832 [ERROR] src.enrichment.client_base: gtex HTTP 422: Unprocessable Entity
2026-06-06 12:26:51.842 [ERROR] src.enrichment.client_base: gtex HTTP 422: Unprocessable Entity
2026-06-06 12:26:51.881 [WARNING] src.enrichment.client_base: gnomad rate limited (429), retrying in 4s...
2026-06-06 12:26:51.907 [ERROR] src.enrichment.client_base: gtex HTTP 422: Unprocessable Entity
2026-06-06 12:26:52.107 [WARNING] src.enrichment.client_base: gnomad rate limited (429), retrying in 2s...
2026-06-06 12:26:52.107 [ERROR] src.enrichment.client_base: gtex HTTP 422: Unprocessable Entity
2026-06-06 12:26:52.196 [WARNING] src.enrichment.client_base: gnomad rate limited (429), retrying in 2s...
2026-06-06 12:26:52.303 [ERROR] src.enrichment.client_base: gtex HTTP 422: Unprocessable Entity
2026-06-06 12:26:52.394 [WARNING] src.enrichment.client_base: gnomad rate limited (429), retrying in 4s...
2026-06-06 12:26:52.498 [WARNING] src.enrichment.client_base: gnomad rate limited (429), retrying in 2s...
2026-06-06 12:26:52.652 [WARNING] src.enrichment.client_base: gnomad rate limited (429), retrying in 4s...
2026-06-06 12:26:52.680 [WARNING] src.enrichment.client_base: gnomad rate limited (429), retrying in 2s...
2026-06-06 12:26:53.092 [WARNING] src.enrichment.client_base: gnomad rate limited (429), retrying in 4s...
2026-06-06 12:26:53.248 [ERROR] src.enrichment.client_base: gtex HTTP 422: Unprocessable Entity
2026-06-06 12:26:53.267 [WARNING] src.enrichment.client_base: gnomad rate limited (429), retrying in 4s...
2026-06-06 12:26:53.281 [ERROR] src.enrichment.client_base: gtex HTTP 422: Unprocessable Entity
2026-06-06 12:26:53.292 [ERROR] src.enrichment.client_base: gtex HTTP 422: Unprocessable Entity
2026-06-06 12:26:53.299 [ERROR] src.enrichment.client_base: gtex HTTP 422: Unprocessable Entity
2026-06-06 12:26:53.395 [ERROR] src.enrichment.client_base: gtex HTTP 422: Unprocessable Entity
2026-06-06 12:26:53.403 [ERROR] src.enrichment.client_base: gtex HTTP 422: Unprocessable Entity
2026-06-06 12:26:53.611 [ERROR] src.enrichment.client_base: gtex HTTP 422: Unprocessable Entity
2026-06-06 12:26:53.734 [ERROR] src.enrichment.client_base: gtex HTTP 422: Unprocessable Entity
2026-06-06 12:26:53.994 [WARNING] src.enrichment.client_base: gnomad rate limited (429), retrying in 4s...
2026-06-06 12:26:54.022 [WARNING] src.enrichment.client_base: gnomad rate limited (429), retrying in 4s...
2026-06-06 12:26:54.037 [ERROR] src.enrichment.client_base: gtex HTTP 422: Unprocessable Entity
2026-06-06 12:26:54.098 [WARNING] src.enrichment.client_base: gnomad rate limited (429), retrying in 4s...
2026-06-06 12:26:54.357 [WARNING] src.enrichment.client_base: gnomad rate limited (429), retrying in 4s...
2026-06-06 12:26:54.438 [WARNING] src.enrichment.client_base: gnomad rate limited (429), retrying in 4s...
2026-06-06 12:26:54.774 [ERROR] src.enrichment.client_base: gtex HTTP 422: Unprocessable Entity
2026-06-06 12:26:54.825 [WARNING] src.enrichment.client_base: gnomad rate limited (429), retrying in 4s...
2026-06-06 12:26:54.843 [WARNING] src.enrichment.client_base: gnomad rate limited (429), retrying in 8s...
2026-06-06 12:26:54.907 [WARNING] src.enrichment.client_base: gnomad rate limited (429), retrying in 4s...
2026-06-06 12:26:55.009 [WARNING] src.enrichment.client_base: gnomad rate limited (429), retrying in 4s...
2026-06-06 12:26:55.044 [ERROR] src.enrichment.client_base: gtex HTTP 422: Unprocessable Entity
2026-06-06 12:26:55.194 [ERROR] src.enrichment.client_base: gtex HTTP 422: Unprocessable Entity
2026-06-06 12:26:55.703 [ERROR] src.enrichment.client_base: gtex HTTP 422: Unprocessable Entity
2026-06-06 12:26:55.762 [ERROR] src.enrichment.client_base: gtex HTTP 422: Unprocessable Entity
2026-06-06 12:26:56.082 [WARNING] src.enrichment.client_base: gnomad rate limited (429), retrying in 8s...
2026-06-06 12:26:56.096 [ERROR] src.enrichment.client_base: gtex HTTP 422: Unprocessable Entity
2026-06-06 12:26:56.201 [WARNING] src.enrichment.client_base: gnomad rate limited (429), retrying in 8s...
2026-06-06 12:26:56.400 [ERROR] src.enrichment.client_base: gtex HTTP 422: Unprocessable Entity
2026-06-06 12:26:57.007 [WARNING] src.enrichment.client_base: gnomad rate limited (429), retrying in 8s...
2026-06-06 12:26:57.098 [WARNING] src.enrichment.client_base: gnomad rate limited (429), retrying in 8s...
2026-06-06 12:26:57.423 [WARNING] src.enrichment.client_base: gnomad rate limited (429), retrying in 8s...
2026-06-06 12:26:57.579 [WARNING] src.enrichment.client_base: gnomad rate limited (429), retrying in 8s...
2026-06-06 12:26:57.649 [ERROR] src.enrichment.client_base: gtex HTTP 422: Unprocessable Entity
2026-06-06 12:26:57.888 [ERROR] src.enrichment.client_base: gtex HTTP 422: Unprocessable Entity
2026-06-06 12:26:58.314 [WARNING] src.enrichment.client_base: gnomad rate limited (429), retrying in 8s...
2026-06-06 12:26:58.337 [WARNING] src.enrichment.client_base: gnomad rate limited (429), retrying in 8s...
2026-06-06 12:26:58.338 [ERROR] src.enrichment.client_base: gtex HTTP 422: Unprocessable Entity
2026-06-06 12:26:58.508 [ERROR] src.enrichment.client_base: gtex HTTP 422: Unprocessable Entity
2026-06-06 12:26:58.523 [ERROR] src.enrichment.client_base: gtex HTTP 422: Unprocessable Entity
2026-06-06 12:26:58.680 [WARNING] src.enrichment.client_base: gnomad rate limited (429), retrying in 8s...
2026-06-06 12:26:58.781 [WARNING] src.enrichment.client_base: gnomad rate limited (429), retrying in 8s...
2026-06-06 12:26:58.959 [ERROR] src.enrichment.client_base: gtex HTTP 422: Unprocessable Entity
2026-06-06 12:26:59.142 [WARNING] src.enrichment.client_base: gnomad rate limited (429), retrying in 8s...
2026-06-06 12:26:59.149 [WARNING] src.enrichment.client_base: gnomad rate limited (429), retrying in 8s...
2026-06-06 12:26:59.219 [WARNING] src.enrichment.client_base: gnomad rate limited (429), retrying in 8s...
2026-06-06 12:26:59.229 [ERROR] src.enrichment.client_base: gtex HTTP 422: Unprocessable Entity
2026-06-06 12:26:59.356 [WARNING] src.enrichment.client_base: gnomad rate limited (429), retrying in 8s...
2026-06-06 12:26:59.487 [ERROR] src.enrichment.client_base: gtex HTTP 422: Unprocessable Entity
2026-06-06 12:26:59.506 [ERROR] src.enrichment.client_base: gtex HTTP 422: Unprocessable Entity
2026-06-06 12:26:59.700 [ERROR] src.enrichment.client_base: gtex HTTP 422: Unprocessable Entity
2026-06-06 12:26:59.803 [ERROR] src.enrichment.client_base: gtex HTTP 422: Unprocessable Entity
2026-06-06 12:26:59.950 [ERROR] src.enrichment.client_base: gtex HTTP 422: Unprocessable Entity
2026-06-06 12:27:00.173 [ERROR] src.enrichment.client_base: gtex HTTP 422: Unprocessable Entity
2026-06-06 12:27:00.219 [ERROR] src.enrichment.client_base: gtex HTTP 422: Unprocessable Entity
2026-06-06 12:27:00.418 [ERROR] src.enrichment.client_base: gtex HTTP 422: Unprocessable Entity
2026-06-06 12:27:00.567 [ERROR] src.enrichment.client_base: gtex HTTP 422: Unprocessable Entity
2026-06-06 12:27:00.620 [ERROR] src.enrichment.client_base: gtex HTTP 422: Unprocessable Entity
2026-06-06 12:27:00.686 [ERROR] src.enrichment.client_base: gtex HTTP 422: Unprocessable Entity
2026-06-06 12:27:00.864 [ERROR] src.enrichment.client_base: gtex HTTP 422: Unprocessable Entity
2026-06-06 12:27:00.938 [ERROR] src.enrichment.client_base: gtex HTTP 422: Unprocessable Entity
2026-06-06 12:27:01.024 [ERROR] src.enrichment.client_base: gtex HTTP 422: Unprocessable Entity
2026-06-06 12:27:01.355 [ERROR] src.enrichment.client_base: gtex HTTP 422: Unprocessable Entity
2026-06-06 12:27:01.419 [ERROR] src.enrichment.client_base: gtex HTTP 422: Unprocessable Entity
2026-06-06 12:27:01.512 [ERROR] src.enrichment.client_base: gtex HTTP 422: Unprocessable Entity
2026-06-06 12:27:02.096 [ERROR] src.enrichment.client_base: gtex HTTP 422: Unprocessable Entity
2026-06-06 12:27:02.156 [ERROR] src.enrichment.client_base: gtex HTTP 422: Unprocessable Entity
2026-06-06 12:27:02.163 [ERROR] src.enrichment.client_base: gtex HTTP 422: Unprocessable Entity
2026-06-06 12:27:02.312 [ERROR] src.enrichment.client_base: gtex HTTP 422: Unprocessable Entity
2026-06-06 12:27:02.578 [ERROR] src.enrichment.client_base: gtex HTTP 422: Unprocessable Entity
2026-06-06 12:27:02.667 [ERROR] src.enrichment.client_base: gtex HTTP 422: Unprocessable Entity
2026-06-06 12:27:02.879 [ERROR] src.enrichment.client_base: gtex HTTP 422: Unprocessable Entity
2026-06-06 12:27:02.922 [ERROR] src.enrichment.client_base: gtex HTTP 422: Unprocessable Entity
2026-06-06 12:27:03.184 [WARNING] src.enrichment.client_base: gnomad rate limited (429), retrying in 1s...
2026-06-06 12:27:03.959 [ERROR] src.enrichment.client_base: gtex HTTP 422: Unprocessable Entity
2026-06-06 12:27:04.299 [ERROR] src.enrichment.client_base: gtex HTTP 422: Unprocessable Entity
2026-06-06 12:27:04.299 [ERROR] src.enrichment.client_base: gtex HTTP 422: Unprocessable Entity
2026-06-06 12:27:04.311 [ERROR] src.enrichment.client_base: gtex HTTP 422: Unprocessable Entity
2026-06-06 12:27:04.467 [WARNING] src.enrichment.client_base: gnomad rate limited (429), retrying in 1s...
2026-06-06 12:27:04.525 [WARNING] src.enrichment.client_base: gnomad rate limited (429), retrying in 2s...
2026-06-06 12:27:04.555 [WARNING] src.enrichment.client_base: gnomad rate limited (429), retrying in 1s...
2026-06-06 12:27:04.597 [ERROR] src.enrichment.client_base: gtex HTTP 422: Unprocessable Entity
2026-06-06 12:27:04.619 [ERROR] src.enrichment.client_base: gtex HTTP 422: Unprocessable Entity
2026-06-06 12:27:05.077 [ERROR] src.enrichment.client_base: gtex HTTP 422: Unprocessable Entity
2026-06-06 12:27:05.353 [WARNING] src.enrichment.client_base: gnomad rate limited (429), retrying in 1s...
2026-06-06 12:27:05.429 [WARNING] src.enrichment.client_base: gnomad rate limited (429), retrying in 1s...
2026-06-06 12:27:05.739 [WARNING] src.enrichment.client_base: gnomad rate limited (429), retrying in 1s...
2026-06-06 12:27:05.787 [WARNING] src.enrichment.client_base: gnomad rate limited (429), retrying in 2s...
2026-06-06 12:27:05.871 [WARNING] src.enrichment.client_base: gnomad rate limited (429), retrying in 2s...
2026-06-06 12:27:06.000 [ERROR] src.enrichment.client_base: gtex HTTP 422: Unprocessable Entity
2026-06-06 12:27:06.262 [WARNING] src.enrichment.client_base: gnomad rate limited (429), retrying in 1s...
2026-06-06 12:27:06.667 [WARNING] src.enrichment.client_base: gnomad rate limited (429), retrying in 1s...
2026-06-06 12:27:06.680 [WARNING] src.enrichment.client_base: gnomad rate limited (429), retrying in 2s...
2026-06-06 12:27:06.743 [WARNING] src.enrichment.client_base: gnomad rate limited (429), retrying in 2s...
2026-06-06 12:27:06.767 [ERROR] src.enrichment.client_base: gtex HTTP 422: Unprocessable Entity
2026-06-06 12:27:06.860 [WARNING] src.enrichment.client_base: gnomad rate limited (429), retrying in 4s...
2026-06-06 12:27:07.013 [WARNING] src.enrichment.client_base: gnomad rate limited (429), retrying in 1s...
2026-06-06 12:27:07.056 [WARNING] src.enrichment.client_base: gnomad rate limited (429), retrying in 1s...
2026-06-06 12:27:07.080 [WARNING] src.enrichment.client_base: gnomad rate limited (429), retrying in 2s...
2026-06-06 12:27:07.140 [ERROR] src.enrichment.client_base: gtex HTTP 422: Unprocessable Entity
2026-06-06 12:27:07.247 [ERROR] src.enrichment.client_base: gtex HTTP 422: Unprocessable Entity
2026-06-06 12:27:07.377 [ERROR] src.enrichment.client_base: gtex HTTP 422: Unprocessable Entity
2026-06-06 12:27:07.469 [WARNING] src.enrichment.client_base: gnomad rate limited (429), retrying in 1s...
2026-06-06 12:27:07.473 [WARNING] src.enrichment.client_base: gnomad rate limited (429), retrying in 1s...
2026-06-06 12:27:07.550 [WARNING] src.enrichment.client_base: gnomad rate limited (429), retrying in 1s...
2026-06-06 12:27:07.575 [WARNING] src.enrichment.client_base: gnomad rate limited (429), retrying in 2s...
2026-06-06 12:27:07.680 [WARNING] src.enrichment.client_base: gnomad rate limited (429), retrying in 1s...
2026-06-06 12:27:07.900 [WARNING] src.enrichment.client_base: gnomad rate limited (429), retrying in 1s...
2026-06-06 12:27:07.984 [WARNING] src.enrichment.client_base: gnomad rate limited (429), retrying in 2s...
2026-06-06 12:27:08.031 [ERROR] src.enrichment.client_base: gtex HTTP 422: Unprocessable Entity
2026-06-06 12:27:08.103 [WARNING] src.enrichment.client_base: gnomad rate limited (429), retrying in 4s...
2026-06-06 12:27:08.190 [WARNING] src.enrichment.client_base: gnomad rate limited (429), retrying in 4s...
2026-06-06 12:27:08.375 [WARNING] src.enrichment.client_base: gnomad rate limited (429), retrying in 2s...
2026-06-06 12:27:08.417 [ERROR] src.enrichment.client_base: gtex HTTP 422: Unprocessable Entity
2026-06-06 12:27:08.739 [WARNING] src.enrichment.client_base: gnomad rate limited (429), retrying in 2s...
2026-06-06 12:27:08.762 [ERROR] src.enrichment.client_base: gtex HTTP 422: Unprocessable Entity
2026-06-06 12:27:08.778 [ERROR] src.enrichment.client_base: gtex HTTP 422: Unprocessable Entity
2026-06-06 12:27:08.801 [WARNING] src.enrichment.client_base: gnomad rate limited (429), retrying in 2s...
2026-06-06 12:27:08.801 [WARNING] src.enrichment.client_base: gnomad rate limited (429), retrying in 2s...
2026-06-06 12:27:08.877 [WARNING] src.enrichment.client_base: gnomad rate limited (429), retrying in 2s...
2026-06-06 12:27:08.881 [ERROR] src.enrichment.client_base: gtex HTTP 422: Unprocessable Entity
2026-06-06 12:27:08.903 [ERROR] src.enrichment.client_base: gtex HTTP 422: Unprocessable Entity
2026-06-06 12:27:09.003 [WARNING] src.enrichment.client_base: gnomad rate limited (429), retrying in 4s...
2026-06-06 12:27:09.023 [WARNING] src.enrichment.client_base: gnomad rate limited (429), retrying in 2s...
2026-06-06 12:27:09.042 [ERROR] src.enrichment.client_base: gtex HTTP 422: Unprocessable Entity
2026-06-06 12:27:09.070 [WARNING] src.enrichment.client_base: gnomad rate limited (429), retrying in 4s...
2026-06-06 12:27:09.104 [ERROR] src.enrichment.client_base: gtex HTTP 422: Unprocessable Entity
2026-06-06 12:27:09.231 [WARNING] src.enrichment.client_base: gnomad rate limited (429), retrying in 2s...
2026-06-06 12:27:09.238 [ERROR] src.enrichment.client_base: gtex HTTP 422: Unprocessable Entity
2026-06-06 12:27:09.254 [ERROR] src.enrichment.client_base: gtex HTTP 422: Unprocessable Entity
2026-06-06 12:27:09.395 [WARNING] src.enrichment.client_base: gnomad rate limited (429), retrying in 4s...
2026-06-06 12:27:09.559 [ERROR] src.enrichment.client_base: gtex HTTP 422: Unprocessable Entity
2026-06-06 12:27:09.560 [ERROR] src.enrichment.client_base: gtex HTTP 422: Unprocessable Entity
2026-06-06 12:27:09.568 [ERROR] src.enrichment.client_base: gtex HTTP 422: Unprocessable Entity
2026-06-06 12:27:09.778 [ERROR] src.enrichment.client_base: gtex HTTP 422: Unprocessable Entity
2026-06-06 12:27:09.910 [WARNING] src.enrichment.client_base: gnomad rate limited (429), retrying in 4s...
2026-06-06 12:27:10.207 [ERROR] src.enrichment.client_base: gtex HTTP 422: Unprocessable Entity
2026-06-06 12:27:10.340 [WARNING] src.enrichment.client_base: gnomad rate limited (429), retrying in 4s...
2026-06-06 12:27:10.394 [ERROR] src.enrichment.client_base: gtex HTTP 422: Unprocessable Entity
2026-06-06 12:27:10.499 [ERROR] src.enrichment.client_base: gtex HTTP 422: Unprocessable Entity
2026-06-06 12:27:10.690 [WARNING] src.enrichment.client_base: gnomad rate limited (429), retrying in 4s...
2026-06-06 12:27:10.711 [ERROR] src.enrichment.client_base: gtex HTTP 422: Unprocessable Entity
2026-06-06 12:27:10.761 [ERROR] src.enrichment.client_base: gtex HTTP 422: Unprocessable Entity
2026-06-06 12:27:10.988 [ERROR] src.enrichment.client_base: gtex HTTP 422: Unprocessable Entity
2026-06-06 12:27:11.059 [ERROR] src.enrichment.client_base: gtex HTTP 422: Unprocessable Entity
2026-06-06 12:27:11.075 [WARNING] src.enrichment.client_base: gnomad rate limited (429), retrying in 4s...
2026-06-06 12:27:11.145 [WARNING] src.enrichment.client_base: gnomad rate limited (429), retrying in 4s...
2026-06-06 12:27:11.151 [WARNING] src.enrichment.client_base: gnomad rate limited (429), retrying in 4s...
2026-06-06 12:27:11.189 [WARNING] src.enrichment.client_base: gnomad rate limited (429), retrying in 8s...
2026-06-06 12:27:11.209 [WARNING] src.enrichment.client_base: gnomad rate limited (429), retrying in 4s...
2026-06-06 12:27:11.349 [ERROR] src.enrichment.client_base: gtex HTTP 422: Unprocessable Entity
2026-06-06 12:27:11.371 [WARNING] src.enrichment.client_base: gnomad rate limited (429), retrying in 4s...
2026-06-06 12:27:11.565 [WARNING] src.enrichment.client_base: gnomad rate limited (429), retrying in 4s...
2026-06-06 12:27:11.591 [ERROR] src.enrichment.client_base: gtex HTTP 422: Unprocessable Entity
2026-06-06 12:27:11.621 [ERROR] src.enrichment.client_base: gtex HTTP 422: Unprocessable Entity
2026-06-06 12:27:11.682 [ERROR] src.enrichment.client_base: gtex HTTP 422: Unprocessable Entity
2026-06-06 12:27:12.230 [ERROR] src.enrichment.client_base: gtex HTTP 422: Unprocessable Entity
2026-06-06 12:27:12.246 [ERROR] src.enrichment.client_base: gtex HTTP 422: Unprocessable Entity
2026-06-06 12:27:12.340 [ERROR] src.enrichment.client_base: gnomad HTTP 400: Bad Request
2026-06-06 12:27:12.444 [ERROR] src.enrichment.client_base: gnomad HTTP 400: Bad Request
2026-06-06 12:27:12.470 [ERROR] src.enrichment.client_base: gtex HTTP 422: Unprocessable Entity
2026-06-06 12:27:12.680 [ERROR] src.enrichment.client_base: gnomad HTTP 400: Bad Request
2026-06-06 12:27:12.854 [ERROR] src.enrichment.client_base: gtex HTTP 422: Unprocessable Entity
2026-06-06 12:27:12.947 [ERROR] src.enrichment.client_base: gnomad HTTP 400: Bad Request
2026-06-06 12:27:13.224 [ERROR] src.enrichment.client_base: gnomad HTTP 400: Bad Request
2026-06-06 12:27:13.227 [ERROR] src.enrichment.client_base: gtex HTTP 422: Unprocessable Entity
2026-06-06 12:27:13.298 [ERROR] src.enrichment.client_base: gnomad HTTP 400: Bad Request
2026-06-06 12:27:13.490 [ERROR] src.enrichment.client_base: gnomad HTTP 400: Bad Request
2026-06-06 12:27:13.521 [ERROR] src.enrichment.client_base: gtex HTTP 422: Unprocessable Entity
2026-06-06 12:27:13.528 [ERROR] src.enrichment.client_base: gnomad HTTP 400: Bad Request
2026-06-06 12:27:13.542 [ERROR] src.enrichment.client_base: gtex HTTP 422: Unprocessable Entity
2026-06-06 12:27:13.619 [ERROR] src.enrichment.client_base: gnomad HTTP 400: Bad Request
2026-06-06 12:27:13.709 [ERROR] src.enrichment.client_base: gtex HTTP 422: Unprocessable Entity
2026-06-06 12:27:13.839 [ERROR] src.enrichment.client_base: gnomad HTTP 400: Bad Request
2026-06-06 12:27:13.905 [ERROR] src.enrichment.client_base: gnomad HTTP 400: Bad Request
2026-06-06 12:27:14.081 [ERROR] src.enrichment.client_base: gtex HTTP 422: Unprocessable Entity
2026-06-06 12:27:14.140 [ERROR] src.enrichment.client_base: gnomad HTTP 400: Bad Request
2026-06-06 12:27:14.378 [ERROR] src.enrichment.client_base: gnomad HTTP 400: Bad Request
2026-06-06 12:27:14.532 [ERROR] src.enrichment.client_base: gtex HTTP 422: Unprocessable Entity
2026-06-06 12:27:14.570 [ERROR] src.enrichment.client_base: gnomad HTTP 400: Bad Request
2026-06-06 12:27:14.574 [ERROR] src.enrichment.client_base: gnomad HTTP 400: Bad Request
2026-06-06 12:27:14.721 [ERROR] src.enrichment.client_base: gnomad HTTP 400: Bad Request
2026-06-06 12:27:14.783 [ERROR] src.enrichment.client_base: gnomad HTTP 400: Bad Request
2026-06-06 12:27:14.810 [ERROR] src.enrichment.client_base: gnomad HTTP 400: Bad Request
2026-06-06 12:27:14.916 [ERROR] src.enrichment.client_base: gtex HTTP 422: Unprocessable Entity
2026-06-06 12:27:14.924 [ERROR] src.enrichment.client_base: gnomad HTTP 400: Bad Request
2026-06-06 12:27:15.166 [ERROR] src.enrichment.client_base: gnomad HTTP 400: Bad Request
2026-06-06 12:27:15.351 [ERROR] src.enrichment.client_base: gnomad HTTP 400: Bad Request
2026-06-06 12:27:15.367 [ERROR] src.enrichment.client_base: gnomad HTTP 400: Bad Request
2026-06-06 12:27:15.384 [ERROR] src.enrichment.client_base: gnomad HTTP 400: Bad Request
2026-06-06 12:27:15.415 [ERROR] src.enrichment.client_base: gnomad HTTP 400: Bad Request
2026-06-06 12:27:15.583 [ERROR] src.enrichment.client_base: gnomad HTTP 400: Bad Request
2026-06-06 12:27:15.600 [ERROR] src.enrichment.client_base: gnomad HTTP 400: Bad Request
2026-06-06 12:27:15.640 [ERROR] src.enrichment.client_base: gnomad HTTP 400: Bad Request
2026-06-06 12:27:15.647 [ERROR] src.enrichment.client_base: gnomad HTTP 400: Bad Request
2026-06-06 12:27:15.808 [ERROR] src.enrichment.client_base: gnomad HTTP 400: Bad Request
2026-06-06 12:27:15.811 [ERROR] src.enrichment.client_base: gtex HTTP 422: Unprocessable Entity
2026-06-06 12:27:15.876 [ERROR] src.enrichment.client_base: gnomad HTTP 400: Bad Request
2026-06-06 12:27:16.026 [ERROR] src.enrichment.client_base: gnomad HTTP 400: Bad Request
2026-06-06 12:27:16.067 [ERROR] src.enrichment.client_base: gnomad HTTP 400: Bad Request
2026-06-06 12:27:16.082 [ERROR] src.enrichment.client_base: gnomad HTTP 400: Bad Request
2026-06-06 12:27:16.105 [ERROR] src.enrichment.client_base: gnomad HTTP 400: Bad Request
2026-06-06 12:27:16.137 [ERROR] src.enrichment.client_base: gnomad HTTP 400: Bad Request
2026-06-06 12:27:16.255 [ERROR] src.enrichment.client_base: gtex HTTP 422: Unprocessable Entity
2026-06-06 12:27:16.286 [ERROR] src.enrichment.client_base: gnomad HTTP 400: Bad Request
2026-06-06 12:27:16.297 [ERROR] src.enrichment.client_base: gtex HTTP 422: Unprocessable Entity
2026-06-06 12:27:16.392 [ERROR] src.enrichment.client_base: gnomad HTTP 400: Bad Request
2026-06-06 12:27:16.805 [ERROR] src.enrichment.client_base: gnomad HTTP 400: Bad Request
2026-06-06 12:27:16.807 [ERROR] src.enrichment.client_base: gnomad HTTP 400: Bad Request
2026-06-06 12:27:16.827 [ERROR] src.enrichment.client_base: gnomad HTTP 400: Bad Request
2026-06-06 12:27:16.881 [ERROR] src.enrichment.client_base: gnomad HTTP 400: Bad Request
2026-06-06 12:27:16.972 [ERROR] src.enrichment.client_base: gnomad HTTP 400: Bad Request
2026-06-06 12:27:17.021 [ERROR] src.enrichment.client_base: gnomad HTTP 400: Bad Request
2026-06-06 12:27:17.212 [ERROR] src.enrichment.client_base: gtex HTTP 422: Unprocessable Entity
2026-06-06 12:27:17.333 [ERROR] src.enrichment.client_base: gnomad HTTP 400: Bad Request
2026-06-06 12:27:17.525 [ERROR] src.enrichment.client_base: gnomad HTTP 400: Bad Request
2026-06-06 12:27:17.650 [ERROR] src.enrichment.client_base: gnomad HTTP 400: Bad Request
2026-06-06 12:27:17.680 [ERROR] src.enrichment.client_base: gtex HTTP 422: Unprocessable Entity
2026-06-06 12:27:17.685 [ERROR] src.enrichment.client_base: gnomad HTTP 400: Bad Request
2026-06-06 12:27:17.765 [ERROR] src.enrichment.client_base: gtex HTTP 422: Unprocessable Entity
2026-06-06 12:27:17.887 [ERROR] src.enrichment.client_base: gtex HTTP 422: Unprocessable Entity
2026-06-06 12:27:17.903 [ERROR] src.enrichment.client_base: gnomad HTTP 400: Bad Request
2026-06-06 12:27:17.980 [ERROR] src.enrichment.client_base: gtex HTTP 422: Unprocessable Entity
2026-06-06 12:27:18.071 [ERROR] src.enrichment.client_base: gtex HTTP 422: Unprocessable Entity
2026-06-06 12:27:18.159 [ERROR] src.enrichment.client_base: gtex HTTP 422: Unprocessable Entity
2026-06-06 12:27:18.300 [ERROR] src.enrichment.client_base: gnomad HTTP 400: Bad Request
2026-06-06 12:27:18.349 [ERROR] src.enrichment.client_base: gtex HTTP 422: Unprocessable Entity
2026-06-06 12:27:18.432 [ERROR] src.enrichment.client_base: gtex HTTP 422: Unprocessable Entity
2026-06-06 12:27:18.632 [ERROR] src.enrichment.client_base: gtex HTTP 422: Unprocessable Entity
2026-06-06 12:27:18.747 [ERROR] src.enrichment.client_base: gtex HTTP 422: Unprocessable Entity
2026-06-06 12:27:18.984 [ERROR] src.enrichment.client_base: gtex HTTP 422: Unprocessable Entity
2026-06-06 12:27:19.041 [ERROR] src.enrichment.client_base: gnomad HTTP 400: Bad Request
2026-06-06 12:27:19.060 [ERROR] src.enrichment.client_base: gnomad HTTP 400: Bad Request
2026-06-06 12:27:19.065 [ERROR] src.enrichment.client_base: gnomad HTTP 400: Bad Request
2026-06-06 12:27:19.079 [ERROR] src.enrichment.client_base: gtex HTTP 422: Unprocessable Entity
2026-06-06 12:27:19.101 [ERROR] src.enrichment.client_base: gnomad HTTP 400: Bad Request
2026-06-06 12:27:19.387 [ERROR] src.enrichment.client_base: gtex HTTP 422: Unprocessable Entity
2026-06-06 12:27:19.441 [ERROR] src.enrichment.client_base: gtex HTTP 422: Unprocessable Entity
2026-06-06 12:27:19.446 [ERROR] src.enrichment.client_base: gnomad HTTP 400: Bad Request
2026-06-06 12:27:19.555 [ERROR] src.enrichment.client_base: gtex HTTP 422: Unprocessable Entity
2026-06-06 12:27:19.652 [ERROR] src.enrichment.client_base: gtex HTTP 422: Unprocessable Entity
2026-06-06 12:27:19.756 [ERROR] src.enrichment.client_base: gnomad HTTP 400: Bad Request
2026-06-06 12:27:19.813 [ERROR] src.enrichment.client_base: gtex HTTP 422: Unprocessable Entity
2026-06-06 12:27:19.842 [ERROR] src.enrichment.client_base: gtex HTTP 422: Unprocessable Entity
2026-06-06 12:27:19.912 [ERROR] src.enrichment.client_base: gtex HTTP 422: Unprocessable Entity
2026-06-06 12:27:19.927 [ERROR] src.enrichment.client_base: gnomad HTTP 400: Bad Request
2026-06-06 12:27:20.118 [ERROR] src.enrichment.client_base: gtex HTTP 422: Unprocessable Entity
2026-06-06 12:27:20.222 [ERROR] src.enrichment.client_base: gtex HTTP 422: Unprocessable Entity
2026-06-06 12:27:20.371 [ERROR] src.enrichment.client_base: gnomad HTTP 400: Bad Request
2026-06-06 12:27:20.610 [ERROR] src.enrichment.client_base: gnomad HTTP 400: Bad Request
2026-06-06 12:27:20.662 [ERROR] src.enrichment.client_base: gnomad HTTP 400: Bad Request
2026-06-06 12:27:20.719 [ERROR] src.enrichment.client_base: gtex HTTP 422: Unprocessable Entity
2026-06-06 12:27:20.762 [ERROR] src.enrichment.client_base: gtex HTTP 422: Unprocessable Entity
2026-06-06 12:27:20.779 [WARNING] src.enrichment.client_base: gnomad rate limited (429), retrying in 2s...
2026-06-06 12:27:20.914 [ERROR] src.enrichment.client_base: gtex HTTP 422: Unprocessable Entity
2026-06-06 12:27:21.010 [ERROR] src.enrichment.client_base: gtex HTTP 422: Unprocessable Entity
2026-06-06 12:27:21.136 [WARNING] src.enrichment.client_base: gnomad rate limited (429), retrying in 8s...
2026-06-06 12:27:21.290 [ERROR] src.enrichment.client_base: gtex HTTP 422: Unprocessable Entity
2026-06-06 12:27:21.293 [WARNING] src.enrichment.client_base: gnomad rate limited (429), retrying in 8s...
2026-06-06 12:27:21.364 [WARNING] src.enrichment.client_base: gnomad rate limited (429), retrying in 8s...
2026-06-06 12:27:21.934 [WARNING] src.enrichment.client_base: gnomad rate limited (429), retrying in 2s...
2026-06-06 12:27:21.974 [WARNING] src.enrichment.client_base: gnomad rate limited (429), retrying in 8s...
2026-06-06 12:27:22.058 [ERROR] src.enrichment.client_base: gtex HTTP 422: Unprocessable Entity
2026-06-06 12:27:22.266 [ERROR] src.enrichment.client_base: gtex HTTP 422: Unprocessable Entity
2026-06-06 12:27:22.383 [ERROR] src.enrichment.client_base: gtex HTTP 422: Unprocessable Entity
2026-06-06 12:27:22.582 [WARNING] src.enrichment.client_base: gnomad rate limited (429), retrying in 8s...
2026-06-06 12:27:22.656 [WARNING] src.enrichment.client_base: gnomad rate limited (429), retrying in 8s...
2026-06-06 12:27:22.678 [ERROR] src.enrichment.client_base: gtex HTTP 422: Unprocessable Entity
2026-06-06 12:27:23.091 [WARNING] src.enrichment.client_base: gnomad rate limited (429), retrying in 4s...
2026-06-06 12:27:23.110 [ERROR] src.enrichment.client_base: gtex HTTP 422: Unprocessable Entity
2026-06-06 12:27:23.212 [ERROR] src.enrichment.client_base: gtex HTTP 422: Unprocessable Entity
2026-06-06 12:27:23.360 [WARNING] src.enrichment.client_base: gnomad rate limited (429), retrying in 8s...
2026-06-06 12:27:23.374 [ERROR] src.enrichment.client_base: gtex HTTP 422: Unprocessable Entity
2026-06-06 12:27:23.380 [WARNING] src.enrichment.client_base: gnomad rate limited (429), retrying in 8s...
2026-06-06 12:27:23.387 [WARNING] src.enrichment.client_base: gnomad rate limited (429), retrying in 8s...
2026-06-06 12:27:23.432 [WARNING] src.enrichment.client_base: gnomad rate limited (429), retrying in 8s...
2026-06-06 12:27:23.489 [ERROR] src.enrichment.client_base: gtex HTTP 422: Unprocessable Entity
2026-06-06 12:27:23.715 [ERROR] src.enrichment.client_base: gtex HTTP 422: Unprocessable Entity
2026-06-06 12:27:24.070 [WARNING] src.enrichment.client_base: gnomad rate limited (429), retrying in 8s...
2026-06-06 12:27:24.120 [ERROR] src.enrichment.client_base: gtex HTTP 422: Unprocessable Entity
2026-06-06 12:27:24.273 [WARNING] src.enrichment.client_base: gnomad rate limited (429), retrying in 4s...
2026-06-06 12:27:24.623 [WARNING] src.enrichment.client_base: gnomad rate limited (429), retrying in 8s...
2026-06-06 12:27:24.990 [WARNING] src.enrichment.client_base: gnomad rate limited (429), retrying in 8s...
2026-06-06 12:27:25.221 [ERROR] src.enrichment.client_base: gtex HTTP 422: Unprocessable Entity
2026-06-06 12:27:25.681 [ERROR] src.enrichment.client_base: gtex HTTP 422: Unprocessable Entity
2026-06-06 12:27:26.171 [ERROR] src.enrichment.client_base: gtex HTTP 422: Unprocessable Entity
2026-06-06 12:27:26.735 [ERROR] src.enrichment.client_base: gtex HTTP 422: Unprocessable Entity
2026-06-06 12:27:27.199 [ERROR] src.enrichment.client_base: gtex HTTP 422: Unprocessable Entity
2026-06-06 12:27:27.199 [ERROR] src.enrichment.client_base: gtex HTTP 422: Unprocessable Entity
2026-06-06 12:27:27.199 [ERROR] src.enrichment.client_base: gtex HTTP 422: Unprocessable Entity
2026-06-06 12:27:27.209 [ERROR] src.enrichment.client_base: gtex HTTP 422: Unprocessable Entity
2026-06-06 12:27:27.412 [WARNING] src.enrichment.client_base: gnomad rate limited (429), retrying in 8s...
2026-06-06 12:27:27.593 [ERROR] src.enrichment.client_base: gtex HTTP 422: Unprocessable Entity
2026-06-06 12:27:27.673 [ERROR] src.enrichment.client_base: gtex HTTP 422: Unprocessable Entity
2026-06-06 12:27:27.817 [ERROR] src.enrichment.client_base: gtex HTTP 422: Unprocessable Entity
2026-06-06 12:27:27.941 [ERROR] src.enrichment.client_base: gtex HTTP 422: Unprocessable Entity
2026-06-06 12:27:28.028 [ERROR] src.enrichment.client_base: gtex HTTP 422: Unprocessable Entity
2026-06-06 12:27:28.051 [ERROR] src.enrichment.client_base: gtex HTTP 422: Unprocessable Entity
2026-06-06 12:27:28.089 [ERROR] src.enrichment.client_base: gtex HTTP 422: Unprocessable Entity
2026-06-06 12:27:28.156 [ERROR] src.enrichment.client_base: gtex HTTP 422: Unprocessable Entity
2026-06-06 12:27:28.321 [ERROR] src.enrichment.client_base: gtex HTTP 422: Unprocessable Entity
2026-06-06 12:27:28.395 [ERROR] src.enrichment.client_base: gtex HTTP 422: Unprocessable Entity
2026-06-06 12:27:28.704 [WARNING] src.enrichment.client_base: gnomad rate limited (429), retrying in 8s...
2026-06-06 12:27:28.707 [ERROR] src.enrichment.client_base: gtex HTTP 422: Unprocessable Entity
2026-06-06 12:27:28.707 [ERROR] src.enrichment.client_base: gtex HTTP 422: Unprocessable Entity
2026-06-06 12:27:29.161 [ERROR] src.enrichment.client_base: gtex HTTP 422: Unprocessable Entity
2026-06-06 12:27:29.461 [WARNING] src.enrichment.client_base: gnomad rate limited (429), retrying in 1s...
2026-06-06 12:27:29.487 [ERROR] src.enrichment.client_base: gtex HTTP 422: Unprocessable Entity
2026-06-06 12:27:29.504 [ERROR] src.enrichment.client_base: gtex HTTP 422: Unprocessable Entity
2026-06-06 12:27:29.566 [ERROR] src.enrichment.client_base: gtex HTTP 422: Unprocessable Entity
2026-06-06 12:27:29.610 [WARNING] src.enrichment.client_base: gnomad rate limited (429), retrying in 1s...
2026-06-06 12:27:29.626 [ERROR] src.enrichment.client_base: gtex HTTP 422: Unprocessable Entity
2026-06-06 12:27:29.651 [ERROR] src.enrichment.client_base: gtex HTTP 422: Unprocessable Entity
2026-06-06 12:27:29.681 [WARNING] src.enrichment.client_base: gnomad rate limited (429), retrying in 1s...
2026-06-06 12:27:29.779 [ERROR] src.enrichment.client_base: gtex HTTP 422: Unprocessable Entity
2026-06-06 12:27:29.875 [ERROR] src.enrichment.client_base: gtex HTTP 422: Unprocessable Entity
2026-06-06 12:27:30.328 [WARNING] src.enrichment.client_base: gnomad rate limited (429), retrying in 1s...
2026-06-06 12:27:30.628 [ERROR] src.enrichment.client_base: gtex HTTP 422: Unprocessable Entity
2026-06-06 12:27:30.773 [WARNING] src.enrichment.client_base: gnomad rate limited (429), retrying in 2s...
2026-06-06 12:27:30.900 [WARNING] src.enrichment.client_base: gnomad rate limited (429), retrying in 1s...
2026-06-06 12:27:30.937 [WARNING] src.enrichment.client_base: gnomad rate limited (429), retrying in 2s...
2026-06-06 12:27:30.981 [WARNING] src.enrichment.client_base: gnomad rate limited (429), retrying in 1s...
2026-06-06 12:27:31.014 [WARNING] src.enrichment.client_base: gnomad rate limited (429), retrying in 2s...
2026-06-06 12:27:31.086 [ERROR] src.enrichment.client_base: gtex HTTP 422: Unprocessable Entity
2026-06-06 12:27:31.135 [ERROR] src.enrichment.client_base: gtex HTTP 422: Unprocessable Entity
2026-06-06 12:27:31.176 [ERROR] src.enrichment.client_base: gtex HTTP 422: Unprocessable Entity
2026-06-06 12:27:31.646 [WARNING] src.enrichment.client_base: gnomad rate limited (429), retrying in 2s...
2026-06-06 12:27:31.697 [WARNING] src.enrichment.client_base: gnomad rate limited (429), retrying in 1s...
2026-06-06 12:27:31.707 [WARNING] src.enrichment.client_base: gnomad rate limited (429), retrying in 1s...
2026-06-06 12:27:31.715 [WARNING] src.enrichment.client_base: gnomad rate limited (429), retrying in 1s...
2026-06-06 12:27:31.759 [WARNING] src.enrichment.client_base: gnomad rate limited (429), retrying in 1s...
2026-06-06 12:27:31.945 [ERROR] src.enrichment.client_base: gtex HTTP 422: Unprocessable Entity
2026-06-06 12:27:31.970 [ERROR] src.enrichment.client_base: gtex HTTP 422: Unprocessable Entity
2026-06-06 12:27:32.025 [ERROR] src.enrichment.client_base: gtex HTTP 422: Unprocessable Entity
2026-06-06 12:27:32.250 [WARNING] src.enrichment.client_base: gnomad rate limited (429), retrying in 2s...
2026-06-06 12:27:32.309 [WARNING] src.enrichment.client_base: gnomad rate limited (429), retrying in 2s...
2026-06-06 12:27:32.336 [ERROR] src.enrichment.client_base: gtex HTTP 422: Unprocessable Entity
2026-06-06 12:27:32.393 [WARNING] src.enrichment.client_base: gnomad rate limited (429), retrying in 1s...
2026-06-06 12:27:32.453 [ERROR] src.enrichment.client_base: gtex HTTP 422: Unprocessable Entity
2026-06-06 12:27:32.559 [ERROR] src.enrichment.client_base: gtex HTTP 422: Unprocessable Entity
2026-06-06 12:27:32.950 [WARNING] src.enrichment.client_base: gnomad rate limited (429), retrying in 1s...
2026-06-06 12:27:32.996 [ERROR] src.enrichment.client_base: gtex HTTP 422: Unprocessable Entity
2026-06-06 12:27:33.018 [WARNING] src.enrichment.client_base: gnomad rate limited (429), retrying in 2s...
2026-06-06 12:27:33.052 [WARNING] src.enrichment.client_base: gnomad rate limited (429), retrying in 2s...
2026-06-06 12:27:33.080 [WARNING] src.enrichment.client_base: gnomad rate limited (429), retrying in 2s...
2026-06-06 12:27:33.101 [WARNING] src.enrichment.client_base: gnomad rate limited (429), retrying in 4s...
2026-06-06 12:27:33.272 [WARNING] src.enrichment.client_base: gnomad rate limited (429), retrying in 4s...
2026-06-06 12:27:33.303 [WARNING] src.enrichment.client_base: gnomad rate limited (429), retrying in 1s...
2026-06-06 12:27:33.351 [WARNING] src.enrichment.client_base: gnomad rate limited (429), retrying in 4s...
2026-06-06 12:27:33.399 [WARNING] src.enrichment.client_base: gnomad rate limited (429), retrying in 2s...
2026-06-06 12:27:33.721 [WARNING] src.enrichment.client_base: gnomad rate limited (429), retrying in 2s...
2026-06-06 12:27:33.783 [ERROR] src.enrichment.client_base: gtex HTTP 422: Unprocessable Entity
2026-06-06 12:27:33.974 [WARNING] src.enrichment.client_base: gnomad rate limited (429), retrying in 4s...
2026-06-06 12:27:34.129 [ERROR] src.enrichment.client_base: gtex HTTP 422: Unprocessable Entity
2026-06-06 12:27:34.272 [WARNING] src.enrichment.client_base: gnomad rate limited (429), retrying in 2s...
2026-06-06 12:27:34.609 [WARNING] src.enrichment.client_base: gnomad rate limited (429), retrying in 4s...
2026-06-06 12:27:34.629 [WARNING] src.enrichment.client_base: gnomad rate limited (429), retrying in 4s...
2026-06-06 12:27:34.786 [ERROR] src.enrichment.client_base: gtex HTTP 422: Unprocessable Entity
2026-06-06 12:27:35.034 [ERROR] src.enrichment.client_base: gtex HTTP 422: Unprocessable Entity
2026-06-06 12:27:35.350 [WARNING] src.enrichment.client_base: gnomad rate limited (429), retrying in 4s...
2026-06-06 12:27:35.366 [WARNING] src.enrichment.client_base: gnomad rate limited (429), retrying in 4s...
2026-06-06 12:27:35.385 [WARNING] src.enrichment.client_base: gnomad rate limited (429), retrying in 2s...
2026-06-06 12:27:35.440 [WARNING] src.enrichment.client_base: gnomad rate limited (429), retrying in 4s...
2026-06-06 12:27:35.652 [ERROR] src.enrichment.client_base: gtex HTTP 422: Unprocessable Entity
2026-06-06 12:27:35.756 [WARNING] src.enrichment.client_base: gnomad rate limited (429), retrying in 1s...
2026-06-06 12:27:36.077 [WARNING] src.enrichment.client_base: gnomad rate limited (429), retrying in 4s...
2026-06-06 12:27:36.444 [ERROR] src.enrichment.client_base: gtex HTTP 422: Unprocessable Entity
2026-06-06 12:27:36.487 [WARNING] src.enrichment.client_base: gnomad rate limited (429), retrying in 4s...
2026-06-06 12:27:36.490 [ERROR] src.enrichment.client_base: gtex HTTP 422: Unprocessable Entity
2026-06-06 12:27:36.590 [WARNING] src.enrichment.client_base: gnomad rate limited (429), retrying in 4s...
2026-06-06 12:27:36.660 [ERROR] src.enrichment.client_base: gtex HTTP 422: Unprocessable Entity
2026-06-06 12:27:36.782 [ERROR] src.enrichment.client_base: gtex HTTP 422: Unprocessable Entity
2026-06-06 12:27:36.793 [ERROR] src.enrichment.client_base: gtex HTTP 422: Unprocessable Entity
2026-06-06 12:27:36.821 [ERROR] src.enrichment.client_base: gtex HTTP 422: Unprocessable Entity
2026-06-06 12:27:36.912 [ERROR] src.enrichment.client_base: gtex HTTP 422: Unprocessable Entity
2026-06-06 12:27:36.950 [ERROR] src.enrichment.client_base: gtex HTTP 422: Unprocessable Entity
2026-06-06 12:27:37.040 [WARNING] src.enrichment.client_base: gnomad rate limited (429), retrying in 1s...
2026-06-06 12:27:37.075 [WARNING] src.enrichment.client_base: gnomad rate limited (429), retrying in 2s...
2026-06-06 12:27:37.253 [ERROR] src.enrichment.client_base: gtex HTTP 422: Unprocessable Entity
2026-06-06 12:27:37.304 [ERROR] src.enrichment.client_base: gtex HTTP 422: Unprocessable Entity
2026-06-06 12:27:37.307 [ERROR] src.enrichment.client_base: gtex HTTP 422: Unprocessable Entity
2026-06-06 12:27:37.428 [WARNING] src.enrichment.client_base: gnomad rate limited (429), retrying in 8s...
2026-06-06 12:27:37.610 [WARNING] src.enrichment.client_base: gnomad rate limited (429), retrying in 8s...
2026-06-06 12:27:37.667 [ERROR] src.enrichment.client_base: gtex HTTP 422: Unprocessable Entity
2026-06-06 12:27:37.675 [WARNING] src.enrichment.client_base: gnomad rate limited (429), retrying in 8s...
2026-06-06 12:27:37.727 [WARNING] src.enrichment.client_base: gnomad rate limited (429), retrying in 4s...
2026-06-06 12:27:37.879 [ERROR] src.enrichment.client_base: gtex HTTP 422: Unprocessable Entity
2026-06-06 12:27:38.112 [ERROR] src.enrichment.client_base: gtex HTTP 422: Unprocessable Entity
2026-06-06 12:27:38.277 [ERROR] src.enrichment.client_base: gtex HTTP 422: Unprocessable Entity
2026-06-06 12:27:38.294 [WARNING] src.enrichment.client_base: gnomad rate limited (429), retrying in 8s...
2026-06-06 12:27:38.358 [WARNING] src.enrichment.client_base: gnomad rate limited (429), retrying in 2s...
2026-06-06 12:27:38.405 [ERROR] src.enrichment.client_base: gtex HTTP 422: Unprocessable Entity
2026-06-06 12:27:38.680 [ERROR] src.enrichment.client_base: gtex HTTP 422: Unprocessable Entity
2026-06-06 12:27:38.721 [ERROR] src.enrichment.client_base: gtex HTTP 422: Unprocessable Entity
2026-06-06 12:27:38.751 [ERROR] src.enrichment.client_base: gtex HTTP 422: Unprocessable Entity
2026-06-06 12:27:38.921 [WARNING] src.enrichment.client_base: gnomad rate limited (429), retrying in 8s...
2026-06-06 12:27:38.953 [ERROR] src.enrichment.client_base: gtex HTTP 422: Unprocessable Entity
2026-06-06 12:27:39.346 [WARNING] src.enrichment.client_base: gnomad rate limited (429), retrying in 8s...
2026-06-06 12:27:39.372 [ERROR] src.enrichment.client_base: gtex HTTP 422: Unprocessable Entity
2026-06-06 12:27:39.379 [ERROR] src.enrichment.client_base: gtex HTTP 422: Unprocessable Entity
2026-06-06 12:27:39.380 [ERROR] src.enrichment.client_base: gtex HTTP 422: Unprocessable Entity
2026-06-06 12:27:39.495 [ERROR] src.enrichment.client_base: gtex HTTP 422: Unprocessable Entity
2026-06-06 12:27:39.675 [WARNING] src.enrichment.client_base: gnomad rate limited (429), retrying in 8s...
2026-06-06 12:27:39.694 [WARNING] src.enrichment.client_base: gnomad rate limited (429), retrying in 8s...
2026-06-06 12:27:39.764 [WARNING] src.enrichment.client_base: gnomad rate limited (429), retrying in 8s...
2026-06-06 12:27:39.900 [WARNING] src.enrichment.client_base: gnomad rate limited (429), retrying in 4s...
2026-06-06 12:27:39.940 [ERROR] src.enrichment.client_base: gtex HTTP 422: Unprocessable Entity
2026-06-06 12:27:40.391 [WARNING] src.enrichment.client_base: gnomad rate limited (429), retrying in 8s...
2026-06-06 12:27:40.413 [ERROR] src.enrichment.client_base: gtex HTTP 422: Unprocessable Entity
2026-06-06 12:27:40.578 [ERROR] src.enrichment.client_base: gtex HTTP 422: Unprocessable Entity
2026-06-06 12:27:40.691 [WARNING] src.enrichment.client_base: gnomad rate limited (429), retrying in 4s...
2026-06-06 12:27:40.830 [WARNING] src.enrichment.client_base: gnomad rate limited (429), retrying in 8s...
2026-06-06 12:27:40.919 [ERROR] src.enrichment.client_base: gtex HTTP 422: Unprocessable Entity
2026-06-06 12:27:40.920 [WARNING] src.enrichment.client_base: gnomad rate limited (429), retrying in 8s...
2026-06-06 12:27:41.107 [ERROR] src.enrichment.client_base: gtex HTTP 422: Unprocessable Entity
2026-06-06 12:27:41.186 [ERROR] src.enrichment.client_base: gtex HTTP 422: Unprocessable Entity
2026-06-06 12:27:41.197 [ERROR] src.enrichment.client_base: gtex HTTP 422: Unprocessable Entity
2026-06-06 12:27:41.534 [ERROR] src.enrichment.client_base: gtex HTTP 422: Unprocessable Entity
2026-06-06 12:27:41.996 [ERROR] src.enrichment.client_base: gtex HTTP 422: Unprocessable Entity
2026-06-06 12:27:42.000 [ERROR] src.enrichment.client_base: gtex HTTP 422: Unprocessable Entity
2026-06-06 12:27:42.059 [WARNING] src.enrichment.client_base: gnomad rate limited (429), retrying in 8s...
2026-06-06 12:27:42.879 [ERROR] src.enrichment.client_base: gtex HTTP 422: Unprocessable Entity
2026-06-06 12:27:43.386 [ERROR] src.enrichment.client_base: gtex HTTP 422: Unprocessable Entity
2026-06-06 12:27:43.835 [ERROR] src.enrichment.client_base: gtex HTTP 422: Unprocessable Entity
2026-06-06 12:27:43.999 [ERROR] src.enrichment.client_base: gtex HTTP 422: Unprocessable Entity
2026-06-06 12:27:44.226 [WARNING] src.enrichment.client_base: gnomad rate limited (429), retrying in 8s...
2026-06-06 12:27:44.289 [ERROR] src.enrichment.client_base: gtex HTTP 422: Unprocessable Entity
2026-06-06 12:27:45.049 [WARNING] src.enrichment.client_base: gnomad rate limited (429), retrying in 8s...
2026-06-06 12:27:45.244 [ERROR] src.enrichment.client_base: gtex HTTP 422: Unprocessable Entity
2026-06-06 12:27:45.656 [ERROR] src.enrichment.client_base: gtex HTTP 422: Unprocessable Entity
2026-06-06 12:27:45.715 [ERROR] src.enrichment.client_base: gtex HTTP 422: Unprocessable Entity
2026-06-06 12:27:45.749 [WARNING] src.enrichment.client_base: gnomad rate limited (429), retrying in 1s...
2026-06-06 12:27:45.925 [WARNING] src.enrichment.client_base: gnomad rate limited (429), retrying in 1s...
2026-06-06 12:27:45.973 [ERROR] src.enrichment.client_base: gtex HTTP 422: Unprocessable Entity
2026-06-06 12:27:45.985 [WARNING] src.enrichment.client_base: gnomad rate limited (429), retrying in 1s...
2026-06-06 12:27:46.097 [ERROR] src.enrichment.client_base: gtex HTTP 422: Unprocessable Entity
2026-06-06 12:27:46.123 [ERROR] src.enrichment.client_base: gtex HTTP 422: Unprocessable Entity
2026-06-06 12:27:46.167 [ERROR] src.enrichment.client_base: gtex HTTP 422: Unprocessable Entity
2026-06-06 12:27:46.452 [ERROR] src.enrichment.client_base: gtex HTTP 422: Unprocessable Entity
2026-06-06 12:27:46.454 [ERROR] src.enrichment.client_base: gtex HTTP 422: Unprocessable Entity
2026-06-06 12:27:46.570 [ERROR] src.enrichment.client_base: gtex HTTP 422: Unprocessable Entity
2026-06-06 12:27:46.903 [ERROR] src.enrichment.client_base: gtex HTTP 422: Unprocessable Entity
2026-06-06 12:27:46.919 [ERROR] src.enrichment.client_base: gtex HTTP 422: Unprocessable Entity
2026-06-06 12:27:47.006 [WARNING] src.enrichment.client_base: gnomad rate limited (429), retrying in 1s...
2026-06-06 12:27:47.035 [ERROR] src.enrichment.client_base: gtex HTTP 422: Unprocessable Entity
2026-06-06 12:27:47.073 [WARNING] src.enrichment.client_base: gnomad rate limited (429), retrying in 2s...
2026-06-06 12:27:47.241 [WARNING] src.enrichment.client_base: gnomad rate limited (429), retrying in 2s...
2026-06-06 12:27:47.249 [WARNING] src.enrichment.client_base: gnomad rate limited (429), retrying in 1s...
2026-06-06 12:27:47.336 [WARNING] src.enrichment.client_base: gnomad rate limited (429), retrying in 2s...
2026-06-06 12:27:47.346 [ERROR] src.enrichment.client_base: gtex HTTP 422: Unprocessable Entity
2026-06-06 12:27:47.574 [ERROR] src.enrichment.client_base: gtex HTTP 422: Unprocessable Entity
2026-06-06 12:27:47.587 [ERROR] src.enrichment.client_base: gtex HTTP 422: Unprocessable Entity
2026-06-06 12:27:47.659 [WARNING] src.enrichment.client_base: gnomad rate limited (429), retrying in 1s...
2026-06-06 12:27:47.811 [ERROR] src.enrichment.client_base: gtex HTTP 422: Unprocessable Entity
2026-06-06 12:27:47.879 [ERROR] src.enrichment.client_base: gtex HTTP 422: Unprocessable Entity
2026-06-06 12:27:48.008 [WARNING] src.enrichment.client_base: gnomad rate limited (429), retrying in 1s...
2026-06-06 12:27:48.017 [WARNING] src.enrichment.client_base: gnomad rate limited (429), retrying in 1s...
2026-06-06 12:27:48.047 [ERROR] src.enrichment.client_base: gtex HTTP 422: Unprocessable Entity
2026-06-06 12:27:48.096 [WARNING] src.enrichment.client_base: gnomad rate limited (429), retrying in 1s...
2026-06-06 12:27:48.333 [WARNING] src.enrichment.client_base: gnomad rate limited (429), retrying in 2s...
2026-06-06 12:27:48.395 [ERROR] src.enrichment.client_base: gtex HTTP 422: Unprocessable Entity
2026-06-06 12:27:48.442 [ERROR] src.enrichment.client_base: gtex HTTP 422: Unprocessable Entity
2026-06-06 12:27:48.457 [ERROR] src.enrichment.client_base: gtex HTTP 422: Unprocessable Entity
2026-06-06 12:27:48.486 [ERROR] src.enrichment.client_base: gtex HTTP 422: Unprocessable Entity
2026-06-06 12:27:48.503 [ERROR] src.enrichment.client_base: gtex HTTP 422: Unprocessable Entity
2026-06-06 12:27:48.585 [WARNING] src.enrichment.client_base: gnomad rate limited (429), retrying in 2s...
2026-06-06 12:27:48.709 [ERROR] src.enrichment.client_base: gtex HTTP 422: Unprocessable Entity
2026-06-06 12:27:48.737 [WARNING] src.enrichment.client_base: gnomad rate limited (429), retrying in 1s...
2026-06-06 12:27:48.955 [ERROR] src.enrichment.client_base: gtex HTTP 422: Unprocessable Entity
2026-06-06 12:27:49.048 [WARNING] src.enrichment.client_base: gnomad rate limited (429), retrying in 2s...
2026-06-06 12:27:49.153 [WARNING] src.enrichment.client_base: gnomad rate limited (429), retrying in 1s...
2026-06-06 12:27:49.232 [WARNING] src.enrichment.client_base: gnomad rate limited (429), retrying in 1s...
2026-06-06 12:27:49.334 [WARNING] src.enrichment.client_base: gnomad rate limited (429), retrying in 2s...
2026-06-06 12:27:49.344 [WARNING] src.enrichment.client_base: gnomad rate limited (429), retrying in 2s...
2026-06-06 12:27:49.391 [WARNING] src.enrichment.client_base: gnomad rate limited (429), retrying in 4s...
2026-06-06 12:27:49.608 [WARNING] src.enrichment.client_base: gnomad rate limited (429), retrying in 4s...
2026-06-06 12:27:49.650 [WARNING] src.enrichment.client_base: gnomad rate limited (429), retrying in 4s...
2026-06-06 12:27:49.818 [WARNING] src.enrichment.client_base: gnomad rate limited (429), retrying in 2s...
2026-06-06 12:27:50.052 [ERROR] src.enrichment.client_base: gtex HTTP 422: Unprocessable Entity
2026-06-06 12:27:50.058 [ERROR] src.enrichment.client_base: gtex HTTP 422: Unprocessable Entity
2026-06-06 12:27:50.072 [WARNING] src.enrichment.client_base: gnomad rate limited (429), retrying in 2s...
2026-06-06 12:27:50.374 [WARNING] src.enrichment.client_base: gnomad rate limited (429), retrying in 1s...
2026-06-06 12:27:50.408 [ERROR] src.enrichment.client_base: gtex HTTP 422: Unprocessable Entity
2026-06-06 12:27:50.481 [WARNING] src.enrichment.client_base: gnomad rate limited (429), retrying in 2s...
2026-06-06 12:27:50.501 [ERROR] src.enrichment.client_base: gtex HTTP 422: Unprocessable Entity
2026-06-06 12:27:50.560 [WARNING] src.enrichment.client_base: gnomad rate limited (429), retrying in 2s...
2026-06-06 12:27:50.567 [ERROR] src.enrichment.client_base: gtex HTTP 422: Unprocessable Entity
2026-06-06 12:27:50.593 [ERROR] src.enrichment.client_base: gtex HTTP 422: Unprocessable Entity
2026-06-06 12:27:50.663 [WARNING] src.enrichment.client_base: gnomad rate limited (429), retrying in 4s...
2026-06-06 12:27:50.875 [ERROR] src.enrichment.client_base: gtex HTTP 422: Unprocessable Entity
2026-06-06 12:27:50.931 [WARNING] src.enrichment.client_base: gnomad rate limited (429), retrying in 4s...
2026-06-06 12:27:50.982 [ERROR] src.enrichment.client_base: gtex HTTP 422: Unprocessable Entity
2026-06-06 12:27:51.366 [WARNING] src.enrichment.client_base: gnomad rate limited (429), retrying in 4s...
2026-06-06 12:27:51.468 [ERROR] src.enrichment.client_base: gtex HTTP 422: Unprocessable Entity
2026-06-06 12:27:51.653 [WARNING] src.enrichment.client_base: gnomad rate limited (429), retrying in 4s...
2026-06-06 12:27:51.654 [WARNING] src.enrichment.client_base: gnomad rate limited (429), retrying in 4s...
2026-06-06 12:27:51.701 [WARNING] src.enrichment.client_base: gnomad rate limited (429), retrying in 2s...
2026-06-06 12:27:52.166 [WARNING] src.enrichment.client_base: gnomad rate limited (429), retrying in 4s...
2026-06-06 12:27:52.399 [WARNING] src.enrichment.client_base: gnomad rate limited (429), retrying in 4s...
2026-06-06 12:27:52.581 [WARNING] src.enrichment.client_base: gnomad rate limited (429), retrying in 1s...
2026-06-06 12:27:52.798 [WARNING] src.enrichment.client_base: gnomad rate limited (429), retrying in 4s...
2026-06-06 12:27:52.900 [ERROR] src.enrichment.client_base: gtex HTTP 422: Unprocessable Entity
2026-06-06 12:27:52.959 [ERROR] src.enrichment.client_base: gtex HTTP 422: Unprocessable Entity
2026-06-06 12:27:53.033 [ERROR] src.enrichment.client_base: gtex HTTP 422: Unprocessable Entity
2026-06-06 12:27:53.061 [ERROR] src.enrichment.client_base: gtex HTTP 422: Unprocessable Entity
2026-06-06 12:27:53.275 [WARNING] src.enrichment.client_base: gnomad rate limited (429), retrying in 4s...
2026-06-06 12:27:53.390 [WARNING] src.enrichment.client_base: gnomad rate limited (429), retrying in 1s...
2026-06-06 12:27:53.421 [ERROR] src.enrichment.client_base: gtex HTTP 422: Unprocessable Entity
2026-06-06 12:27:53.707 [WARNING] src.enrichment.client_base: gnomad rate limited (429), retrying in 8s...
2026-06-06 12:27:53.909 [WARNING] src.enrichment.client_base: gnomad rate limited (429), retrying in 2s...
2026-06-06 12:27:53.951 [WARNING] src.enrichment.client_base: gnomad rate limited (429), retrying in 8s...
2026-06-06 12:27:53.991 [WARNING] src.enrichment.client_base: gnomad rate limited (429), retrying in 8s...
2026-06-06 12:27:54.055 [WARNING] src.enrichment.client_base: gnomad rate limited (429), retrying in 4s...
2026-06-06 12:27:54.527 [ERROR] src.enrichment.client_base: gtex HTTP 422: Unprocessable Entity
2026-06-06 12:27:54.529 [ERROR] src.enrichment.client_base: gtex HTTP 422: Unprocessable Entity
2026-06-06 12:27:54.708 [WARNING] src.enrichment.client_base: gnomad rate limited (429), retrying in 2s...
2026-06-06 12:27:54.968 [ERROR] src.enrichment.client_base: gtex HTTP 422: Unprocessable Entity
2026-06-06 12:27:54.981 [WARNING] src.enrichment.client_base: gnomad rate limited (429), retrying in 8s...
2026-06-06 12:27:55.039 [ERROR] src.enrichment.client_base: gtex HTTP 422: Unprocessable Entity
2026-06-06 12:27:55.042 [ERROR] src.enrichment.client_base: gtex HTTP 422: Unprocessable Entity
2026-06-06 12:27:55.254 [ERROR] src.enrichment.client_base: gtex HTTP 422: Unprocessable Entity
2026-06-06 12:27:55.271 [WARNING] src.enrichment.client_base: gnomad rate limited (429), retrying in 8s...
2026-06-06 12:27:55.370 [ERROR] src.enrichment.client_base: gtex HTTP 422: Unprocessable Entity
2026-06-06 12:27:55.437 [ERROR] src.enrichment.client_base: gtex HTTP 422: Unprocessable Entity
2026-06-06 12:27:55.452 [ERROR] src.enrichment.client_base: gtex HTTP 422: Unprocessable Entity
2026-06-06 12:27:55.691 [WARNING] src.enrichment.client_base: gnomad rate limited (429), retrying in 8s...
2026-06-06 12:27:55.821 [ERROR] src.enrichment.client_base: gtex HTTP 422: Unprocessable Entity
2026-06-06 12:27:55.912 [ERROR] src.enrichment.client_base: gtex HTTP 422: Unprocessable Entity
2026-06-06 12:27:55.972 [WARNING] src.enrichment.client_base: gnomad rate limited (429), retrying in 8s...
2026-06-06 12:27:56.264 [WARNING] src.enrichment.client_base: gnomad rate limited (429), retrying in 4s...
2026-06-06 12:27:56.331 [ERROR] src.enrichment.client_base: gtex HTTP 422: Unprocessable Entity
2026-06-06 12:27:56.347 [WARNING] src.enrichment.client_base: gnomad rate limited (429), retrying in 8s...
2026-06-06 12:27:56.477 [WARNING] src.enrichment.client_base: gnomad rate limited (429), retrying in 8s...
2026-06-06 12:27:56.509 [ERROR] src.enrichment.client_base: gtex HTTP 422: Unprocessable Entity
2026-06-06 12:27:56.728 [WARNING] src.enrichment.client_base: gnomad rate limited (429), retrying in 8s...
2026-06-06 12:27:56.784 [ERROR] src.enrichment.client_base: gtex HTTP 422: Unprocessable Entity
2026-06-06 12:27:56.998 [ERROR] src.enrichment.client_base: gtex HTTP 422: Unprocessable Entity
2026-06-06 12:27:57.058 [WARNING] src.enrichment.client_base: gnomad rate limited (429), retrying in 4s...
2026-06-06 12:27:57.119 [WARNING] src.enrichment.client_base: gnomad rate limited (429), retrying in 8s...
2026-06-06 12:27:57.298 [ERROR] src.enrichment.client_base: gtex HTTP 422: Unprocessable Entity
2026-06-06 12:27:57.348 [ERROR] src.enrichment.client_base: gtex HTTP 422: Unprocessable Entity
2026-06-06 12:27:57.416 [ERROR] src.enrichment.client_base: gtex HTTP 422: Unprocessable Entity
2026-06-06 12:27:57.510 [ERROR] src.enrichment.client_base: gtex HTTP 422: Unprocessable Entity
2026-06-06 12:27:57.520 [ERROR] src.enrichment.client_base: gtex HTTP 422: Unprocessable Entity
2026-06-06 12:27:57.601 [WARNING] src.enrichment.client_base: gnomad rate limited (429), retrying in 8s...
2026-06-06 12:27:57.704 [ERROR] src.enrichment.client_base: gtex HTTP 422: Unprocessable Entity
2026-06-06 12:27:57.792 [ERROR] src.enrichment.client_base: gtex HTTP 422: Unprocessable Entity
2026-06-06 12:27:58.004 [ERROR] src.enrichment.client_base: gtex HTTP 422: Unprocessable Entity
2026-06-06 12:27:58.022 [ERROR] src.enrichment.client_base: gtex HTTP 422: Unprocessable Entity
2026-06-06 12:27:58.247 [ERROR] src.enrichment.client_base: gtex HTTP 422: Unprocessable Entity
2026-06-06 12:27:58.276 [ERROR] src.enrichment.client_base: gtex HTTP 422: Unprocessable Entity
2026-06-06 12:27:58.383 [WARNING] src.enrichment.client_base: gnomad rate limited (429), retrying in 8s...
2026-06-06 12:27:58.967 [ERROR] src.enrichment.client_base: gtex HTTP 422: Unprocessable Entity
2026-06-06 12:27:59.262 [ERROR] src.enrichment.client_base: gtex HTTP 422: Unprocessable Entity
2026-06-06 12:27:59.458 [ERROR] src.enrichment.client_base: gtex HTTP 422: Unprocessable Entity
2026-06-06 12:27:59.462 [ERROR] src.enrichment.client_base: gtex HTTP 422: Unprocessable Entity
2026-06-06 12:27:59.485 [ERROR] src.enrichment.client_base: gtex HTTP 422: Unprocessable Entity
2026-06-06 12:28:00.079 [ERROR] src.enrichment.client_base: gtex HTTP 422: Unprocessable Entity
2026-06-06 12:28:00.148 [ERROR] src.enrichment.client_base: gtex HTTP 422: Unprocessable Entity
2026-06-06 12:28:00.588 [WARNING] src.enrichment.client_base: gnomad rate limited (429), retrying in 8s...
2026-06-06 12:28:00.714 [ERROR] src.enrichment.client_base: gtex HTTP 422: Unprocessable Entity
2026-06-06 12:28:00.730 [ERROR] src.enrichment.client_base: gtex HTTP 422: Unprocessable Entity
2026-06-06 12:28:01.404 [WARNING] src.enrichment.client_base: gnomad rate limited (429), retrying in 8s...
2026-06-06 12:28:01.906 [ERROR] src.enrichment.client_base: gtex HTTP 422: Unprocessable Entity
2026-06-06 12:28:01.961 [ERROR] src.enrichment.client_base: gtex HTTP 422: Unprocessable Entity
2026-06-06 12:28:02.040 [WARNING] src.enrichment.client_base: gnomad rate limited (429), retrying in 1s...
2026-06-06 12:28:02.084 [ERROR] src.enrichment.client_base: gtex HTTP 422: Unprocessable Entity
2026-06-06 12:28:02.277 [WARNING] src.enrichment.client_base: gnomad rate limited (429), retrying in 1s...
2026-06-06 12:28:02.306 [WARNING] src.enrichment.client_base: gnomad rate limited (429), retrying in 1s...
2026-06-06 12:28:02.558 [ERROR] src.enrichment.client_base: gtex HTTP 422: Unprocessable Entity
2026-06-06 12:28:03.311 [WARNING] src.enrichment.client_base: gnomad rate limited (429), retrying in 1s...
2026-06-06 12:28:03.356 [WARNING] src.enrichment.client_base: gnomad rate limited (429), retrying in 2s...
2026-06-06 12:28:03.396 [ERROR] src.enrichment.client_base: gtex HTTP 422: Unprocessable Entity
2026-06-06 12:28:03.416 [ERROR] src.enrichment.client_base: gtex HTTP 422: Unprocessable Entity
2026-06-06 12:28:03.613 [WARNING] src.enrichment.client_base: gnomad rate limited (429), retrying in 2s...
2026-06-06 12:28:03.641 [WARNING] src.enrichment.client_base: gnomad rate limited (429), retrying in 1s...
2026-06-06 12:28:03.882 [ERROR] src.enrichment.client_base: gtex HTTP 422: Unprocessable Entity
2026-06-06 12:28:03.936 [ERROR] src.enrichment.client_base: gtex HTTP 422: Unprocessable Entity
2026-06-06 12:28:03.981 [WARNING] src.enrichment.client_base: gnomad rate limited (429), retrying in 2s...
2026-06-06 12:28:04.027 [WARNING] src.enrichment.client_base: gnomad rate limited (429), retrying in 1s...
2026-06-06 12:28:04.305 [WARNING] src.enrichment.client_base: gnomad rate limited (429), retrying in 1s...
2026-06-06 12:28:04.393 [ERROR] src.enrichment.client_base: gtex HTTP 422: Unprocessable Entity
2026-06-06 12:28:04.535 [ERROR] src.enrichment.client_base: gtex HTTP 422: Unprocessable Entity
2026-06-06 12:28:04.626 [ERROR] src.enrichment.client_base: gtex HTTP 422: Unprocessable Entity
2026-06-06 12:28:04.645 [WARNING] src.enrichment.client_base: gnomad rate limited (429), retrying in 2s...
2026-06-06 12:28:04.692 [WARNING] src.enrichment.client_base: gnomad rate limited (429), retrying in 1s...
2026-06-06 12:28:04.855 [ERROR] src.enrichment.client_base: gtex HTTP 422: Unprocessable Entity
2026-06-06 12:28:04.990 [ERROR] src.enrichment.client_base: gtex HTTP 422: Unprocessable Entity
2026-06-06 12:28:05.096 [WARNING] src.enrichment.client_base: gnomad rate limited (429), retrying in 1s...
2026-06-06 12:28:05.122 [ERROR] src.enrichment.client_base: gtex HTTP 422: Unprocessable Entity
2026-06-06 12:28:05.180 [WARNING] src.enrichment.client_base: gnomad rate limited (429), retrying in 1s...
2026-06-06 12:28:05.202 [ERROR] src.enrichment.client_base: gtex HTTP 422: Unprocessable Entity
2026-06-06 12:28:05.213 [ERROR] src.enrichment.client_base: gtex HTTP 422: Unprocessable Entity
2026-06-06 12:28:05.341 [WARNING] src.enrichment.client_base: gnomad rate limited (429), retrying in 2s...
2026-06-06 12:28:05.359 [WARNING] src.enrichment.client_base: gnomad rate limited (429), retrying in 2s...
2026-06-06 12:28:05.376 [ERROR] src.enrichment.client_base: gtex HTTP 422: Unprocessable Entity
2026-06-06 12:28:05.472 [WARNING] src.enrichment.client_base: gnomad rate limited (429), retrying in 1s...
2026-06-06 12:28:05.654 [WARNING] src.enrichment.client_base: gnomad rate limited (429), retrying in 2s...
2026-06-06 12:28:05.682 [WARNING] src.enrichment.client_base: gnomad rate limited (429), retrying in 4s...
2026-06-06 12:28:05.687 [ERROR] src.enrichment.client_base: gtex HTTP 422: Unprocessable Entity
2026-06-06 12:28:05.723 [ERROR] src.enrichment.client_base: gtex HTTP 422: Unprocessable Entity
2026-06-06 12:28:05.887 [ERROR] src.enrichment.client_base: gtex HTTP 422: Unprocessable Entity
2026-06-06 12:28:05.922 [WARNING] src.enrichment.client_base: gnomad rate limited (429), retrying in 1s...
2026-06-06 12:28:05.951 [WARNING] src.enrichment.client_base: gnomad rate limited (429), retrying in 4s...
2026-06-06 12:28:06.044 [WARNING] src.enrichment.client_base: gnomad rate limited (429), retrying in 2s...
2026-06-06 12:28:06.292 [WARNING] src.enrichment.client_base: gnomad rate limited (429), retrying in 4s...
2026-06-06 12:28:06.528 [WARNING] src.enrichment.client_base: gnomad rate limited (429), retrying in 2s...
2026-06-06 12:28:06.538 [ERROR] src.enrichment.client_base: gtex HTTP 422: Unprocessable Entity
2026-06-06 12:28:06.588 [ERROR] src.enrichment.client_base: gtex HTTP 422: Unprocessable Entity
2026-06-06 12:28:06.701 [WARNING] src.enrichment.client_base: gnomad rate limited (429), retrying in 1s...
2026-06-06 12:28:06.801 [WARNING] src.enrichment.client_base: gnomad rate limited (429), retrying in 2s...
2026-06-06 12:28:06.943 [ERROR] src.enrichment.client_base: gtex HTTP 422: Unprocessable Entity
2026-06-06 12:28:06.989 [WARNING] src.enrichment.client_base: gnomad rate limited (429), retrying in 4s...
2026-06-06 12:28:07.166 [ERROR] src.enrichment.client_base: gtex HTTP 422: Unprocessable Entity
2026-06-06 12:28:07.174 [WARNING] src.enrichment.client_base: gnomad rate limited (429), retrying in 2s...
2026-06-06 12:28:07.195 [ERROR] src.enrichment.client_base: gtex HTTP 422: Unprocessable Entity
2026-06-06 12:28:07.231 [ERROR] src.enrichment.client_base: gtex HTTP 422: Unprocessable Entity
2026-06-06 12:28:07.249 [WARNING] src.enrichment.client_base: gnomad rate limited (429), retrying in 2s...
2026-06-06 12:28:07.281 [ERROR] src.enrichment.client_base: gtex HTTP 422: Unprocessable Entity
2026-06-06 12:28:07.393 [ERROR] src.enrichment.client_base: gtex HTTP 422: Unprocessable Entity
2026-06-06 12:28:07.510 [ERROR] src.enrichment.client_base: gtex HTTP 422: Unprocessable Entity
2026-06-06 12:28:07.663 [WARNING] src.enrichment.client_base: gnomad rate limited (429), retrying in 4s...
2026-06-06 12:28:07.733 [ERROR] src.enrichment.client_base: gtex HTTP 422: Unprocessable Entity
2026-06-06 12:28:07.840 [ERROR] src.enrichment.client_base: gtex HTTP 422: Unprocessable Entity
2026-06-06 12:28:07.970 [WARNING] src.enrichment.client_base: gnomad rate limited (429), retrying in 4s...
2026-06-06 12:28:08.013 [WARNING] src.enrichment.client_base: gnomad rate limited (429), retrying in 2s...
2026-06-06 12:28:08.041 [WARNING] src.enrichment.client_base: gnomad rate limited (429), retrying in 4s...
2026-06-06 12:28:08.073 [ERROR] src.enrichment.client_base: gtex HTTP 422: Unprocessable Entity
2026-06-06 12:28:08.366 [WARNING] src.enrichment.client_base: gnomad rate limited (429), retrying in 4s...
2026-06-06 12:28:08.732 [ERROR] src.enrichment.client_base: gtex HTTP 422: Unprocessable Entity
2026-06-06 12:28:08.850 [ERROR] src.enrichment.client_base: gtex HTTP 422: Unprocessable Entity
2026-06-06 12:28:08.912 [WARNING] src.enrichment.client_base: gnomad rate limited (429), retrying in 1s...
2026-06-06 12:28:09.042 [ERROR] src.enrichment.client_base: gtex HTTP 422: Unprocessable Entity
2026-06-06 12:28:09.161 [ERROR] src.enrichment.client_base: gtex HTTP 422: Unprocessable Entity
2026-06-06 12:28:09.197 [ERROR] src.enrichment.client_base: gtex HTTP 422: Unprocessable Entity
2026-06-06 12:28:09.215 [WARNING] src.enrichment.client_base: gnomad rate limited (429), retrying in 4s...
2026-06-06 12:28:09.487 [WARNING] src.enrichment.client_base: gnomad rate limited (429), retrying in 4s...
2026-06-06 12:28:09.548 [WARNING] src.enrichment.client_base: gnomad rate limited (429), retrying in 4s...
2026-06-06 12:28:09.630 [ERROR] src.enrichment.client_base: gtex HTTP 422: Unprocessable Entity
2026-06-06 12:28:09.688 [ERROR] src.enrichment.client_base: gtex HTTP 422: Unprocessable Entity
2026-06-06 12:28:09.717 [WARNING] src.enrichment.client_base: gnomad rate limited (429), retrying in 1s...
2026-06-06 12:28:09.963 [WARNING] src.enrichment.client_base: gnomad rate limited (429), retrying in 4s...
2026-06-06 12:28:10.009 [WARNING] src.enrichment.client_base: gnomad rate limited (429), retrying in 8s...
2026-06-06 12:28:10.027 [ERROR] src.enrichment.client_base: gtex HTTP 422: Unprocessable Entity
2026-06-06 12:28:10.251 [WARNING] src.enrichment.client_base: gnomad rate limited (429), retrying in 2s...
2026-06-06 12:28:10.276 [WARNING] src.enrichment.client_base: gnomad rate limited (429), retrying in 8s...
2026-06-06 12:28:10.343 [WARNING] src.enrichment.client_base: gnomad rate limited (429), retrying in 4s...
2026-06-06 12:28:10.633 [WARNING] src.enrichment.client_base: gnomad rate limited (429), retrying in 8s...
2026-06-06 12:28:11.051 [WARNING] src.enrichment.client_base: gnomad rate limited (429), retrying in 2s...
2026-06-06 12:28:11.303 [WARNING] src.enrichment.client_base: gnomad rate limited (429), retrying in 8s...
2026-06-06 12:28:11.348 [ERROR] src.enrichment.client_base: gtex HTTP 422: Unprocessable Entity
2026-06-06 12:28:11.645 [ERROR] src.enrichment.client_base: gtex HTTP 422: Unprocessable Entity
2026-06-06 12:28:11.986 [WARNING] src.enrichment.client_base: gnomad rate limited (429), retrying in 8s...
2026-06-06 12:28:12.152 [ERROR] src.enrichment.client_base: gtex HTTP 422: Unprocessable Entity
2026-06-06 12:28:12.201 [ERROR] src.enrichment.client_base: gnomad HTTP 400: Bad Request
2026-06-06 12:28:12.273 [ERROR] src.enrichment.client_base: gnomad HTTP 400: Bad Request
2026-06-06 12:28:12.291 [ERROR] src.enrichment.client_base: gtex HTTP 422: Unprocessable Entity
2026-06-06 12:28:12.425 [ERROR] src.enrichment.client_base: gnomad HTTP 400: Bad Request
2026-06-06 12:28:12.468 [ERROR] src.enrichment.client_base: gnomad HTTP 400: Bad Request
2026-06-06 12:28:12.532 [ERROR] src.enrichment.client_base: gnomad HTTP 400: Bad Request
2026-06-06 12:28:12.590 [ERROR] src.enrichment.client_base: gtex HTTP 422: Unprocessable Entity
2026-06-06 12:28:12.593 [ERROR] src.enrichment.client_base: gnomad HTTP 400: Bad Request
2026-06-06 12:28:12.767 [ERROR] src.enrichment.client_base: gtex HTTP 422: Unprocessable Entity
2026-06-06 12:28:12.839 [ERROR] src.enrichment.client_base: gnomad HTTP 400: Bad Request
2026-06-06 12:28:13.054 [ERROR] src.enrichment.client_base: gtex HTTP 422: Unprocessable Entity
2026-06-06 12:28:13.184 [ERROR] src.enrichment.client_base: gtex HTTP 422: Unprocessable Entity
2026-06-06 12:28:13.310 [ERROR] src.enrichment.client_base: gnomad HTTP 400: Bad Request
2026-06-06 12:28:13.469 [ERROR] src.enrichment.client_base: gnomad HTTP 400: Bad Request
2026-06-06 12:28:13.540 [ERROR] src.enrichment.client_base: gtex HTTP 422: Unprocessable Entity
2026-06-06 12:28:13.670 [ERROR] src.enrichment.client_base: gtex HTTP 422: Unprocessable Entity
2026-06-06 12:28:13.676 [ERROR] src.enrichment.client_base: gnomad HTTP 400: Bad Request
2026-06-06 12:28:13.701 [ERROR] src.enrichment.client_base: gnomad HTTP 400: Bad Request
2026-06-06 12:28:13.716 [ERROR] src.enrichment.client_base: gnomad HTTP 400: Bad Request
2026-06-06 12:28:13.757 [ERROR] src.enrichment.client_base: gnomad HTTP 400: Bad Request
2026-06-06 12:28:13.773 [ERROR] src.enrichment.client_base: gnomad HTTP 400: Bad Request
2026-06-06 12:28:13.965 [ERROR] src.enrichment.client_base: gnomad HTTP 400: Bad Request
2026-06-06 12:28:14.003 [ERROR] src.enrichment.client_base: gnomad HTTP 400: Bad Request
2026-06-06 12:28:14.006 [ERROR] src.enrichment.client_base: gtex HTTP 422: Unprocessable Entity
2026-06-06 12:28:14.077 [ERROR] src.enrichment.client_base: gtex HTTP 422: Unprocessable Entity
2026-06-06 12:28:14.087 [ERROR] src.enrichment.client_base: gnomad HTTP 400: Bad Request
2026-06-06 12:28:14.194 [ERROR] src.enrichment.client_base: gnomad HTTP 400: Bad Request
2026-06-06 12:28:14.413 [ERROR] src.enrichment.client_base: gnomad HTTP 400: Bad Request
2026-06-06 12:28:14.506 [ERROR] src.enrichment.client_base: gtex HTTP 422: Unprocessable Entity
2026-06-06 12:28:14.513 [ERROR] src.enrichment.client_base: gtex HTTP 422: Unprocessable Entity
2026-06-06 12:28:14.524 [ERROR] src.enrichment.client_base: gtex HTTP 422: Unprocessable Entity
2026-06-06 12:28:14.568 [ERROR] src.enrichment.client_base: gtex HTTP 422: Unprocessable Entity
2026-06-06 12:28:14.807 [ERROR] src.enrichment.client_base: gtex HTTP 422: Unprocessable Entity
2026-06-06 12:28:14.975 [ERROR] src.enrichment.client_base: gtex HTTP 422: Unprocessable Entity
2026-06-06 12:28:15.014 [ERROR] src.enrichment.client_base: gnomad HTTP 400: Bad Request
2026-06-06 12:28:15.016 [ERROR] src.enrichment.client_base: gtex HTTP 422: Unprocessable Entity
2026-06-06 12:28:15.142 [ERROR] src.enrichment.client_base: gtex HTTP 422: Unprocessable Entity
2026-06-06 12:28:15.208 [ERROR] src.enrichment.client_base: gnomad HTTP 400: Bad Request
2026-06-06 12:28:15.265 [ERROR] src.enrichment.client_base: gnomad HTTP 400: Bad Request
2026-06-06 12:28:15.276 [ERROR] src.enrichment.client_base: gnomad HTTP 400: Bad Request
2026-06-06 12:28:15.294 [ERROR] src.enrichment.client_base: gnomad HTTP 400: Bad Request
2026-06-06 12:28:15.513 [ERROR] src.enrichment.client_base: gtex HTTP 422: Unprocessable Entity
2026-06-06 12:28:15.667 [ERROR] src.enrichment.client_base: gnomad HTTP 400: Bad Request
2026-06-06 12:28:15.803 [ERROR] src.enrichment.client_base: gtex HTTP 422: Unprocessable Entity
2026-06-06 12:28:15.909 [ERROR] src.enrichment.client_base: gnomad HTTP 400: Bad Request
2026-06-06 12:28:15.989 [ERROR] src.enrichment.client_base: gnomad HTTP 400: Bad Request
2026-06-06 12:28:16.024 [ERROR] src.enrichment.client_base: gtex HTTP 422: Unprocessable Entity
2026-06-06 12:28:16.252 [ERROR] src.enrichment.client_base: gtex HTTP 422: Unprocessable Entity
2026-06-06 12:28:16.309 [ERROR] src.enrichment.client_base: gnomad HTTP 400: Bad Request
2026-06-06 12:28:16.456 [ERROR] src.enrichment.client_base: gtex HTTP 422: Unprocessable Entity
2026-06-06 12:28:16.476 [ERROR] src.enrichment.client_base: gtex HTTP 422: Unprocessable Entity
2026-06-06 12:28:16.478 [ERROR] src.enrichment.client_base: gtex HTTP 422: Unprocessable Entity
2026-06-06 12:28:16.494 [ERROR] src.enrichment.client_base: gnomad HTTP 400: Bad Request
2026-06-06 12:28:16.607 [ERROR] src.enrichment.client_base: gtex HTTP 422: Unprocessable Entity
2026-06-06 12:28:16.692 [ERROR] src.enrichment.client_base: gnomad HTTP 400: Bad Request
2026-06-06 12:28:16.964 [ERROR] src.enrichment.client_base: gtex HTTP 422: Unprocessable Entity
2026-06-06 12:28:17.075 [ERROR] src.enrichment.client_base: gtex HTTP 422: Unprocessable Entity
2026-06-06 12:28:17.323 [ERROR] src.enrichment.client_base: gnomad HTTP 400: Bad Request
2026-06-06 12:28:17.442 [ERROR] src.enrichment.client_base: gnomad HTTP 400: Bad Request
2026-06-06 12:28:17.488 [ERROR] src.enrichment.client_base: gnomad HTTP 400: Bad Request
2026-06-06 12:28:17.512 [ERROR] src.enrichment.client_base: gtex HTTP 422: Unprocessable Entity
2026-06-06 12:28:17.614 [ERROR] src.enrichment.client_base: gtex HTTP 422: Unprocessable Entity
2026-06-06 12:28:17.628 [ERROR] src.enrichment.client_base: gtex HTTP 422: Unprocessable Entity
2026-06-06 12:28:17.876 [ERROR] src.enrichment.client_base: gnomad HTTP 400: Bad Request
2026-06-06 12:28:17.905 [ERROR] src.enrichment.client_base: gnomad HTTP 400: Bad Request
2026-06-06 12:28:17.983 [ERROR] src.enrichment.client_base: gnomad HTTP 400: Bad Request
2026-06-06 12:28:17.985 [ERROR] src.enrichment.client_base: gtex HTTP 422: Unprocessable Entity
2026-06-06 12:28:18.223 [ERROR] src.enrichment.client_base: gnomad HTTP 400: Bad Request
2026-06-06 12:28:18.292 [ERROR] src.enrichment.client_base: gnomad HTTP 400: Bad Request
2026-06-06 12:28:18.531 [ERROR] src.enrichment.client_base: gnomad HTTP 400: Bad Request
2026-06-06 12:28:18.537 [ERROR] src.enrichment.client_base: gtex HTTP 422: Unprocessable Entity
2026-06-06 12:28:18.562 [ERROR] src.enrichment.client_base: gnomad HTTP 400: Bad Request
2026-06-06 12:28:18.575 [ERROR] src.enrichment.client_base: gtex HTTP 422: Unprocessable Entity
2026-06-06 12:28:18.731 [ERROR] src.enrichment.client_base: gnomad HTTP 400: Bad Request
2026-06-06 12:28:18.861 [ERROR] src.enrichment.client_base: gnomad HTTP 400: Bad Request
2026-06-06 12:28:18.926 [ERROR] src.enrichment.client_base: gtex HTTP 422: Unprocessable Entity
2026-06-06 12:28:19.005 [ERROR] src.enrichment.client_base: gtex HTTP 422: Unprocessable Entity
2026-06-06 12:28:19.065 [ERROR] src.enrichment.client_base: gtex HTTP 422: Unprocessable Entity
2026-06-06 12:28:19.290 [ERROR] src.enrichment.client_base: gtex HTTP 422: Unprocessable Entity
2026-06-06 12:28:19.443 [ERROR] src.enrichment.client_base: gnomad HTTP 400: Bad Request
2026-06-06 12:28:19.507 [ERROR] src.enrichment.client_base: gnomad HTTP 400: Bad Request
2026-06-06 12:28:19.528 [ERROR] src.enrichment.client_base: gnomad HTTP 400: Bad Request
2026-06-06 12:28:19.761 [ERROR] src.enrichment.client_base: gnomad HTTP 400: Bad Request
2026-06-06 12:28:20.134 [ERROR] src.enrichment.client_base: gnomad HTTP 400: Bad Request
2026-06-06 12:28:20.208 [ERROR] src.enrichment.client_base: gnomad HTTP 400: Bad Request
2026-06-06 12:28:20.394 [ERROR] src.enrichment.client_base: gnomad HTTP 400: Bad Request
2026-06-06 12:28:20.470 [ERROR] src.enrichment.client_base: gnomad HTTP 400: Bad Request
2026-06-06 12:28:20.579 [ERROR] src.enrichment.client_base: gnomad HTTP 400: Bad Request
2026-06-06 12:28:20.612 [ERROR] src.enrichment.client_base: gnomad HTTP 400: Bad Request
2026-06-06 12:28:20.786 [ERROR] src.enrichment.client_base: gnomad HTTP 400: Bad Request
2026-06-06 12:28:20.880 [WARNING] src.enrichment.client_base: gnomad rate limited (429), retrying in 2s...
2026-06-06 12:28:20.906 [WARNING] src.enrichment.client_base: gnomad rate limited (429), retrying in 1s...
2026-06-06 12:28:20.940 [WARNING] src.enrichment.client_base: gnomad rate limited (429), retrying in 1s...
2026-06-06 12:28:21.023 [ERROR] src.enrichment.client_base: gtex HTTP 422: Unprocessable Entity
2026-06-06 12:28:21.559 [WARNING] src.enrichment.client_base: gnomad rate limited (429), retrying in 2s...
2026-06-06 12:28:21.620 [ERROR] src.enrichment.client_base: gtex HTTP 422: Unprocessable Entity
2026-06-06 12:28:21.635 [ERROR] src.enrichment.client_base: gtex HTTP 422: Unprocessable Entity
2026-06-06 12:28:21.712 [WARNING] src.enrichment.client_base: gnomad rate limited (429), retrying in 2s...
2026-06-06 12:28:21.755 [WARNING] src.enrichment.client_base: gnomad rate limited (429), retrying in 8s...
2026-06-06 12:28:21.768 [WARNING] src.enrichment.client_base: gnomad rate limited (429), retrying in 4s...
2026-06-06 12:28:21.816 [WARNING] src.enrichment.client_base: gnomad rate limited (429), retrying in 8s...
2026-06-06 12:28:21.833 [ERROR] src.enrichment.client_base: gtex HTTP 422: Unprocessable Entity
2026-06-06 12:28:21.861 [WARNING] src.enrichment.client_base: gnomad rate limited (429), retrying in 4s...
2026-06-06 12:28:22.108 [WARNING] src.enrichment.client_base: gnomad rate limited (429), retrying in 4s...
2026-06-06 12:28:22.121 [ERROR] src.enrichment.client_base: gtex HTTP 422: Unprocessable Entity
2026-06-06 12:28:22.233 [WARNING] src.enrichment.client_base: gnomad rate limited (429), retrying in 8s...
2026-06-06 12:28:22.235 [WARNING] src.enrichment.client_base: gnomad rate limited (429), retrying in 2s...
2026-06-06 12:28:22.244 [WARNING] src.enrichment.client_base: gnomad rate limited (429), retrying in 8s...
2026-06-06 12:28:22.274 [WARNING] src.enrichment.client_base: gnomad rate limited (429), retrying in 2s...
2026-06-06 12:28:22.314 [ERROR] src.enrichment.client_base: gtex HTTP 422: Unprocessable Entity
2026-06-06 12:28:22.464 [ERROR] src.enrichment.client_base: gtex HTTP 422: Unprocessable Entity
2026-06-06 12:28:22.658 [ERROR] src.enrichment.client_base: gtex HTTP 422: Unprocessable Entity
2026-06-06 12:28:22.659 [ERROR] src.enrichment.client_base: gtex HTTP 422: Unprocessable Entity
2026-06-06 12:28:22.787 [WARNING] src.enrichment.client_base: gnomad rate limited (429), retrying in 4s...
2026-06-06 12:28:23.024 [ERROR] src.enrichment.client_base: gtex HTTP 422: Unprocessable Entity
2026-06-06 12:28:23.086 [WARNING] src.enrichment.client_base: gnomad rate limited (429), retrying in 8s...
2026-06-06 12:28:23.118 [ERROR] src.enrichment.client_base: gtex HTTP 422: Unprocessable Entity
2026-06-06 12:28:23.160 [ERROR] src.enrichment.client_base: gtex HTTP 422: Unprocessable Entity
2026-06-06 12:28:23.393 [ERROR] src.enrichment.client_base: gtex HTTP 422: Unprocessable Entity
2026-06-06 12:28:23.504 [ERROR] src.enrichment.client_base: gtex HTTP 422: Unprocessable Entity
2026-06-06 12:28:23.584 [WARNING] src.enrichment.client_base: gnomad rate limited (429), retrying in 4s...
2026-06-06 12:28:23.743 [ERROR] src.enrichment.client_base: gtex HTTP 422: Unprocessable Entity
2026-06-06 12:28:23.769 [ERROR] src.enrichment.client_base: gtex HTTP 422: Unprocessable Entity
2026-06-06 12:28:23.849 [ERROR] src.enrichment.client_base: gtex HTTP 422: Unprocessable Entity
2026-06-06 12:28:23.889 [WARNING] src.enrichment.client_base: gnomad rate limited (429), retrying in 4s...
2026-06-06 12:28:24.036 [WARNING] src.enrichment.client_base: gnomad rate limited (429), retrying in 4s...
2026-06-06 12:28:24.120 [ERROR] src.enrichment.client_base: gtex HTTP 422: Unprocessable Entity
2026-06-06 12:28:24.213 [ERROR] src.enrichment.client_base: gtex HTTP 422: Unprocessable Entity
2026-06-06 12:28:24.554 [WARNING] src.enrichment.client_base: gnomad rate limited (429), retrying in 4s...
2026-06-06 12:28:24.589 [WARNING] src.enrichment.client_base: gnomad rate limited (429), retrying in 4s...
2026-06-06 12:28:24.615 [ERROR] src.enrichment.client_base: gtex HTTP 422: Unprocessable Entity
2026-06-06 12:28:24.631 [ERROR] src.enrichment.client_base: gtex HTTP 422: Unprocessable Entity
2026-06-06 12:28:24.961 [ERROR] src.enrichment.client_base: gtex HTTP 422: Unprocessable Entity
2026-06-06 12:28:25.107 [WARNING] src.enrichment.client_base: gnomad rate limited (429), retrying in 8s...
2026-06-06 12:28:25.317 [ERROR] src.enrichment.client_base: gtex HTTP 422: Unprocessable Entity
2026-06-06 12:28:25.476 [ERROR] src.enrichment.client_base: gtex HTTP 422: Unprocessable Entity
2026-06-06 12:28:25.914 [ERROR] src.enrichment.client_base: gtex HTTP 422: Unprocessable Entity
2026-06-06 12:28:25.923 [ERROR] src.enrichment.client_base: gtex HTTP 422: Unprocessable Entity
2026-06-06 12:28:26.075 [ERROR] src.enrichment.client_base: gtex HTTP 422: Unprocessable Entity
2026-06-06 12:28:26.097 [WARNING] src.enrichment.client_base: gnomad rate limited (429), retrying in 8s...
2026-06-06 12:28:26.179 [WARNING] src.enrichment.client_base: gnomad rate limited (429), retrying in 8s...
2026-06-06 12:28:26.294 [ERROR] src.enrichment.client_base: gtex HTTP 422: Unprocessable Entity
2026-06-06 12:28:26.579 [ERROR] src.enrichment.client_base: gtex HTTP 422: Unprocessable Entity
2026-06-06 12:28:26.587 [ERROR] src.enrichment.client_base: gtex HTTP 422: Unprocessable Entity
2026-06-06 12:28:26.661 [ERROR] src.enrichment.client_base: gtex HTTP 422: Unprocessable Entity
2026-06-06 12:28:26.789 [WARNING] src.enrichment.client_base: gnomad rate limited (429), retrying in 8s...
2026-06-06 12:28:27.071 [ERROR] src.enrichment.client_base: gtex HTTP 422: Unprocessable Entity
2026-06-06 12:28:27.094 [ERROR] src.enrichment.client_base: gtex HTTP 422: Unprocessable Entity
2026-06-06 12:28:27.112 [WARNING] src.enrichment.client_base: gnomad rate limited (429), retrying in 8s...
2026-06-06 12:28:27.125 [ERROR] src.enrichment.client_base: gtex HTTP 422: Unprocessable Entity
2026-06-06 12:28:27.383 [ERROR] src.enrichment.client_base: gtex HTTP 422: Unprocessable Entity
2026-06-06 12:28:27.417 [ERROR] src.enrichment.client_base: gtex HTTP 422: Unprocessable Entity
2026-06-06 12:28:27.782 [ERROR] src.enrichment.client_base: gtex HTTP 422: Unprocessable Entity
2026-06-06 12:28:27.911 [WARNING] src.enrichment.client_base: gnomad rate limited (429), retrying in 8s...
2026-06-06 12:28:28.030 [ERROR] src.enrichment.client_base: gtex HTTP 422: Unprocessable Entity
2026-06-06 12:28:28.646 [WARNING] src.enrichment.client_base: gnomad rate limited (429), retrying in 8s...
2026-06-06 12:28:28.740 [ERROR] src.enrichment.client_base: gtex HTTP 422: Unprocessable Entity
2026-06-06 12:28:28.763 [WARNING] src.enrichment.client_base: gnomad rate limited (429), retrying in 8s...
2026-06-06 12:28:28.823 [ERROR] src.enrichment.client_base: gtex HTTP 422: Unprocessable Entity
2026-06-06 12:28:28.873 [WARNING] src.enrichment.client_base: gnomad rate limited (429), retrying in 8s...
2026-06-06 12:28:29.325 [WARNING] src.enrichment.client_base: gnomad rate limited (429), retrying in 8s...
2026-06-06 12:28:30.081 [WARNING] src.enrichment.client_base: gnomad rate limited (429), retrying in 1s...
2026-06-06 12:28:30.143 [WARNING] src.enrichment.client_base: gnomad rate limited (429), retrying in 1s...
2026-06-06 12:28:30.236 [ERROR] src.enrichment.client_base: gtex HTTP 422: Unprocessable Entity
2026-06-06 12:28:30.482 [ERROR] src.enrichment.client_base: gtex HTTP 422: Unprocessable Entity
2026-06-06 12:28:30.558 [WARNING] src.enrichment.client_base: gnomad rate limited (429), retrying in 1s...
2026-06-06 12:28:30.563 [WARNING] src.enrichment.client_base: gnomad rate limited (429), retrying in 1s...
2026-06-06 12:28:30.762 [ERROR] src.enrichment.client_base: gtex HTTP 422: Unprocessable Entity
2026-06-06 12:28:31.063 [ERROR] src.enrichment.client_base: gtex HTTP 422: Unprocessable Entity
2026-06-06 12:28:31.304 [ERROR] src.enrichment.client_base: gtex HTTP 422: Unprocessable Entity
2026-06-06 12:28:31.390 [WARNING] src.enrichment.client_base: gnomad rate limited (429), retrying in 2s...
2026-06-06 12:28:31.404 [WARNING] src.enrichment.client_base: gnomad rate limited (429), retrying in 1s...
2026-06-06 12:28:31.465 [WARNING] src.enrichment.client_base: gnomad rate limited (429), retrying in 2s...
2026-06-06 12:28:31.542 [ERROR] src.enrichment.client_base: gtex HTTP 422: Unprocessable Entity
2026-06-06 12:28:31.544 [ERROR] src.enrichment.client_base: gtex HTTP 422: Unprocessable Entity
2026-06-06 12:28:31.552 [ERROR] src.enrichment.client_base: gtex HTTP 422: Unprocessable Entity
2026-06-06 12:28:31.787 [ERROR] src.enrichment.client_base: gtex HTTP 422: Unprocessable Entity
2026-06-06 12:28:31.874 [WARNING] src.enrichment.client_base: gnomad rate limited (429), retrying in 2s...
2026-06-06 12:28:31.874 [WARNING] src.enrichment.client_base: gnomad rate limited (429), retrying in 2s...
2026-06-06 12:28:31.878 [ERROR] src.enrichment.client_base: gtex HTTP 422: Unprocessable Entity
2026-06-06 12:28:32.183 [ERROR] src.enrichment.client_base: gtex HTTP 422: Unprocessable Entity
2026-06-06 12:28:32.250 [ERROR] src.enrichment.client_base: gtex HTTP 422: Unprocessable Entity
2026-06-06 12:28:32.372 [ERROR] src.enrichment.client_base: gtex HTTP 422: Unprocessable Entity
2026-06-06 12:28:32.565 [ERROR] src.enrichment.client_base: gtex HTTP 422: Unprocessable Entity
2026-06-06 12:28:32.704 [ERROR] src.enrichment.client_base: gtex HTTP 422: Unprocessable Entity
2026-06-06 12:28:32.736 [WARNING] src.enrichment.client_base: gnomad rate limited (429), retrying in 2s...
2026-06-06 12:28:33.234 [ERROR] src.enrichment.client_base: gtex HTTP 422: Unprocessable Entity
2026-06-06 12:28:33.438 [WARNING] src.enrichment.client_base: gnomad rate limited (429), retrying in 1s...
2026-06-06 12:28:33.519 [ERROR] src.enrichment.client_base: gtex HTTP 422: Unprocessable Entity
2026-06-06 12:28:33.717 [ERROR] src.enrichment.client_base: gtex HTTP 422: Unprocessable Entity
2026-06-06 12:28:33.744 [WARNING] src.enrichment.client_base: gnomad rate limited (429), retrying in 4s...
2026-06-06 12:28:33.796 [WARNING] src.enrichment.client_base: gnomad rate limited (429), retrying in 4s...
2026-06-06 12:28:33.847 [ERROR] src.enrichment.client_base: gtex HTTP 422: Unprocessable Entity
2026-06-06 12:28:34.278 [WARNING] src.enrichment.client_base: gnomad rate limited (429), retrying in 4s...
2026-06-06 12:28:34.278 [ERROR] src.enrichment.client_base: gtex HTTP 422: Unprocessable Entity
2026-06-06 12:28:34.279 [WARNING] src.enrichment.client_base: gnomad rate limited (429), retrying in 4s...
2026-06-06 12:28:34.382 [ERROR] src.enrichment.client_base: gtex HTTP 422: Unprocessable Entity
2026-06-06 12:28:34.426 [WARNING] src.enrichment.client_base: gnomad rate limited (429), retrying in 1s...
2026-06-06 12:28:34.501 [ERROR] src.enrichment.client_base: gtex HTTP 422: Unprocessable Entity
2026-06-06 12:28:34.508 [WARNING] src.enrichment.client_base: gnomad rate limited (429), retrying in 1s...
2026-06-06 12:28:34.564 [ERROR] src.enrichment.client_base: gtex HTTP 422: Unprocessable Entity
2026-06-06 12:28:34.711 [ERROR] src.enrichment.client_base: gtex HTTP 422: Unprocessable Entity
2026-06-06 12:28:34.755 [WARNING] src.enrichment.client_base: gnomad rate limited (429), retrying in 2s...
2026-06-06 12:28:35.058 [WARNING] src.enrichment.client_base: gnomad rate limited (429), retrying in 4s...
2026-06-06 12:28:35.097 [WARNING] src.enrichment.client_base: gnomad rate limited (429), retrying in 1s...
2026-06-06 12:28:35.430 [WARNING] src.enrichment.client_base: gnomad rate limited (429), retrying in 1s...
2026-06-06 12:28:35.500 [ERROR] src.enrichment.client_base: gtex HTTP 422: Unprocessable Entity
2026-06-06 12:28:35.666 [ERROR] src.enrichment.client_base: gtex HTTP 422: Unprocessable Entity
2026-06-06 12:28:35.711 [ERROR] src.enrichment.client_base: gtex HTTP 422: Unprocessable Entity
2026-06-06 12:28:35.791 [ERROR] src.enrichment.client_base: gtex HTTP 422: Unprocessable Entity
2026-06-06 12:28:35.825 [WARNING] src.enrichment.client_base: gnomad rate limited (429), retrying in 2s...
2026-06-06 12:28:35.970 [ERROR] src.enrichment.client_base: gtex HTTP 422: Unprocessable Entity
2026-06-06 12:28:35.971 [ERROR] src.enrichment.client_base: gtex HTTP 422: Unprocessable Entity
2026-06-06 12:28:35.982 [ERROR] src.enrichment.client_base: gtex HTTP 422: Unprocessable Entity
2026-06-06 12:28:36.131 [WARNING] src.enrichment.client_base: gnomad rate limited (429), retrying in 2s...
2026-06-06 12:28:36.257 [WARNING] src.enrichment.client_base: gnomad rate limited (429), retrying in 1s...
2026-06-06 12:28:36.311 [ERROR] src.enrichment.client_base: gtex HTTP 422: Unprocessable Entity
2026-06-06 12:28:36.311 [ERROR] src.enrichment.client_base: gtex HTTP 422: Unprocessable Entity
2026-06-06 12:28:36.428 [WARNING] src.enrichment.client_base: gnomad rate limited (429), retrying in 2s...
2026-06-06 12:28:36.733 [ERROR] src.enrichment.client_base: gtex HTTP 422: Unprocessable Entity
2026-06-06 12:28:36.773 [WARNING] src.enrichment.client_base: gnomad rate limited (429), retrying in 2s...
2026-06-06 12:28:36.842 [ERROR] src.enrichment.client_base: gtex HTTP 422: Unprocessable Entity
2026-06-06 12:28:36.998 [WARNING] src.enrichment.client_base: gnomad rate limited (429), retrying in 1s...
2026-06-06 12:28:37.224 [ERROR] src.enrichment.client_base: gtex HTTP 422: Unprocessable Entity
2026-06-06 12:28:37.224 [ERROR] src.enrichment.client_base: gtex HTTP 422: Unprocessable Entity
2026-06-06 12:28:37.224 [WARNING] src.enrichment.client_base: gnomad rate limited (429), retrying in 4s...
2026-06-06 12:28:37.225 [WARNING] src.enrichment.client_base: gnomad rate limited (429), retrying in 1s...
2026-06-06 12:28:37.225 [WARNING] src.enrichment.client_base: gnomad rate limited (429), retrying in 1s...
2026-06-06 12:28:37.517 [ERROR] src.enrichment.client_base: gtex HTTP 422: Unprocessable Entity
2026-06-06 12:28:37.650 [WARNING] src.enrichment.client_base: gnomad rate limited (429), retrying in 1s...
2026-06-06 12:28:37.799 [ERROR] src.enrichment.client_base: gtex HTTP 422: Unprocessable Entity
2026-06-06 12:28:37.976 [WARNING] src.enrichment.client_base: gnomad rate limited (429), retrying in 2s...
2026-06-06 12:28:38.059 [WARNING] src.enrichment.client_base: gnomad rate limited (429), retrying in 8s...
2026-06-06 12:28:38.120 [WARNING] src.enrichment.client_base: gnomad rate limited (429), retrying in 8s...
2026-06-06 12:28:38.139 [WARNING] src.enrichment.client_base: gnomad rate limited (429), retrying in 4s...
2026-06-06 12:28:38.318 [WARNING] src.enrichment.client_base: gnomad rate limited (429), retrying in 2s...
2026-06-06 12:28:38.424 [ERROR] src.enrichment.client_base: gtex HTTP 422: Unprocessable Entity
2026-06-06 12:28:38.541 [WARNING] src.enrichment.client_base: gnomad rate limited (429), retrying in 2s...
2026-06-06 12:28:38.550 [WARNING] src.enrichment.client_base: gnomad rate limited (429), retrying in 2s...
2026-06-06 12:28:38.602 [WARNING] src.enrichment.client_base: gnomad rate limited (429), retrying in 8s...
2026-06-06 12:28:38.608 [WARNING] src.enrichment.client_base: gnomad rate limited (429), retrying in 8s...
2026-06-06 12:28:38.783 [WARNING] src.enrichment.client_base: gnomad rate limited (429), retrying in 4s...
2026-06-06 12:28:38.815 [WARNING] src.enrichment.client_base: gnomad rate limited (429), retrying in 4s...
2026-06-06 12:28:38.989 [WARNING] src.enrichment.client_base: gnomad rate limited (429), retrying in 2s...
2026-06-06 12:28:39.115 [WARNING] src.enrichment.client_base: gnomad rate limited (429), retrying in 4s...
2026-06-06 12:28:39.375 [WARNING] src.enrichment.client_base: gnomad rate limited (429), retrying in 8s...
2026-06-06 12:28:39.684 [ERROR] src.enrichment.client_base: gtex HTTP 422: Unprocessable Entity
2026-06-06 12:28:39.994 [ERROR] src.enrichment.client_base: gtex HTTP 422: Unprocessable Entity
2026-06-06 12:28:40.159 [ERROR] src.enrichment.client_base: gtex HTTP 422: Unprocessable Entity
2026-06-06 12:28:40.271 [ERROR] src.enrichment.client_base: gtex HTTP 422: Unprocessable Entity
2026-06-06 12:28:40.308 [WARNING] src.enrichment.client_base: gnomad rate limited (429), retrying in 4s...
2026-06-06 12:28:40.422 [ERROR] src.enrichment.client_base: gtex HTTP 422: Unprocessable Entity
2026-06-06 12:28:40.644 [WARNING] src.enrichment.client_base: gnomad rate limited (429), retrying in 4s...
2026-06-06 12:28:40.771 [ERROR] src.enrichment.client_base: gtex HTTP 422: Unprocessable Entity
2026-06-06 12:28:40.861 [WARNING] src.enrichment.client_base: gnomad rate limited (429), retrying in 4s...
2026-06-06 12:28:40.871 [WARNING] src.enrichment.client_base: gnomad rate limited (429), retrying in 4s...
2026-06-06 12:28:40.890 [ERROR] src.enrichment.client_base: gtex HTTP 422: Unprocessable Entity
2026-06-06 12:28:41.141 [ERROR] src.enrichment.client_base: gtex HTTP 422: Unprocessable Entity
2026-06-06 12:28:41.203 [ERROR] src.enrichment.client_base: gtex HTTP 422: Unprocessable Entity
2026-06-06 12:28:41.258 [ERROR] src.enrichment.client_base: gtex HTTP 422: Unprocessable Entity
2026-06-06 12:28:41.296 [ERROR] src.enrichment.client_base: gtex HTTP 422: Unprocessable Entity
2026-06-06 12:28:41.302 [WARNING] src.enrichment.client_base: gnomad rate limited (429), retrying in 4s...
2026-06-06 12:28:41.543 [WARNING] src.enrichment.client_base: gnomad rate limited (429), retrying in 8s...
2026-06-06 12:28:41.667 [ERROR] src.enrichment.client_base: gtex HTTP 422: Unprocessable Entity
2026-06-06 12:28:41.675 [ERROR] src.enrichment.client_base: gtex HTTP 422: Unprocessable Entity
2026-06-06 12:28:41.744 [ERROR] src.enrichment.client_base: gtex HTTP 422: Unprocessable Entity
2026-06-06 12:28:42.340 [ERROR] src.enrichment.client_base: gtex HTTP 422: Unprocessable Entity
2026-06-06 12:28:42.365 [ERROR] src.enrichment.client_base: gtex HTTP 422: Unprocessable Entity
2026-06-06 12:28:42.453 [WARNING] src.enrichment.client_base: gnomad rate limited (429), retrying in 8s...
2026-06-06 12:28:42.586 [ERROR] src.enrichment.client_base: gtex HTTP 422: Unprocessable Entity
2026-06-06 12:28:42.712 [ERROR] src.enrichment.client_base: gtex HTTP 422: Unprocessable Entity
2026-06-06 12:28:42.897 [ERROR] src.enrichment.client_base: gtex HTTP 422: Unprocessable Entity
2026-06-06 12:28:43.105 [WARNING] src.enrichment.client_base: gnomad rate limited (429), retrying in 8s...
2026-06-06 12:28:43.140 [ERROR] src.enrichment.client_base: gtex HTTP 422: Unprocessable Entity
2026-06-06 12:28:43.163 [WARNING] src.enrichment.client_base: gnomad rate limited (429), retrying in 8s...
2026-06-06 12:28:43.190 [ERROR] src.enrichment.client_base: gtex HTTP 422: Unprocessable Entity
2026-06-06 12:28:43.374 [ERROR] src.enrichment.client_base: gtex HTTP 422: Unprocessable Entity
2026-06-06 12:28:43.475 [WARNING] src.enrichment.client_base: gnomad rate limited (429), retrying in 8s...
2026-06-06 12:28:43.816 [ERROR] src.enrichment.client_base: gtex HTTP 422: Unprocessable Entity
2026-06-06 12:28:44.135 [ERROR] src.enrichment.client_base: gtex HTTP 422: Unprocessable Entity
2026-06-06 12:28:44.461 [ERROR] src.enrichment.client_base: gtex HTTP 422: Unprocessable Entity
2026-06-06 12:28:44.729 [WARNING] src.enrichment.client_base: gnomad rate limited (429), retrying in 8s...
2026-06-06 12:28:44.966 [WARNING] src.enrichment.client_base: gnomad rate limited (429), retrying in 8s...
2026-06-06 12:28:45.024 [ERROR] src.enrichment.client_base: gtex HTTP 422: Unprocessable Entity
2026-06-06 12:28:45.141 [ERROR] src.enrichment.client_base: gtex HTTP 422: Unprocessable Entity
2026-06-06 12:28:45.200 [WARNING] src.enrichment.client_base: gnomad rate limited (429), retrying in 8s...
2026-06-06 12:28:45.204 [ERROR] src.enrichment.client_base: gtex HTTP 422: Unprocessable Entity
2026-06-06 12:28:45.214 [WARNING] src.enrichment.client_base: gnomad rate limited (429), retrying in 8s...
2026-06-06 12:28:45.290 [ERROR] src.enrichment.client_base: gtex HTTP 422: Unprocessable Entity
2026-06-06 12:28:45.428 [ERROR] src.enrichment.client_base: gtex HTTP 422: Unprocessable Entity
2026-06-06 12:28:45.587 [ERROR] src.enrichment.client_base: gtex HTTP 422: Unprocessable Entity
2026-06-06 12:28:45.621 [WARNING] src.enrichment.client_base: gnomad rate limited (429), retrying in 8s...
2026-06-06 12:28:45.635 [ERROR] src.enrichment.client_base: gtex HTTP 422: Unprocessable Entity
2026-06-06 12:28:45.684 [ERROR] src.enrichment.client_base: gtex HTTP 422: Unprocessable Entity
2026-06-06 12:28:45.745 [ERROR] src.enrichment.client_base: gtex HTTP 422: Unprocessable Entity
2026-06-06 12:28:46.115 [ERROR] src.enrichment.client_base: gtex HTTP 422: Unprocessable Entity
2026-06-06 12:28:46.378 [ERROR] src.enrichment.client_base: gtex HTTP 422: Unprocessable Entity
2026-06-06 12:28:46.477 [WARNING] src.enrichment.client_base: gnomad rate limited (429), retrying in 1s...
2026-06-06 12:28:46.477 [WARNING] src.enrichment.client_base: gnomad rate limited (429), retrying in 1s...
2026-06-06 12:28:46.839 [ERROR] src.enrichment.client_base: gtex HTTP 422: Unprocessable Entity
2026-06-06 12:28:46.885 [ERROR] src.enrichment.client_base: gtex HTTP 422: Unprocessable Entity
2026-06-06 12:28:46.919 [WARNING] src.enrichment.client_base: gnomad rate limited (429), retrying in 1s...
2026-06-06 12:28:46.927 [WARNING] src.enrichment.client_base: gnomad rate limited (429), retrying in 1s...
2026-06-06 12:28:47.196 [ERROR] src.enrichment.client_base: gtex HTTP 422: Unprocessable Entity
2026-06-06 12:28:47.685 [WARNING] src.enrichment.client_base: gnomad rate limited (429), retrying in 1s...
2026-06-06 12:28:47.700 [ERROR] src.enrichment.client_base: gtex HTTP 422: Unprocessable Entity
2026-06-06 12:28:47.790 [WARNING] src.enrichment.client_base: gnomad rate limited (429), retrying in 2s...
2026-06-06 12:28:47.795 [WARNING] src.enrichment.client_base: gnomad rate limited (429), retrying in 2s...
2026-06-06 12:28:48.246 [WARNING] src.enrichment.client_base: gnomad rate limited (429), retrying in 2s...
2026-06-06 12:28:48.261 [WARNING] src.enrichment.client_base: gnomad rate limited (429), retrying in 2s...
2026-06-06 12:28:49.013 [WARNING] src.enrichment.client_base: gnomad rate limited (429), retrying in 2s...
2026-06-06 12:28:49.348 [ERROR] src.enrichment.client_base: gtex HTTP 422: Unprocessable Entity
2026-06-06 12:28:49.472 [ERROR] src.enrichment.client_base: gtex HTTP 422: Unprocessable Entity
2026-06-06 12:28:49.671 [ERROR] src.enrichment.client_base: gtex HTTP 422: Unprocessable Entity
2026-06-06 12:28:49.897 [WARNING] src.enrichment.client_base: gnomad rate limited (429), retrying in 1s...
2026-06-06 12:28:49.927 [ERROR] src.enrichment.client_base: gtex HTTP 422: Unprocessable Entity
2026-06-06 12:28:50.060 [ERROR] src.enrichment.client_base: gtex HTTP 422: Unprocessable Entity
2026-06-06 12:28:50.086 [ERROR] src.enrichment.client_base: gtex HTTP 422: Unprocessable Entity
2026-06-06 12:28:50.106 [WARNING] src.enrichment.client_base: gnomad rate limited (429), retrying in 4s...
2026-06-06 12:28:50.129 [WARNING] src.enrichment.client_base: gnomad rate limited (429), retrying in 4s...
2026-06-06 12:28:50.135 [ERROR] src.enrichment.client_base: gtex HTTP 422: Unprocessable Entity
2026-06-06 12:28:50.228 [ERROR] src.enrichment.client_base: gtex HTTP 422: Unprocessable Entity
2026-06-06 12:28:50.528 [ERROR] src.enrichment.client_base: gtex HTTP 422: Unprocessable Entity
2026-06-06 12:28:50.562 [ERROR] src.enrichment.client_base: gtex HTTP 422: Unprocessable Entity
2026-06-06 12:28:50.588 [ERROR] src.enrichment.client_base: gtex HTTP 422: Unprocessable Entity
2026-06-06 12:28:50.589 [WARNING] src.enrichment.client_base: gnomad rate limited (429), retrying in 4s...
2026-06-06 12:28:50.591 [WARNING] src.enrichment.client_base: gnomad rate limited (429), retrying in 4s...
2026-06-06 12:28:50.782 [WARNING] src.enrichment.client_base: gnomad rate limited (429), retrying in 1s...
2026-06-06 12:28:50.846 [ERROR] src.enrichment.client_base: gtex HTTP 422: Unprocessable Entity
2026-06-06 12:28:50.949 [ERROR] src.enrichment.client_base: gtex HTTP 422: Unprocessable Entity
2026-06-06 12:28:51.265 [WARNING] src.enrichment.client_base: gnomad rate limited (429), retrying in 2s...
2026-06-06 12:28:51.318 [ERROR] src.enrichment.client_base: gtex HTTP 422: Unprocessable Entity
2026-06-06 12:28:51.329 [WARNING] src.enrichment.client_base: gnomad rate limited (429), retrying in 4s...
2026-06-06 12:28:51.420 [ERROR] src.enrichment.client_base: gtex HTTP 422: Unprocessable Entity
2026-06-06 12:28:51.433 [WARNING] src.enrichment.client_base: gnomad rate limited (429), retrying in 1s...
2026-06-06 12:28:51.481 [WARNING] src.enrichment.client_base: gnomad rate limited (429), retrying in 1s...
2026-06-06 12:28:51.770 [ERROR] src.enrichment.client_base: gtex HTTP 422: Unprocessable Entity
2026-06-06 12:28:52.022 [ERROR] src.enrichment.client_base: gtex HTTP 422: Unprocessable Entity
2026-06-06 12:28:52.032 [ERROR] src.enrichment.client_base: gtex HTTP 422: Unprocessable Entity
2026-06-06 12:28:52.102 [WARNING] src.enrichment.client_base: gnomad rate limited (429), retrying in 2s...
2026-06-06 12:28:52.149 [WARNING] src.enrichment.client_base: gnomad rate limited (429), retrying in 1s...
2026-06-06 12:28:52.428 [ERROR] src.enrichment.client_base: gtex HTTP 422: Unprocessable Entity
2026-06-06 12:28:52.534 [ERROR] src.enrichment.client_base: gtex HTTP 422: Unprocessable Entity
2026-06-06 12:28:52.768 [ERROR] src.enrichment.client_base: gtex HTTP 422: Unprocessable Entity
2026-06-06 12:28:52.806 [WARNING] src.enrichment.client_base: gnomad rate limited (429), retrying in 2s...
2026-06-06 12:28:53.015 [ERROR] src.enrichment.client_base: gtex HTTP 422: Unprocessable Entity
2026-06-06 12:28:53.070 [WARNING] src.enrichment.client_base: gnomad rate limited (429), retrying in 1s...
2026-06-06 12:28:53.139 [WARNING] src.enrichment.client_base: gnomad rate limited (429), retrying in 2s...
2026-06-06 12:28:53.230 [ERROR] src.enrichment.client_base: gtex HTTP 422: Unprocessable Entity
2026-06-06 12:28:53.324 [WARNING] src.enrichment.client_base: gnomad rate limited (429), retrying in 1s...
2026-06-06 12:28:53.470 [WARNING] src.enrichment.client_base: gnomad rate limited (429), retrying in 2s...
2026-06-06 12:28:53.531 [WARNING] src.enrichment.client_base: gnomad rate limited (429), retrying in 1s...
2026-06-06 12:28:53.559 [WARNING] src.enrichment.client_base: gnomad rate limited (429), retrying in 1s...
2026-06-06 12:28:53.579 [WARNING] src.enrichment.client_base: gnomad rate limited (429), retrying in 4s...
2026-06-06 12:28:54.035 [WARNING] src.enrichment.client_base: gnomad rate limited (429), retrying in 1s...
2026-06-06 12:28:54.238 [ERROR] src.enrichment.client_base: gtex HTTP 422: Unprocessable Entity
2026-06-06 12:28:54.425 [WARNING] src.enrichment.client_base: gnomad rate limited (429), retrying in 8s...
2026-06-06 12:28:54.427 [ERROR] src.enrichment.client_base: gtex HTTP 422: Unprocessable Entity
2026-06-06 12:28:54.428 [WARNING] src.enrichment.client_base: gnomad rate limited (429), retrying in 2s...
2026-06-06 12:28:54.462 [WARNING] src.enrichment.client_base: gnomad rate limited (429), retrying in 8s...
2026-06-06 12:28:54.483 [ERROR] src.enrichment.client_base: gtex HTTP 422: Unprocessable Entity
2026-06-06 12:28:54.487 [ERROR] src.enrichment.client_base: gtex HTTP 422: Unprocessable Entity
2026-06-06 12:28:54.515 [ERROR] src.enrichment.client_base: gtex HTTP 422: Unprocessable Entity
2026-06-06 12:28:54.516 [ERROR] src.enrichment.client_base: gtex HTTP 422: Unprocessable Entity
2026-06-06 12:28:54.659 [WARNING] src.enrichment.client_base: gnomad rate limited (429), retrying in 2s...
2026-06-06 12:28:54.774 [ERROR] src.enrichment.client_base: gtex HTTP 422: Unprocessable Entity
2026-06-06 12:28:54.877 [WARNING] src.enrichment.client_base: gnomad rate limited (429), retrying in 2s...
2026-06-06 12:28:54.889 [WARNING] src.enrichment.client_base: gnomad rate limited (429), retrying in 2s...
2026-06-06 12:28:54.900 [ERROR] src.enrichment.client_base: gtex HTTP 422: Unprocessable Entity
2026-06-06 12:28:54.903 [ERROR] src.enrichment.client_base: gtex HTTP 422: Unprocessable Entity
2026-06-06 12:28:54.918 [WARNING] src.enrichment.client_base: gnomad rate limited (429), retrying in 8s...
2026-06-06 12:28:54.923 [WARNING] src.enrichment.client_base: gnomad rate limited (429), retrying in 8s...
2026-06-06 12:28:55.006 [ERROR] src.enrichment.client_base: gtex HTTP 422: Unprocessable Entity
2026-06-06 12:28:55.135 [WARNING] src.enrichment.client_base: gnomad rate limited (429), retrying in 4s...
2026-06-06 12:28:55.245 [ERROR] src.enrichment.client_base: gtex HTTP 422: Unprocessable Entity
2026-06-06 12:28:55.246 [ERROR] src.enrichment.client_base: gtex HTTP 422: Unprocessable Entity
2026-06-06 12:28:55.353 [WARNING] src.enrichment.client_base: gnomad rate limited (429), retrying in 2s...
2026-06-06 12:28:55.504 [WARNING] src.enrichment.client_base: gnomad rate limited (429), retrying in 4s...
2026-06-06 12:28:55.597 [WARNING] src.enrichment.client_base: gnomad rate limited (429), retrying in 4s...
2026-06-06 12:28:55.676 [WARNING] src.enrichment.client_base: gnomad rate limited (429), retrying in 8s...
2026-06-06 12:28:55.686 [ERROR] src.enrichment.client_base: gtex HTTP 422: Unprocessable Entity
2026-06-06 12:28:55.787 [WARNING] src.enrichment.client_base: gnomad rate limited (429), retrying in 4s...
2026-06-06 12:28:56.360 [ERROR] src.enrichment.client_base: gtex HTTP 422: Unprocessable Entity
2026-06-06 12:28:56.463 [ERROR] src.enrichment.client_base: gtex HTTP 422: Unprocessable Entity
2026-06-06 12:28:56.759 [WARNING] src.enrichment.client_base: gnomad rate limited (429), retrying in 4s...
2026-06-06 12:28:56.983 [WARNING] src.enrichment.client_base: gnomad rate limited (429), retrying in 4s...
2026-06-06 12:28:57.165 [ERROR] src.enrichment.client_base: gtex HTTP 422: Unprocessable Entity
2026-06-06 12:28:57.197 [WARNING] src.enrichment.client_base: gnomad rate limited (429), retrying in 4s...
2026-06-06 12:28:57.249 [ERROR] src.enrichment.client_base: gtex HTTP 422: Unprocessable Entity
2026-06-06 12:28:57.583 [WARNING] src.enrichment.client_base: gnomad rate limited (429), retrying in 4s...
2026-06-06 12:28:57.670 [WARNING] src.enrichment.client_base: gnomad rate limited (429), retrying in 4s...
2026-06-06 12:28:58.253 [WARNING] src.enrichment.client_base: gnomad rate limited (429), retrying in 8s...
2026-06-06 12:28:58.729 [ERROR] src.enrichment.client_base: gtex HTTP 422: Unprocessable Entity
2026-06-06 12:28:58.831 [ERROR] src.enrichment.client_base: gtex HTTP 422: Unprocessable Entity
2026-06-06 12:28:58.926 [ERROR] src.enrichment.client_base: gtex HTTP 422: Unprocessable Entity
2026-06-06 12:28:58.961 [ERROR] src.enrichment.client_base: gtex HTTP 422: Unprocessable Entity
2026-06-06 12:28:59.195 [ERROR] src.enrichment.client_base: gtex HTTP 422: Unprocessable Entity
2026-06-06 12:28:59.356 [ERROR] src.enrichment.client_base: gtex HTTP 422: Unprocessable Entity
2026-06-06 12:28:59.421 [ERROR] src.enrichment.client_base: gtex HTTP 422: Unprocessable Entity
2026-06-06 12:28:59.461 [WARNING] src.enrichment.client_base: gnomad rate limited (429), retrying in 8s...
2026-06-06 12:28:59.539 [ERROR] src.enrichment.client_base: gtex HTTP 422: Unprocessable Entity
2026-06-06 12:28:59.719 [ERROR] src.enrichment.client_base: gtex HTTP 422: Unprocessable Entity
2026-06-06 12:28:59.822 [ERROR] src.enrichment.client_base: gtex HTTP 422: Unprocessable Entity
2026-06-06 12:28:59.827 [WARNING] src.enrichment.client_base: gnomad rate limited (429), retrying in 8s...
2026-06-06 12:28:59.926 [WARNING] src.enrichment.client_base: gnomad rate limited (429), retrying in 8s...
2026-06-06 12:28:59.939 [ERROR] src.enrichment.client_base: gtex HTTP 422: Unprocessable Entity
2026-06-06 12:29:00.000 [ERROR] src.enrichment.client_base: gtex HTTP 422: Unprocessable Entity
2026-06-06 12:29:00.101 [WARNING] src.enrichment.client_base: gnomad rate limited (429), retrying in 8s...
2026-06-06 12:29:00.174 [ERROR] src.enrichment.client_base: gtex HTTP 422: Unprocessable Entity
2026-06-06 12:29:00.385 [ERROR] src.enrichment.client_base: gtex HTTP 422: Unprocessable Entity
2026-06-06 12:29:00.645 [ERROR] src.enrichment.client_base: gtex HTTP 422: Unprocessable Entity
2026-06-06 12:29:00.649 [ERROR] src.enrichment.client_base: gtex HTTP 422: Unprocessable Entity
2026-06-06 12:29:00.878 [ERROR] src.enrichment.client_base: gtex HTTP 422: Unprocessable Entity
2026-06-06 12:29:01.300 [ERROR] src.enrichment.client_base: gtex HTTP 422: Unprocessable Entity
2026-06-06 12:29:01.316 [WARNING] src.enrichment.client_base: gnomad rate limited (429), retrying in 8s...
2026-06-06 12:29:01.440 [WARNING] src.enrichment.client_base: gnomad rate limited (429), retrying in 8s...
2026-06-06 12:29:01.550 [WARNING] src.enrichment.client_base: gnomad rate limited (429), retrying in 8s...
2026-06-06 12:29:01.650 [ERROR] src.enrichment.client_base: gtex HTTP 422: Unprocessable Entity
2026-06-06 12:29:01.840 [ERROR] src.enrichment.client_base: gtex HTTP 422: Unprocessable Entity
2026-06-06 12:29:01.855 [ERROR] src.enrichment.client_base: gtex HTTP 422: Unprocessable Entity
2026-06-06 12:29:01.950 [WARNING] src.enrichment.client_base: gnomad rate limited (429), retrying in 8s...
2026-06-06 12:29:01.987 [WARNING] src.enrichment.client_base: gnomad rate limited (429), retrying in 8s...
2026-06-06 12:29:02.113 [ERROR] src.enrichment.client_base: gtex HTTP 422: Unprocessable Entity
2026-06-06 12:29:02.310 [ERROR] src.enrichment.client_base: gtex HTTP 422: Unprocessable Entity
2026-06-06 12:29:02.833 [WARNING] src.enrichment.client_base: gnomad rate limited (429), retrying in 1s...
2026-06-06 12:29:02.834 [WARNING] src.enrichment.client_base: gnomad rate limited (429), retrying in 1s...
2026-06-06 12:29:03.112 [ERROR] src.enrichment.client_base: gtex HTTP 422: Unprocessable Entity
2026-06-06 12:29:03.253 [WARNING] src.enrichment.client_base: gnomad rate limited (429), retrying in 1s...
2026-06-06 12:29:03.268 [WARNING] src.enrichment.client_base: gnomad rate limited (429), retrying in 1s...
2026-06-06 12:29:03.353 [ERROR] src.enrichment.client_base: gtex HTTP 422: Unprocessable Entity
2026-06-06 12:29:03.427 [ERROR] src.enrichment.client_base: gtex HTTP 422: Unprocessable Entity
2026-06-06 12:29:03.487 [ERROR] src.enrichment.client_base: gtex HTTP 422: Unprocessable Entity
2026-06-06 12:29:03.783 [ERROR] src.enrichment.client_base: gtex HTTP 422: Unprocessable Entity
2026-06-06 12:29:03.965 [ERROR] src.enrichment.client_base: gtex HTTP 422: Unprocessable Entity
2026-06-06 12:29:03.995 [WARNING] src.enrichment.client_base: gnomad rate limited (429), retrying in 1s...
2026-06-06 12:29:04.109 [ERROR] src.enrichment.client_base: gtex HTTP 422: Unprocessable Entity
2026-06-06 12:29:04.154 [WARNING] src.enrichment.client_base: gnomad rate limited (429), retrying in 2s...
2026-06-06 12:29:04.166 [WARNING] src.enrichment.client_base: gnomad rate limited (429), retrying in 2s...
2026-06-06 12:29:04.188 [ERROR] src.enrichment.client_base: gtex HTTP 422: Unprocessable Entity
2026-06-06 12:29:04.233 [ERROR] src.enrichment.client_base: gtex HTTP 422: Unprocessable Entity
2026-06-06 12:29:04.306 [ERROR] src.enrichment.client_base: gtex HTTP 422: Unprocessable Entity
2026-06-06 12:29:04.323 [ERROR] src.enrichment.client_base: gtex HTTP 422: Unprocessable Entity
2026-06-06 12:29:04.570 [ERROR] src.enrichment.client_base: gtex HTTP 422: Unprocessable Entity
2026-06-06 12:29:04.575 [WARNING] src.enrichment.client_base: gnomad rate limited (429), retrying in 2s...
2026-06-06 12:29:04.597 [WARNING] src.enrichment.client_base: gnomad rate limited (429), retrying in 2s...
2026-06-06 12:29:04.855 [ERROR] src.enrichment.client_base: gtex HTTP 422: Unprocessable Entity
2026-06-06 12:29:05.435 [ERROR] src.enrichment.client_base: gtex HTTP 422: Unprocessable Entity
2026-06-06 12:29:05.672 [WARNING] src.enrichment.client_base: gnomad rate limited (429), retrying in 2s...
2026-06-06 12:29:06.043 [ERROR] src.enrichment.client_base: gtex HTTP 422: Unprocessable Entity
2026-06-06 12:29:06.326 [ERROR] src.enrichment.client_base: gtex HTTP 422: Unprocessable Entity
2026-06-06 12:29:06.485 [WARNING] src.enrichment.client_base: gnomad rate limited (429), retrying in 4s...
2026-06-06 12:29:06.489 [WARNING] src.enrichment.client_base: gnomad rate limited (429), retrying in 4s...
2026-06-06 12:29:06.605 [WARNING] src.enrichment.client_base: gnomad rate limited (429), retrying in 1s...
2026-06-06 12:29:06.786 [ERROR] src.enrichment.client_base: gtex HTTP 422: Unprocessable Entity
2026-06-06 12:29:06.919 [WARNING] src.enrichment.client_base: gnomad rate limited (429), retrying in 4s...
2026-06-06 12:29:06.922 [WARNING] src.enrichment.client_base: gnomad rate limited (429), retrying in 4s...
2026-06-06 12:29:07.610 [ERROR] src.enrichment.client_base: gtex HTTP 422: Unprocessable Entity
2026-06-06 12:29:07.788 [WARNING] src.enrichment.client_base: gnomad rate limited (429), retrying in 1s...
2026-06-06 12:29:07.898 [ERROR] src.enrichment.client_base: gtex HTTP 422: Unprocessable Entity
2026-06-06 12:29:07.981 [WARNING] src.enrichment.client_base: gnomad rate limited (429), retrying in 4s...
2026-06-06 12:29:08.073 [ERROR] src.enrichment.client_base: gtex HTTP 422: Unprocessable Entity
2026-06-06 12:29:08.164 [ERROR] src.enrichment.client_base: gtex HTTP 422: Unprocessable Entity
2026-06-06 12:29:08.172 [WARNING] src.enrichment.client_base: gnomad rate limited (429), retrying in 1s...
2026-06-06 12:29:08.245 [WARNING] src.enrichment.client_base: gnomad rate limited (429), retrying in 1s...
2026-06-06 12:29:08.269 [ERROR] src.enrichment.client_base: gtex HTTP 422: Unprocessable Entity
2026-06-06 12:29:08.303 [WARNING] src.enrichment.client_base: gnomad rate limited (429), retrying in 2s...
2026-06-06 12:29:08.418 [WARNING] src.enrichment.client_base: gnomad rate limited (429), retrying in 1s...
2026-06-06 12:29:08.503 [ERROR] src.enrichment.client_base: gtex HTTP 422: Unprocessable Entity
2026-06-06 12:29:08.598 [ERROR] src.enrichment.client_base: gtex HTTP 422: Unprocessable Entity
2026-06-06 12:29:08.632 [ERROR] src.enrichment.client_base: gtex HTTP 422: Unprocessable Entity
2026-06-06 12:29:08.767 [ERROR] src.enrichment.client_base: gtex HTTP 422: Unprocessable Entity
2026-06-06 12:29:08.855 [ERROR] src.enrichment.client_base: gtex HTTP 422: Unprocessable Entity
2026-06-06 12:29:09.037 [ERROR] src.enrichment.client_base: gtex HTTP 422: Unprocessable Entity
2026-06-06 12:29:09.056 [ERROR] src.enrichment.client_base: gtex HTTP 422: Unprocessable Entity
2026-06-06 12:29:09.112 [WARNING] src.enrichment.client_base: gnomad rate limited (429), retrying in 2s...
2026-06-06 12:29:09.227 [ERROR] src.enrichment.client_base: gtex HTTP 422: Unprocessable Entity
2026-06-06 12:29:09.250 [ERROR] src.enrichment.client_base: gtex HTTP 422: Unprocessable Entity
2026-06-06 12:29:09.489 [ERROR] src.enrichment.client_base: gtex HTTP 422: Unprocessable Entity
2026-06-06 12:29:09.502 [WARNING] src.enrichment.client_base: gnomad rate limited (429), retrying in 2s...
2026-06-06 12:29:09.575 [WARNING] src.enrichment.client_base: gnomad rate limited (429), retrying in 2s...
2026-06-06 12:29:09.631 [WARNING] src.enrichment.client_base: gnomad rate limited (429), retrying in 1s...
2026-06-06 12:29:09.735 [WARNING] src.enrichment.client_base: gnomad rate limited (429), retrying in 2s...
2026-06-06 12:29:09.777 [WARNING] src.enrichment.client_base: gnomad rate limited (429), retrying in 1s...
2026-06-06 12:29:09.905 [WARNING] src.enrichment.client_base: gnomad rate limited (429), retrying in 1s...
2026-06-06 12:29:10.054 [ERROR] src.enrichment.client_base: gtex HTTP 422: Unprocessable Entity
2026-06-06 12:29:10.100 [ERROR] src.enrichment.client_base: gtex HTTP 422: Unprocessable Entity
2026-06-06 12:29:10.293 [WARNING] src.enrichment.client_base: gnomad rate limited (429), retrying in 1s...
2026-06-06 12:29:10.305 [WARNING] src.enrichment.client_base: gnomad rate limited (429), retrying in 1s...
2026-06-06 12:29:10.512 [ERROR] src.enrichment.client_base: gtex HTTP 422: Unprocessable Entity
2026-06-06 12:29:10.634 [WARNING] src.enrichment.client_base: gnomad rate limited (429), retrying in 4s...
2026-06-06 12:29:10.694 [ERROR] src.enrichment.client_base: gtex HTTP 422: Unprocessable Entity
2026-06-06 12:29:10.720 [ERROR] src.enrichment.client_base: gtex HTTP 422: Unprocessable Entity
2026-06-06 12:29:10.797 [WARNING] src.enrichment.client_base: gnomad rate limited (429), retrying in 8s...
2026-06-06 12:29:10.815 [WARNING] src.enrichment.client_base: gnomad rate limited (429), retrying in 8s...
2026-06-06 12:29:10.949 [WARNING] src.enrichment.client_base: gnomad rate limited (429), retrying in 2s...
2026-06-06 12:29:10.969 [ERROR] src.enrichment.client_base: gtex HTTP 422: Unprocessable Entity
2026-06-06 12:29:11.101 [WARNING] src.enrichment.client_base: gnomad rate limited (429), retrying in 2s...
2026-06-06 12:29:11.221 [WARNING] src.enrichment.client_base: gnomad rate limited (429), retrying in 2s...
2026-06-06 12:29:11.242 [WARNING] src.enrichment.client_base: gnomad rate limited (429), retrying in 8s...
2026-06-06 12:29:11.245 [WARNING] src.enrichment.client_base: gnomad rate limited (429), retrying in 8s...
2026-06-06 12:29:11.428 [ERROR] src.enrichment.client_base: gtex HTTP 422: Unprocessable Entity
2026-06-06 12:29:11.447 [WARNING] src.enrichment.client_base: gnomad rate limited (429), retrying in 4s...
2026-06-06 12:29:11.609 [WARNING] src.enrichment.client_base: gnomad rate limited (429), retrying in 2s...
2026-06-06 12:29:11.624 [WARNING] src.enrichment.client_base: gnomad rate limited (429), retrying in 2s...
2026-06-06 12:29:11.835 [WARNING] src.enrichment.client_base: gnomad rate limited (429), retrying in 4s...
2026-06-06 12:29:11.929 [WARNING] src.enrichment.client_base: gnomad rate limited (429), retrying in 4s...
2026-06-06 12:29:12.083 [ERROR] src.enrichment.client_base: gtex HTTP 422: Unprocessable Entity
2026-06-06 12:29:12.092 [WARNING] src.enrichment.client_base: gnomad rate limited (429), retrying in 4s...
2026-06-06 12:29:12.209 [ERROR] src.enrichment.client_base: gnomad HTTP 400: Bad Request
2026-06-06 12:29:12.369 [ERROR] src.enrichment.client_base: gtex HTTP 422: Unprocessable Entity
2026-06-06 12:29:12.505 [ERROR] src.enrichment.client_base: gtex HTTP 422: Unprocessable Entity
2026-06-06 12:29:12.836 [ERROR] src.enrichment.client_base: gtex HTTP 422: Unprocessable Entity
2026-06-06 12:29:12.854 [ERROR] src.enrichment.client_base: gnomad HTTP 400: Bad Request
2026-06-06 12:29:12.958 [ERROR] src.enrichment.client_base: gtex HTTP 422: Unprocessable Entity
2026-06-06 12:29:12.995 [ERROR] src.enrichment.client_base: gtex HTTP 422: Unprocessable Entity
2026-06-06 12:29:13.082 [ERROR] src.enrichment.client_base: gtex HTTP 422: Unprocessable Entity
2026-06-06 12:29:13.150 [ERROR] src.enrichment.client_base: gtex HTTP 422: Unprocessable Entity
2026-06-06 12:29:13.184 [ERROR] src.enrichment.client_base: gnomad HTTP 400: Bad Request
2026-06-06 12:29:13.191 [ERROR] src.enrichment.client_base: gtex HTTP 422: Unprocessable Entity
2026-06-06 12:29:13.333 [ERROR] src.enrichment.client_base: gtex HTTP 422: Unprocessable Entity
2026-06-06 12:29:13.335 [ERROR] src.enrichment.client_base: gnomad HTTP 400: Bad Request
2026-06-06 12:29:13.420 [ERROR] src.enrichment.client_base: gtex HTTP 422: Unprocessable Entity
2026-06-06 12:29:13.437 [ERROR] src.enrichment.client_base: gtex HTTP 422: Unprocessable Entity
2026-06-06 12:29:13.540 [ERROR] src.enrichment.client_base: gtex HTTP 422: Unprocessable Entity
2026-06-06 12:29:13.794 [ERROR] src.enrichment.client_base: gtex HTTP 422: Unprocessable Entity
2026-06-06 12:29:13.818 [ERROR] src.enrichment.client_base: gnomad HTTP 400: Bad Request
2026-06-06 12:29:13.843 [ERROR] src.enrichment.client_base: gnomad HTTP 400: Bad Request
2026-06-06 12:29:13.890 [ERROR] src.enrichment.client_base: gnomad HTTP 400: Bad Request
2026-06-06 12:29:14.468 [ERROR] src.enrichment.client_base: gnomad HTTP 400: Bad Request
2026-06-06 12:29:14.780 [ERROR] src.enrichment.client_base: gtex HTTP 422: Unprocessable Entity
2026-06-06 12:29:14.896 [ERROR] src.enrichment.client_base: gtex HTTP 422: Unprocessable Entity
2026-06-06 12:29:15.245 [ERROR] src.enrichment.client_base: gnomad HTTP 400: Bad Request
2026-06-06 12:29:15.451 [ERROR] src.enrichment.client_base: gtex HTTP 422: Unprocessable Entity
2026-06-06 12:29:15.482 [ERROR] src.enrichment.client_base: gnomad HTTP 400: Bad Request
2026-06-06 12:29:15.670 [ERROR] src.enrichment.client_base: gnomad HTTP 400: Bad Request
2026-06-06 12:29:15.893 [ERROR] src.enrichment.client_base: gnomad HTTP 400: Bad Request
2026-06-06 12:29:16.011 [ERROR] src.enrichment.client_base: gtex HTTP 422: Unprocessable Entity
2026-06-06 12:29:16.083 [ERROR] src.enrichment.client_base: gnomad HTTP 400: Bad Request
2026-06-06 12:29:16.188 [ERROR] src.enrichment.client_base: gnomad HTTP 400: Bad Request
2026-06-06 12:29:16.321 [ERROR] src.enrichment.client_base: gnomad HTTP 400: Bad Request
2026-06-06 12:29:16.335 [ERROR] src.enrichment.client_base: gnomad HTTP 400: Bad Request
2026-06-06 12:29:16.419 [ERROR] src.enrichment.client_base: gnomad HTTP 400: Bad Request
2026-06-06 12:29:16.538 [ERROR] src.enrichment.client_base: gnomad HTTP 400: Bad Request
2026-06-06 12:29:16.704 [ERROR] src.enrichment.client_base: gnomad HTTP 400: Bad Request
2026-06-06 12:29:16.710 [ERROR] src.enrichment.client_base: gnomad HTTP 400: Bad Request
2026-06-06 12:29:16.965 [ERROR] src.enrichment.client_base: gtex HTTP 422: Unprocessable Entity
2026-06-06 12:29:17.269 [ERROR] src.enrichment.client_base: gtex HTTP 422: Unprocessable Entity
2026-06-06 12:29:17.364 [ERROR] src.enrichment.client_base: gtex HTTP 422: Unprocessable Entity
2026-06-06 12:29:17.404 [ERROR] src.enrichment.client_base: gnomad HTTP 400: Bad Request
2026-06-06 12:29:17.450 [ERROR] src.enrichment.client_base: gtex HTTP 422: Unprocessable Entity
2026-06-06 12:29:17.504 [ERROR] src.enrichment.client_base: gnomad HTTP 400: Bad Request
2026-06-06 12:29:17.572 [ERROR] src.enrichment.client_base: gtex HTTP 422: Unprocessable Entity
2026-06-06 12:29:17.576 [ERROR] src.enrichment.client_base: gnomad HTTP 400: Bad Request
2026-06-06 12:29:17.579 [ERROR] src.enrichment.client_base: gnomad HTTP 400: Bad Request
2026-06-06 12:29:17.599 [ERROR] src.enrichment.client_base: gtex HTTP 422: Unprocessable Entity
2026-06-06 12:29:17.639 [ERROR] src.enrichment.client_base: gnomad HTTP 400: Bad Request
2026-06-06 12:29:17.643 [ERROR] src.enrichment.client_base: gnomad HTTP 400: Bad Request
2026-06-06 12:29:17.659 [ERROR] src.enrichment.client_base: gtex HTTP 422: Unprocessable Entity
2026-06-06 12:29:17.762 [ERROR] src.enrichment.client_base: gnomad HTTP 400: Bad Request
2026-06-06 12:29:17.817 [ERROR] src.enrichment.client_base: gnomad HTTP 400: Bad Request
2026-06-06 12:29:17.885 [ERROR] src.enrichment.client_base: gtex HTTP 422: Unprocessable Entity
2026-06-06 12:29:17.896 [ERROR] src.enrichment.client_base: gtex HTTP 422: Unprocessable Entity
2026-06-06 12:29:17.921 [ERROR] src.enrichment.client_base: gtex HTTP 422: Unprocessable Entity
2026-06-06 12:29:17.939 [ERROR] src.enrichment.client_base: gtex HTTP 422: Unprocessable Entity
2026-06-06 12:29:18.026 [ERROR] src.enrichment.client_base: gtex HTTP 422: Unprocessable Entity
2026-06-06 12:29:18.066 [ERROR] src.enrichment.client_base: gnomad HTTP 400: Bad Request
2026-06-06 12:29:18.075 [ERROR] src.enrichment.client_base: gnomad HTTP 400: Bad Request
2026-06-06 12:29:18.076 [ERROR] src.enrichment.client_base: gtex HTTP 422: Unprocessable Entity
2026-06-06 12:29:18.113 [ERROR] src.enrichment.client_base: gtex HTTP 422: Unprocessable Entity
2026-06-06 12:29:18.138 [ERROR] src.enrichment.client_base: gnomad HTTP 400: Bad Request
2026-06-06 12:29:18.291 [ERROR] src.enrichment.client_base: gnomad HTTP 400: Bad Request
2026-06-06 12:29:18.303 [ERROR] src.enrichment.client_base: gnomad HTTP 400: Bad Request
2026-06-06 12:29:18.351 [ERROR] src.enrichment.client_base: gtex HTTP 422: Unprocessable Entity
2026-06-06 12:29:18.382 [ERROR] src.enrichment.client_base: gnomad HTTP 400: Bad Request
2026-06-06 12:29:18.930 [ERROR] src.enrichment.client_base: gnomad HTTP 400: Bad Request
2026-06-06 12:29:19.026 [ERROR] src.enrichment.client_base: gnomad HTTP 400: Bad Request
2026-06-06 12:29:19.047 [ERROR] src.enrichment.client_base: gnomad HTTP 400: Bad Request
2026-06-06 12:29:19.234 [ERROR] src.enrichment.client_base: gnomad HTTP 400: Bad Request
2026-06-06 12:29:19.421 [ERROR] src.enrichment.client_base: gnomad HTTP 400: Bad Request
2026-06-06 12:29:19.458 [ERROR] src.enrichment.client_base: gtex HTTP 422: Unprocessable Entity
2026-06-06 12:29:19.465 [ERROR] src.enrichment.client_base: gnomad HTTP 400: Bad Request
2026-06-06 12:29:19.480 [ERROR] src.enrichment.client_base: gnomad HTTP 400: Bad Request
2026-06-06 12:29:19.518 [ERROR] src.enrichment.client_base: gnomad HTTP 400: Bad Request
2026-06-06 12:29:19.537 [ERROR] src.enrichment.client_base: gtex HTTP 422: Unprocessable Entity
2026-06-06 12:29:19.544 [ERROR] src.enrichment.client_base: gnomad HTTP 400: Bad Request
2026-06-06 12:29:19.547 [ERROR] src.enrichment.client_base: gtex HTTP 422: Unprocessable Entity
2026-06-06 12:29:19.605 [ERROR] src.enrichment.client_base: gnomad HTTP 400: Bad Request
2026-06-06 12:29:19.768 [ERROR] src.enrichment.client_base: gnomad HTTP 400: Bad Request
2026-06-06 12:29:19.817 [ERROR] src.enrichment.client_base: gtex HTTP 422: Unprocessable Entity
2026-06-06 12:29:19.825 [ERROR] src.enrichment.client_base: gnomad HTTP 400: Bad Request
2026-06-06 12:29:19.856 [ERROR] src.enrichment.client_base: gnomad HTTP 400: Bad Request
2026-06-06 12:29:19.869 [ERROR] src.enrichment.client_base: gtex HTTP 422: Unprocessable Entity
2026-06-06 12:29:20.000 [ERROR] src.enrichment.client_base: gnomad HTTP 400: Bad Request
2026-06-06 12:29:20.077 [ERROR] src.enrichment.client_base: gtex HTTP 422: Unprocessable Entity
2026-06-06 12:29:20.267 [ERROR] src.enrichment.client_base: gnomad HTTP 400: Bad Request
2026-06-06 12:29:20.276 [ERROR] src.enrichment.client_base: gnomad HTTP 400: Bad Request
2026-06-06 12:29:20.705 [ERROR] src.enrichment.client_base: gnomad HTTP 400: Bad Request
2026-06-06 12:29:20.717 [ERROR] src.enrichment.client_base: gnomad HTTP 400: Bad Request
2026-06-06 12:29:21.000 [ERROR] src.enrichment.client_base: gtex HTTP 422: Unprocessable Entity
2026-06-06 12:29:21.300 [ERROR] src.enrichment.client_base: gnomad HTTP 400: Bad Request
2026-06-06 12:29:21.476 [ERROR] src.enrichment.client_base: gtex HTTP 422: Unprocessable Entity
2026-06-06 12:29:21.525 [ERROR] src.enrichment.client_base: gnomad HTTP 400: Bad Request
2026-06-06 12:29:21.723 [ERROR] src.enrichment.client_base: gtex HTTP 422: Unprocessable Entity
2026-06-06 12:29:21.853 [ERROR] src.enrichment.client_base: gtex HTTP 422: Unprocessable Entity
2026-06-06 12:29:21.861 [WARNING] src.enrichment.client_base: gnomad rate limited (429), retrying in 4s...
2026-06-06 12:29:21.877 [WARNING] src.enrichment.client_base: gnomad rate limited (429), retrying in 4s...
2026-06-06 12:29:21.908 [ERROR] src.enrichment.client_base: gtex HTTP 422: Unprocessable Entity
2026-06-06 12:29:21.942 [WARNING] src.enrichment.client_base: gnomad rate limited (429), retrying in 4s...
2026-06-06 12:29:22.001 [ERROR] src.enrichment.client_base: gtex HTTP 422: Unprocessable Entity
2026-06-06 12:29:22.015 [ERROR] src.enrichment.client_base: gtex HTTP 422: Unprocessable Entity
2026-06-06 12:29:22.130 [WARNING] src.enrichment.client_base: gnomad rate limited (429), retrying in 4s...
2026-06-06 12:29:22.278 [ERROR] src.enrichment.client_base: gnomad HTTP 400: Bad Request
2026-06-06 12:29:22.292 [ERROR] src.enrichment.client_base: gtex HTTP 422: Unprocessable Entity
2026-06-06 12:29:22.307 [ERROR] src.enrichment.client_base: gtex HTTP 422: Unprocessable Entity
2026-06-06 12:29:22.322 [ERROR] src.enrichment.client_base: gtex HTTP 422: Unprocessable Entity
2026-06-06 12:29:22.372 [ERROR] src.enrichment.client_base: gtex HTTP 422: Unprocessable Entity
2026-06-06 12:29:22.588 [ERROR] src.enrichment.client_base: gtex HTTP 422: Unprocessable Entity
2026-06-06 12:29:22.617 [WARNING] src.enrichment.client_base: gnomad rate limited (429), retrying in 4s...
2026-06-06 12:29:22.621 [WARNING] src.enrichment.client_base: gnomad rate limited (429), retrying in 4s...
2026-06-06 12:29:22.835 [ERROR] src.enrichment.client_base: gtex HTTP 422: Unprocessable Entity
2026-06-06 12:29:22.845 [WARNING] src.enrichment.client_base: gnomad rate limited (429), retrying in 2s...
2026-06-06 12:29:22.917 [ERROR] src.enrichment.client_base: gtex HTTP 422: Unprocessable Entity
2026-06-06 12:29:22.936 [ERROR] src.enrichment.client_base: gtex HTTP 422: Unprocessable Entity
2026-06-06 12:29:23.034 [WARNING] src.enrichment.client_base: gnomad rate limited (429), retrying in 4s...
2026-06-06 12:29:23.039 [WARNING] src.enrichment.client_base: gnomad rate limited (429), retrying in 4s...
2026-06-06 12:29:23.258 [WARNING] src.enrichment.client_base: gnomad rate limited (429), retrying in 8s...
2026-06-06 12:29:24.094 [WARNING] src.enrichment.client_base: gnomad rate limited (429), retrying in 8s...
2026-06-06 12:29:24.149 [WARNING] src.enrichment.client_base: gnomad rate limited (429), retrying in 8s...
2026-06-06 12:29:24.175 [WARNING] src.enrichment.client_base: gnomad rate limited (429), retrying in 8s...
2026-06-06 12:29:24.312 [ERROR] src.enrichment.client_base: gtex HTTP 422: Unprocessable Entity
2026-06-06 12:29:24.318 [WARNING] src.enrichment.client_base: gnomad rate limited (429), retrying in 8s...
2026-06-06 12:29:24.773 [ERROR] src.enrichment.client_base: gtex HTTP 422: Unprocessable Entity
2026-06-06 12:29:24.816 [ERROR] src.enrichment.client_base: gtex HTTP 422: Unprocessable Entity
2026-06-06 12:29:25.162 [WARNING] src.enrichment.client_base: gnomad rate limited (429), retrying in 4s...
2026-06-06 12:29:25.499 [ERROR] src.enrichment.client_base: gtex HTTP 422: Unprocessable Entity
2026-06-06 12:29:26.193 [WARNING] src.enrichment.client_base: gnomad rate limited (429), retrying in 8s...
2026-06-06 12:29:26.197 [WARNING] src.enrichment.client_base: gnomad rate limited (429), retrying in 8s...
2026-06-06 12:29:26.278 [WARNING] src.enrichment.client_base: gnomad rate limited (429), retrying in 8s...
2026-06-06 12:29:26.375 [ERROR] src.enrichment.client_base: gtex HTTP 422: Unprocessable Entity
2026-06-06 12:29:26.455 [WARNING] src.enrichment.client_base: gnomad rate limited (429), retrying in 8s...
2026-06-06 12:29:26.472 [ERROR] src.enrichment.client_base: gtex HTTP 422: Unprocessable Entity
2026-06-06 12:29:26.492 [ERROR] src.enrichment.client_base: gtex HTTP 422: Unprocessable Entity
2026-06-06 12:29:26.631 [WARNING] src.enrichment.client_base: gnomad rate limited (429), retrying in 8s...
2026-06-06 12:29:26.791 [ERROR] src.enrichment.client_base: gtex HTTP 422: Unprocessable Entity
2026-06-06 12:29:26.798 [ERROR] src.enrichment.client_base: gtex HTTP 422: Unprocessable Entity
2026-06-06 12:29:26.840 [ERROR] src.enrichment.client_base: gtex HTTP 422: Unprocessable Entity
2026-06-06 12:29:26.937 [ERROR] src.enrichment.client_base: gtex HTTP 422: Unprocessable Entity
2026-06-06 12:29:26.938 [WARNING] src.enrichment.client_base: gnomad rate limited (429), retrying in 8s...
2026-06-06 12:29:26.957 [ERROR] src.enrichment.client_base: gtex HTTP 422: Unprocessable Entity
2026-06-06 12:29:26.974 [WARNING] src.enrichment.client_base: gnomad rate limited (429), retrying in 8s...
2026-06-06 12:29:27.277 [ERROR] src.enrichment.client_base: gtex HTTP 422: Unprocessable Entity
2026-06-06 12:29:27.352 [WARNING] src.enrichment.client_base: gnomad rate limited (429), retrying in 8s...
2026-06-06 12:29:27.363 [WARNING] src.enrichment.client_base: gnomad rate limited (429), retrying in 8s...
2026-06-06 12:29:27.403 [ERROR] src.enrichment.client_base: gtex HTTP 422: Unprocessable Entity
2026-06-06 12:29:27.413 [ERROR] src.enrichment.client_base: gtex HTTP 422: Unprocessable Entity
2026-06-06 12:29:27.427 [ERROR] src.enrichment.client_base: gtex HTTP 422: Unprocessable Entity
2026-06-06 12:29:27.829 [ERROR] src.enrichment.client_base: gtex HTTP 422: Unprocessable Entity
2026-06-06 12:29:28.202 [ERROR] src.enrichment.client_base: gtex HTTP 422: Unprocessable Entity
2026-06-06 12:29:28.295 [ERROR] src.enrichment.client_base: gtex HTTP 422: Unprocessable Entity
2026-06-06 12:29:28.391 [ERROR] src.enrichment.client_base: gtex HTTP 422: Unprocessable Entity
2026-06-06 12:29:28.418 [ERROR] src.enrichment.client_base: gtex HTTP 422: Unprocessable Entity
2026-06-06 12:29:29.488 [WARNING] src.enrichment.client_base: gnomad rate limited (429), retrying in 8s...
2026-06-06 12:29:29.822 [ERROR] src.enrichment.client_base: gtex HTTP 422: Unprocessable Entity
2026-06-06 12:29:29.877 [ERROR] src.enrichment.client_base: gtex HTTP 422: Unprocessable Entity
2026-06-06 12:29:29.949 [ERROR] src.enrichment.client_base: gtex HTTP 422: Unprocessable Entity
2026-06-06 12:29:30.269 [ERROR] src.enrichment.client_base: gtex HTTP 422: Unprocessable Entity
2026-06-06 12:29:30.403 [ERROR] src.enrichment.client_base: gtex HTTP 422: Unprocessable Entity
2026-06-06 12:29:30.775 [ERROR] src.enrichment.client_base: gtex HTTP 422: Unprocessable Entity
2026-06-06 12:29:30.837 [ERROR] src.enrichment.client_base: gtex HTTP 422: Unprocessable Entity
2026-06-06 12:29:31.581 [WARNING] src.enrichment.client_base: gnomad rate limited (429), retrying in 1s...
2026-06-06 12:29:31.768 [ERROR] src.enrichment.client_base: gtex HTTP 422: Unprocessable Entity
2026-06-06 12:29:32.045 [ERROR] src.enrichment.client_base: gtex HTTP 422: Unprocessable Entity
2026-06-06 12:29:32.253 [ERROR] src.enrichment.client_base: gtex HTTP 422: Unprocessable Entity
2026-06-06 12:29:32.279 [ERROR] src.enrichment.client_base: gtex HTTP 422: Unprocessable Entity
2026-06-06 12:29:32.417 [WARNING] src.enrichment.client_base: gnomad rate limited (429), retrying in 1s...
2026-06-06 12:29:32.467 [WARNING] src.enrichment.client_base: gnomad rate limited (429), retrying in 1s...
2026-06-06 12:29:32.486 [ERROR] src.enrichment.client_base: gtex HTTP 422: Unprocessable Entity
2026-06-06 12:29:32.490 [WARNING] src.enrichment.client_base: gnomad rate limited (429), retrying in 1s...
2026-06-06 12:29:32.554 [ERROR] src.enrichment.client_base: gtex HTTP 422: Unprocessable Entity
2026-06-06 12:29:32.583 [ERROR] src.enrichment.client_base: gtex HTTP 422: Unprocessable Entity
2026-06-06 12:29:32.637 [WARNING] src.enrichment.client_base: gnomad rate limited (429), retrying in 1s...
2026-06-06 12:29:32.705 [ERROR] src.enrichment.client_base: gtex HTTP 422: Unprocessable Entity
2026-06-06 12:29:32.743 [ERROR] src.enrichment.client_base: gtex HTTP 422: Unprocessable Entity
2026-06-06 12:29:32.782 [ERROR] src.enrichment.client_base: gtex HTTP 422: Unprocessable Entity
2026-06-06 12:29:32.899 [WARNING] src.enrichment.client_base: gnomad rate limited (429), retrying in 2s...
2026-06-06 12:29:32.950 [ERROR] src.enrichment.client_base: gtex HTTP 422: Unprocessable Entity
2026-06-06 12:29:33.797 [WARNING] src.enrichment.client_base: gnomad rate limited (429), retrying in 2s...
2026-06-06 12:29:33.835 [WARNING] src.enrichment.client_base: gnomad rate limited (429), retrying in 2s...
2026-06-06 12:29:33.991 [WARNING] src.enrichment.client_base: gnomad rate limited (429), retrying in 2s...
2026-06-06 12:29:34.132 [WARNING] src.enrichment.client_base: gnomad rate limited (429), retrying in 2s...
2026-06-06 12:29:34.156 [ERROR] src.enrichment.client_base: gtex HTTP 422: Unprocessable Entity
2026-06-06 12:29:34.400 [ERROR] src.enrichment.client_base: gtex HTTP 422: Unprocessable Entity
2026-06-06 12:29:34.498 [ERROR] src.enrichment.client_base: gtex HTTP 422: Unprocessable Entity
2026-06-06 12:29:34.504 [WARNING] src.enrichment.client_base: gnomad rate limited (429), retrying in 1s...
2026-06-06 12:29:34.539 [WARNING] src.enrichment.client_base: gnomad rate limited (429), retrying in 1s...
2026-06-06 12:29:34.588 [WARNING] src.enrichment.client_base: gnomad rate limited (429), retrying in 1s...
2026-06-06 12:29:34.692 [ERROR] src.enrichment.client_base: gtex HTTP 422: Unprocessable Entity
2026-06-06 12:29:34.783 [WARNING] src.enrichment.client_base: gnomad rate limited (429), retrying in 1s...
2026-06-06 12:29:34.957 [WARNING] src.enrichment.client_base: gnomad rate limited (429), retrying in 1s...
2026-06-06 12:29:35.222 [WARNING] src.enrichment.client_base: gnomad rate limited (429), retrying in 4s...
2026-06-06 12:29:35.251 [ERROR] src.enrichment.client_base: gtex HTTP 422: Unprocessable Entity
2026-06-06 12:29:35.292 [ERROR] src.enrichment.client_base: gtex HTTP 422: Unprocessable Entity
2026-06-06 12:29:35.295 [WARNING] src.enrichment.client_base: gnomad rate limited (429), retrying in 1s...
2026-06-06 12:29:35.628 [ERROR] src.enrichment.client_base: gtex HTTP 422: Unprocessable Entity
2026-06-06 12:29:35.635 [WARNING] src.enrichment.client_base: gnomad rate limited (429), retrying in 1s...
2026-06-06 12:29:35.670 [WARNING] src.enrichment.client_base: gnomad rate limited (429), retrying in 1s...
2026-06-06 12:29:35.680 [WARNING] src.enrichment.client_base: gnomad rate limited (429), retrying in 1s...
2026-06-06 12:29:35.820 [WARNING] src.enrichment.client_base: gnomad rate limited (429), retrying in 2s...
2026-06-06 12:29:35.866 [WARNING] src.enrichment.client_base: gnomad rate limited (429), retrying in 2s...
2026-06-06 12:29:35.915 [WARNING] src.enrichment.client_base: gnomad rate limited (429), retrying in 2s...
2026-06-06 12:29:36.108 [ERROR] src.enrichment.client_base: gtex HTTP 422: Unprocessable Entity
2026-06-06 12:29:36.120 [ERROR] src.enrichment.client_base: gtex HTTP 422: Unprocessable Entity
2026-06-06 12:29:36.127 [WARNING] src.enrichment.client_base: gnomad rate limited (429), retrying in 4s...
2026-06-06 12:29:36.134 [WARNING] src.enrichment.client_base: gnomad rate limited (429), retrying in 2s...
2026-06-06 12:29:36.143 [WARNING] src.enrichment.client_base: gnomad rate limited (429), retrying in 4s...
2026-06-06 12:29:36.303 [WARNING] src.enrichment.client_base: gnomad rate limited (429), retrying in 4s...
2026-06-06 12:29:36.321 [WARNING] src.enrichment.client_base: gnomad rate limited (429), retrying in 2s...
2026-06-06 12:29:36.469 [WARNING] src.enrichment.client_base: gnomad rate limited (429), retrying in 4s...
2026-06-06 12:29:36.603 [ERROR] src.enrichment.client_base: gtex HTTP 422: Unprocessable Entity
2026-06-06 12:29:36.622 [WARNING] src.enrichment.client_base: gnomad rate limited (429), retrying in 2s...
2026-06-06 12:29:36.743 [ERROR] src.enrichment.client_base: gtex HTTP 422: Unprocessable Entity
2026-06-06 12:29:36.868 [ERROR] src.enrichment.client_base: gtex HTTP 422: Unprocessable Entity
2026-06-06 12:29:36.988 [WARNING] src.enrichment.client_base: gnomad rate limited (429), retrying in 2s...
2026-06-06 12:29:37.003 [WARNING] src.enrichment.client_base: gnomad rate limited (429), retrying in 2s...
2026-06-06 12:29:37.004 [ERROR] src.enrichment.client_base: gtex HTTP 422: Unprocessable Entity
2026-06-06 12:29:37.155 [ERROR] src.enrichment.client_base: gtex HTTP 422: Unprocessable Entity
2026-06-06 12:29:37.210 [ERROR] src.enrichment.client_base: gtex HTTP 422: Unprocessable Entity
2026-06-06 12:29:37.213 [ERROR] src.enrichment.client_base: gtex HTTP 422: Unprocessable Entity
2026-06-06 12:29:37.325 [WARNING] src.enrichment.client_base: gnomad rate limited (429), retrying in 2s...
2026-06-06 12:29:37.456 [ERROR] src.enrichment.client_base: gtex HTTP 422: Unprocessable Entity
2026-06-06 12:29:37.603 [ERROR] src.enrichment.client_base: gtex HTTP 422: Unprocessable Entity
2026-06-06 12:29:37.811 [WARNING] src.enrichment.client_base: gnomad rate limited (429), retrying in 1s...
2026-06-06 12:29:38.092 [ERROR] src.enrichment.client_base: gtex HTTP 422: Unprocessable Entity
2026-06-06 12:29:38.137 [WARNING] src.enrichment.client_base: gnomad rate limited (429), retrying in 4s...
2026-06-06 12:29:38.182 [WARNING] src.enrichment.client_base: gnomad rate limited (429), retrying in 4s...
2026-06-06 12:29:38.251 [ERROR] src.enrichment.client_base: gtex HTTP 422: Unprocessable Entity
2026-06-06 12:29:38.252 [WARNING] src.enrichment.client_base: gnomad rate limited (429), retrying in 4s...
2026-06-06 12:29:38.457 [WARNING] src.enrichment.client_base: gnomad rate limited (429), retrying in 4s...
2026-06-06 12:29:38.663 [WARNING] src.enrichment.client_base: gnomad rate limited (429), retrying in 4s...
2026-06-06 12:29:38.672 [ERROR] src.enrichment.client_base: gtex HTTP 422: Unprocessable Entity
2026-06-06 12:29:38.910 [ERROR] src.enrichment.client_base: gtex HTTP 422: Unprocessable Entity
2026-06-06 12:29:38.974 [WARNING] src.enrichment.client_base: gnomad rate limited (429), retrying in 4s...
2026-06-06 12:29:39.121 [WARNING] src.enrichment.client_base: gnomad rate limited (429), retrying in 2s...
2026-06-06 12:29:39.193 [ERROR] src.enrichment.client_base: gtex HTTP 422: Unprocessable Entity
2026-06-06 12:29:39.354 [WARNING] src.enrichment.client_base: gnomad rate limited (429), retrying in 4s...
2026-06-06 12:29:39.387 [WARNING] src.enrichment.client_base: gnomad rate limited (429), retrying in 4s...
2026-06-06 12:29:39.577 [WARNING] src.enrichment.client_base: gnomad rate limited (429), retrying in 8s...
2026-06-06 12:29:39.675 [WARNING] src.enrichment.client_base: gnomad rate limited (429), retrying in 4s...
2026-06-06 12:29:39.707 [ERROR] src.enrichment.client_base: gtex HTTP 422: Unprocessable Entity
2026-06-06 12:29:39.711 [ERROR] src.enrichment.client_base: gtex HTTP 422: Unprocessable Entity
2026-06-06 12:29:39.882 [ERROR] src.enrichment.client_base: gtex HTTP 422: Unprocessable Entity
2026-06-06 12:29:40.081 [ERROR] src.enrichment.client_base: gtex HTTP 422: Unprocessable Entity
2026-06-06 12:29:40.222 [ERROR] src.enrichment.client_base: gtex HTTP 422: Unprocessable Entity
2026-06-06 12:29:40.475 [WARNING] src.enrichment.client_base: gnomad rate limited (429), retrying in 8s...
2026-06-06 12:29:40.556 [ERROR] src.enrichment.client_base: gtex HTTP 422: Unprocessable Entity
2026-06-06 12:29:40.634 [WARNING] src.enrichment.client_base: gnomad rate limited (429), retrying in 8s...
2026-06-06 12:29:40.787 [WARNING] src.enrichment.client_base: gnomad rate limited (429), retrying in 8s...
2026-06-06 12:29:40.811 [WARNING] src.enrichment.client_base: gnomad rate limited (429), retrying in 8s...
2026-06-06 12:29:41.062 [ERROR] src.enrichment.client_base: gtex HTTP 422: Unprocessable Entity
2026-06-06 12:29:41.318 [ERROR] src.enrichment.client_base: gtex HTTP 422: Unprocessable Entity
2026-06-06 12:29:41.336 [ERROR] src.enrichment.client_base: gtex HTTP 422: Unprocessable Entity
2026-06-06 12:29:41.378 [ERROR] src.enrichment.client_base: gtex HTTP 422: Unprocessable Entity
2026-06-06 12:29:41.442 [WARNING] src.enrichment.client_base: gnomad rate limited (429), retrying in 4s...
2026-06-06 12:29:41.494 [ERROR] src.enrichment.client_base: gtex HTTP 422: Unprocessable Entity
2026-06-06 12:29:41.543 [ERROR] src.enrichment.client_base: gtex HTTP 422: Unprocessable Entity
2026-06-06 12:29:41.625 [ERROR] src.enrichment.client_base: gtex HTTP 422: Unprocessable Entity
2026-06-06 12:29:41.775 [ERROR] src.enrichment.client_base: gtex HTTP 422: Unprocessable Entity
2026-06-06 12:29:41.929 [ERROR] src.enrichment.client_base: gtex HTTP 422: Unprocessable Entity
2026-06-06 12:29:42.090 [ERROR] src.enrichment.client_base: gtex HTTP 422: Unprocessable Entity
2026-06-06 12:29:42.165 [ERROR] src.enrichment.client_base: gtex HTTP 422: Unprocessable Entity
2026-06-06 12:29:42.455 [WARNING] src.enrichment.client_base: gnomad rate limited (429), retrying in 8s...
2026-06-06 12:29:42.512 [WARNING] src.enrichment.client_base: gnomad rate limited (429), retrying in 8s...
2026-06-06 12:29:42.576 [WARNING] src.enrichment.client_base: gnomad rate limited (429), retrying in 8s...
2026-06-06 12:29:42.791 [WARNING] src.enrichment.client_base: gnomad rate limited (429), retrying in 8s...
2026-06-06 12:29:43.016 [WARNING] src.enrichment.client_base: gnomad rate limited (429), retrying in 8s...
2026-06-06 12:29:43.017 [ERROR] src.enrichment.client_base: gtex HTTP 422: Unprocessable Entity
2026-06-06 12:29:43.237 [ERROR] src.enrichment.client_base: gtex HTTP 422: Unprocessable Entity
2026-06-06 12:29:43.552 [ERROR] src.enrichment.client_base: gtex HTTP 422: Unprocessable Entity
2026-06-06 12:29:43.642 [WARNING] src.enrichment.client_base: gnomad rate limited (429), retrying in 8s...
2026-06-06 12:29:43.671 [WARNING] src.enrichment.client_base: gnomad rate limited (429), retrying in 8s...
2026-06-06 12:29:43.734 [WARNING] src.enrichment.client_base: gnomad rate limited (429), retrying in 8s...
2026-06-06 12:29:43.790 [ERROR] src.enrichment.client_base: gtex HTTP 422: Unprocessable Entity
2026-06-06 12:29:44.007 [WARNING] src.enrichment.client_base: gnomad rate limited (429), retrying in 8s...
2026-06-06 12:29:44.407 [ERROR] src.enrichment.client_base: gtex HTTP 422: Unprocessable Entity
2026-06-06 12:29:44.533 [ERROR] src.enrichment.client_base: gtex HTTP 422: Unprocessable Entity
2026-06-06 12:29:45.002 [ERROR] src.enrichment.client_base: gtex HTTP 422: Unprocessable Entity
2026-06-06 12:29:45.021 [ERROR] src.enrichment.client_base: gtex HTTP 422: Unprocessable Entity
2026-06-06 12:29:45.466 [ERROR] src.enrichment.client_base: gtex HTTP 422: Unprocessable Entity
2026-06-06 12:29:45.472 [ERROR] src.enrichment.client_base: gtex HTTP 422: Unprocessable Entity
2026-06-06 12:29:45.769 [WARNING] src.enrichment.client_base: gnomad rate limited (429), retrying in 8s...
2026-06-06 12:29:45.827 [ERROR] src.enrichment.client_base: gtex HTTP 422: Unprocessable Entity
2026-06-06 12:29:45.955 [ERROR] src.enrichment.client_base: gtex HTTP 422: Unprocessable Entity
2026-06-06 12:29:46.019 [ERROR] src.enrichment.client_base: gtex HTTP 422: Unprocessable Entity
2026-06-06 12:29:46.092 [ERROR] src.enrichment.client_base: gtex HTTP 422: Unprocessable Entity
2026-06-06 12:29:46.300 [ERROR] src.enrichment.client_base: gtex HTTP 422: Unprocessable Entity
2026-06-06 12:29:46.413 [ERROR] src.enrichment.client_base: gtex HTTP 422: Unprocessable Entity
2026-06-06 12:29:46.465 [ERROR] src.enrichment.client_base: gtex HTTP 422: Unprocessable Entity
2026-06-06 12:29:46.622 [ERROR] src.enrichment.client_base: gtex HTTP 422: Unprocessable Entity
2026-06-06 12:29:46.941 [ERROR] src.enrichment.client_base: gtex HTTP 422: Unprocessable Entity
2026-06-06 12:29:47.073 [ERROR] src.enrichment.client_base: gtex HTTP 422: Unprocessable Entity
2026-06-06 12:29:47.895 [ERROR] src.enrichment.client_base: gtex HTTP 422: Unprocessable Entity
2026-06-06 12:29:48.016 [ERROR] src.enrichment.client_base: gtex HTTP 422: Unprocessable Entity
2026-06-06 12:29:48.276 [WARNING] src.enrichment.client_base: gnomad rate limited (429), retrying in 1s...
2026-06-06 12:29:48.550 [ERROR] src.enrichment.client_base: gtex HTTP 422: Unprocessable Entity
2026-06-06 12:29:48.634 [ERROR] src.enrichment.client_base: gtex HTTP 422: Unprocessable Entity
2026-06-06 12:29:48.800 [WARNING] src.enrichment.client_base: gnomad rate limited (429), retrying in 1s...
2026-06-06 12:29:48.886 [ERROR] src.enrichment.client_base: gtex HTTP 422: Unprocessable Entity
2026-06-06 12:29:48.936 [ERROR] src.enrichment.client_base: gtex HTTP 422: Unprocessable Entity
2026-06-06 12:29:48.966 [WARNING] src.enrichment.client_base: gnomad rate limited (429), retrying in 1s...
2026-06-06 12:29:49.131 [WARNING] src.enrichment.client_base: gnomad rate limited (429), retrying in 1s...
2026-06-06 12:29:49.406 [ERROR] src.enrichment.client_base: gtex HTTP 422: Unprocessable Entity
2026-06-06 12:29:49.490 [WARNING] src.enrichment.client_base: gnomad rate limited (429), retrying in 1s...
2026-06-06 12:29:49.605 [WARNING] src.enrichment.client_base: gnomad rate limited (429), retrying in 2s...
2026-06-06 12:29:49.631 [ERROR] src.enrichment.client_base: gtex HTTP 422: Unprocessable Entity
2026-06-06 12:29:49.946 [ERROR] src.enrichment.client_base: gtex HTTP 422: Unprocessable Entity
2026-06-06 12:29:50.097 [ERROR] src.enrichment.client_base: gtex HTTP 422: Unprocessable Entity
2026-06-06 12:29:50.135 [WARNING] src.enrichment.client_base: gnomad rate limited (429), retrying in 2s...
2026-06-06 12:29:50.305 [WARNING] src.enrichment.client_base: gnomad rate limited (429), retrying in 2s...
2026-06-06 12:29:50.427 [ERROR] src.enrichment.client_base: gtex HTTP 422: Unprocessable Entity
2026-06-06 12:29:50.514 [WARNING] src.enrichment.client_base: gnomad rate limited (429), retrying in 2s...
2026-06-06 12:29:50.548 [ERROR] src.enrichment.client_base: gtex HTTP 422: Unprocessable Entity
2026-06-06 12:29:50.567 [ERROR] src.enrichment.client_base: gtex HTTP 422: Unprocessable Entity
2026-06-06 12:29:50.820 [WARNING] src.enrichment.client_base: gnomad rate limited (429), retrying in 2s...
2026-06-06 12:29:50.829 [WARNING] src.enrichment.client_base: gnomad rate limited (429), retrying in 1s...
2026-06-06 12:29:50.860 [WARNING] src.enrichment.client_base: gnomad rate limited (429), retrying in 1s...
2026-06-06 12:29:50.920 [WARNING] src.enrichment.client_base: gnomad rate limited (429), retrying in 1s...
2026-06-06 12:29:50.935 [ERROR] src.enrichment.client_base: gtex HTTP 422: Unprocessable Entity
2026-06-06 12:29:51.017 [ERROR] src.enrichment.client_base: gtex HTTP 422: Unprocessable Entity
2026-06-06 12:29:51.018 [ERROR] src.enrichment.client_base: gtex HTTP 422: Unprocessable Entity
2026-06-06 12:29:51.018 [ERROR] src.enrichment.client_base: gtex HTTP 422: Unprocessable Entity
2026-06-06 12:29:51.109 [ERROR] src.enrichment.client_base: gtex HTTP 422: Unprocessable Entity
2026-06-06 12:29:51.119 [WARNING] src.enrichment.client_base: gnomad rate limited (429), retrying in 1s...
2026-06-06 12:29:51.254 [ERROR] src.enrichment.client_base: gtex HTTP 422: Unprocessable Entity
2026-06-06 12:29:51.347 [WARNING] src.enrichment.client_base: gnomad rate limited (429), retrying in 1s...
2026-06-06 12:29:51.557 [ERROR] src.enrichment.client_base: gtex HTTP 422: Unprocessable Entity
2026-06-06 12:29:51.928 [WARNING] src.enrichment.client_base: gnomad rate limited (429), retrying in 4s...
2026-06-06 12:29:51.970 [WARNING] src.enrichment.client_base: gnomad rate limited (429), retrying in 1s...
2026-06-06 12:29:51.986 [WARNING] src.enrichment.client_base: gnomad rate limited (429), retrying in 1s...
2026-06-06 12:29:52.053 [WARNING] src.enrichment.client_base: gnomad rate limited (429), retrying in 1s...
2026-06-06 12:29:52.174 [WARNING] src.enrichment.client_base: gnomad rate limited (429), retrying in 2s...
2026-06-06 12:29:52.283 [WARNING] src.enrichment.client_base: gnomad rate limited (429), retrying in 2s...
2026-06-06 12:29:52.331 [WARNING] src.enrichment.client_base: gnomad rate limited (429), retrying in 1s...
2026-06-06 12:29:52.404 [ERROR] src.enrichment.client_base: gtex HTTP 422: Unprocessable Entity
2026-06-06 12:29:52.459 [WARNING] src.enrichment.client_base: gnomad rate limited (429), retrying in 4s...
2026-06-06 12:29:52.468 [ERROR] src.enrichment.client_base: gtex HTTP 422: Unprocessable Entity
2026-06-06 12:29:52.471 [ERROR] src.enrichment.client_base: gtex HTTP 422: Unprocessable Entity
2026-06-06 12:29:52.482 [WARNING] src.enrichment.client_base: gnomad rate limited (429), retrying in 2s...
2026-06-06 12:29:52.529 [WARNING] src.enrichment.client_base: gnomad rate limited (429), retrying in 2s...
2026-06-06 12:29:52.617 [WARNING] src.enrichment.client_base: gnomad rate limited (429), retrying in 4s...
2026-06-06 12:29:52.698 [WARNING] src.enrichment.client_base: gnomad rate limited (429), retrying in 2s...
2026-06-06 12:29:52.857 [WARNING] src.enrichment.client_base: gnomad rate limited (429), retrying in 4s...
2026-06-06 12:29:53.149 [WARNING] src.enrichment.client_base: gnomad rate limited (429), retrying in 4s...
2026-06-06 12:29:53.298 [WARNING] src.enrichment.client_base: gnomad rate limited (429), retrying in 2s...
2026-06-06 12:29:53.382 [WARNING] src.enrichment.client_base: gnomad rate limited (429), retrying in 2s...
2026-06-06 12:29:53.412 [ERROR] src.enrichment.client_base: gtex HTTP 422: Unprocessable Entity
2026-06-06 12:29:53.585 [ERROR] src.enrichment.client_base: gtex HTTP 422: Unprocessable Entity
2026-06-06 12:29:53.672 [WARNING] src.enrichment.client_base: gnomad rate limited (429), retrying in 2s...
2026-06-06 12:29:53.684 [WARNING] src.enrichment.client_base: gnomad rate limited (429), retrying in 2s...
2026-06-06 12:29:53.866 [ERROR] src.enrichment.client_base: gtex HTTP 422: Unprocessable Entity
2026-06-06 12:29:53.867 [ERROR] src.enrichment.client_base: gtex HTTP 422: Unprocessable Entity
2026-06-06 12:29:54.330 [ERROR] src.enrichment.client_base: gtex HTTP 422: Unprocessable Entity
2026-06-06 12:29:54.496 [WARNING] src.enrichment.client_base: gnomad rate limited (429), retrying in 4s...
2026-06-06 12:29:54.818 [WARNING] src.enrichment.client_base: gnomad rate limited (429), retrying in 1s...
2026-06-06 12:29:54.854 [WARNING] src.enrichment.client_base: gnomad rate limited (429), retrying in 4s...
2026-06-06 12:29:54.862 [ERROR] src.enrichment.client_base: gtex HTTP 422: Unprocessable Entity
2026-06-06 12:29:54.919 [ERROR] src.enrichment.client_base: gtex HTTP 422: Unprocessable Entity
2026-06-06 12:29:54.925 [ERROR] src.enrichment.client_base: gtex HTTP 422: Unprocessable Entity
2026-06-06 12:29:54.928 [ERROR] src.enrichment.client_base: gtex HTTP 422: Unprocessable Entity
2026-06-06 12:29:55.002 [WARNING] src.enrichment.client_base: gnomad rate limited (429), retrying in 4s...
2026-06-06 12:29:55.029 [WARNING] src.enrichment.client_base: gnomad rate limited (429), retrying in 4s...
2026-06-06 12:29:55.189 [WARNING] src.enrichment.client_base: gnomad rate limited (429), retrying in 4s...
2026-06-06 12:29:55.315 [ERROR] src.enrichment.client_base: gtex HTTP 422: Unprocessable Entity
2026-06-06 12:29:55.409 [ERROR] src.enrichment.client_base: gtex HTTP 422: Unprocessable Entity
2026-06-06 12:29:55.479 [ERROR] src.enrichment.client_base: gtex HTTP 422: Unprocessable Entity
2026-06-06 12:29:55.700 [WARNING] src.enrichment.client_base: gnomad rate limited (429), retrying in 4s...
2026-06-06 12:29:55.704 [ERROR] src.enrichment.client_base: gtex HTTP 422: Unprocessable Entity
2026-06-06 12:29:55.790 [ERROR] src.enrichment.client_base: gtex HTTP 422: Unprocessable Entity
2026-06-06 12:29:55.984 [WARNING] src.enrichment.client_base: gnomad rate limited (429), retrying in 4s...
2026-06-06 12:29:56.025 [WARNING] src.enrichment.client_base: gnomad rate limited (429), retrying in 4s...
2026-06-06 12:29:56.026 [WARNING] src.enrichment.client_base: gnomad rate limited (429), retrying in 4s...
2026-06-06 12:29:56.145 [WARNING] src.enrichment.client_base: gnomad rate limited (429), retrying in 2s...
2026-06-06 12:29:56.154 [ERROR] src.enrichment.client_base: gtex HTTP 422: Unprocessable Entity
2026-06-06 12:29:56.259 [WARNING] src.enrichment.client_base: gnomad rate limited (429), retrying in 8s...
2026-06-06 12:29:56.387 [ERROR] src.enrichment.client_base: gtex HTTP 422: Unprocessable Entity
2026-06-06 12:29:56.512 [ERROR] src.enrichment.client_base: gtex HTTP 422: Unprocessable Entity
2026-06-06 12:29:56.783 [WARNING] src.enrichment.client_base: gnomad rate limited (429), retrying in 8s...
2026-06-06 12:29:56.943 [WARNING] src.enrichment.client_base: gnomad rate limited (429), retrying in 8s...
2026-06-06 12:29:57.468 [WARNING] src.enrichment.client_base: gnomad rate limited (429), retrying in 8s...
2026-06-06 12:29:57.557 [WARNING] src.enrichment.client_base: gnomad rate limited (429), retrying in 8s...
2026-06-06 12:29:57.604 [ERROR] src.enrichment.client_base: gtex HTTP 422: Unprocessable Entity
2026-06-06 12:29:57.774 [ERROR] src.enrichment.client_base: gtex HTTP 422: Unprocessable Entity
2026-06-06 12:29:57.861 [ERROR] src.enrichment.client_base: gtex HTTP 422: Unprocessable Entity
2026-06-06 12:29:57.980 [ERROR] src.enrichment.client_base: gtex HTTP 422: Unprocessable Entity
2026-06-06 12:29:58.041 [ERROR] src.enrichment.client_base: gtex HTTP 422: Unprocessable Entity
2026-06-06 12:29:58.250 [ERROR] src.enrichment.client_base: gtex HTTP 422: Unprocessable Entity
2026-06-06 12:29:58.465 [WARNING] src.enrichment.client_base: gnomad rate limited (429), retrying in 4s...
2026-06-06 12:29:58.508 [ERROR] src.enrichment.client_base: gtex HTTP 422: Unprocessable Entity
2026-06-06 12:29:58.807 [WARNING] src.enrichment.client_base: gnomad rate limited (429), retrying in 8s...
2026-06-06 12:29:59.188 [WARNING] src.enrichment.client_base: gnomad rate limited (429), retrying in 8s...
2026-06-06 12:29:59.335 [WARNING] src.enrichment.client_base: gnomad rate limited (429), retrying in 8s...
2026-06-06 12:29:59.358 [WARNING] src.enrichment.client_base: gnomad rate limited (429), retrying in 8s...
2026-06-06 12:29:59.376 [ERROR] src.enrichment.client_base: gtex HTTP 422: Unprocessable Entity
2026-06-06 12:29:59.377 [ERROR] src.enrichment.client_base: gtex HTTP 422: Unprocessable Entity
2026-06-06 12:29:59.686 [ERROR] src.enrichment.client_base: gtex HTTP 422: Unprocessable Entity
2026-06-06 12:29:59.741 [ERROR] src.enrichment.client_base: gtex HTTP 422: Unprocessable Entity
2026-06-06 12:29:59.824 [ERROR] src.enrichment.client_base: gtex HTTP 422: Unprocessable Entity
2026-06-06 12:29:59.851 [ERROR] src.enrichment.client_base: gtex HTTP 422: Unprocessable Entity
2026-06-06 12:29:59.860 [WARNING] src.enrichment.client_base: gnomad rate limited (429), retrying in 8s...
2026-06-06 12:29:59.961 [ERROR] src.enrichment.client_base: gtex HTTP 422: Unprocessable Entity
2026-06-06 12:30:00.017 [WARNING] src.enrichment.client_base: gnomad rate limited (429), retrying in 8s...
2026-06-06 12:30:00.069 [ERROR] src.enrichment.client_base: gtex HTTP 422: Unprocessable Entity
2026-06-06 12:30:00.168 [ERROR] src.enrichment.client_base: gtex HTTP 422: Unprocessable Entity
2026-06-06 12:30:00.205 [ERROR] src.enrichment.client_base: gtex HTTP 422: Unprocessable Entity
2026-06-06 12:30:00.324 [ERROR] src.enrichment.client_base: gtex HTTP 422: Unprocessable Entity
2026-06-06 12:30:00.335 [WARNING] src.enrichment.client_base: gnomad rate limited (429), retrying in 8s...
2026-06-06 12:30:00.366 [WARNING] src.enrichment.client_base: gnomad rate limited (429), retrying in 8s...
2026-06-06 12:30:00.381 [WARNING] src.enrichment.client_base: gnomad rate limited (429), retrying in 8s...
2026-06-06 12:30:00.728 [ERROR] src.enrichment.client_base: gtex HTTP 422: Unprocessable Entity
2026-06-06 12:30:01.315 [ERROR] src.enrichment.client_base: gtex HTTP 422: Unprocessable Entity
2026-06-06 12:30:01.632 [ERROR] src.enrichment.client_base: gtex HTTP 422: Unprocessable Entity
2026-06-06 12:30:01.657 [ERROR] src.enrichment.client_base: gtex HTTP 422: Unprocessable Entity
2026-06-06 12:30:01.669 [ERROR] src.enrichment.client_base: gtex HTTP 422: Unprocessable Entity
2026-06-06 12:30:02.225 [ERROR] src.enrichment.client_base: gtex HTTP 422: Unprocessable Entity
2026-06-06 12:30:02.422 [ERROR] src.enrichment.client_base: gtex HTTP 422: Unprocessable Entity
2026-06-06 12:30:02.704 [ERROR] src.enrichment.client_base: gtex HTTP 422: Unprocessable Entity
2026-06-06 12:30:02.720 [ERROR] src.enrichment.client_base: gtex HTTP 422: Unprocessable Entity
2026-06-06 12:30:02.810 [WARNING] src.enrichment.client_base: gnomad rate limited (429), retrying in 8s...
2026-06-06 12:30:03.201 [ERROR] src.enrichment.client_base: gtex HTTP 422: Unprocessable Entity
2026-06-06 12:30:03.772 [ERROR] src.enrichment.client_base: gtex HTTP 422: Unprocessable Entity
2026-06-06 12:30:04.093 [ERROR] src.enrichment.client_base: gtex HTTP 422: Unprocessable Entity
2026-06-06 12:30:04.150 [ERROR] src.enrichment.client_base: gtex HTTP 422: Unprocessable Entity
2026-06-06 12:30:04.160 [ERROR] src.enrichment.client_base: gtex HTTP 422: Unprocessable Entity
2026-06-06 12:30:04.175 [ERROR] src.enrichment.client_base: gtex HTTP 422: Unprocessable Entity
2026-06-06 12:30:04.520 [ERROR] src.enrichment.client_base: gtex HTTP 422: Unprocessable Entity
2026-06-06 12:30:04.583 [WARNING] src.enrichment.client_base: gnomad rate limited (429), retrying in 1s...
2026-06-06 12:30:04.672 [ERROR] src.enrichment.client_base: gtex HTTP 422: Unprocessable Entity
2026-06-06 12:30:04.777 [ERROR] src.enrichment.client_base: gtex HTTP 422: Unprocessable Entity
2026-06-06 12:30:05.198 [ERROR] src.enrichment.client_base: gtex HTTP 422: Unprocessable Entity
2026-06-06 12:30:05.226 [ERROR] src.enrichment.client_base: gtex HTTP 422: Unprocessable Entity
2026-06-06 12:30:05.263 [WARNING] src.enrichment.client_base: gnomad rate limited (429), retrying in 1s...
2026-06-06 12:30:05.456 [WARNING] src.enrichment.client_base: gnomad rate limited (429), retrying in 1s...
2026-06-06 12:30:05.498 [ERROR] src.enrichment.client_base: gtex HTTP 422: Unprocessable Entity
2026-06-06 12:30:05.658 [ERROR] src.enrichment.client_base: gtex HTTP 422: Unprocessable Entity
2026-06-06 12:30:05.793 [WARNING] src.enrichment.client_base: gnomad rate limited (429), retrying in 1s...
2026-06-06 12:30:05.879 [WARNING] src.enrichment.client_base: gnomad rate limited (429), retrying in 1s...
2026-06-06 12:30:05.894 [WARNING] src.enrichment.client_base: gnomad rate limited (429), retrying in 2s...
2026-06-06 12:30:06.789 [WARNING] src.enrichment.client_base: gnomad rate limited (429), retrying in 2s...
2026-06-06 12:30:06.882 [ERROR] src.enrichment.client_base: gtex HTTP 422: Unprocessable Entity
2026-06-06 12:30:06.959 [ERROR] src.enrichment.client_base: gtex HTTP 422: Unprocessable Entity
2026-06-06 12:30:06.989 [WARNING] src.enrichment.client_base: gnomad rate limited (429), retrying in 2s...
2026-06-06 12:30:07.054 [ERROR] src.enrichment.client_base: gtex HTTP 422: Unprocessable Entity
2026-06-06 12:30:07.109 [ERROR] src.enrichment.client_base: gtex HTTP 422: Unprocessable Entity
2026-06-06 12:30:07.117 [WARNING] src.enrichment.client_base: gnomad rate limited (429), retrying in 2s...
2026-06-06 12:30:07.119 [WARNING] src.enrichment.client_base: gnomad rate limited (429), retrying in 1s...
2026-06-06 12:30:07.128 [ERROR] src.enrichment.client_base: gtex HTTP 422: Unprocessable Entity
2026-06-06 12:30:07.204 [WARNING] src.enrichment.client_base: gnomad rate limited (429), retrying in 2s...
2026-06-06 12:30:07.268 [ERROR] src.enrichment.client_base: gtex HTTP 422: Unprocessable Entity
2026-06-06 12:30:07.587 [ERROR] src.enrichment.client_base: gtex HTTP 422: Unprocessable Entity
2026-06-06 12:30:07.663 [WARNING] src.enrichment.client_base: gnomad rate limited (429), retrying in 1s...
2026-06-06 12:30:07.706 [WARNING] src.enrichment.client_base: gnomad rate limited (429), retrying in 1s...
2026-06-06 12:30:07.950 [WARNING] src.enrichment.client_base: gnomad rate limited (429), retrying in 1s...
2026-06-06 12:30:08.197 [WARNING] src.enrichment.client_base: gnomad rate limited (429), retrying in 1s...
2026-06-06 12:30:08.222 [WARNING] src.enrichment.client_base: gnomad rate limited (429), retrying in 4s...
2026-06-06 12:30:08.463 [WARNING] src.enrichment.client_base: gnomad rate limited (429), retrying in 2s...
2026-06-06 12:30:08.489 [ERROR] src.enrichment.client_base: gtex HTTP 422: Unprocessable Entity
2026-06-06 12:30:08.645 [ERROR] src.enrichment.client_base: gtex HTTP 422: Unprocessable Entity
2026-06-06 12:30:08.670 [WARNING] src.enrichment.client_base: gnomad rate limited (429), retrying in 1s...
2026-06-06 12:30:08.687 [WARNING] src.enrichment.client_base: gnomad rate limited (429), retrying in 1s...
2026-06-06 12:30:08.692 [WARNING] src.enrichment.client_base: gnomad rate limited (429), retrying in 1s...
2026-06-06 12:30:08.694 [WARNING] src.enrichment.client_base: gnomad rate limited (429), retrying in 1s...
2026-06-06 12:30:08.931 [ERROR] src.enrichment.client_base: gtex HTTP 422: Unprocessable Entity
2026-06-06 12:30:08.985 [ERROR] src.enrichment.client_base: gtex HTTP 422: Unprocessable Entity
2026-06-06 12:30:08.996 [WARNING] src.enrichment.client_base: gnomad rate limited (429), retrying in 2s...
2026-06-06 12:30:09.037 [WARNING] src.enrichment.client_base: gnomad rate limited (429), retrying in 2s...
2026-06-06 12:30:09.046 [ERROR] src.enrichment.client_base: gtex HTTP 422: Unprocessable Entity
2026-06-06 12:30:09.118 [WARNING] src.enrichment.client_base: gnomad rate limited (429), retrying in 4s...
2026-06-06 12:30:09.448 [WARNING] src.enrichment.client_base: gnomad rate limited (429), retrying in 4s...
2026-06-06 12:30:09.575 [WARNING] src.enrichment.client_base: gnomad rate limited (429), retrying in 2s...
2026-06-06 12:30:09.582 [ERROR] src.enrichment.client_base: gtex HTTP 422: Unprocessable Entity
2026-06-06 12:30:09.585 [ERROR] src.enrichment.client_base: gtex HTTP 422: Unprocessable Entity
2026-06-06 12:30:09.592 [WARNING] src.enrichment.client_base: gnomad rate limited (429), retrying in 4s...
2026-06-06 12:30:09.637 [WARNING] src.enrichment.client_base: gnomad rate limited (429), retrying in 2s...
2026-06-06 12:30:09.680 [WARNING] src.enrichment.client_base: gnomad rate limited (429), retrying in 4s...
2026-06-06 12:30:10.012 [WARNING] src.enrichment.client_base: gnomad rate limited (429), retrying in 2s...
2026-06-06 12:30:10.014 [WARNING] src.enrichment.client_base: gnomad rate limited (429), retrying in 2s...
2026-06-06 12:30:10.025 [WARNING] src.enrichment.client_base: gnomad rate limited (429), retrying in 2s...
2026-06-06 12:30:10.055 [ERROR] src.enrichment.client_base: gtex HTTP 422: Unprocessable Entity
2026-06-06 12:30:10.068 [ERROR] src.enrichment.client_base: gtex HTTP 422: Unprocessable Entity
2026-06-06 12:30:10.376 [WARNING] src.enrichment.client_base: gnomad rate limited (429), retrying in 2s...
2026-06-06 12:30:10.798 [ERROR] src.enrichment.client_base: gtex HTTP 422: Unprocessable Entity
2026-06-06 12:30:11.125 [WARNING] src.enrichment.client_base: gnomad rate limited (429), retrying in 1s...
2026-06-06 12:30:11.313 [WARNING] src.enrichment.client_base: gnomad rate limited (429), retrying in 4s...
2026-06-06 12:30:11.374 [WARNING] src.enrichment.client_base: gnomad rate limited (429), retrying in 4s...
2026-06-06 12:30:11.511 [ERROR] src.enrichment.client_base: gtex HTTP 422: Unprocessable Entity
2026-06-06 12:30:11.516 [WARNING] src.enrichment.client_base: gnomad rate limited (429), retrying in 4s...
2026-06-06 12:30:11.582 [ERROR] src.enrichment.client_base: gtex HTTP 422: Unprocessable Entity
2026-06-06 12:30:11.740 [ERROR] src.enrichment.client_base: gtex HTTP 422: Unprocessable Entity
2026-06-06 12:30:11.909 [WARNING] src.enrichment.client_base: gnomad rate limited (429), retrying in 4s...
2026-06-06 12:30:11.967 [WARNING] src.enrichment.client_base: gnomad rate limited (429), retrying in 4s...
2026-06-06 12:30:12.247 [ERROR] src.enrichment.client_base: gnomad HTTP 400: Bad Request
2026-06-06 12:30:12.265 [ERROR] src.enrichment.client_base: gnomad HTTP 400: Bad Request
2026-06-06 12:30:12.286 [ERROR] src.enrichment.client_base: gnomad HTTP 400: Bad Request
2026-06-06 12:30:12.346 [ERROR] src.enrichment.client_base: gnomad HTTP 400: Bad Request
2026-06-06 12:30:12.449 [ERROR] src.enrichment.client_base: gnomad HTTP 400: Bad Request
2026-06-06 12:30:12.606 [ERROR] src.enrichment.client_base: gnomad HTTP 400: Bad Request
2026-06-06 12:30:13.257 [ERROR] src.enrichment.client_base: gtex HTTP 422: Unprocessable Entity
2026-06-06 12:30:13.373 [ERROR] src.enrichment.client_base: gnomad HTTP 400: Bad Request
2026-06-06 12:30:13.392 [ERROR] src.enrichment.client_base: gnomad HTTP 400: Bad Request
2026-06-06 12:30:13.604 [ERROR] src.enrichment.client_base: gnomad HTTP 400: Bad Request
2026-06-06 12:30:13.703 [ERROR] src.enrichment.client_base: gnomad HTTP 400: Bad Request
2026-06-06 12:30:13.816 [ERROR] src.enrichment.client_base: gnomad HTTP 400: Bad Request
2026-06-06 12:30:13.920 [ERROR] src.enrichment.client_base: gnomad HTTP 400: Bad Request
2026-06-06 12:30:14.038 [ERROR] src.enrichment.client_base: gtex HTTP 422: Unprocessable Entity
2026-06-06 12:30:14.570 [ERROR] src.enrichment.client_base: gtex HTTP 422: Unprocessable Entity
2026-06-06 12:30:14.589 [ERROR] src.enrichment.client_base: gnomad HTTP 400: Bad Request
2026-06-06 12:30:14.631 [ERROR] src.enrichment.client_base: gnomad HTTP 400: Bad Request
2026-06-06 12:30:15.127 [ERROR] src.enrichment.client_base: gtex HTTP 422: Unprocessable Entity
2026-06-06 12:30:15.187 [ERROR] src.enrichment.client_base: gnomad HTTP 400: Bad Request
2026-06-06 12:30:15.809 [ERROR] src.enrichment.client_base: gnomad HTTP 400: Bad Request
2026-06-06 12:30:15.925 [ERROR] src.enrichment.client_base: gnomad HTTP 400: Bad Request
2026-06-06 12:30:16.021 [ERROR] src.enrichment.client_base: gtex HTTP 422: Unprocessable Entity
2026-06-06 12:30:16.337 [ERROR] src.enrichment.client_base: gnomad HTTP 400: Bad Request
2026-06-06 12:30:16.479 [ERROR] src.enrichment.client_base: gnomad HTTP 400: Bad Request
2026-06-06 12:30:16.493 [ERROR] src.enrichment.client_base: gnomad HTTP 400: Bad Request
2026-06-06 12:30:16.527 [ERROR] src.enrichment.client_base: gnomad HTTP 400: Bad Request
2026-06-06 12:30:16.560 [ERROR] src.enrichment.client_base: gnomad HTTP 400: Bad Request
2026-06-06 12:30:16.843 [ERROR] src.enrichment.client_base: gnomad HTTP 400: Bad Request
2026-06-06 12:30:16.852 [ERROR] src.enrichment.client_base: gnomad HTTP 400: Bad Request
2026-06-06 12:30:16.876 [ERROR] src.enrichment.client_base: gnomad HTTP 400: Bad Request
2026-06-06 12:30:17.411 [ERROR] src.enrichment.client_base: gnomad HTTP 400: Bad Request
2026-06-06 12:30:17.904 [ERROR] src.enrichment.client_base: gtex HTTP 422: Unprocessable Entity
2026-06-06 12:30:18.831 [ERROR] src.enrichment.client_base: gnomad HTTP 400: Bad Request
2026-06-06 12:30:21.085 [ERROR] src.enrichment.client_base: gnomad HTTP 400: Bad Request
2026-06-06 12:30:21.650 [ERROR] src.enrichment.client_base: gnomad HTTP 400: Bad Request
2026-06-06 12:30:21.654 [INFO] main: Stage 6 complete: enriched 367 genes
2026-06-06 12:30:21.663 [INFO] main: Stage 7 complete: report built
2026-06-06 12:30:21.663 [INFO] main: Pipeline completed successfully
2026-06-06 12:30:23.045 [INFO] main: Reports saved: markdown=/Users/zhaorongli/WorkBuddy/2026-06-06-10-32-52/output_v3/sensory_report_20260606_123022.md, json=/Users/zhaorongli/WorkBuddy/2026-06-06-10-32-52/output_v3/sensory_report_20260606_123022.json
