2026-06-04 16:46:30.955 [INFO] src.vep.client: Logger initialized. Log file: /Users/zhaorongli/.workbuddy/skills/sensory-genomics/logs/sensory_genomics_20260604_164630.log
2026-06-04 16:46:30.955 [INFO] scripts.vep.client: Logger initialized. Log file: /Users/zhaorongli/.workbuddy/skills/sensory-genomics/logs/sensory_genomics_20260604_164630.log
2026-06-04 16:46:30.965 [INFO] src.gene_sets.loader: Logger initialized. Log file: /Users/zhaorongli/.workbuddy/skills/sensory-genomics/logs/sensory_genomics_20260604_164630.log
2026-06-04 16:46:30.965 [INFO] scripts.gene_sets.loader: Logger initialized. Log file: /Users/zhaorongli/.workbuddy/skills/sensory-genomics/logs/sensory_genomics_20260604_164630.log
2026-06-04 16:46:30.997 [INFO] src.vcf.parser: Logger initialized. Log file: /Users/zhaorongli/.workbuddy/skills/sensory-genomics/logs/sensory_genomics_20260604_164630.log
2026-06-04 16:46:30.997 [INFO] src.vcf.prefilter: Logger initialized. Log file: /Users/zhaorongli/.workbuddy/skills/sensory-genomics/logs/sensory_genomics_20260604_164630.log
2026-06-04 16:46:30.998 [INFO] scripts.vcf.parser: Logger initialized. Log file: /Users/zhaorongli/.workbuddy/skills/sensory-genomics/logs/sensory_genomics_20260604_164630.log
2026-06-04 16:46:30.998 [INFO] scripts.vcf.prefilter: Logger initialized. Log file: /Users/zhaorongli/.workbuddy/skills/sensory-genomics/logs/sensory_genomics_20260604_164630.log
2026-06-04 16:46:31.031 [INFO] scripts.gene_sets.loader: Loaded gene sets: 376 genes across 5 subsystems
2026-06-04 16:46:31.035 [INFO] scripts.vcf.parser: Parsing VCF for sample: ML150006935_L01_184
2026-06-04 16:46:31.687 [INFO] scripts.vep.client: VEP annotation started: 103045 variants, batch_size=200
2026-06-04 16:47:32.442 [ERROR] scripts.vep.client: VEP request timeout for https://rest.ensembl.org/vep/human/region/1:1770997-1770997:1/A?content-type=application/json
2026-06-04 16:48:06.442 [ERROR] scripts.vep.client: VEP request timeout for https://rest.ensembl.org/vep/human/region/1:1837221-1837221:1/G?content-type=application/json
2026-06-04 16:48:06.443 [INFO] scripts.vep.client: VEP batch 1/516 done
2026-06-04 16:48:15.791 [WARNING] scripts.vep.client: VEP rate limited (429), retrying in 1s...
2026-06-04 16:49:21.402 [INFO] scripts.vep.client: VEP batch 2/516 done
2026-06-04 16:50:48.147 [INFO] scripts.vep.client: VEP batch 3/516 done
2026-06-04 16:51:01.755 [WARNING] scripts.vep.client: VEP rate limited (429), retrying in 1s...
2026-06-04 16:51:01.834 [WARNING] scripts.vep.client: VEP rate limited (429), retrying in 1s...
2026-06-04 16:51:01.888 [WARNING] scripts.vep.client: VEP rate limited (429), retrying in 1s...
2026-06-04 16:51:01.892 [WARNING] scripts.vep.client: VEP rate limited (429), retrying in 1s...
2026-06-04 16:51:02.054 [WARNING] scripts.vep.client: VEP rate limited (429), retrying in 1s...
2026-06-04 16:51:32.860 [INFO] scripts.vep.client: VEP batch 4/516 done
2026-06-04 16:51:49.741 [WARNING] scripts.vep.client: VEP rate limited (429), retrying in 1s...
2026-06-04 16:51:49.764 [WARNING] scripts.vep.client: VEP rate limited (429), retrying in 1s...
2026-06-04 16:51:49.812 [WARNING] scripts.vep.client: VEP rate limited (429), retrying in 1s...
2026-06-04 16:51:49.928 [WARNING] scripts.vep.client: VEP rate limited (429), retrying in 1s...
2026-06-04 16:52:21.565 [INFO] scripts.vep.client: VEP batch 5/516 done
2026-06-04 16:52:42.659 [WARNING] scripts.vep.client: VEP rate limited (429), retrying in 1s...
2026-06-04 16:52:42.686 [WARNING] scripts.vep.client: VEP rate limited (429), retrying in 1s...
2026-06-04 16:52:42.697 [WARNING] scripts.vep.client: VEP rate limited (429), retrying in 1s...
2026-06-04 16:52:42.712 [WARNING] scripts.vep.client: VEP rate limited (429), retrying in 1s...
2026-06-04 16:52:42.732 [WARNING] scripts.vep.client: VEP rate limited (429), retrying in 1s...
2026-06-04 16:52:42.781 [WARNING] scripts.vep.client: VEP rate limited (429), retrying in 1s...
2026-06-04 16:52:42.787 [WARNING] scripts.vep.client: VEP rate limited (429), retrying in 1s...
2026-06-04 16:52:42.790 [WARNING] scripts.vep.client: VEP rate limited (429), retrying in 1s...
2026-06-04 16:52:42.797 [WARNING] scripts.vep.client: VEP rate limited (429), retrying in 1s...
2026-06-04 16:52:42.804 [WARNING] scripts.vep.client: VEP rate limited (429), retrying in 1s...
2026-06-04 16:52:42.904 [WARNING] scripts.vep.client: VEP rate limited (429), retrying in 1s...
2026-06-04 16:52:43.002 [WARNING] scripts.vep.client: VEP rate limited (429), retrying in 1s...
2026-06-04 16:52:43.044 [WARNING] scripts.vep.client: VEP rate limited (429), retrying in 1s...
2026-06-04 16:52:52.726 [INFO] scripts.vep.client: VEP batch 6/516 done
2026-06-04 16:52:59.904 [WARNING] scripts.vep.client: VEP rate limited (429), retrying in 1s...
2026-06-04 16:52:59.977 [WARNING] scripts.vep.client: VEP rate limited (429), retrying in 1s...
2026-06-04 16:52:59.994 [WARNING] scripts.vep.client: VEP rate limited (429), retrying in 1s...
2026-06-04 16:53:35.014 [INFO] scripts.vep.client: VEP batch 7/516 done
2026-06-04 16:53:45.575 [WARNING] scripts.vep.client: VEP rate limited (429), retrying in 1s...
2026-06-04 16:53:45.576 [WARNING] scripts.vep.client: VEP rate limited (429), retrying in 1s...
2026-06-04 16:53:45.717 [WARNING] scripts.vep.client: VEP rate limited (429), retrying in 1s...
2026-06-04 16:53:45.730 [WARNING] scripts.vep.client: VEP rate limited (429), retrying in 1s...
2026-06-04 16:53:45.782 [WARNING] scripts.vep.client: VEP rate limited (429), retrying in 1s...
2026-06-04 16:53:45.979 [WARNING] scripts.vep.client: VEP rate limited (429), retrying in 1s...
2026-06-04 16:53:46.971 [WARNING] scripts.vep.client: VEP rate limited (429), retrying in 1s...
2026-06-04 16:54:12.998 [INFO] scripts.vep.client: VEP batch 8/516 done
2026-06-04 16:55:10.309 [INFO] scripts.vep.client: VEP batch 9/516 done
2026-06-04 16:55:15.978 [WARNING] scripts.vep.client: VEP rate limited (429), retrying in 1s...
2026-06-04 16:55:22.960 [WARNING] scripts.vep.client: VEP rate limited (429), retrying in 1s...
2026-06-04 16:55:25.976 [WARNING] scripts.vep.client: VEP rate limited (429), retrying in 1s...
2026-06-04 16:55:47.862 [INFO] scripts.vep.client: VEP batch 10/516 done
2026-06-04 16:56:42.144 [INFO] scripts.vep.client: VEP batch 11/516 done
2026-06-04 16:57:09.783 [WARNING] scripts.vep.client: VEP rate limited (429), retrying in 1s...
2026-06-04 16:57:12.869 [WARNING] scripts.vep.client: VEP rate limited (429), retrying in 1s...
2026-06-04 16:57:13.931 [WARNING] scripts.vep.client: VEP rate limited (429), retrying in 1s...
2026-06-04 16:57:55.407 [ERROR] scripts.vep.client: VEP request timeout for https://rest.ensembl.org/vep/human/region/1:45533898-45533898:1/A?content-type=application/json
2026-06-04 16:57:55.408 [INFO] scripts.vep.client: VEP batch 12/516 done
2026-06-04 16:58:06.815 [WARNING] scripts.vep.client: VEP rate limited (429), retrying in 1s...
2026-06-04 16:58:08.777 [WARNING] scripts.vep.client: VEP rate limited (429), retrying in 1s...
2026-06-04 16:58:08.934 [WARNING] scripts.vep.client: VEP rate limited (429), retrying in 1s...
2026-06-04 16:58:08.943 [WARNING] scripts.vep.client: VEP rate limited (429), retrying in 1s...
2026-06-04 16:58:51.595 [INFO] scripts.vep.client: VEP batch 13/516 done
2026-06-04 16:59:52.419 [ERROR] scripts.vep.client: VEP request timeout for https://rest.ensembl.org/vep/human/region/1:64863484-64863484:1/C?content-type=application/json
2026-06-04 16:59:52.421 [ERROR] scripts.vep.client: VEP request timeout for https://rest.ensembl.org/vep/human/region/1:64862453-64862453:1/T?content-type=application/json
2026-06-04 16:59:52.421 [ERROR] scripts.vep.client: VEP request timeout for https://rest.ensembl.org/vep/human/region/1:64895238-64895238:1/A?content-type=application/json
2026-06-04 16:59:52.421 [ERROR] scripts.vep.client: VEP request timeout for https://rest.ensembl.org/vep/human/region/1:64877383-64877383:1/G?content-type=application/json
2026-06-04 16:59:52.421 [ERROR] scripts.vep.client: VEP request timeout for https://rest.ensembl.org/vep/human/region/1:64890248-64890248:1/T?content-type=application/json
2026-06-04 16:59:52.422 [INFO] scripts.vep.client: VEP batch 14/516 done
2026-06-04 17:00:53.404 [ERROR] scripts.vep.client: VEP request timeout for https://rest.ensembl.org/vep/human/region/1:64982126-64982126:1/G?content-type=application/json
2026-06-04 17:00:53.407 [ERROR] scripts.vep.client: VEP request timeout for https://rest.ensembl.org/vep/human/region/1:64982315-64982315:1/C?content-type=application/json
2026-06-04 17:00:53.407 [ERROR] scripts.vep.client: VEP request timeout for https://rest.ensembl.org/vep/human/region/1:64989794-64989794:1/A?content-type=application/json
2026-06-04 17:00:53.407 [ERROR] scripts.vep.client: VEP request timeout for https://rest.ensembl.org/vep/human/region/1:64977454-64977454:1/TT?content-type=application/json
2026-06-04 17:00:53.408 [ERROR] scripts.vep.client: VEP request timeout for https://rest.ensembl.org/vep/human/region/1:64973883-64973883:1/G?content-type=application/json
2026-06-04 17:00:53.408 [ERROR] scripts.vep.client: VEP request timeout for https://rest.ensembl.org/vep/human/region/1:64982666-64982666:1/C?content-type=application/json
2026-06-04 17:00:56.304 [INFO] scripts.vep.client: VEP batch 15/516 done
2026-06-04 17:01:41.906 [ERROR] scripts.vep.client: VEP HTTP 503 for https://rest.ensembl.org/vep/human/region/1:91763088-91763088:1/A?content-type=application/json: <html><body><h1>503 Service Unavailable</h1>
No server is available to handle this request.
</body></html>

2026-06-04 17:02:35.402 [ERROR] scripts.vep.client: VEP request timeout for https://rest.ensembl.org/vep/human/region/1:91782717-91782717:1/A?content-type=application/json
2026-06-04 17:02:35.404 [INFO] scripts.vep.client: VEP batch 16/516 done
2026-06-04 17:02:36.721 [WARNING] scripts.vep.client: VEP rate limited (429), retrying in 1s...
2026-06-04 17:02:36.843 [WARNING] scripts.vep.client: VEP rate limited (429), retrying in 1s...
2026-06-04 17:02:40.900 [WARNING] scripts.vep.client: VEP rate limited (429), retrying in 1s...
2026-06-04 17:02:42.849 [WARNING] scripts.vep.client: VEP rate limited (429), retrying in 1s...
2026-06-04 17:02:42.924 [WARNING] scripts.vep.client: VEP rate limited (429), retrying in 1s...
2026-06-04 17:03:06.104 [INFO] scripts.vep.client: VEP batch 17/516 done
2026-06-04 17:03:15.967 [WARNING] scripts.vep.client: VEP rate limited (429), retrying in 1s...
2026-06-04 17:03:15.976 [WARNING] scripts.vep.client: VEP rate limited (429), retrying in 1s...
2026-06-04 17:04:06.402 [ERROR] scripts.vep.client: VEP request timeout for https://rest.ensembl.org/vep/human/region/1:91902902-91902902:1/T?content-type=application/json
2026-06-04 17:04:06.403 [ERROR] scripts.vep.client: VEP request timeout for https://rest.ensembl.org/vep/human/region/1:91909897-91909897:1/A?content-type=application/json
2026-06-04 17:04:15.402 [ERROR] scripts.vep.client: VEP request timeout for https://rest.ensembl.org/vep/human/region/1:91949436-91949436:1/C?content-type=application/json
2026-06-04 17:04:15.405 [INFO] scripts.vep.client: VEP batch 18/516 done
2026-06-04 17:05:25.171 [ERROR] scripts.vep.client: VEP HTTP 503 for https://rest.ensembl.org/vep/human/region/1:97168701-97168701:1/C?content-type=application/json: <html><body><h1>503 Service Unavailable</h1>
No server is available to handle this request.
</body></html>

2026-06-04 17:05:29.444 [ERROR] scripts.vep.client: VEP HTTP 503 for https://rest.ensembl.org/vep/human/region/1:97173990-97173990:1/C?content-type=application/json: <html><body><h1>503 Service Unavailable</h1>
No server is available to handle this request.
</body></html>

2026-06-04 17:05:37.354 [INFO] scripts.vep.client: VEP batch 19/516 done
2026-06-04 17:06:37.399 [ERROR] scripts.vep.client: VEP request timeout for https://rest.ensembl.org/vep/human/region/1:97182313-97182313:1/A?content-type=application/json
2026-06-04 17:06:37.400 [ERROR] scripts.vep.client: VEP request timeout for https://rest.ensembl.org/vep/human/region/1:97201687-97201687:1/T?content-type=application/json
2026-06-04 17:06:37.400 [ERROR] scripts.vep.client: VEP request timeout for https://rest.ensembl.org/vep/human/region/1:97203675-97203675:1/C?content-type=application/json
2026-06-04 17:06:37.400 [ERROR] scripts.vep.client: VEP request timeout for https://rest.ensembl.org/vep/human/region/1:97179721-97179721:1/G?content-type=application/json
2026-06-04 17:06:37.400 [ERROR] scripts.vep.client: VEP request timeout for https://rest.ensembl.org/vep/human/region/1:97176898-97176898:1/G?content-type=application/json
2026-06-04 17:06:37.400 [ERROR] scripts.vep.client: VEP request timeout for https://rest.ensembl.org/vep/human/region/1:97177566-97177567:1/-?content-type=application/json
2026-06-04 17:06:37.400 [ERROR] scripts.vep.client: VEP request timeout for https://rest.ensembl.org/vep/human/region/1:97178073-97178073:1/C?content-type=application/json
2026-06-04 17:06:37.400 [ERROR] scripts.vep.client: VEP request timeout for https://rest.ensembl.org/vep/human/region/1:97185168-97185168:1/C?content-type=application/json
2026-06-04 17:06:37.400 [ERROR] scripts.vep.client: VEP request timeout for https://rest.ensembl.org/vep/human/region/1:97193794-97193795:1/-?content-type=application/json
2026-06-04 17:06:37.400 [ERROR] scripts.vep.client: VEP request timeout for https://rest.ensembl.org/vep/human/region/1:97175880-97175880:1/A?content-type=application/json
2026-06-04 17:06:37.400 [ERROR] scripts.vep.client: VEP request timeout for https://rest.ensembl.org/vep/human/region/1:97177906-97177906:1/T?content-type=application/json
2026-06-04 17:06:37.400 [ERROR] scripts.vep.client: VEP request timeout for https://rest.ensembl.org/vep/human/region/1:97203676-97203676:1/C?content-type=application/json
2026-06-04 17:06:37.400 [ERROR] scripts.vep.client: VEP request timeout for https://rest.ensembl.org/vep/human/region/1:97188388-97188388:1/G?content-type=application/json
2026-06-04 17:06:37.400 [ERROR] scripts.vep.client: VEP request timeout for https://rest.ensembl.org/vep/human/region/1:97188136-97188136:1/C?content-type=application/json
2026-06-04 17:06:50.399 [ERROR] scripts.vep.client: VEP request timeout for https://rest.ensembl.org/vep/human/region/1:97231558-97231558:1/G?content-type=application/json
2026-06-04 17:06:54.399 [ERROR] scripts.vep.client: VEP request timeout for https://rest.ensembl.org/vep/human/region/1:97235383-97235383:1/T?content-type=application/json
2026-06-04 17:06:56.399 [ERROR] scripts.vep.client: VEP request timeout for https://rest.ensembl.org/vep/human/region/1:97237769-97237769:1/T?content-type=application/json
2026-06-04 17:06:57.399 [ERROR] scripts.vep.client: VEP request timeout for https://rest.ensembl.org/vep/human/region/1:97238486-97238486:1/A?content-type=application/json
2026-06-04 17:07:24.642 [INFO] scripts.vep.client: VEP batch 20/516 done
2026-06-04 17:08:25.399 [ERROR] scripts.vep.client: VEP request timeout for https://rest.ensembl.org/vep/human/region/1:97284588-97284588:1/C?content-type=application/json
2026-06-04 17:08:25.400 [ERROR] scripts.vep.client: VEP request timeout for https://rest.ensembl.org/vep/human/region/1:97286819-97286819:1/A?content-type=application/json
2026-06-04 17:08:25.400 [ERROR] scripts.vep.client: VEP request timeout for https://rest.ensembl.org/vep/human/region/1:97288242-97288242:1/C?content-type=application/json
2026-06-04 17:08:25.401 [ERROR] scripts.vep.client: VEP request timeout for https://rest.ensembl.org/vep/human/region/1:97286896-97286896:1/A?content-type=application/json
2026-06-04 17:08:25.401 [INFO] scripts.vep.client: VEP batch 21/516 done
2026-06-04 17:08:46.806 [WARNING] scripts.vep.client: VEP rate limited (429), retrying in 1s...
2026-06-04 17:08:46.904 [WARNING] scripts.vep.client: VEP rate limited (429), retrying in 1s...
2026-06-04 17:09:33.403 [ERROR] scripts.vep.client: VEP request timeout for https://rest.ensembl.org/vep/human/region/1:97486413-97486413:1/A?content-type=application/json
2026-06-04 17:09:35.453 [INFO] scripts.vep.client: VEP batch 22/516 done
2026-06-04 17:10:16.512 [ERROR] scripts.vep.client: VEP HTTP 503 for https://rest.ensembl.org/vep/human/region/1:97755629-97755629:1/A?content-type=application/json: <html><body><h1>503 Service Unavailable</h1>
No server is available to handle this request.
</body></html>

2026-06-04 17:10:16.524 [ERROR] scripts.vep.client: VEP HTTP 503 for https://rest.ensembl.org/vep/human/region/1:97751772-97751772:1/T?content-type=application/json: <html><body><h1>503 Service Unavailable</h1>
No server is available to handle this request.
</body></html>

2026-06-04 17:10:29.347 [ERROR] scripts.vep.client: VEP HTTP 503 for https://rest.ensembl.org/vep/human/region/1:97814936-97814936:1/G?content-type=application/json: <html><body><h1>503 Service Unavailable</h1>
No server is available to handle this request.
</body></html>

2026-06-04 17:10:56.395 [ERROR] scripts.vep.client: VEP request timeout for https://rest.ensembl.org/vep/human/region/1:97825129-97825129:1/T?content-type=application/json
2026-06-04 17:10:57.396 [ERROR] scripts.vep.client: VEP request timeout for https://rest.ensembl.org/vep/human/region/1:97826415-97826419:1/-?content-type=application/json
2026-06-04 17:10:57.396 [ERROR] scripts.vep.client: VEP request timeout for https://rest.ensembl.org/vep/human/region/1:97826032-97826032:1/TGTG?content-type=application/json
2026-06-04 17:11:01.395 [ERROR] scripts.vep.client: VEP request timeout for https://rest.ensembl.org/vep/human/region/1:97843695-97843695:1/C?content-type=application/json
2026-06-04 17:11:02.396 [ERROR] scripts.vep.client: VEP request timeout for https://rest.ensembl.org/vep/human/region/1:97850729-97850729:1/G?content-type=application/json
2026-06-04 17:11:03.395 [ERROR] scripts.vep.client: VEP request timeout for https://rest.ensembl.org/vep/human/region/1:97852393-97852393:1/T?content-type=application/json
2026-06-04 17:11:03.395 [ERROR] scripts.vep.client: VEP request timeout for https://rest.ensembl.org/vep/human/region/1:97852606-97852606:1/G?content-type=application/json
2026-06-04 17:11:06.395 [ERROR] scripts.vep.client: VEP request timeout for https://rest.ensembl.org/vep/human/region/1:97862275-97862275:1/T?content-type=application/json
2026-06-04 17:11:06.395 [INFO] scripts.vep.client: VEP batch 23/516 done
2026-06-04 17:12:07.471 [ERROR] scripts.vep.client: VEP request timeout for https://rest.ensembl.org/vep/human/region/1:97941369-97941369:1/G?content-type=application/json
2026-06-04 17:12:07.473 [ERROR] scripts.vep.client: VEP request timeout for https://rest.ensembl.org/vep/human/region/1:97935401-97935401:1/GATAT?content-type=application/json
2026-06-04 17:12:07.473 [ERROR] scripts.vep.client: VEP request timeout for https://rest.ensembl.org/vep/human/region/1:97940300-97940300:1/A?content-type=application/json
2026-06-04 17:12:14.470 [ERROR] scripts.vep.client: VEP request timeout for https://rest.ensembl.org/vep/human/region/1:97989571-97989572:1/-?content-type=application/json
2026-06-04 17:12:15.471 [ERROR] scripts.vep.client: VEP request timeout for https://rest.ensembl.org/vep/human/region/1:97994550-97994550:1/A?content-type=application/json
2026-06-04 17:12:18.471 [ERROR] scripts.vep.client: VEP request timeout for https://rest.ensembl.org/vep/human/region/1:97995887-97995887:1/T?content-type=application/json
2026-06-04 17:12:21.471 [ERROR] scripts.vep.client: VEP request timeout for https://rest.ensembl.org/vep/human/region/1:100721663-100721663:1/G?content-type=application/json
2026-06-04 17:12:21.471 [ERROR] scripts.vep.client: VEP request timeout for https://rest.ensembl.org/vep/human/region/1:100718269-100718269:1/C?content-type=application/json
2026-06-04 17:12:22.471 [ERROR] scripts.vep.client: VEP request timeout for https://rest.ensembl.org/vep/human/region/1:100722636-100722636:1/A?content-type=application/json
2026-06-04 17:12:25.470 [ERROR] scripts.vep.client: VEP request timeout for https://rest.ensembl.org/vep/human/region/1:100733152-100733152:1/T?content-type=application/json
2026-06-04 17:12:25.471 [ERROR] scripts.vep.client: VEP request timeout for https://rest.ensembl.org/vep/human/region/1:100731733-100731733:1/G?content-type=application/json
2026-06-04 17:12:45.471 [ERROR] scripts.vep.client: VEP request timeout for https://rest.ensembl.org/vep/human/region/1:109684855-109684855:1/G?content-type=application/json
2026-06-04 17:12:45.474 [ERROR] scripts.vep.client: VEP request timeout for https://rest.ensembl.org/vep/human/region/1:109685960-109685960:1/T?content-type=application/json
2026-06-04 17:12:46.474 [ERROR] scripts.vep.client: VEP request timeout for https://rest.ensembl.org/vep/human/region/1:109686281-109686281:1/TTCT?content-type=application/json
2026-06-04 17:12:47.473 [ERROR] scripts.vep.client: VEP request timeout for https://rest.ensembl.org/vep/human/region/1:109687322-109687322:1/C?content-type=application/json
2026-06-04 17:12:47.473 [ERROR] scripts.vep.client: VEP request timeout for https://rest.ensembl.org/vep/human/region/1:109687451-109687451:1/G?content-type=application/json
2026-06-04 17:12:52.471 [ERROR] scripts.vep.client: VEP request timeout for https://rest.ensembl.org/vep/human/region/1:109692410-109692410:1/G?content-type=application/json
2026-06-04 17:12:53.470 [ERROR] scripts.vep.client: VEP request timeout for https://rest.ensembl.org/vep/human/region/1:109697207-109697207:1/A?content-type=application/json
2026-06-04 17:12:53.471 [ERROR] scripts.vep.client: VEP request timeout for https://rest.ensembl.org/vep/human/region/1:109698559-109698559:1/A?content-type=application/json
2026-06-04 17:12:54.471 [ERROR] scripts.vep.client: VEP request timeout for https://rest.ensembl.org/vep/human/region/1:109698749-109698749:1/G?content-type=application/json
2026-06-04 17:12:55.170 [INFO] scripts.vep.client: VEP batch 24/516 done
2026-06-04 17:14:16.006 [INFO] scripts.vep.client: VEP batch 25/516 done
2026-06-04 17:15:12.512 [ERROR] scripts.vep.client: VEP HTTP 503 for https://rest.ensembl.org/vep/human/region/1:153923477-153923477:1/C?content-type=application/json: <html><body><h1>503 Service Unavailable</h1>
No server is available to handle this request.
</body></html>

2026-06-04 17:15:12.724 [ERROR] scripts.vep.client: VEP HTTP 503 for https://rest.ensembl.org/vep/human/region/1:154267507-154267507:1/T?content-type=application/json: <html><body><h1>503 Service Unavailable</h1>
No server is available to handle this request.
</body></html>

2026-06-04 17:15:15.554 [ERROR] scripts.vep.client: VEP HTTP 503 for https://rest.ensembl.org/vep/human/region/1:154278783-154278783:1/T?content-type=application/json: <html><body><h1>503 Service Unavailable</h1>
No server is available to handle this request.
</body></html>

2026-06-04 17:15:40.077 [INFO] scripts.vep.client: VEP batch 26/516 done
2026-06-04 17:17:06.471 [ERROR] scripts.vep.client: VEP request timeout for https://rest.ensembl.org/vep/human/region/1:155909465-155909465:1/A?content-type=application/json
2026-06-04 17:17:09.471 [ERROR] scripts.vep.client: VEP request timeout for https://rest.ensembl.org/vep/human/region/1:159055617-159055617:1/T?content-type=application/json
2026-06-04 17:17:09.472 [INFO] scripts.vep.client: VEP batch 27/516 done
2026-06-04 17:18:10.470 [ERROR] scripts.vep.client: VEP request timeout for https://rest.ensembl.org/vep/human/region/1:159093901-159093901:1/T?content-type=application/json
2026-06-04 17:18:42.471 [ERROR] scripts.vep.client: VEP request timeout for https://rest.ensembl.org/vep/human/region/1:161527631-161527631:1/A?content-type=application/json
2026-06-04 17:18:43.471 [ERROR] scripts.vep.client: VEP request timeout for https://rest.ensembl.org/vep/human/region/1:161528512-161528512:1/C?content-type=application/json
2026-06-04 17:18:45.470 [ERROR] scripts.vep.client: VEP request timeout for https://rest.ensembl.org/vep/human/region/1:161538864-161538864:1/A?content-type=application/json
2026-06-04 17:18:45.471 [INFO] scripts.vep.client: VEP batch 28/516 done
2026-06-04 17:19:46.473 [ERROR] scripts.vep.client: VEP request timeout for https://rest.ensembl.org/vep/human/region/1:161550724-161550724:1/T?content-type=application/json
2026-06-04 17:19:46.475 [ERROR] scripts.vep.client: VEP request timeout for https://rest.ensembl.org/vep/human/region/1:161555539-161555539:1/C?content-type=application/json
2026-06-04 17:19:46.475 [ERROR] scripts.vep.client: VEP request timeout for https://rest.ensembl.org/vep/human/region/1:161548828-161548828:1/A?content-type=application/json
2026-06-04 17:19:47.471 [ERROR] scripts.vep.client: VEP request timeout for https://rest.ensembl.org/vep/human/region/1:161619083-161619083:1/T?content-type=application/json
2026-06-04 17:19:47.472 [ERROR] scripts.vep.client: VEP request timeout for https://rest.ensembl.org/vep/human/region/1:161619063-161619063:1/G?content-type=application/json
2026-06-04 17:19:47.472 [ERROR] scripts.vep.client: VEP request timeout for https://rest.ensembl.org/vep/human/region/1:161619367-161619367:1/A?content-type=application/json
2026-06-04 17:20:03.841 [INFO] scripts.vep.client: VEP batch 29/516 done
2026-06-04 17:20:31.840 [ERROR] scripts.vep.client: VEP HTTP 503 for https://rest.ensembl.org/vep/human/region/1:164591649-164591649:1/C?content-type=application/json: <html><body><h1>503 Service Unavailable</h1>
No server is available to handle this request.
</body></html>

2026-06-04 17:21:04.470 [ERROR] scripts.vep.client: VEP request timeout for https://rest.ensembl.org/vep/human/region/1:164598461-164598461:1/C?content-type=application/json
2026-06-04 17:21:04.472 [ERROR] scripts.vep.client: VEP request timeout for https://rest.ensembl.org/vep/human/region/1:164589440-164589440:1/A?content-type=application/json
2026-06-04 17:21:05.471 [ERROR] scripts.vep.client: VEP request timeout for https://rest.ensembl.org/vep/human/region/1:164604627-164604627:1/A?content-type=application/json
2026-06-04 17:21:06.471 [ERROR] scripts.vep.client: VEP request timeout for https://rest.ensembl.org/vep/human/region/1:164606623-164606623:1/T?content-type=application/json
2026-06-04 17:21:08.470 [ERROR] scripts.vep.client: VEP request timeout for https://rest.ensembl.org/vep/human/region/1:164616909-164616909:1/T?content-type=application/json
2026-06-04 17:21:11.470 [ERROR] scripts.vep.client: VEP request timeout for https://rest.ensembl.org/vep/human/region/1:164620271-164620271:1/A?content-type=application/json
2026-06-04 17:21:13.471 [ERROR] scripts.vep.client: VEP request timeout for https://rest.ensembl.org/vep/human/region/1:164626252-164626252:1/T?content-type=application/json
2026-06-04 17:21:15.471 [ERROR] scripts.vep.client: VEP request timeout for https://rest.ensembl.org/vep/human/region/1:164629405-164629405:1/G?content-type=application/json
2026-06-04 17:21:19.471 [ERROR] scripts.vep.client: VEP request timeout for https://rest.ensembl.org/vep/human/region/1:164640345-164640345:1/T?content-type=application/json
2026-06-04 17:21:21.471 [ERROR] scripts.vep.client: VEP request timeout for https://rest.ensembl.org/vep/human/region/1:164643699-164643699:1/T?content-type=application/json
2026-06-04 17:21:32.471 [ERROR] scripts.vep.client: VEP request timeout for https://rest.ensembl.org/vep/human/region/1:164662326-164662326:1/T?content-type=application/json
2026-06-04 17:21:33.500 [INFO] scripts.vep.client: VEP batch 30/516 done
2026-06-04 17:22:36.470 [ERROR] scripts.vep.client: VEP request timeout for https://rest.ensembl.org/vep/human/region/1:164701635-164701635:1/C?content-type=application/json
2026-06-04 17:22:42.634 [INFO] scripts.vep.client: VEP batch 31/516 done
2026-06-04 17:23:49.470 [ERROR] scripts.vep.client: VEP request timeout for https://rest.ensembl.org/vep/human/region/1:164902227-164902227:1/A?content-type=application/json
2026-06-04 17:24:13.470 [ERROR] scripts.vep.client: VEP request timeout for https://rest.ensembl.org/vep/human/region/1:165844483-165844483:1/G?content-type=application/json
2026-06-04 17:24:13.472 [ERROR] scripts.vep.client: VEP request timeout for https://rest.ensembl.org/vep/human/region/1:165846702-165846702:1/C?content-type=application/json
2026-06-04 17:24:18.469 [ERROR] scripts.vep.client: VEP request timeout for https://rest.ensembl.org/vep/human/region/1:165861615-165861615:1/A?content-type=application/json
2026-06-04 17:24:19.469 [ERROR] scripts.vep.client: VEP request timeout for https://rest.ensembl.org/vep/human/region/1:165863767-165863767:1/G?content-type=application/json
2026-06-04 17:24:19.469 [ERROR] scripts.vep.client: VEP request timeout for https://rest.ensembl.org/vep/human/region/1:165862412-165862412:1/G?content-type=application/json
2026-06-04 17:24:19.469 [ERROR] scripts.vep.client: VEP request timeout for https://rest.ensembl.org/vep/human/region/1:165861891-165861891:1/C?content-type=application/json
2026-06-04 17:24:19.469 [ERROR] scripts.vep.client: VEP request timeout for https://rest.ensembl.org/vep/human/region/1:165861649-165861650:1/-?content-type=application/json
2026-06-04 17:24:20.470 [ERROR] scripts.vep.client: VEP request timeout for https://rest.ensembl.org/vep/human/region/1:165865015-165865015:1/A?content-type=application/json
2026-06-04 17:24:20.470 [ERROR] scripts.vep.client: VEP request timeout for https://rest.ensembl.org/vep/human/region/1:165865957-165865957:1/G?content-type=application/json
2026-06-04 17:24:21.470 [ERROR] scripts.vep.client: VEP request timeout for https://rest.ensembl.org/vep/human/region/1:165875038-165875039:1/-?content-type=application/json
2026-06-04 17:24:21.470 [ERROR] scripts.vep.client: VEP request timeout for https://rest.ensembl.org/vep/human/region/1:165869690-165869691:1/-?content-type=application/json
2026-06-04 17:24:22.469 [ERROR] scripts.vep.client: VEP request timeout for https://rest.ensembl.org/vep/human/region/1:165878329-165878329:1/C?content-type=application/json
2026-06-04 17:24:22.469 [ERROR] scripts.vep.client: VEP request timeout for https://rest.ensembl.org/vep/human/region/1:165876407-165876407:1/C?content-type=application/json
2026-06-04 17:24:25.470 [ERROR] scripts.vep.client: VEP request timeout for https://rest.ensembl.org/vep/human/region/1:165882975-165882975:1/T?content-type=application/json
2026-06-04 17:24:25.470 [ERROR] scripts.vep.client: VEP request timeout for https://rest.ensembl.org/vep/human/region/1:165882053-165882053:1/T?content-type=application/json
2026-06-04 17:24:25.470 [ERROR] scripts.vep.client: VEP request timeout for https://rest.ensembl.org/vep/human/region/1:165881182-165881182:1/A?content-type=application/json
2026-06-04 17:24:27.470 [ERROR] scripts.vep.client: VEP request timeout for https://rest.ensembl.org/vep/human/region/1:165883992-165883992:1/C?content-type=application/json
2026-06-04 17:24:27.470 [INFO] scripts.vep.client: VEP batch 32/516 done
2026-06-04 17:25:03.860 [ERROR] scripts.vep.client: VEP HTTP 503 for https://rest.ensembl.org/vep/human/region/1:169551221-169551221:1/C?content-type=application/json: <html><body><h1>503 Service Unavailable</h1>
No server is available to handle this request.
</body></html>

2026-06-04 17:25:37.470 [ERROR] scripts.vep.client: VEP request timeout for https://rest.ensembl.org/vep/human/region/1:169543675-169543675:1/T?content-type=application/json
2026-06-04 17:25:41.469 [ERROR] scripts.vep.client: VEP request timeout for https://rest.ensembl.org/vep/human/region/1:169547135-169547135:1/T?content-type=application/json
2026-06-04 17:25:43.471 [ERROR] scripts.vep.client: VEP request timeout for https://rest.ensembl.org/vep/human/region/1:169550433-169550433:1/C?content-type=application/json
2026-06-04 17:25:44.469 [ERROR] scripts.vep.client: VEP request timeout for https://rest.ensembl.org/vep/human/region/1:169551755-169551755:1/T?content-type=application/json
2026-06-04 17:25:49.469 [ERROR] scripts.vep.client: VEP request timeout for https://rest.ensembl.org/vep/human/region/1:169556319-169556319:1/CTCTGGC?content-type=application/json
2026-06-04 17:25:49.471 [INFO] scripts.vep.client: VEP batch 33/516 done
2026-06-04 17:27:08.470 [ERROR] scripts.vep.client: VEP request timeout for https://rest.ensembl.org/vep/human/region/1:169763316-169763316:1/G?content-type=application/json
2026-06-04 17:27:10.470 [ERROR] scripts.vep.client: VEP request timeout for https://rest.ensembl.org/vep/human/region/1:169767224-169767224:1/A?content-type=application/json
2026-06-04 17:27:10.470 [ERROR] scripts.vep.client: VEP request timeout for https://rest.ensembl.org/vep/human/region/1:169767420-169767420:1/A?content-type=application/json
2026-06-04 17:27:10.470 [ERROR] scripts.vep.client: VEP request timeout for https://rest.ensembl.org/vep/human/region/1:169767419-169767419:1/A?content-type=application/json
2026-06-04 17:27:11.470 [ERROR] scripts.vep.client: VEP request timeout for https://rest.ensembl.org/vep/human/region/1:169769061-169769061:1/G?content-type=application/json
2026-06-04 17:27:11.470 [ERROR] scripts.vep.client: VEP request timeout for https://rest.ensembl.org/vep/human/region/1:169768849-169768849:1/A?content-type=application/json
2026-06-04 17:27:12.470 [ERROR] scripts.vep.client: VEP request timeout for https://rest.ensembl.org/vep/human/region/1:169769555-169769555:1/G?content-type=application/json
2026-06-04 17:27:13.470 [ERROR] scripts.vep.client: VEP request timeout for https://rest.ensembl.org/vep/human/region/1:173477199-173477199:1/GCCCC?content-type=application/json
2026-06-04 17:27:15.470 [ERROR] scripts.vep.client: VEP request timeout for https://rest.ensembl.org/vep/human/region/1:173484177-173484177:1/C?content-type=application/json
2026-06-04 17:27:15.471 [INFO] scripts.vep.client: VEP batch 34/516 done
2026-06-04 17:27:16.617 [WARNING] scripts.vep.client: VEP rate limited (429), retrying in 1s...
2026-06-04 17:27:16.645 [WARNING] scripts.vep.client: VEP rate limited (429), retrying in 1s...
2026-06-04 17:27:16.660 [WARNING] scripts.vep.client: VEP rate limited (429), retrying in 1s...
2026-06-04 17:27:16.819 [WARNING] scripts.vep.client: VEP rate limited (429), retrying in 1s...
2026-06-04 17:27:17.753 [WARNING] scripts.vep.client: VEP rate limited (429), retrying in 1s...
2026-06-04 17:27:17.766 [WARNING] scripts.vep.client: VEP rate limited (429), retrying in 1s...
2026-06-04 17:27:17.804 [WARNING] scripts.vep.client: VEP rate limited (429), retrying in 1s...
2026-06-04 17:27:17.809 [WARNING] scripts.vep.client: VEP rate limited (429), retrying in 1s...
2026-06-04 17:27:17.856 [WARNING] scripts.vep.client: VEP rate limited (429), retrying in 1s...
2026-06-04 17:27:17.983 [WARNING] scripts.vep.client: VEP rate limited (429), retrying in 1s...
2026-06-04 17:27:17.988 [WARNING] scripts.vep.client: VEP rate limited (429), retrying in 1s...
2026-06-04 17:27:18.994 [WARNING] scripts.vep.client: VEP rate limited (429), retrying in 1s...
2026-06-04 17:27:18.996 [WARNING] scripts.vep.client: VEP rate limited (429), retrying in 1s...
2026-06-04 17:27:18.998 [WARNING] scripts.vep.client: VEP rate limited (429), retrying in 1s...
2026-06-04 17:27:19.023 [WARNING] scripts.vep.client: VEP rate limited (429), retrying in 1s...
2026-06-04 17:27:19.089 [WARNING] scripts.vep.client: VEP rate limited (429), retrying in 1s...
2026-06-04 17:27:19.765 [WARNING] scripts.vep.client: VEP rate limited (429), retrying in 1s...
2026-06-04 17:27:19.780 [WARNING] scripts.vep.client: VEP rate limited (429), retrying in 1s...
2026-06-04 17:27:19.798 [WARNING] scripts.vep.client: VEP rate limited (429), retrying in 1s...
2026-06-04 17:27:19.859 [WARNING] scripts.vep.client: VEP rate limited (429), retrying in 1s...
2026-06-04 17:27:19.898 [WARNING] scripts.vep.client: VEP rate limited (429), retrying in 1s...
2026-06-04 17:27:20.041 [WARNING] scripts.vep.client: VEP rate limited (429), retrying in 1s...
2026-06-04 17:27:20.068 [WARNING] scripts.vep.client: VEP rate limited (429), retrying in 1s...
2026-06-04 17:27:20.178 [WARNING] scripts.vep.client: VEP rate limited (429), retrying in 1s...
2026-06-04 17:27:20.924 [WARNING] scripts.vep.client: VEP rate limited (429), retrying in 1s...
2026-06-04 17:27:20.926 [WARNING] scripts.vep.client: VEP rate limited (429), retrying in 1s...
2026-06-04 17:27:20.985 [WARNING] scripts.vep.client: VEP rate limited (429), retrying in 1s...
2026-06-04 17:27:20.987 [WARNING] scripts.vep.client: VEP rate limited (429), retrying in 1s...
2026-06-04 17:27:21.962 [WARNING] scripts.vep.client: VEP rate limited (429), retrying in 1s...
2026-06-04 17:27:46.341 [INFO] scripts.vep.client: VEP batch 35/516 done
2026-06-04 17:28:50.935 [INFO] scripts.vep.client: VEP batch 36/516 done
2026-06-04 17:29:18.779 [ERROR] scripts.vep.client: VEP HTTP 503 for https://rest.ensembl.org/vep/human/region/1:183581298-183581298:1/A?content-type=application/json: <html><body><h1>503 Service Unavailable</h1>
No server is available to handle this request.
</body></html>

2026-06-04 17:29:18.824 [ERROR] scripts.vep.client: VEP HTTP 503 for https://rest.ensembl.org/vep/human/region/1:183580978-183580978:1/A?content-type=application/json: <html><body><h1>503 Service Unavailable</h1>
No server is available to handle this request.
</body></html>

2026-06-04 17:29:18.954 [ERROR] scripts.vep.client: VEP HTTP 503 for https://rest.ensembl.org/vep/human/region/1:183593753-183593753:1/G?content-type=application/json: <html><body><h1>503 Service Unavailable</h1>
No server is available to handle this request.
</body></html>

2026-06-04 17:29:19.859 [ERROR] scripts.vep.client: VEP HTTP 503 for https://rest.ensembl.org/vep/human/region/1:183594246-183594246:1/AAACACT?content-type=application/json: <html><body><h1>503 Service Unavailable</h1>
No server is available to handle this request.
</body></html>

2026-06-04 17:29:19.988 [ERROR] scripts.vep.client: VEP HTTP 503 for https://rest.ensembl.org/vep/human/region/1:183579857-183579857:1/G?content-type=application/json: <html><body><h1>503 Service Unavailable</h1>
No server is available to handle this request.
</body></html>

2026-06-04 17:29:21.237 [ERROR] scripts.vep.client: VEP HTTP 503 for https://rest.ensembl.org/vep/human/region/1:183579361-183579361:1/T?content-type=application/json: <html><body><h1>503 Service Unavailable</h1>
No server is available to handle this request.
</body></html>

2026-06-04 17:29:25.500 [ERROR] scripts.vep.client: VEP HTTP 503 for https://rest.ensembl.org/vep/human/region/1:183580717-183580717:1/G?content-type=application/json: <html><body><h1>503 Service Unavailable</h1>
No server is available to handle this request.
</body></html>

2026-06-04 17:29:51.484 [ERROR] scripts.vep.client: VEP request timeout for https://rest.ensembl.org/vep/human/region/1:183578355-183578355:1/T?content-type=application/json
2026-06-04 17:29:51.485 [ERROR] scripts.vep.client: VEP request timeout for https://rest.ensembl.org/vep/human/region/1:183581281-183581281:1/AAAAAA?content-type=application/json
2026-06-04 17:29:51.485 [ERROR] scripts.vep.client: VEP request timeout for https://rest.ensembl.org/vep/human/region/1:183577338-183577338:1/A?content-type=application/json
2026-06-04 17:30:02.688 [INFO] scripts.vep.client: VEP batch 37/516 done
2026-06-04 17:30:59.956 [INFO] scripts.vep.client: VEP batch 38/516 done
2026-06-04 17:31:56.483 [INFO] scripts.vep.client: VEP batch 39/516 done
2026-06-04 17:32:37.508 [ERROR] scripts.vep.client: VEP HTTP 503 for https://rest.ensembl.org/vep/human/region/1:202795966-202795966:1/G?content-type=application/json: <html><body><h1>503 Service Unavailable</h1>
No server is available to handle this request.
</body></html>

2026-06-04 17:32:38.724 [ERROR] scripts.vep.client: VEP HTTP 503 for https://rest.ensembl.org/vep/human/region/1:204546171-204546171:1/C?content-type=application/json: <html><body><h1>503 Service Unavailable</h1>
No server is available to handle this request.
</body></html>

2026-06-04 17:33:03.423 [INFO] scripts.vep.client: VEP batch 40/516 done
2026-06-04 17:34:03.485 [ERROR] scripts.vep.client: VEP request timeout for https://rest.ensembl.org/vep/human/region/1:205117432-205117432:1/G?content-type=application/json
2026-06-04 17:34:03.487 [ERROR] scripts.vep.client: VEP request timeout for https://rest.ensembl.org/vep/human/region/1:205101394-205101394:1/T?content-type=application/json
2026-06-04 17:34:03.488 [ERROR] scripts.vep.client: VEP request timeout for https://rest.ensembl.org/vep/human/region/1:205123246-205123246:1/G?content-type=application/json
2026-06-04 17:34:03.488 [ERROR] scripts.vep.client: VEP request timeout for https://rest.ensembl.org/vep/human/region/1:205117426-205117426:1/C?content-type=application/json
2026-06-04 17:34:03.488 [ERROR] scripts.vep.client: VEP request timeout for https://rest.ensembl.org/vep/human/region/1:205084631-205084631:1/CT?content-type=application/json
2026-06-04 17:34:03.489 [ERROR] scripts.vep.client: VEP request timeout for https://rest.ensembl.org/vep/human/region/1:205107905-205107905:1/C?content-type=application/json
2026-06-04 17:34:03.489 [INFO] scripts.vep.client: VEP batch 41/516 done
2026-06-04 17:35:01.232 [INFO] scripts.vep.client: VEP batch 42/516 done
2026-06-04 17:36:05.189 [INFO] scripts.vep.client: VEP batch 43/516 done
2026-06-04 17:37:15.484 [ERROR] scripts.vep.client: VEP request timeout for https://rest.ensembl.org/vep/human/region/1:207877627-207877627:1/G?content-type=application/json
2026-06-04 17:37:15.487 [ERROR] scripts.vep.client: VEP request timeout for https://rest.ensembl.org/vep/human/region/1:207878043-207878043:1/C?content-type=application/json
2026-06-04 17:37:15.488 [ERROR] scripts.vep.client: VEP request timeout for https://rest.ensembl.org/vep/human/region/1:207878527-207878527:1/T?content-type=application/json
2026-06-04 17:37:16.484 [ERROR] scripts.vep.client: VEP request timeout for https://rest.ensembl.org/vep/human/region/1:207880837-207880837:1/C?content-type=application/json
2026-06-04 17:37:17.484 [ERROR] scripts.vep.client: VEP request timeout for https://rest.ensembl.org/vep/human/region/1:207883762-207883762:1/C?content-type=application/json
2026-06-04 17:37:17.486 [INFO] scripts.vep.client: VEP batch 44/516 done
2026-06-04 17:37:21.988 [WARNING] scripts.vep.client: VEP rate limited (429), retrying in 1s...
2026-06-04 17:37:23.034 [WARNING] scripts.vep.client: VEP rate limited (429), retrying in 1s...
2026-06-04 17:37:26.107 [WARNING] scripts.vep.client: VEP rate limited (429), retrying in 1s...
2026-06-04 17:38:25.603 [INFO] scripts.vep.client: VEP batch 45/516 done
2026-06-04 17:38:46.716 [ERROR] scripts.vep.client: VEP HTTP 503 for https://rest.ensembl.org/vep/human/region/1:243611683-243611683:1/A?content-type=application/json: <html><body><h1>503 Service Unavailable</h1>
No server is available to handle this request.
</body></html>

2026-06-04 17:38:46.736 [ERROR] scripts.vep.client: VEP HTTP 503 for https://rest.ensembl.org/vep/human/region/1:243598997-243598997:1/C?content-type=application/json: <html><body><h1>503 Service Unavailable</h1>
No server is available to handle this request.
</body></html>

2026-06-04 17:39:41.903 [INFO] scripts.vep.client: VEP batch 46/516 done
2026-06-04 17:40:49.396 [INFO] scripts.vep.client: VEP batch 47/516 done
2026-06-04 17:41:43.292 [INFO] scripts.vep.client: VEP batch 48/516 done
2026-06-04 17:42:11.785 [ERROR] scripts.vep.client: VEP HTTP 503 for https://rest.ensembl.org/vep/human/region/2:6867785-6867785:1/T?content-type=application/json: <html><body><h1>503 Service Unavailable</h1>
No server is available to handle this request.
</body></html>

2026-06-04 17:42:12.285 [ERROR] scripts.vep.client: VEP HTTP 503 for https://rest.ensembl.org/vep/human/region/2:6869423-6869423:1/C?content-type=application/json: <html><body><h1>503 Service Unavailable</h1>
No server is available to handle this request.
</body></html>

2026-06-04 17:42:13.210 [ERROR] scripts.vep.client: VEP HTTP 503 for https://rest.ensembl.org/vep/human/region/2:9521840-9521840:1/CTTCCCTGC?content-type=application/json: <html><body><h1>503 Service Unavailable</h1>
No server is available to handle this request.
</body></html>

2026-06-04 17:42:34.029 [ERROR] scripts.vep.client: VEP HTTP 503 for https://rest.ensembl.org/vep/human/region/2:10167269-10167269:1/C?content-type=application/json: <html><body><h1>503 Service Unavailable</h1>
No server is available to handle this request.
</body></html>

2026-06-04 17:42:35.021 [ERROR] scripts.vep.client: VEP HTTP 503 for https://rest.ensembl.org/vep/human/region/2:10172358-10172358:1/T?content-type=application/json: <html><body><h1>503 Service Unavailable</h1>
No server is available to handle this request.
</body></html>

2026-06-04 17:42:35.619 [INFO] scripts.vep.client: VEP batch 49/516 done
2026-06-04 17:42:37.977 [WARNING] scripts.vep.client: VEP rate limited (429), retrying in 1s...
2026-06-04 17:42:38.993 [WARNING] scripts.vep.client: VEP rate limited (429), retrying in 1s...
2026-06-04 17:42:39.050 [WARNING] scripts.vep.client: VEP rate limited (429), retrying in 1s...
2026-06-04 17:42:40.016 [WARNING] scripts.vep.client: VEP rate limited (429), retrying in 1s...
2026-06-04 17:42:40.838 [WARNING] scripts.vep.client: VEP rate limited (429), retrying in 1s...
2026-06-04 17:42:40.841 [WARNING] scripts.vep.client: VEP rate limited (429), retrying in 1s...
2026-06-04 17:42:40.934 [WARNING] scripts.vep.client: VEP rate limited (429), retrying in 1s...
2026-06-04 17:42:40.982 [WARNING] scripts.vep.client: VEP rate limited (429), retrying in 1s...
2026-06-04 17:43:27.357 [INFO] scripts.vep.client: VEP batch 50/516 done
2026-06-04 17:44:31.489 [INFO] scripts.vep.client: VEP batch 51/516 done
2026-06-04 17:44:44.897 [WARNING] scripts.vep.client: VEP rate limited (429), retrying in 1s...
2026-06-04 17:44:44.923 [WARNING] scripts.vep.client: VEP rate limited (429), retrying in 1s...
2026-06-04 17:44:44.930 [WARNING] scripts.vep.client: VEP rate limited (429), retrying in 1s...
2026-06-04 17:44:44.933 [WARNING] scripts.vep.client: VEP rate limited (429), retrying in 1s...
2026-06-04 17:44:45.939 [WARNING] scripts.vep.client: VEP rate limited (429), retrying in 1s...
2026-06-04 17:44:45.966 [WARNING] scripts.vep.client: VEP rate limited (429), retrying in 1s...
2026-06-04 17:45:32.497 [ERROR] scripts.vep.client: VEP request timeout for https://rest.ensembl.org/vep/human/region/2:32990766-32990766:1/T?content-type=application/json
2026-06-04 17:45:38.497 [ERROR] scripts.vep.client: VEP request timeout for https://rest.ensembl.org/vep/human/region/2:32996915-32996915:1/T?content-type=application/json
2026-06-04 17:45:38.498 [ERROR] scripts.vep.client: VEP request timeout for https://rest.ensembl.org/vep/human/region/2:33003100-33003100:1/A?content-type=application/json
2026-06-04 17:45:38.499 [INFO] scripts.vep.client: VEP batch 52/516 done
2026-06-04 17:46:45.099 [INFO] scripts.vep.client: VEP batch 53/516 done
2026-06-04 17:47:54.200 [INFO] scripts.vep.client: VEP batch 54/516 done
2026-06-04 17:48:54.500 [ERROR] scripts.vep.client: VEP request timeout for https://rest.ensembl.org/vep/human/region/2:33340245-33340245:1/A?content-type=application/json
2026-06-04 17:48:54.503 [ERROR] scripts.vep.client: VEP request timeout for https://rest.ensembl.org/vep/human/region/2:33354683-33354685:1/-?content-type=application/json
2026-06-04 17:48:54.503 [ERROR] scripts.vep.client: VEP request timeout for https://rest.ensembl.org/vep/human/region/2:33329670-33329670:1/C?content-type=application/json
2026-06-04 17:48:54.504 [ERROR] scripts.vep.client: VEP request timeout for https://rest.ensembl.org/vep/human/region/2:33321087-33321087:1/A?content-type=application/json
2026-06-04 17:48:54.504 [ERROR] scripts.vep.client: VEP request timeout for https://rest.ensembl.org/vep/human/region/2:33323629-33323629:1/AAAC?content-type=application/json
2026-06-04 17:48:54.504 [ERROR] scripts.vep.client: VEP request timeout for https://rest.ensembl.org/vep/human/region/2:33382074-33382075:1/-?content-type=application/json
2026-06-04 17:48:54.505 [ERROR] scripts.vep.client: VEP request timeout for https://rest.ensembl.org/vep/human/region/2:33392183-33392183:1/T?content-type=application/json
2026-06-04 17:48:54.505 [ERROR] scripts.vep.client: VEP request timeout for https://rest.ensembl.org/vep/human/region/2:33393625-33393625:1/A?content-type=application/json
2026-06-04 17:48:54.505 [ERROR] scripts.vep.client: VEP request timeout for https://rest.ensembl.org/vep/human/region/2:33326640-33326640:1/ATTT?content-type=application/json
2026-06-04 17:48:54.506 [ERROR] scripts.vep.client: VEP request timeout for https://rest.ensembl.org/vep/human/region/2:33317002-33317002:1/A?content-type=application/json
2026-06-04 17:48:54.506 [ERROR] scripts.vep.client: VEP request timeout for https://rest.ensembl.org/vep/human/region/2:33365626-33365628:1/-?content-type=application/json
2026-06-04 17:48:54.507 [ERROR] scripts.vep.client: VEP request timeout for https://rest.ensembl.org/vep/human/region/2:33361113-33361113:1/T?content-type=application/json
2026-06-04 17:48:54.507 [ERROR] scripts.vep.client: VEP request timeout for https://rest.ensembl.org/vep/human/region/2:33351467-33351467:1/C?content-type=application/json
2026-06-04 17:48:54.508 [ERROR] scripts.vep.client: VEP request timeout for https://rest.ensembl.org/vep/human/region/2:33321542-33321542:1/G?content-type=application/json
2026-06-04 17:48:54.508 [ERROR] scripts.vep.client: VEP request timeout for https://rest.ensembl.org/vep/human/region/2:33341729-33341729:1/T?content-type=application/json
2026-06-04 17:48:54.509 [ERROR] scripts.vep.client: VEP request timeout for https://rest.ensembl.org/vep/human/region/2:33339053-33339053:1/G?content-type=application/json
2026-06-04 17:48:54.509 [ERROR] scripts.vep.client: VEP request timeout for https://rest.ensembl.org/vep/human/region/2:33391801-33391802:1/-?content-type=application/json
2026-06-04 17:48:54.510 [ERROR] scripts.vep.client: VEP request timeout for https://rest.ensembl.org/vep/human/region/2:33395715-33395715:1/A?content-type=application/json
2026-06-04 17:48:54.510 [ERROR] scripts.vep.client: VEP request timeout for https://rest.ensembl.org/vep/human/region/2:33392297-33392297:1/A?content-type=application/json
2026-06-04 17:49:13.497 [ERROR] scripts.vep.client: VEP request timeout for https://rest.ensembl.org/vep/human/region/2:38991224-38991225:1/-?content-type=application/json
2026-06-04 17:49:13.501 [INFO] scripts.vep.client: VEP batch 55/516 done
2026-06-04 17:49:17.858 [WARNING] scripts.vep.client: VEP rate limited (429), retrying in 1s...
2026-06-04 17:49:17.903 [WARNING] scripts.vep.client: VEP rate limited (429), retrying in 1s...
2026-06-04 17:49:18.032 [WARNING] scripts.vep.client: VEP rate limited (429), retrying in 1s...
2026-06-04 17:49:18.908 [WARNING] scripts.vep.client: VEP rate limited (429), retrying in 1s...
2026-06-04 17:49:19.306 [WARNING] scripts.vep.client: VEP rate limited (429), retrying in 1s...
2026-06-04 17:50:12.498 [INFO] scripts.vep.client: VEP batch 56/516 done
2026-06-04 17:51:21.498 [ERROR] scripts.vep.client: VEP request timeout for https://rest.ensembl.org/vep/human/region/2:42586107-42586107:1/G?content-type=application/json
2026-06-04 17:51:22.498 [ERROR] scripts.vep.client: VEP request timeout for https://rest.ensembl.org/vep/human/region/2:42593951-42593951:1/T?content-type=application/json
2026-06-04 17:51:31.088 [INFO] scripts.vep.client: VEP batch 57/516 done
2026-06-04 17:52:42.498 [ERROR] scripts.vep.client: VEP request timeout for https://rest.ensembl.org/vep/human/region/2:63585014-63585014:1/A?content-type=application/json
2026-06-04 17:52:42.499 [ERROR] scripts.vep.client: VEP request timeout for https://rest.ensembl.org/vep/human/region/2:63584750-63584750:1/T?content-type=application/json
2026-06-04 17:52:43.498 [ERROR] scripts.vep.client: VEP request timeout for https://rest.ensembl.org/vep/human/region/2:63586324-63586324:1/T?content-type=application/json
2026-06-04 17:52:43.498 [ERROR] scripts.vep.client: VEP request timeout for https://rest.ensembl.org/vep/human/region/2:63585835-63585836:1/-?content-type=application/json
2026-06-04 17:52:45.498 [ERROR] scripts.vep.client: VEP request timeout for https://rest.ensembl.org/vep/human/region/2:63589642-63589642:1/C?content-type=application/json
2026-06-04 17:52:46.498 [ERROR] scripts.vep.client: VEP request timeout for https://rest.ensembl.org/vep/human/region/2:63590306-63590306:1/G?content-type=application/json
2026-06-04 17:52:48.498 [ERROR] scripts.vep.client: VEP request timeout for https://rest.ensembl.org/vep/human/region/2:63599394-63599394:1/G?content-type=application/json
2026-06-04 17:52:48.498 [ERROR] scripts.vep.client: VEP request timeout for https://rest.ensembl.org/vep/human/region/2:63598800-63598800:1/C?content-type=application/json
2026-06-04 17:52:48.498 [ERROR] scripts.vep.client: VEP request timeout for https://rest.ensembl.org/vep/human/region/2:63598270-63598270:1/A?content-type=application/json
2026-06-04 17:52:49.498 [ERROR] scripts.vep.client: VEP request timeout for https://rest.ensembl.org/vep/human/region/2:63599798-63599798:1/A?content-type=application/json
2026-06-04 17:52:51.498 [ERROR] scripts.vep.client: VEP request timeout for https://rest.ensembl.org/vep/human/region/2:63603655-63603656:1/-?content-type=application/json
2026-06-04 17:52:51.498 [ERROR] scripts.vep.client: VEP request timeout for https://rest.ensembl.org/vep/human/region/2:63603735-63603735:1/A?content-type=application/json
2026-06-04 17:52:52.498 [ERROR] scripts.vep.client: VEP request timeout for https://rest.ensembl.org/vep/human/region/2:63606482-63606482:1/A?content-type=application/json
2026-06-04 17:52:53.497 [ERROR] scripts.vep.client: VEP request timeout for https://rest.ensembl.org/vep/human/region/2:63609133-63609133:1/A?content-type=application/json
2026-06-04 17:52:53.498 [ERROR] scripts.vep.client: VEP request timeout for https://rest.ensembl.org/vep/human/region/2:63607826-63607827:1/-?content-type=application/json
2026-06-04 17:52:53.498 [ERROR] scripts.vep.client: VEP request timeout for https://rest.ensembl.org/vep/human/region/2:63606679-63606679:1/T?content-type=application/json
2026-06-04 17:52:53.498 [ERROR] scripts.vep.client: VEP request timeout for https://rest.ensembl.org/vep/human/region/2:63607485-63607485:1/G?content-type=application/json
2026-06-04 17:52:54.498 [ERROR] scripts.vep.client: VEP request timeout for https://rest.ensembl.org/vep/human/region/2:66429270-66429270:1/C?content-type=application/json
2026-06-04 17:52:55.498 [ERROR] scripts.vep.client: VEP request timeout for https://rest.ensembl.org/vep/human/region/2:66430807-66430807:1/C?content-type=application/json
2026-06-04 17:52:55.498 [ERROR] scripts.vep.client: VEP request timeout for https://rest.ensembl.org/vep/human/region/2:66429392-66429394:1/-?content-type=application/json
2026-06-04 17:52:56.498 [ERROR] scripts.vep.client: VEP request timeout for https://rest.ensembl.org/vep/human/region/2:66431613-66431615:1/-?content-type=application/json
2026-06-04 17:52:56.498 [ERROR] scripts.vep.client: VEP request timeout for https://rest.ensembl.org/vep/human/region/2:66431728-66431728:1/T?content-type=application/json
2026-06-04 17:52:56.498 [ERROR] scripts.vep.client: VEP request timeout for https://rest.ensembl.org/vep/human/region/2:66431368-66431369:1/-?content-type=application/json
2026-06-04 17:52:57.498 [ERROR] scripts.vep.client: VEP request timeout for https://rest.ensembl.org/vep/human/region/2:66431904-66431906:1/-?content-type=application/json
2026-06-04 17:52:57.498 [ERROR] scripts.vep.client: VEP request timeout for https://rest.ensembl.org/vep/human/region/2:66432242-66432242:1/G?content-type=application/json
2026-06-04 17:52:57.498 [INFO] scripts.vep.client: VEP batch 58/516 done
2026-06-04 17:53:59.483 [INFO] scripts.vep.client: VEP batch 59/516 done
2026-06-04 17:55:07.139 [INFO] scripts.vep.client: VEP batch 60/516 done
2026-06-04 17:56:07.498 [ERROR] scripts.vep.client: VEP request timeout for https://rest.ensembl.org/vep/human/region/2:110651400-110651400:1/A?content-type=application/json
2026-06-04 17:56:07.499 [ERROR] scripts.vep.client: VEP request timeout for https://rest.ensembl.org/vep/human/region/2:86456519-86456519:1/G?content-type=application/json
2026-06-04 17:56:07.499 [ERROR] scripts.vep.client: VEP request timeout for https://rest.ensembl.org/vep/human/region/2:86463415-86463415:1/A?content-type=application/json
2026-06-04 17:56:07.499 [ERROR] scripts.vep.client: VEP request timeout for https://rest.ensembl.org/vep/human/region/2:86478442-86478442:1/C?content-type=application/json
2026-06-04 17:56:07.499 [ERROR] scripts.vep.client: VEP request timeout for https://rest.ensembl.org/vep/human/region/2:110635741-110635741:1/A?content-type=application/json
2026-06-04 17:56:07.499 [ERROR] scripts.vep.client: VEP request timeout for https://rest.ensembl.org/vep/human/region/2:86455508-86455508:1/A?content-type=application/json
2026-06-04 17:56:07.499 [ERROR] scripts.vep.client: VEP request timeout for https://rest.ensembl.org/vep/human/region/2:86449356-86449356:1/C?content-type=application/json
2026-06-04 17:56:07.499 [ERROR] scripts.vep.client: VEP request timeout for https://rest.ensembl.org/vep/human/region/2:86464127-86464127:1/A?content-type=application/json
2026-06-04 17:56:07.500 [ERROR] scripts.vep.client: VEP request timeout for https://rest.ensembl.org/vep/human/region/2:110665571-110665571:1/TG?content-type=application/json
2026-06-04 17:56:07.500 [ERROR] scripts.vep.client: VEP request timeout for https://rest.ensembl.org/vep/human/region/2:86493718-86493718:1/T?content-type=application/json
2026-06-04 17:56:07.500 [ERROR] scripts.vep.client: VEP request timeout for https://rest.ensembl.org/vep/human/region/2:86456416-86456416:1/T?content-type=application/json
2026-06-04 17:56:07.500 [ERROR] scripts.vep.client: VEP request timeout for https://rest.ensembl.org/vep/human/region/2:110663890-110663890:1/G?content-type=application/json
2026-06-04 17:56:07.500 [ERROR] scripts.vep.client: VEP request timeout for https://rest.ensembl.org/vep/human/region/2:86467295-86467295:1/A?content-type=application/json
2026-06-04 17:56:07.500 [ERROR] scripts.vep.client: VEP request timeout for https://rest.ensembl.org/vep/human/region/2:86468554-86468554:1/ACTT?content-type=application/json
2026-06-04 17:56:07.500 [ERROR] scripts.vep.client: VEP request timeout for https://rest.ensembl.org/vep/human/region/2:86494873-86494877:1/-?content-type=application/json
2026-06-04 17:56:07.500 [ERROR] scripts.vep.client: VEP request timeout for https://rest.ensembl.org/vep/human/region/2:86471080-86471080:1/C?content-type=application/json
2026-06-04 17:56:08.498 [ERROR] scripts.vep.client: VEP request timeout for https://rest.ensembl.org/vep/human/region/2:110670126-110670126:1/T?content-type=application/json
2026-06-04 17:56:08.501 [INFO] scripts.vep.client: VEP batch 61/516 done
2026-06-04 17:56:49.219 [INFO] scripts.vep.client: VEP batch 62/516 done
2026-06-04 17:57:42.532 [INFO] scripts.vep.client: VEP batch 63/516 done
2026-06-04 17:58:56.630 [INFO] scripts.vep.client: VEP batch 64/516 done
2026-06-04 17:59:49.638 [INFO] scripts.vep.client: VEP batch 65/516 done
2026-06-04 18:01:08.510 [ERROR] scripts.vep.client: VEP request timeout for https://rest.ensembl.org/vep/human/region/2:157916200-157916200:1/A?content-type=application/json
2026-06-04 18:01:08.512 [INFO] scripts.vep.client: VEP batch 66/516 done
2026-06-04 18:01:57.857 [ERROR] scripts.vep.client: VEP HTTP 503 for https://rest.ensembl.org/vep/human/region/2:158034622-158034622:1/G?content-type=application/json: <html><body><h1>503 Service Unavailable</h1>
No server is available to handle this request.
</body></html>

2026-06-04 18:01:57.965 [ERROR] scripts.vep.client: VEP HTTP 503 for https://rest.ensembl.org/vep/human/region/2:158037024-158037024:1/G?content-type=application/json: <html><body><h1>503 Service Unavailable</h1>
No server is available to handle this request.
</body></html>

2026-06-04 18:02:17.898 [INFO] scripts.vep.client: VEP batch 67/516 done
2026-06-04 18:03:01.799 [ERROR] scripts.vep.client: VEP request error for https://rest.ensembl.org/vep/human/region/2:168971767-168971767:1/A?content-type=application/json: Server disconnected
2026-06-04 18:03:01.904 [ERROR] scripts.vep.client: VEP request error for https://rest.ensembl.org/vep/human/region/2:168973541-168973541:1/T?content-type=application/json: Server disconnected
2026-06-04 18:03:12.299 [INFO] scripts.vep.client: VEP batch 68/516 done
2026-06-04 18:04:01.234 [ERROR] scripts.vep.client: VEP request error for https://rest.ensembl.org/vep/human/region/2:187506354-187506354:1/T?content-type=application/json: Server disconnected
2026-06-04 18:04:01.249 [ERROR] scripts.vep.client: VEP request error for https://rest.ensembl.org/vep/human/region/2:187505997-187505997:1/A?content-type=application/json: Server disconnected
2026-06-04 18:04:28.509 [ERROR] scripts.vep.client: VEP request timeout for https://rest.ensembl.org/vep/human/region/2:187512520-187512520:1/A?content-type=application/json
2026-06-04 18:04:30.508 [ERROR] scripts.vep.client: VEP request timeout for https://rest.ensembl.org/vep/human/region/2:187530818-187530818:1/A?content-type=application/json
2026-06-04 18:04:37.509 [ERROR] scripts.vep.client: VEP request timeout for https://rest.ensembl.org/vep/human/region/2:187557177-187557177:1/A?content-type=application/json
2026-06-04 18:04:37.510 [ERROR] scripts.vep.client: VEP request timeout for https://rest.ensembl.org/vep/human/region/2:187556372-187556372:1/C?content-type=application/json
2026-06-04 18:04:37.511 [INFO] scripts.vep.client: VEP batch 69/516 done
2026-06-04 18:05:33.095 [INFO] scripts.vep.client: VEP batch 70/516 done
2026-06-04 18:06:47.508 [ERROR] scripts.vep.client: VEP request timeout for https://rest.ensembl.org/vep/human/region/2:202227939-202227942:1/-?content-type=application/json
2026-06-04 18:06:49.508 [ERROR] scripts.vep.client: VEP request timeout for https://rest.ensembl.org/vep/human/region/2:202383496-202383496:1/T?content-type=application/json
2026-06-04 18:06:49.509 [ERROR] scripts.vep.client: VEP request timeout for https://rest.ensembl.org/vep/human/region/2:202380965-202380967:1/-?content-type=application/json
2026-06-04 18:06:49.510 [ERROR] scripts.vep.client: VEP request timeout for https://rest.ensembl.org/vep/human/region/2:202377165-202377165:1/G?content-type=application/json
2026-06-04 18:06:50.508 [ERROR] scripts.vep.client: VEP request timeout for https://rest.ensembl.org/vep/human/region/2:202390000-202390000:1/A?content-type=application/json
2026-06-04 18:06:50.509 [ERROR] scripts.vep.client: VEP request timeout for https://rest.ensembl.org/vep/human/region/2:202394890-202394891:1/-?content-type=application/json
2026-06-04 18:06:51.509 [ERROR] scripts.vep.client: VEP request timeout for https://rest.ensembl.org/vep/human/region/2:202427358-202427359:1/-?content-type=application/json
2026-06-04 18:06:51.509 [ERROR] scripts.vep.client: VEP request timeout for https://rest.ensembl.org/vep/human/region/2:202397504-202397504:1/T?content-type=application/json
2026-06-04 18:06:52.509 [ERROR] scripts.vep.client: VEP request timeout for https://rest.ensembl.org/vep/human/region/2:202445771-202445771:1/T?content-type=application/json
2026-06-04 18:06:53.509 [ERROR] scripts.vep.client: VEP request timeout for https://rest.ensembl.org/vep/human/region/2:202456063-202456065:1/-?content-type=application/json
2026-06-04 18:06:55.509 [ERROR] scripts.vep.client: VEP request timeout for https://rest.ensembl.org/vep/human/region/2:202487508-202487508:1/A?content-type=application/json
2026-06-04 18:06:57.509 [ERROR] scripts.vep.client: VEP request timeout for https://rest.ensembl.org/vep/human/region/2:202507072-202507073:1/-?content-type=application/json
2026-06-04 18:06:57.510 [INFO] scripts.vep.client: VEP batch 71/516 done
2026-06-04 18:08:20.258 [INFO] scripts.vep.client: VEP batch 72/516 done
2026-06-04 18:09:26.228 [INFO] scripts.vep.client: VEP batch 73/516 done
2026-06-04 18:09:48.777 [WARNING] scripts.vep.client: VEP rate limited (429), retrying in 1s...
2026-06-04 18:09:48.812 [WARNING] scripts.vep.client: VEP rate limited (429), retrying in 1s...
2026-06-04 18:09:48.818 [WARNING] scripts.vep.client: VEP rate limited (429), retrying in 1s...
2026-06-04 18:09:48.828 [WARNING] scripts.vep.client: VEP rate limited (429), retrying in 1s...
2026-06-04 18:10:21.384 [INFO] scripts.vep.client: VEP batch 74/516 done
2026-06-04 18:10:38.027 [WARNING] scripts.vep.client: VEP rate limited (429), retrying in 1s...
2026-06-04 18:11:18.052 [INFO] scripts.vep.client: VEP batch 75/516 done
2026-06-04 18:12:16.455 [INFO] scripts.vep.client: VEP batch 76/516 done
2026-06-04 18:12:16.738 [WARNING] scripts.vep.client: VEP rate limited (429), retrying in 1s...
2026-06-04 18:12:16.739 [WARNING] scripts.vep.client: VEP rate limited (429), retrying in 1s...
2026-06-04 18:12:16.748 [WARNING] scripts.vep.client: VEP rate limited (429), retrying in 1s...
2026-06-04 18:12:16.774 [WARNING] scripts.vep.client: VEP rate limited (429), retrying in 1s...
2026-06-04 18:12:50.446 [INFO] scripts.vep.client: VEP batch 77/516 done
2026-06-04 18:13:50.988 [INFO] scripts.vep.client: VEP batch 78/516 done
2026-06-04 18:15:22.086 [INFO] scripts.vep.client: VEP batch 79/516 done
2026-06-04 18:16:27.608 [INFO] scripts.vep.client: VEP batch 80/516 done
2026-06-04 18:17:17.427 [INFO] scripts.vep.client: VEP batch 81/516 done
2026-06-04 18:17:48.218 [INFO] scripts.vep.client: VEP batch 82/516 done
2026-06-04 18:18:41.749 [INFO] scripts.vep.client: VEP batch 83/516 done
2026-06-04 18:19:50.572 [INFO] scripts.vep.client: VEP batch 84/516 done
2026-06-04 18:20:51.468 [INFO] scripts.vep.client: VEP batch 85/516 done
2026-06-04 18:22:01.823 [INFO] scripts.vep.client: VEP batch 86/516 done
2026-06-04 18:22:52.432 [INFO] scripts.vep.client: VEP batch 87/516 done
2026-06-04 18:23:38.888 [INFO] scripts.vep.client: VEP batch 88/516 done
2026-06-04 18:24:57.741 [INFO] scripts.vep.client: VEP batch 89/516 done
2026-06-04 18:25:58.514 [ERROR] scripts.vep.client: VEP request timeout for https://rest.ensembl.org/vep/human/region/3:76048843-76048843:1/A?content-type=application/json
2026-06-04 18:25:58.515 [ERROR] scripts.vep.client: VEP request timeout for https://rest.ensembl.org/vep/human/region/3:76062569-76062569:1/T?content-type=application/json
2026-06-04 18:25:58.516 [ERROR] scripts.vep.client: VEP request timeout for https://rest.ensembl.org/vep/human/region/3:76043620-76043620:1/AAAA?content-type=application/json
2026-06-04 18:25:58.516 [ERROR] scripts.vep.client: VEP request timeout for https://rest.ensembl.org/vep/human/region/3:76049401-76049401:1/T?content-type=application/json
2026-06-04 18:25:58.517 [ERROR] scripts.vep.client: VEP request timeout for https://rest.ensembl.org/vep/human/region/3:76059305-76059305:1/T?content-type=application/json
2026-06-04 18:25:58.517 [ERROR] scripts.vep.client: VEP request timeout for https://rest.ensembl.org/vep/human/region/3:76054876-76054876:1/G?content-type=application/json
2026-06-04 18:25:58.518 [ERROR] scripts.vep.client: VEP request timeout for https://rest.ensembl.org/vep/human/region/3:76063343-76063343:1/T?content-type=application/json
2026-06-04 18:25:58.518 [ERROR] scripts.vep.client: VEP request timeout for https://rest.ensembl.org/vep/human/region/3:76055724-76055724:1/A?content-type=application/json
2026-06-04 18:25:58.519 [ERROR] scripts.vep.client: VEP request timeout for https://rest.ensembl.org/vep/human/region/3:76046595-76046595:1/T?content-type=application/json
2026-06-04 18:25:58.519 [ERROR] scripts.vep.client: VEP request timeout for https://rest.ensembl.org/vep/human/region/3:76051217-76051217:1/G?content-type=application/json
2026-06-04 18:25:58.519 [ERROR] scripts.vep.client: VEP request timeout for https://rest.ensembl.org/vep/human/region/3:76056831-76056831:1/T?content-type=application/json
2026-06-04 18:25:58.519 [ERROR] scripts.vep.client: VEP request timeout for https://rest.ensembl.org/vep/human/region/3:76069394-76069394:1/G?content-type=application/json
2026-06-04 18:25:58.520 [ERROR] scripts.vep.client: VEP request timeout for https://rest.ensembl.org/vep/human/region/3:76065121-76065121:1/T?content-type=application/json
2026-06-04 18:25:58.520 [ERROR] scripts.vep.client: VEP request timeout for https://rest.ensembl.org/vep/human/region/3:76043596-76043596:1/T?content-type=application/json
2026-06-04 18:25:58.520 [ERROR] scripts.vep.client: VEP request timeout for https://rest.ensembl.org/vep/human/region/3:76023213-76023213:1/C?content-type=application/json
2026-06-04 18:25:58.520 [ERROR] scripts.vep.client: VEP request timeout for https://rest.ensembl.org/vep/human/region/3:76046526-76046526:1/T?content-type=application/json
2026-06-04 18:26:07.745 [INFO] scripts.vep.client: VEP batch 90/516 done
2026-06-04 18:26:33.857 [WARNING] scripts.vep.client: VEP rate limited (429), retrying in 1s...
2026-06-04 18:26:33.866 [WARNING] scripts.vep.client: VEP rate limited (429), retrying in 1s...
2026-06-04 18:26:33.979 [WARNING] scripts.vep.client: VEP rate limited (429), retrying in 1s...
2026-06-04 18:26:34.004 [WARNING] scripts.vep.client: VEP rate limited (429), retrying in 1s...
2026-06-04 18:26:34.053 [WARNING] scripts.vep.client: VEP rate limited (429), retrying in 1s...
2026-06-04 18:27:16.979 [INFO] scripts.vep.client: VEP batch 91/516 done
2026-06-04 18:27:26.672 [WARNING] scripts.vep.client: VEP rate limited (429), retrying in 1s...
2026-06-04 18:27:26.745 [WARNING] scripts.vep.client: VEP rate limited (429), retrying in 1s...
2026-06-04 18:27:26.814 [WARNING] scripts.vep.client: VEP rate limited (429), retrying in 1s...
2026-06-04 18:27:26.905 [WARNING] scripts.vep.client: VEP rate limited (429), retrying in 1s...
2026-06-04 18:27:26.961 [WARNING] scripts.vep.client: VEP rate limited (429), retrying in 1s...
2026-06-04 18:27:26.982 [WARNING] scripts.vep.client: VEP rate limited (429), retrying in 1s...
2026-06-04 18:27:27.003 [WARNING] scripts.vep.client: VEP rate limited (429), retrying in 1s...
2026-06-04 18:27:27.946 [WARNING] scripts.vep.client: VEP rate limited (429), retrying in 1s...
2026-06-04 18:27:27.979 [WARNING] scripts.vep.client: VEP rate limited (429), retrying in 1s...
2026-06-04 18:27:27.980 [WARNING] scripts.vep.client: VEP rate limited (429), retrying in 1s...
2026-06-04 18:27:28.006 [WARNING] scripts.vep.client: VEP rate limited (429), retrying in 1s...
2026-06-04 18:27:28.061 [WARNING] scripts.vep.client: VEP rate limited (429), retrying in 1s...
2026-06-04 18:27:28.690 [WARNING] scripts.vep.client: VEP rate limited (429), retrying in 1s...
2026-06-04 18:27:28.750 [WARNING] scripts.vep.client: VEP rate limited (429), retrying in 1s...
2026-06-04 18:27:28.760 [WARNING] scripts.vep.client: VEP rate limited (429), retrying in 1s...
2026-06-04 18:27:28.854 [WARNING] scripts.vep.client: VEP rate limited (429), retrying in 1s...
2026-06-04 18:27:28.874 [WARNING] scripts.vep.client: VEP rate limited (429), retrying in 1s...
2026-06-04 18:27:28.916 [WARNING] scripts.vep.client: VEP rate limited (429), retrying in 1s...
2026-06-04 18:27:28.955 [WARNING] scripts.vep.client: VEP rate limited (429), retrying in 1s...
2026-06-04 18:27:28.955 [WARNING] scripts.vep.client: VEP rate limited (429), retrying in 1s...
2026-06-04 18:27:28.968 [WARNING] scripts.vep.client: VEP rate limited (429), retrying in 1s...
2026-06-04 18:27:29.005 [WARNING] scripts.vep.client: VEP rate limited (429), retrying in 1s...
2026-06-04 18:27:29.035 [WARNING] scripts.vep.client: VEP rate limited (429), retrying in 1s...
2026-06-04 18:27:29.950 [WARNING] scripts.vep.client: VEP rate limited (429), retrying in 1s...
2026-06-04 18:27:29.986 [WARNING] scripts.vep.client: VEP rate limited (429), retrying in 1s...
2026-06-04 18:27:30.005 [WARNING] scripts.vep.client: VEP rate limited (429), retrying in 1s...
2026-06-04 18:27:30.199 [WARNING] scripts.vep.client: VEP rate limited (429), retrying in 1s...
2026-06-04 18:27:54.624 [INFO] scripts.vep.client: VEP batch 92/516 done
2026-06-04 18:29:21.416 [INFO] scripts.vep.client: VEP batch 93/516 done
2026-06-04 18:29:33.855 [WARNING] scripts.vep.client: VEP rate limited (429), retrying in 1s...
2026-06-04 18:29:33.916 [WARNING] scripts.vep.client: VEP rate limited (429), retrying in 1s...
2026-06-04 18:29:33.927 [WARNING] scripts.vep.client: VEP rate limited (429), retrying in 1s...
2026-06-04 18:29:33.933 [WARNING] scripts.vep.client: VEP rate limited (429), retrying in 1s...
2026-06-04 18:29:33.952 [WARNING] scripts.vep.client: VEP rate limited (429), retrying in 1s...
2026-06-04 18:29:33.975 [WARNING] scripts.vep.client: VEP rate limited (429), retrying in 1s...
2026-06-04 18:29:34.022 [WARNING] scripts.vep.client: VEP rate limited (429), retrying in 1s...
2026-06-04 18:29:34.088 [WARNING] scripts.vep.client: VEP rate limited (429), retrying in 1s...
2026-06-04 18:29:34.927 [WARNING] scripts.vep.client: VEP rate limited (429), retrying in 1s...
2026-06-04 18:29:34.975 [WARNING] scripts.vep.client: VEP rate limited (429), retrying in 1s...
2026-06-04 18:29:34.988 [WARNING] scripts.vep.client: VEP rate limited (429), retrying in 1s...
2026-06-04 18:29:35.029 [WARNING] scripts.vep.client: VEP rate limited (429), retrying in 1s...
2026-06-04 18:29:35.986 [WARNING] scripts.vep.client: VEP rate limited (429), retrying in 1s...
2026-06-04 18:29:36.103 [WARNING] scripts.vep.client: VEP rate limited (429), retrying in 1s...
2026-06-04 18:30:02.486 [INFO] scripts.vep.client: VEP batch 94/516 done
2026-06-04 18:30:48.208 [INFO] scripts.vep.client: VEP batch 95/516 done
2026-06-04 18:31:37.164 [INFO] scripts.vep.client: VEP batch 96/516 done
2026-06-04 18:32:45.151 [INFO] scripts.vep.client: VEP batch 97/516 done
2026-06-04 18:32:46.290 [WARNING] scripts.vep.client: VEP rate limited (429), retrying in 1s...
2026-06-04 18:32:46.695 [WARNING] scripts.vep.client: VEP rate limited (429), retrying in 1s...
2026-06-04 18:32:46.746 [WARNING] scripts.vep.client: VEP rate limited (429), retrying in 1s...
2026-06-04 18:32:46.756 [WARNING] scripts.vep.client: VEP rate limited (429), retrying in 1s...
2026-06-04 18:32:46.765 [WARNING] scripts.vep.client: VEP rate limited (429), retrying in 1s...
2026-06-04 18:32:46.791 [WARNING] scripts.vep.client: VEP rate limited (429), retrying in 1s...
2026-06-04 18:32:46.804 [WARNING] scripts.vep.client: VEP rate limited (429), retrying in 1s...
2026-06-04 18:32:46.891 [WARNING] scripts.vep.client: VEP rate limited (429), retrying in 1s...
2026-06-04 18:32:46.905 [WARNING] scripts.vep.client: VEP rate limited (429), retrying in 1s...
2026-06-04 18:32:55.748 [WARNING] scripts.vep.client: VEP rate limited (429), retrying in 1s...
2026-06-04 18:32:55.765 [WARNING] scripts.vep.client: VEP rate limited (429), retrying in 1s...
2026-06-04 18:32:55.765 [WARNING] scripts.vep.client: VEP rate limited (429), retrying in 1s...
2026-06-04 18:32:55.768 [WARNING] scripts.vep.client: VEP rate limited (429), retrying in 1s...
2026-06-04 18:32:55.768 [WARNING] scripts.vep.client: VEP rate limited (429), retrying in 1s...
2026-06-04 18:32:55.775 [WARNING] scripts.vep.client: VEP rate limited (429), retrying in 1s...
2026-06-04 18:32:55.789 [WARNING] scripts.vep.client: VEP rate limited (429), retrying in 1s...
2026-06-04 18:32:55.790 [WARNING] scripts.vep.client: VEP rate limited (429), retrying in 1s...
2026-06-04 18:32:55.850 [WARNING] scripts.vep.client: VEP rate limited (429), retrying in 1s...
2026-06-04 18:32:55.866 [WARNING] scripts.vep.client: VEP rate limited (429), retrying in 1s...
2026-06-04 18:32:55.909 [WARNING] scripts.vep.client: VEP rate limited (429), retrying in 1s...
2026-06-04 18:32:55.956 [WARNING] scripts.vep.client: VEP rate limited (429), retrying in 1s...
2026-06-04 18:32:55.958 [WARNING] scripts.vep.client: VEP rate limited (429), retrying in 1s...
2026-06-04 18:32:56.026 [WARNING] scripts.vep.client: VEP rate limited (429), retrying in 1s...
2026-06-04 18:32:56.028 [WARNING] scripts.vep.client: VEP rate limited (429), retrying in 1s...
2026-06-04 18:32:56.853 [WARNING] scripts.vep.client: VEP rate limited (429), retrying in 1s...
2026-06-04 18:32:56.862 [WARNING] scripts.vep.client: VEP rate limited (429), retrying in 1s...
2026-06-04 18:32:56.873 [WARNING] scripts.vep.client: VEP rate limited (429), retrying in 1s...
2026-06-04 18:32:56.950 [WARNING] scripts.vep.client: VEP rate limited (429), retrying in 1s...
2026-06-04 18:32:57.021 [WARNING] scripts.vep.client: VEP rate limited (429), retrying in 1s...
2026-06-04 18:32:57.030 [WARNING] scripts.vep.client: VEP rate limited (429), retrying in 1s...
2026-06-04 18:32:57.048 [WARNING] scripts.vep.client: VEP rate limited (429), retrying in 1s...
2026-06-04 18:32:57.064 [WARNING] scripts.vep.client: VEP rate limited (429), retrying in 1s...
2026-06-04 18:32:57.159 [WARNING] scripts.vep.client: VEP rate limited (429), retrying in 1s...
2026-06-04 18:33:04.674 [INFO] scripts.vep.client: VEP batch 98/516 done
2026-06-04 18:34:00.393 [INFO] scripts.vep.client: VEP batch 99/516 done
2026-06-04 18:34:43.233 [INFO] scripts.vep.client: VEP batch 100/516 done
2026-06-04 18:35:59.765 [INFO] scripts.vep.client: VEP batch 101/516 done
2026-06-04 18:36:23.838 [WARNING] scripts.vep.client: VEP rate limited (429), retrying in 1s...
2026-06-04 18:36:23.862 [WARNING] scripts.vep.client: VEP rate limited (429), retrying in 1s...
2026-06-04 18:36:23.897 [WARNING] scripts.vep.client: VEP rate limited (429), retrying in 1s...
2026-06-04 18:36:23.979 [WARNING] scripts.vep.client: VEP rate limited (429), retrying in 1s...
2026-06-04 18:36:24.041 [WARNING] scripts.vep.client: VEP rate limited (429), retrying in 1s...
2026-06-04 18:36:25.047 [WARNING] scripts.vep.client: VEP rate limited (429), retrying in 1s...
2026-06-04 18:36:25.069 [WARNING] scripts.vep.client: VEP rate limited (429), retrying in 1s...
2026-06-04 18:36:26.067 [WARNING] scripts.vep.client: VEP rate limited (429), retrying in 1s...
2026-06-04 18:36:28.043 [WARNING] scripts.vep.client: VEP rate limited (429), retrying in 1s...
2026-06-04 18:36:44.537 [INFO] scripts.vep.client: VEP batch 102/516 done
2026-06-04 18:37:10.859 [WARNING] scripts.vep.client: VEP rate limited (429), retrying in 1s...
2026-06-04 18:37:10.882 [WARNING] scripts.vep.client: VEP rate limited (429), retrying in 1s...
2026-06-04 18:37:10.905 [WARNING] scripts.vep.client: VEP rate limited (429), retrying in 1s...
2026-06-04 18:37:10.923 [WARNING] scripts.vep.client: VEP rate limited (429), retrying in 1s...
2026-06-04 18:37:10.934 [WARNING] scripts.vep.client: VEP rate limited (429), retrying in 1s...
2026-06-04 18:37:10.965 [WARNING] scripts.vep.client: VEP rate limited (429), retrying in 1s...
2026-06-04 18:37:11.052 [WARNING] scripts.vep.client: VEP rate limited (429), retrying in 1s...
2026-06-04 18:37:11.071 [WARNING] scripts.vep.client: VEP rate limited (429), retrying in 1s...
2026-06-04 18:37:12.064 [WARNING] scripts.vep.client: VEP rate limited (429), retrying in 1s...
2026-06-04 18:37:31.799 [INFO] scripts.vep.client: VEP batch 103/516 done
2026-06-04 18:38:02.113 [WARNING] scripts.vep.client: VEP rate limited (429), retrying in 1s...
2026-06-04 18:38:35.669 [INFO] scripts.vep.client: VEP batch 104/516 done
2026-06-04 18:39:50.519 [ERROR] scripts.vep.client: VEP request timeout for https://rest.ensembl.org/vep/human/region/3:79600335-79600335:1/T?content-type=application/json
2026-06-04 18:39:51.517 [ERROR] scripts.vep.client: VEP request timeout for https://rest.ensembl.org/vep/human/region/3:79601175-79601175:1/T?content-type=application/json
2026-06-04 18:39:52.519 [ERROR] scripts.vep.client: VEP request timeout for https://rest.ensembl.org/vep/human/region/3:79605134-79605134:1/A?content-type=application/json
2026-06-04 18:39:53.518 [ERROR] scripts.vep.client: VEP request timeout for https://rest.ensembl.org/vep/human/region/3:79607343-79607343:1/C?content-type=application/json
2026-06-04 18:39:53.519 [ERROR] scripts.vep.client: VEP request timeout for https://rest.ensembl.org/vep/human/region/3:79607820-79607820:1/A?content-type=application/json
2026-06-04 18:39:54.519 [ERROR] scripts.vep.client: VEP request timeout for https://rest.ensembl.org/vep/human/region/3:79610363-79610371:1/-?content-type=application/json
2026-06-04 18:39:54.520 [INFO] scripts.vep.client: VEP batch 105/516 done
2026-06-04 18:40:06.139 [WARNING] scripts.vep.client: VEP rate limited (429), retrying in 1s...
2026-06-04 18:40:34.878 [INFO] scripts.vep.client: VEP batch 106/516 done
2026-06-04 18:40:35.707 [WARNING] scripts.vep.client: VEP rate limited (429), retrying in 1s...
2026-06-04 18:40:35.808 [WARNING] scripts.vep.client: VEP rate limited (429), retrying in 1s...
2026-06-04 18:40:35.838 [WARNING] scripts.vep.client: VEP rate limited (429), retrying in 1s...
2026-06-04 18:40:35.839 [WARNING] scripts.vep.client: VEP rate limited (429), retrying in 1s...
2026-06-04 18:41:35.519 [ERROR] scripts.vep.client: VEP request timeout for https://rest.ensembl.org/vep/human/region/3:79762877-79762877:1/T?content-type=application/json
2026-06-04 18:41:36.518 [ERROR] scripts.vep.client: VEP request timeout for https://rest.ensembl.org/vep/human/region/3:79767230-79767230:1/C?content-type=application/json
2026-06-04 18:41:42.518 [ERROR] scripts.vep.client: VEP request timeout for https://rest.ensembl.org/vep/human/region/3:101331470-101331470:1/A?content-type=application/json
2026-06-04 18:41:42.520 [ERROR] scripts.vep.client: VEP request timeout for https://rest.ensembl.org/vep/human/region/3:101334034-101334034:1/T?content-type=application/json
2026-06-04 18:41:42.521 [ERROR] scripts.vep.client: VEP request timeout for https://rest.ensembl.org/vep/human/region/3:101332950-101332950:1/T?content-type=application/json
2026-06-04 18:41:43.519 [ERROR] scripts.vep.client: VEP request timeout for https://rest.ensembl.org/vep/human/region/3:101337008-101337008:1/T?content-type=application/json
2026-06-04 18:41:43.520 [ERROR] scripts.vep.client: VEP request timeout for https://rest.ensembl.org/vep/human/region/3:101335951-101335951:1/C?content-type=application/json
2026-06-04 18:41:43.521 [ERROR] scripts.vep.client: VEP request timeout for https://rest.ensembl.org/vep/human/region/3:101335614-101335614:1/T?content-type=application/json
2026-06-04 18:41:44.519 [ERROR] scripts.vep.client: VEP request timeout for https://rest.ensembl.org/vep/human/region/3:101341259-101341259:1/T?content-type=application/json
2026-06-04 18:41:44.520 [ERROR] scripts.vep.client: VEP request timeout for https://rest.ensembl.org/vep/human/region/3:101341067-101341067:1/T?content-type=application/json
2026-06-04 18:41:44.520 [ERROR] scripts.vep.client: VEP request timeout for https://rest.ensembl.org/vep/human/region/3:101339751-101339751:1/G?content-type=application/json
2026-06-04 18:41:44.521 [ERROR] scripts.vep.client: VEP request timeout for https://rest.ensembl.org/vep/human/region/3:101339501-101339501:1/G?content-type=application/json
2026-06-04 18:41:44.521 [ERROR] scripts.vep.client: VEP request timeout for https://rest.ensembl.org/vep/human/region/3:101338984-101338984:1/C?content-type=application/json
2026-06-04 18:41:44.521 [ERROR] scripts.vep.client: VEP request timeout for https://rest.ensembl.org/vep/human/region/3:101338684-101338684:1/G?content-type=application/json
2026-06-04 18:41:45.518 [ERROR] scripts.vep.client: VEP request timeout for https://rest.ensembl.org/vep/human/region/3:101345976-101345976:1/C?content-type=application/json
2026-06-04 18:41:45.519 [ERROR] scripts.vep.client: VEP request timeout for https://rest.ensembl.org/vep/human/region/3:101344638-101344638:1/T?content-type=application/json
2026-06-04 18:41:48.517 [ERROR] scripts.vep.client: VEP request timeout for https://rest.ensembl.org/vep/human/region/3:101351160-101351160:1/A?content-type=application/json
2026-06-04 18:41:48.519 [ERROR] scripts.vep.client: VEP request timeout for https://rest.ensembl.org/vep/human/region/3:101351008-101351008:1/C?content-type=application/json
2026-06-04 18:41:49.519 [ERROR] scripts.vep.client: VEP request timeout for https://rest.ensembl.org/vep/human/region/3:101357977-101357977:1/A?content-type=application/json
2026-06-04 18:41:50.517 [ERROR] scripts.vep.client: VEP request timeout for https://rest.ensembl.org/vep/human/region/3:101361421-101361421:1/A?content-type=application/json
2026-06-04 18:41:50.519 [INFO] scripts.vep.client: VEP batch 107/516 done
2026-06-04 18:43:16.520 [ERROR] scripts.vep.client: VEP request timeout for https://rest.ensembl.org/vep/human/region/3:101409087-101409087:1/C?content-type=application/json
2026-06-04 18:43:17.520 [ERROR] scripts.vep.client: VEP request timeout for https://rest.ensembl.org/vep/human/region/3:101409557-101409557:1/G?content-type=application/json
2026-06-04 18:43:18.517 [ERROR] scripts.vep.client: VEP request timeout for https://rest.ensembl.org/vep/human/region/3:101414193-101414193:1/A?content-type=application/json
2026-06-04 18:43:18.519 [ERROR] scripts.vep.client: VEP request timeout for https://rest.ensembl.org/vep/human/region/3:101414540-101414540:1/T?content-type=application/json
2026-06-04 18:43:18.522 [INFO] scripts.vep.client: VEP batch 108/516 done
2026-06-04 18:44:19.518 [ERROR] scripts.vep.client: VEP request timeout for https://rest.ensembl.org/vep/human/region/3:101446880-101446880:1/A?content-type=application/json
2026-06-04 18:44:19.520 [ERROR] scripts.vep.client: VEP request timeout for https://rest.ensembl.org/vep/human/region/3:101446741-101446741:1/A?content-type=application/json
2026-06-04 18:44:37.959 [INFO] scripts.vep.client: VEP batch 109/516 done
2026-06-04 18:44:39.773 [WARNING] scripts.vep.client: VEP rate limited (429), retrying in 1s...
2026-06-04 18:44:39.927 [WARNING] scripts.vep.client: VEP rate limited (429), retrying in 1s...
2026-06-04 18:44:40.060 [WARNING] scripts.vep.client: VEP rate limited (429), retrying in 1s...
2026-06-04 18:44:41.001 [WARNING] scripts.vep.client: VEP rate limited (429), retrying in 1s...
2026-06-04 18:44:41.021 [WARNING] scripts.vep.client: VEP rate limited (429), retrying in 1s...
2026-06-04 18:44:41.066 [WARNING] scripts.vep.client: VEP rate limited (429), retrying in 1s...
2026-06-04 18:45:18.338 [INFO] scripts.vep.client: VEP batch 110/516 done
2026-06-04 18:45:50.045 [WARNING] scripts.vep.client: VEP rate limited (429), retrying in 1s...
2026-06-04 18:45:50.053 [WARNING] scripts.vep.client: VEP rate limited (429), retrying in 1s...
2026-06-04 18:46:28.520 [ERROR] scripts.vep.client: VEP request timeout for https://rest.ensembl.org/vep/human/region/3:124745135-124745135:1/T?content-type=application/json
2026-06-04 18:46:32.520 [ERROR] scripts.vep.client: VEP request timeout for https://rest.ensembl.org/vep/human/region/3:124749412-124749412:1/G?content-type=application/json
2026-06-04 18:46:32.521 [ERROR] scripts.vep.client: VEP request timeout for https://rest.ensembl.org/vep/human/region/3:124749408-124749408:1/G?content-type=application/json
2026-06-04 18:46:32.522 [ERROR] scripts.vep.client: VEP request timeout for https://rest.ensembl.org/vep/human/region/3:124749404-124749404:1/G?content-type=application/json
2026-06-04 18:46:33.520 [ERROR] scripts.vep.client: VEP request timeout for https://rest.ensembl.org/vep/human/region/3:124749975-124749975:1/C?content-type=application/json
2026-06-04 18:46:34.519 [ERROR] scripts.vep.client: VEP request timeout for https://rest.ensembl.org/vep/human/region/3:124750800-124750800:1/C?content-type=application/json
2026-06-04 18:46:36.519 [ERROR] scripts.vep.client: VEP request timeout for https://rest.ensembl.org/vep/human/region/3:124751970-124751970:1/G?content-type=application/json
2026-06-04 18:46:37.520 [ERROR] scripts.vep.client: VEP request timeout for https://rest.ensembl.org/vep/human/region/3:124752891-124752891:1/G?content-type=application/json
2026-06-04 18:46:37.521 [INFO] scripts.vep.client: VEP batch 111/516 done
2026-06-04 18:46:40.944 [WARNING] scripts.vep.client: VEP rate limited (429), retrying in 1s...
2026-06-04 18:46:41.027 [WARNING] scripts.vep.client: VEP rate limited (429), retrying in 1s...
2026-06-04 18:46:41.133 [WARNING] scripts.vep.client: VEP rate limited (429), retrying in 1s...
2026-06-04 18:47:26.773 [INFO] scripts.vep.client: VEP batch 112/516 done
2026-06-04 18:48:02.570 [INFO] scripts.vep.client: VEP batch 113/516 done
2026-06-04 18:49:10.873 [INFO] scripts.vep.client: VEP batch 114/516 done
2026-06-04 18:50:11.473 [ERROR] scripts.vep.client: VEP request timeout for https://rest.ensembl.org/vep/human/region/3:139620200-139620200:1/TT?content-type=application/json
2026-06-04 18:50:11.476 [ERROR] scripts.vep.client: VEP request timeout for https://rest.ensembl.org/vep/human/region/3:139612550-139612550:1/C?content-type=application/json
2026-06-04 18:50:11.476 [ERROR] scripts.vep.client: VEP request timeout for https://rest.ensembl.org/vep/human/region/3:139611974-139611974:1/A?content-type=application/json
2026-06-04 18:50:11.476 [ERROR] scripts.vep.client: VEP request timeout for https://rest.ensembl.org/vep/human/region/3:139627842-139627842:1/G?content-type=application/json
2026-06-04 18:50:11.477 [ERROR] scripts.vep.client: VEP request timeout for https://rest.ensembl.org/vep/human/region/3:139615867-139615869:1/-?content-type=application/json
2026-06-04 18:50:11.477 [ERROR] scripts.vep.client: VEP request timeout for https://rest.ensembl.org/vep/human/region/3:139614224-139614224:1/A?content-type=application/json
2026-06-04 18:50:11.477 [ERROR] scripts.vep.client: VEP request timeout for https://rest.ensembl.org/vep/human/region/3:139612452-139612452:1/G?content-type=application/json
2026-06-04 18:50:11.477 [ERROR] scripts.vep.client: VEP request timeout for https://rest.ensembl.org/vep/human/region/3:139623241-139623241:1/C?content-type=application/json
2026-06-04 18:50:11.478 [ERROR] scripts.vep.client: VEP request timeout for https://rest.ensembl.org/vep/human/region/3:139611194-139611194:1/G?content-type=application/json
2026-06-04 18:50:11.478 [ERROR] scripts.vep.client: VEP request timeout for https://rest.ensembl.org/vep/human/region/3:139614768-139614768:1/T?content-type=application/json
2026-06-04 18:50:11.478 [ERROR] scripts.vep.client: VEP request timeout for https://rest.ensembl.org/vep/human/region/3:139613642-139613642:1/T?content-type=application/json
2026-06-04 18:50:11.478 [ERROR] scripts.vep.client: VEP request timeout for https://rest.ensembl.org/vep/human/region/3:139623969-139623969:1/T?content-type=application/json
2026-06-04 18:50:11.479 [ERROR] scripts.vep.client: VEP request timeout for https://rest.ensembl.org/vep/human/region/3:139613120-139613120:1/C?content-type=application/json
2026-06-04 18:50:11.479 [ERROR] scripts.vep.client: VEP request timeout for https://rest.ensembl.org/vep/human/region/3:139614671-139614671:1/A?content-type=application/json
2026-06-04 18:50:11.479 [ERROR] scripts.vep.client: VEP request timeout for https://rest.ensembl.org/vep/human/region/3:139629676-139629676:1/C?content-type=application/json
2026-06-04 18:50:11.479 [ERROR] scripts.vep.client: VEP request timeout for https://rest.ensembl.org/vep/human/region/3:139633180-139633180:1/A?content-type=application/json
2026-06-04 18:50:25.472 [ERROR] scripts.vep.client: VEP request timeout for https://rest.ensembl.org/vep/human/region/3:139666554-139666554:1/T?content-type=application/json
2026-06-04 18:50:27.472 [ERROR] scripts.vep.client: VEP request timeout for https://rest.ensembl.org/vep/human/region/3:142444838-142444839:1/-?content-type=application/json
2026-06-04 18:50:27.473 [ERROR] scripts.vep.client: VEP request timeout for https://rest.ensembl.org/vep/human/region/3:142444572-142444572:1/C?content-type=application/json
2026-06-04 18:50:27.473 [ERROR] scripts.vep.client: VEP request timeout for https://rest.ensembl.org/vep/human/region/3:142444202-142444202:1/C?content-type=application/json
2026-06-04 18:50:27.473 [ERROR] scripts.vep.client: VEP request timeout for https://rest.ensembl.org/vep/human/region/3:139679059-139679059:1/T?content-type=application/json
2026-06-04 18:50:27.474 [ERROR] scripts.vep.client: VEP request timeout for https://rest.ensembl.org/vep/human/region/3:139679057-139679057:1/A?content-type=application/json
2026-06-04 18:50:28.474 [ERROR] scripts.vep.client: VEP request timeout for https://rest.ensembl.org/vep/human/region/3:142446404-142446404:1/A?content-type=application/json
2026-06-04 18:50:28.477 [ERROR] scripts.vep.client: VEP request timeout for https://rest.ensembl.org/vep/human/region/3:142446191-142446191:1/A?content-type=application/json
2026-06-04 18:50:29.472 [ERROR] scripts.vep.client: VEP request timeout for https://rest.ensembl.org/vep/human/region/3:142450357-142450357:1/G?content-type=application/json
2026-06-04 18:50:30.472 [ERROR] scripts.vep.client: VEP request timeout for https://rest.ensembl.org/vep/human/region/3:142455574-142455574:1/T?content-type=application/json
2026-06-04 18:50:30.472 [ERROR] scripts.vep.client: VEP request timeout for https://rest.ensembl.org/vep/human/region/3:142454662-142454662:1/C?content-type=application/json
2026-06-04 18:50:31.472 [ERROR] scripts.vep.client: VEP request timeout for https://rest.ensembl.org/vep/human/region/3:142456177-142456177:1/G?content-type=application/json
2026-06-04 18:50:31.475 [INFO] scripts.vep.client: VEP batch 115/516 done
2026-06-04 18:50:35.880 [WARNING] scripts.vep.client: VEP rate limited (429), retrying in 1s...
2026-06-04 18:50:35.880 [WARNING] scripts.vep.client: VEP rate limited (429), retrying in 1s...
2026-06-04 18:50:36.006 [WARNING] scripts.vep.client: VEP rate limited (429), retrying in 1s...
2026-06-04 18:50:36.930 [WARNING] scripts.vep.client: VEP rate limited (429), retrying in 1s...
2026-06-04 18:50:36.992 [WARNING] scripts.vep.client: VEP rate limited (429), retrying in 1s...
2026-06-04 18:50:36.999 [WARNING] scripts.vep.client: VEP rate limited (429), retrying in 1s...
2026-06-04 18:50:37.020 [WARNING] scripts.vep.client: VEP rate limited (429), retrying in 1s...
2026-06-04 18:50:37.616 [WARNING] scripts.vep.client: VEP rate limited (429), retrying in 1s...
2026-06-04 18:50:37.653 [WARNING] scripts.vep.client: VEP rate limited (429), retrying in 1s...
2026-06-04 18:50:37.729 [WARNING] scripts.vep.client: VEP rate limited (429), retrying in 1s...
2026-06-04 18:50:37.740 [WARNING] scripts.vep.client: VEP rate limited (429), retrying in 1s...
2026-06-04 18:50:37.740 [WARNING] scripts.vep.client: VEP rate limited (429), retrying in 1s...
2026-06-04 18:50:37.803 [WARNING] scripts.vep.client: VEP rate limited (429), retrying in 1s...
2026-06-04 18:50:37.980 [WARNING] scripts.vep.client: VEP rate limited (429), retrying in 1s...
2026-06-04 18:50:37.995 [WARNING] scripts.vep.client: VEP rate limited (429), retrying in 1s...
2026-06-04 18:50:38.034 [WARNING] scripts.vep.client: VEP rate limited (429), retrying in 1s...
2026-06-04 18:51:44.966 [INFO] scripts.vep.client: VEP batch 116/516 done
2026-06-04 18:51:47.017 [WARNING] scripts.vep.client: VEP rate limited (429), retrying in 1s...
2026-06-04 18:53:04.184 [INFO] scripts.vep.client: VEP batch 117/516 done
2026-06-04 18:53:46.984 [INFO] scripts.vep.client: VEP batch 118/516 done
2026-06-04 18:54:56.470 [ERROR] scripts.vep.client: VEP request timeout for https://rest.ensembl.org/vep/human/region/3:169416972-169416972:1/T?content-type=application/json
2026-06-04 18:54:56.470 [ERROR] scripts.vep.client: VEP request timeout for https://rest.ensembl.org/vep/human/region/3:169415775-169415775:1/G?content-type=application/json
2026-06-04 18:54:57.471 [ERROR] scripts.vep.client: VEP request timeout for https://rest.ensembl.org/vep/human/region/3:169417971-169417971:1/G?content-type=application/json
2026-06-04 18:54:58.471 [ERROR] scripts.vep.client: VEP request timeout for https://rest.ensembl.org/vep/human/region/3:169420642-169420642:1/A?content-type=application/json
2026-06-04 18:54:58.472 [ERROR] scripts.vep.client: VEP request timeout for https://rest.ensembl.org/vep/human/region/3:169418844-169418844:1/G?content-type=application/json
2026-06-04 18:54:59.471 [ERROR] scripts.vep.client: VEP request timeout for https://rest.ensembl.org/vep/human/region/3:169422102-169422102:1/C?content-type=application/json
2026-06-04 18:54:59.471 [ERROR] scripts.vep.client: VEP request timeout for https://rest.ensembl.org/vep/human/region/3:169423351-169423352:1/-?content-type=application/json
2026-06-04 18:54:59.827 [INFO] scripts.vep.client: VEP batch 119/516 done
2026-06-04 18:56:05.055 [INFO] scripts.vep.client: VEP batch 120/516 done
2026-06-04 18:57:32.193 [INFO] scripts.vep.client: VEP batch 121/516 done
2026-06-04 18:58:11.626 [INFO] scripts.vep.client: VEP batch 122/516 done
2026-06-04 18:59:29.284 [INFO] scripts.vep.client: VEP batch 123/516 done
2026-06-04 19:00:36.452 [INFO] scripts.vep.client: VEP batch 124/516 done
2026-06-04 19:01:47.155 [INFO] scripts.vep.client: VEP batch 125/516 done
2026-06-04 19:02:54.469 [ERROR] scripts.vep.client: VEP request timeout for https://rest.ensembl.org/vep/human/region/4:2163599-2163599:1/C?content-type=application/json
2026-06-04 19:03:14.469 [ERROR] scripts.vep.client: VEP request timeout for https://rest.ensembl.org/vep/human/region/4:15984490-15984490:1/C?content-type=application/json
2026-06-04 19:03:15.469 [ERROR] scripts.vep.client: VEP request timeout for https://rest.ensembl.org/vep/human/region/4:15984563-15984563:1/T?content-type=application/json
2026-06-04 19:03:16.469 [ERROR] scripts.vep.client: VEP request timeout for https://rest.ensembl.org/vep/human/region/4:15988432-15988432:1/G?content-type=application/json
2026-06-04 19:03:16.470 [ERROR] scripts.vep.client: VEP request timeout for https://rest.ensembl.org/vep/human/region/4:15988377-15988377:1/A?content-type=application/json
2026-06-04 19:03:17.470 [ERROR] scripts.vep.client: VEP request timeout for https://rest.ensembl.org/vep/human/region/4:15991179-15991179:1/G?content-type=application/json
2026-06-04 19:03:18.469 [ERROR] scripts.vep.client: VEP request timeout for https://rest.ensembl.org/vep/human/region/4:15993691-15993691:1/T?content-type=application/json
2026-06-04 19:03:18.469 [ERROR] scripts.vep.client: VEP request timeout for https://rest.ensembl.org/vep/human/region/4:15991208-15991208:1/T?content-type=application/json
2026-06-04 19:03:19.469 [ERROR] scripts.vep.client: VEP request timeout for https://rest.ensembl.org/vep/human/region/4:15996847-15996847:1/T?content-type=application/json
2026-06-04 19:03:20.469 [ERROR] scripts.vep.client: VEP request timeout for https://rest.ensembl.org/vep/human/region/4:15999755-15999755:1/G?content-type=application/json
2026-06-04 19:03:20.469 [ERROR] scripts.vep.client: VEP request timeout for https://rest.ensembl.org/vep/human/region/4:15998919-15998919:1/G?content-type=application/json
2026-06-04 19:03:22.469 [ERROR] scripts.vep.client: VEP request timeout for https://rest.ensembl.org/vep/human/region/4:16002226-16002226:1/G?content-type=application/json
2026-06-04 19:03:22.470 [INFO] scripts.vep.client: VEP batch 126/516 done
2026-06-04 19:04:08.972 [INFO] scripts.vep.client: VEP batch 127/516 done
2026-06-04 19:05:09.469 [ERROR] scripts.vep.client: VEP request timeout for https://rest.ensembl.org/vep/human/region/4:24521950-24521950:1/G?content-type=application/json
2026-06-04 19:05:09.470 [ERROR] scripts.vep.client: VEP request timeout for https://rest.ensembl.org/vep/human/region/4:24540000-24540000:1/G?content-type=application/json
2026-06-04 19:05:09.470 [ERROR] scripts.vep.client: VEP request timeout for https://rest.ensembl.org/vep/human/region/4:24528995-24529004:1/-?content-type=application/json
2026-06-04 19:05:09.470 [ERROR] scripts.vep.client: VEP request timeout for https://rest.ensembl.org/vep/human/region/4:24567344-24567344:1/C?content-type=application/json
2026-06-04 19:05:09.470 [ERROR] scripts.vep.client: VEP request timeout for https://rest.ensembl.org/vep/human/region/4:24534535-24534535:1/G?content-type=application/json
2026-06-04 19:05:09.470 [ERROR] scripts.vep.client: VEP request timeout for https://rest.ensembl.org/vep/human/region/4:24567555-24567555:1/T?content-type=application/json
2026-06-04 19:05:09.470 [ERROR] scripts.vep.client: VEP request timeout for https://rest.ensembl.org/vep/human/region/4:24523685-24523685:1/T?content-type=application/json
2026-06-04 19:05:09.471 [INFO] scripts.vep.client: VEP batch 128/516 done
2026-06-04 19:06:19.107 [INFO] scripts.vep.client: VEP batch 129/516 done
2026-06-04 19:06:20.194 [WARNING] scripts.vep.client: VEP rate limited (429), retrying in 1s...
2026-06-04 19:06:20.252 [WARNING] scripts.vep.client: VEP rate limited (429), retrying in 1s...
2026-06-04 19:06:20.291 [WARNING] scripts.vep.client: VEP rate limited (429), retrying in 1s...
2026-06-04 19:06:20.305 [WARNING] scripts.vep.client: VEP rate limited (429), retrying in 1s...
2026-06-04 19:06:20.387 [WARNING] scripts.vep.client: VEP rate limited (429), retrying in 1s...
2026-06-04 19:06:20.681 [WARNING] scripts.vep.client: VEP rate limited (429), retrying in 1s...
2026-06-04 19:06:20.823 [WARNING] scripts.vep.client: VEP rate limited (429), retrying in 1s...
2026-06-04 19:06:20.900 [WARNING] scripts.vep.client: VEP rate limited (429), retrying in 1s...
2026-06-04 19:06:21.840 [WARNING] scripts.vep.client: VEP rate limited (429), retrying in 1s...
2026-06-04 19:06:21.878 [WARNING] scripts.vep.client: VEP rate limited (429), retrying in 1s...
2026-06-04 19:06:21.897 [WARNING] scripts.vep.client: VEP rate limited (429), retrying in 1s...
2026-06-04 19:06:21.925 [WARNING] scripts.vep.client: VEP rate limited (429), retrying in 1s...
2026-06-04 19:06:21.963 [WARNING] scripts.vep.client: VEP rate limited (429), retrying in 1s...
2026-06-04 19:06:22.940 [WARNING] scripts.vep.client: VEP rate limited (429), retrying in 1s...
2026-06-04 19:06:23.093 [WARNING] scripts.vep.client: VEP rate limited (429), retrying in 1s...
2026-06-04 19:06:24.887 [WARNING] scripts.vep.client: VEP rate limited (429), retrying in 1s...
2026-06-04 19:06:24.972 [WARNING] scripts.vep.client: VEP rate limited (429), retrying in 1s...
2026-06-04 19:06:25.025 [WARNING] scripts.vep.client: VEP rate limited (429), retrying in 1s...
2026-06-04 19:06:27.038 [WARNING] scripts.vep.client: VEP rate limited (429), retrying in 1s...
2026-06-04 19:06:55.154 [INFO] scripts.vep.client: VEP batch 130/516 done
2026-06-04 19:07:54.254 [INFO] scripts.vep.client: VEP batch 131/516 done
2026-06-04 19:09:01.468 [ERROR] scripts.vep.client: VEP request timeout for https://rest.ensembl.org/vep/human/region/4:54287754-54287754:1/C?content-type=application/json
2026-06-04 19:09:05.467 [ERROR] scripts.vep.client: VEP request timeout for https://rest.ensembl.org/vep/human/region/4:54682750-54682751:1/-?content-type=application/json
2026-06-04 19:09:06.467 [ERROR] scripts.vep.client: VEP request timeout for https://rest.ensembl.org/vep/human/region/4:54694901-54694901:1/C?content-type=application/json
2026-06-04 19:09:06.468 [ERROR] scripts.vep.client: VEP request timeout for https://rest.ensembl.org/vep/human/region/4:54693148-54693148:1/C?content-type=application/json
2026-06-04 19:09:14.467 [ERROR] scripts.vep.client: VEP request timeout for https://rest.ensembl.org/vep/human/region/4:54719570-54719570:1/T?content-type=application/json
2026-06-04 19:09:15.467 [ERROR] scripts.vep.client: VEP request timeout for https://rest.ensembl.org/vep/human/region/4:54722815-54722817:1/-?content-type=application/json
2026-06-04 19:09:15.468 [INFO] scripts.vep.client: VEP batch 132/516 done
2026-06-04 19:09:36.483 [ERROR] scripts.vep.client: VEP HTTP 503 for https://rest.ensembl.org/vep/human/region/4:55101517-55101517:1/T?content-type=application/json: <html><body><h1>503 Service Unavailable</h1>
No server is available to handle this request.
</body></html>

2026-06-04 19:09:36.490 [ERROR] scripts.vep.client: VEP HTTP 503 for https://rest.ensembl.org/vep/human/region/4:55119206-55119206:1/A?content-type=application/json: <html><body><h1>503 Service Unavailable</h1>
No server is available to handle this request.
</body></html>

2026-06-04 19:09:36.491 [ERROR] scripts.vep.client: VEP HTTP 503 for https://rest.ensembl.org/vep/human/region/4:55111794-55111794:1/T?content-type=application/json: <html><body><h1>503 Service Unavailable</h1>
No server is available to handle this request.
</body></html>

2026-06-04 19:09:36.506 [ERROR] scripts.vep.client: VEP HTTP 503 for https://rest.ensembl.org/vep/human/region/4:55093928-55093928:1/A?content-type=application/json: <html><body><h1>503 Service Unavailable</h1>
No server is available to handle this request.
</body></html>

2026-06-04 19:09:36.512 [ERROR] scripts.vep.client: VEP HTTP 503 for https://rest.ensembl.org/vep/human/region/4:55098982-55098986:1/-?content-type=application/json: <html><body><h1>503 Service Unavailable</h1>
No server is available to handle this request.
</body></html>

2026-06-04 19:10:08.503 [ERROR] scripts.vep.client: VEP HTTP 503 for https://rest.ensembl.org/vep/human/region/4:69072229-69072229:1/C?content-type=application/json: <html><body><h1>503 Service Unavailable</h1>
No server is available to handle this request.
</body></html>

2026-06-04 19:10:08.797 [ERROR] scripts.vep.client: VEP HTTP 503 for https://rest.ensembl.org/vep/human/region/4:69072402-69072402:1/A?content-type=application/json: <html><body><h1>503 Service Unavailable</h1>
No server is available to handle this request.
</body></html>

2026-06-04 19:10:17.397 [INFO] scripts.vep.client: VEP batch 133/516 done
2026-06-04 19:11:17.467 [ERROR] scripts.vep.client: VEP request timeout for https://rest.ensembl.org/vep/human/region/4:69078533-69078533:1/A?content-type=application/json
2026-06-04 19:11:17.469 [ERROR] scripts.vep.client: VEP request timeout for https://rest.ensembl.org/vep/human/region/4:69075436-69075436:1/A?content-type=application/json
2026-06-04 19:11:17.470 [ERROR] scripts.vep.client: VEP request timeout for https://rest.ensembl.org/vep/human/region/4:69077631-69077631:1/T?content-type=application/json
2026-06-04 19:11:17.470 [ERROR] scripts.vep.client: VEP request timeout for https://rest.ensembl.org/vep/human/region/4:69077602-69077602:1/A?content-type=application/json
2026-06-04 19:11:17.470 [ERROR] scripts.vep.client: VEP request timeout for https://rest.ensembl.org/vep/human/region/4:69075923-69075923:1/G?content-type=application/json
2026-06-04 19:11:17.470 [ERROR] scripts.vep.client: VEP request timeout for https://rest.ensembl.org/vep/human/region/4:69072777-69072777:1/G?content-type=application/json
2026-06-04 19:11:35.468 [ERROR] scripts.vep.client: VEP request timeout for https://rest.ensembl.org/vep/human/region/4:69100332-69100333:1/-?content-type=application/json
2026-06-04 19:11:35.469 [ERROR] scripts.vep.client: VEP request timeout for https://rest.ensembl.org/vep/human/region/4:69100306-69100306:1/A?content-type=application/json
2026-06-04 19:11:38.468 [ERROR] scripts.vep.client: VEP request timeout for https://rest.ensembl.org/vep/human/region/4:69101647-69101648:1/-?content-type=application/json
2026-06-04 19:11:39.467 [ERROR] scripts.vep.client: VEP request timeout for https://rest.ensembl.org/vep/human/region/4:69102221-69102221:1/G?content-type=application/json
2026-06-04 19:11:40.468 [ERROR] scripts.vep.client: VEP request timeout for https://rest.ensembl.org/vep/human/region/4:69103462-69103462:1/T?content-type=application/json
2026-06-04 19:11:40.469 [INFO] scripts.vep.client: VEP batch 134/516 done
2026-06-04 19:11:53.935 [WARNING] scripts.vep.client: VEP rate limited (429), retrying in 1s...
2026-06-04 19:11:54.027 [WARNING] scripts.vep.client: VEP rate limited (429), retrying in 1s...
2026-06-04 19:11:54.122 [WARNING] scripts.vep.client: VEP rate limited (429), retrying in 1s...
2026-06-04 19:12:45.468 [ERROR] scripts.vep.client: VEP request timeout for https://rest.ensembl.org/vep/human/region/4:71020377-71020377:1/A?content-type=application/json
2026-06-04 19:12:47.467 [ERROR] scripts.vep.client: VEP request timeout for https://rest.ensembl.org/vep/human/region/4:71031736-71031736:1/G?content-type=application/json
2026-06-04 19:12:48.467 [ERROR] scripts.vep.client: VEP request timeout for https://rest.ensembl.org/vep/human/region/4:73737434-73737434:1/G?content-type=application/json
2026-06-04 19:12:48.468 [INFO] scripts.vep.client: VEP batch 135/516 done
2026-06-04 19:13:26.815 [WARNING] scripts.vep.client: VEP rate limited (429), retrying in 1s...
2026-06-04 19:13:26.820 [WARNING] scripts.vep.client: VEP rate limited (429), retrying in 1s...
2026-06-04 19:13:26.921 [WARNING] scripts.vep.client: VEP rate limited (429), retrying in 1s...
2026-06-04 19:13:26.959 [WARNING] scripts.vep.client: VEP rate limited (429), retrying in 1s...
2026-06-04 19:13:26.963 [WARNING] scripts.vep.client: VEP rate limited (429), retrying in 1s...
2026-06-04 19:13:57.480 [ERROR] scripts.vep.client: VEP request timeout for https://rest.ensembl.org/vep/human/region/4:82629966-82629966:1/C?content-type=application/json
2026-06-04 19:13:58.474 [ERROR] scripts.vep.client: VEP request timeout for https://rest.ensembl.org/vep/human/region/4:82630192-82630192:1/G?content-type=application/json
2026-06-04 19:13:58.474 [ERROR] scripts.vep.client: VEP request timeout for https://rest.ensembl.org/vep/human/region/4:82631656-82631656:1/C?content-type=application/json
2026-06-04 19:13:58.476 [INFO] scripts.vep.client: VEP batch 136/516 done
2026-06-04 19:14:53.158 [ERROR] scripts.vep.client: VEP HTTP 503 for https://rest.ensembl.org/vep/human/region/4:82777569-82777569:1/A?content-type=application/json: <html><body><h1>503 Service Unavailable</h1>
No server is available to handle this request.
</body></html>

2026-06-04 19:14:59.466 [ERROR] scripts.vep.client: VEP request timeout for https://rest.ensembl.org/vep/human/region/4:82691705-82691705:1/G?content-type=application/json
2026-06-04 19:14:59.467 [INFO] scripts.vep.client: VEP batch 137/516 done
2026-06-04 19:16:07.489 [INFO] scripts.vep.client: VEP batch 138/516 done
2026-06-04 19:16:16.889 [WARNING] scripts.vep.client: VEP rate limited (429), retrying in 1s...
2026-06-04 19:16:16.906 [WARNING] scripts.vep.client: VEP rate limited (429), retrying in 1s...
2026-06-04 19:16:16.999 [WARNING] scripts.vep.client: VEP rate limited (429), retrying in 1s...
2026-06-04 19:17:01.638 [INFO] scripts.vep.client: VEP batch 139/516 done
2026-06-04 19:17:12.823 [WARNING] scripts.vep.client: VEP rate limited (429), retrying in 1s...
2026-06-04 19:17:12.823 [WARNING] scripts.vep.client: VEP rate limited (429), retrying in 1s...
2026-06-04 19:17:12.849 [WARNING] scripts.vep.client: VEP rate limited (429), retrying in 1s...
2026-06-04 19:17:12.850 [WARNING] scripts.vep.client: VEP rate limited (429), retrying in 1s...
2026-06-04 19:17:33.854 [INFO] scripts.vep.client: VEP batch 140/516 done
2026-06-04 19:18:22.506 [INFO] scripts.vep.client: VEP batch 141/516 done
2026-06-04 19:18:52.951 [ERROR] scripts.vep.client: VEP HTTP 503 for https://rest.ensembl.org/vep/human/region/4:109743474-109743474:1/C?content-type=application/json: <html><body><h1>503 Service Unavailable</h1>
No server is available to handle this request.
</body></html>

2026-06-04 19:18:53.130 [ERROR] scripts.vep.client: VEP HTTP 503 for https://rest.ensembl.org/vep/human/region/4:109745136-109745136:1/A?content-type=application/json: <html><body><h1>503 Service Unavailable</h1>
No server is available to handle this request.
</body></html>

2026-06-04 19:19:49.375 [INFO] scripts.vep.client: VEP batch 142/516 done
2026-06-04 19:20:56.466 [ERROR] scripts.vep.client: VEP request timeout for https://rest.ensembl.org/vep/human/region/4:110082091-110082091:1/A?content-type=application/json
2026-06-04 19:20:56.468 [ERROR] scripts.vep.client: VEP request timeout for https://rest.ensembl.org/vep/human/region/4:110081929-110081929:1/C?content-type=application/json
2026-06-04 19:20:56.468 [ERROR] scripts.vep.client: VEP request timeout for https://rest.ensembl.org/vep/human/region/4:110081640-110081640:1/C?content-type=application/json
2026-06-04 19:20:56.469 [ERROR] scripts.vep.client: VEP request timeout for https://rest.ensembl.org/vep/human/region/4:110081700-110081700:1/A?content-type=application/json
2026-06-04 19:20:56.470 [INFO] scripts.vep.client: VEP batch 143/516 done
2026-06-04 19:21:01.945 [WARNING] scripts.vep.client: VEP rate limited (429), retrying in 1s...
2026-06-04 19:21:01.993 [WARNING] scripts.vep.client: VEP rate limited (429), retrying in 1s...
2026-06-04 19:21:02.008 [WARNING] scripts.vep.client: VEP rate limited (429), retrying in 1s...
2026-06-04 19:21:02.014 [WARNING] scripts.vep.client: VEP rate limited (429), retrying in 1s...
2026-06-04 19:21:02.027 [WARNING] scripts.vep.client: VEP rate limited (429), retrying in 1s...
2026-06-04 19:21:02.054 [WARNING] scripts.vep.client: VEP rate limited (429), retrying in 1s...
2026-06-04 19:21:02.066 [WARNING] scripts.vep.client: VEP rate limited (429), retrying in 1s...
2026-06-04 19:21:04.987 [WARNING] scripts.vep.client: VEP rate limited (429), retrying in 1s...
2026-06-04 19:21:57.025 [INFO] scripts.vep.client: VEP batch 144/516 done
2026-06-04 19:22:33.655 [INFO] scripts.vep.client: VEP batch 145/516 done
2026-06-04 19:23:28.563 [INFO] scripts.vep.client: VEP batch 146/516 done
2026-06-04 19:24:12.330 [INFO] scripts.vep.client: VEP batch 147/516 done
2026-06-04 19:24:38.716 [ERROR] scripts.vep.client: VEP HTTP 503 for https://rest.ensembl.org/vep/human/region/4:184764878-184764878:1/T?content-type=application/json: <html><body><h1>503 Service Unavailable</h1>
No server is available to handle this request.
</body></html>

2026-06-04 19:25:26.464 [ERROR] scripts.vep.client: VEP request timeout for https://rest.ensembl.org/vep/human/region/4:184779812-184779812:1/C?content-type=application/json
2026-06-04 19:25:33.464 [ERROR] scripts.vep.client: VEP request timeout for https://rest.ensembl.org/vep/human/region/4:184789705-184789705:1/A?content-type=application/json
2026-06-04 19:25:35.469 [ERROR] scripts.vep.client: VEP request timeout for https://rest.ensembl.org/vep/human/region/4:184812054-184812054:1/T?content-type=application/json
2026-06-04 19:25:35.470 [INFO] scripts.vep.client: VEP batch 148/516 done
2026-06-04 19:26:36.466 [ERROR] scripts.vep.client: VEP request timeout for https://rest.ensembl.org/vep/human/region/4:186242472-186242472:1/G?content-type=application/json
2026-06-04 19:26:49.465 [INFO] scripts.vep.client: VEP batch 149/516 done
2026-06-04 19:28:07.410 [INFO] scripts.vep.client: VEP batch 150/516 done
2026-06-04 19:29:09.993 [INFO] scripts.vep.client: VEP batch 151/516 done
2026-06-04 19:29:39.387 [ERROR] scripts.vep.client: VEP HTTP 503 for https://rest.ensembl.org/vep/human/region/5:36982949-36982949:1/C?content-type=application/json: <html><body><h1>503 Service Unavailable</h1>
No server is available to handle this request.
</body></html>

2026-06-04 19:30:20.125 [INFO] scripts.vep.client: VEP batch 152/516 done
2026-06-04 19:30:59.355 [INFO] scripts.vep.client: VEP batch 153/516 done
2026-06-04 19:31:51.945 [INFO] scripts.vep.client: VEP batch 154/516 done
2026-06-04 19:32:37.728 [INFO] scripts.vep.client: VEP batch 155/516 done
2026-06-04 19:32:43.036 [WARNING] scripts.vep.client: VEP rate limited (429), retrying in 1s...
2026-06-04 19:32:43.055 [WARNING] scripts.vep.client: VEP rate limited (429), retrying in 1s...
2026-06-04 19:32:43.860 [WARNING] scripts.vep.client: VEP rate limited (429), retrying in 1s...
2026-06-04 19:32:43.901 [WARNING] scripts.vep.client: VEP rate limited (429), retrying in 1s...
2026-06-04 19:32:43.932 [WARNING] scripts.vep.client: VEP rate limited (429), retrying in 1s...
2026-06-04 19:32:43.985 [WARNING] scripts.vep.client: VEP rate limited (429), retrying in 1s...
2026-06-04 19:32:45.832 [WARNING] scripts.vep.client: VEP rate limited (429), retrying in 1s...
2026-06-04 19:32:45.971 [WARNING] scripts.vep.client: VEP rate limited (429), retrying in 1s...
2026-06-04 19:32:47.047 [WARNING] scripts.vep.client: VEP rate limited (429), retrying in 1s...
2026-06-04 19:33:24.260 [INFO] scripts.vep.client: VEP batch 156/516 done
2026-06-04 19:33:54.156 [ERROR] scripts.vep.client: VEP HTTP 503 for https://rest.ensembl.org/vep/human/region/5:83320378-83320379:1/-?content-type=application/json: <html><body><h1>503 Service Unavailable</h1>
No server is available to handle this request.
</body></html>

2026-06-04 19:33:54.254 [ERROR] scripts.vep.client: VEP HTTP 503 for https://rest.ensembl.org/vep/human/region/5:83320807-83320809:1/-?content-type=application/json: <html><body><h1>503 Service Unavailable</h1>
No server is available to handle this request.
</body></html>

2026-06-04 19:33:56.914 [ERROR] scripts.vep.client: VEP HTTP 503 for https://rest.ensembl.org/vep/human/region/5:83338333-83338333:1/T?content-type=application/json: <html><body><h1>503 Service Unavailable</h1>
No server is available to handle this request.
</body></html>

2026-06-04 19:33:57.155 [ERROR] scripts.vep.client: VEP HTTP 503 for https://rest.ensembl.org/vep/human/region/5:83343851-83343851:1/C?content-type=application/json: <html><body><h1>503 Service Unavailable</h1>
No server is available to handle this request.
</body></html>

2026-06-04 19:33:57.683 [ERROR] scripts.vep.client: VEP HTTP 503 for https://rest.ensembl.org/vep/human/region/5:83344244-83344244:1/G?content-type=application/json: <html><body><h1>503 Service Unavailable</h1>
No server is available to handle this request.
</body></html>

2026-06-04 19:33:58.095 [ERROR] scripts.vep.client: VEP HTTP 503 for https://rest.ensembl.org/vep/human/region/5:83346721-83346721:1/A?content-type=application/json: <html><body><h1>503 Service Unavailable</h1>
No server is available to handle this request.
</body></html>

2026-06-04 19:34:40.302 [INFO] scripts.vep.client: VEP batch 157/516 done
2026-06-04 19:35:37.509 [INFO] scripts.vep.client: VEP batch 158/516 done
2026-06-04 19:36:38.494 [ERROR] scripts.vep.client: VEP request timeout for https://rest.ensembl.org/vep/human/region/5:95911056-95911056:1/A?content-type=application/json
2026-06-04 19:36:38.497 [ERROR] scripts.vep.client: VEP request timeout for https://rest.ensembl.org/vep/human/region/5:95920917-95920917:1/CT?content-type=application/json
2026-06-04 19:36:38.498 [ERROR] scripts.vep.client: VEP request timeout for https://rest.ensembl.org/vep/human/region/5:95908710-95908710:1/T?content-type=application/json
2026-06-04 19:36:38.498 [ERROR] scripts.vep.client: VEP request timeout for https://rest.ensembl.org/vep/human/region/5:95911163-95911163:1/A?content-type=application/json
2026-06-04 19:36:38.498 [ERROR] scripts.vep.client: VEP request timeout for https://rest.ensembl.org/vep/human/region/5:95906164-95906164:1/C?content-type=application/json
2026-06-04 19:36:38.499 [ERROR] scripts.vep.client: VEP request timeout for https://rest.ensembl.org/vep/human/region/5:95916890-95916890:1/A?content-type=application/json
2026-06-04 19:36:38.499 [ERROR] scripts.vep.client: VEP request timeout for https://rest.ensembl.org/vep/human/region/5:95905518-95905518:1/C?content-type=application/json
2026-06-04 19:36:38.499 [ERROR] scripts.vep.client: VEP request timeout for https://rest.ensembl.org/vep/human/region/5:95912225-95912225:1/A?content-type=application/json
2026-06-04 19:36:38.500 [ERROR] scripts.vep.client: VEP request timeout for https://rest.ensembl.org/vep/human/region/5:95909943-95909943:1/C?content-type=application/json
2026-06-04 19:36:38.500 [ERROR] scripts.vep.client: VEP request timeout for https://rest.ensembl.org/vep/human/region/5:95904955-95904955:1/A?content-type=application/json
2026-06-04 19:36:38.500 [ERROR] scripts.vep.client: VEP request timeout for https://rest.ensembl.org/vep/human/region/5:95903017-95903017:1/A?content-type=application/json
2026-06-04 19:36:38.500 [ERROR] scripts.vep.client: VEP request timeout for https://rest.ensembl.org/vep/human/region/5:95905747-95905747:1/T?content-type=application/json
2026-06-04 19:36:38.501 [ERROR] scripts.vep.client: VEP request timeout for https://rest.ensembl.org/vep/human/region/5:95917591-95917591:1/T?content-type=application/json
2026-06-04 19:36:38.501 [ERROR] scripts.vep.client: VEP request timeout for https://rest.ensembl.org/vep/human/region/5:95909680-95909680:1/T?content-type=application/json
2026-06-04 19:36:38.501 [ERROR] scripts.vep.client: VEP request timeout for https://rest.ensembl.org/vep/human/region/5:95912268-95912268:1/T?content-type=application/json
2026-06-04 19:36:38.501 [ERROR] scripts.vep.client: VEP request timeout for https://rest.ensembl.org/vep/human/region/5:95916207-95916207:1/C?content-type=application/json
2026-06-04 19:36:38.502 [ERROR] scripts.vep.client: VEP request timeout for https://rest.ensembl.org/vep/human/region/5:95915534-95915534:1/A?content-type=application/json
2026-06-04 19:36:38.502 [ERROR] scripts.vep.client: VEP request timeout for https://rest.ensembl.org/vep/human/region/5:95911343-95911343:1/T?content-type=application/json
2026-06-04 19:36:38.503 [ERROR] scripts.vep.client: VEP request timeout for https://rest.ensembl.org/vep/human/region/5:95905423-95905423:1/T?content-type=application/json
2026-06-04 19:36:38.504 [ERROR] scripts.vep.client: VEP request timeout for https://rest.ensembl.org/vep/human/region/5:95902878-95902878:1/G?content-type=application/json
2026-06-04 19:36:38.505 [ERROR] scripts.vep.client: VEP request timeout for https://rest.ensembl.org/vep/human/region/5:95910430-95910430:1/G?content-type=application/json
2026-06-04 19:36:38.506 [ERROR] scripts.vep.client: VEP request timeout for https://rest.ensembl.org/vep/human/region/5:95917404-95917404:1/G?content-type=application/json
2026-06-04 19:36:38.506 [ERROR] scripts.vep.client: VEP request timeout for https://rest.ensembl.org/vep/human/region/5:95905440-95905440:1/GAC?content-type=application/json
2026-06-04 19:36:38.506 [ERROR] scripts.vep.client: VEP request timeout for https://rest.ensembl.org/vep/human/region/5:95905233-95905233:1/CG?content-type=application/json
2026-06-04 19:36:38.507 [ERROR] scripts.vep.client: VEP request timeout for https://rest.ensembl.org/vep/human/region/5:95915268-95915268:1/T?content-type=application/json
2026-06-04 19:36:38.507 [ERROR] scripts.vep.client: VEP request timeout for https://rest.ensembl.org/vep/human/region/5:95915188-95915188:1/C?content-type=application/json
2026-06-04 19:36:44.016 [INFO] scripts.vep.client: VEP batch 159/516 done
2026-06-04 19:36:45.833 [WARNING] scripts.vep.client: VEP rate limited (429), retrying in 1s...
2026-06-04 19:36:45.845 [WARNING] scripts.vep.client: VEP rate limited (429), retrying in 1s...
2026-06-04 19:36:45.883 [WARNING] scripts.vep.client: VEP rate limited (429), retrying in 1s...
2026-06-04 19:36:46.035 [WARNING] scripts.vep.client: VEP rate limited (429), retrying in 1s...
2026-06-04 19:36:50.003 [WARNING] scripts.vep.client: VEP rate limited (429), retrying in 1s...
2026-06-04 19:36:50.013 [WARNING] scripts.vep.client: VEP rate limited (429), retrying in 1s...
2026-06-04 19:36:50.014 [WARNING] scripts.vep.client: VEP rate limited (429), retrying in 1s...
2026-06-04 19:36:50.061 [WARNING] scripts.vep.client: VEP rate limited (429), retrying in 1s...
2026-06-04 19:36:50.136 [WARNING] scripts.vep.client: VEP rate limited (429), retrying in 1s...
2026-06-04 19:36:51.053 [WARNING] scripts.vep.client: VEP rate limited (429), retrying in 1s...
2026-06-04 19:36:51.058 [WARNING] scripts.vep.client: VEP rate limited (429), retrying in 1s...
2026-06-04 19:36:51.073 [WARNING] scripts.vep.client: VEP rate limited (429), retrying in 1s...
2026-06-04 19:36:52.106 [WARNING] scripts.vep.client: VEP rate limited (429), retrying in 1s...
2026-06-04 19:36:52.108 [WARNING] scripts.vep.client: VEP rate limited (429), retrying in 1s...
2026-06-04 19:36:52.108 [WARNING] scripts.vep.client: VEP rate limited (429), retrying in 1s...
2026-06-04 19:37:26.346 [INFO] scripts.vep.client: VEP batch 160/516 done
2026-06-04 19:37:27.439 [WARNING] scripts.vep.client: VEP rate limited (429), retrying in 1s...
2026-06-04 19:37:27.444 [WARNING] scripts.vep.client: VEP rate limited (429), retrying in 1s...
2026-06-04 19:37:27.462 [WARNING] scripts.vep.client: VEP rate limited (429), retrying in 1s...
2026-06-04 19:37:27.463 [WARNING] scripts.vep.client: VEP rate limited (429), retrying in 1s...
2026-06-04 19:37:27.507 [WARNING] scripts.vep.client: VEP rate limited (429), retrying in 1s...
2026-06-04 19:37:27.514 [WARNING] scripts.vep.client: VEP rate limited (429), retrying in 1s...
2026-06-04 19:37:27.794 [WARNING] scripts.vep.client: VEP rate limited (429), retrying in 1s...
2026-06-04 19:37:27.848 [WARNING] scripts.vep.client: VEP rate limited (429), retrying in 1s...
2026-06-04 19:37:27.912 [WARNING] scripts.vep.client: VEP rate limited (429), retrying in 1s...
2026-06-04 19:37:27.966 [WARNING] scripts.vep.client: VEP rate limited (429), retrying in 1s...
2026-06-04 19:37:27.968 [WARNING] scripts.vep.client: VEP rate limited (429), retrying in 1s...
2026-06-04 19:37:28.040 [WARNING] scripts.vep.client: VEP rate limited (429), retrying in 1s...
2026-06-04 19:37:28.992 [WARNING] scripts.vep.client: VEP rate limited (429), retrying in 1s...
2026-06-04 19:37:32.023 [WARNING] scripts.vep.client: VEP rate limited (429), retrying in 1s...
2026-06-04 19:37:32.110 [WARNING] scripts.vep.client: VEP rate limited (429), retrying in 1s...
2026-06-04 19:38:13.727 [INFO] scripts.vep.client: VEP batch 161/516 done
2026-06-04 19:39:29.494 [ERROR] scripts.vep.client: VEP request timeout for https://rest.ensembl.org/vep/human/region/5:138360636-138360636:1/G?content-type=application/json
2026-06-04 19:39:30.494 [ERROR] scripts.vep.client: VEP request timeout for https://rest.ensembl.org/vep/human/region/5:138363931-138363931:1/A?content-type=application/json
2026-06-04 19:39:31.494 [ERROR] scripts.vep.client: VEP request timeout for https://rest.ensembl.org/vep/human/region/5:138369529-138369529:1/G?content-type=application/json
2026-06-04 19:39:32.494 [ERROR] scripts.vep.client: VEP request timeout for https://rest.ensembl.org/vep/human/region/5:138375753-138375753:1/G?content-type=application/json
2026-06-04 19:39:35.495 [ERROR] scripts.vep.client: VEP request timeout for https://rest.ensembl.org/vep/human/region/5:138388653-138388653:1/C?content-type=application/json
2026-06-04 19:39:35.495 [ERROR] scripts.vep.client: VEP request timeout for https://rest.ensembl.org/vep/human/region/5:138388641-138388641:1/A?content-type=application/json
2026-06-04 19:39:35.496 [ERROR] scripts.vep.client: VEP request timeout for https://rest.ensembl.org/vep/human/region/5:138387898-138387898:1/A?content-type=application/json
2026-06-04 19:39:36.494 [ERROR] scripts.vep.client: VEP request timeout for https://rest.ensembl.org/vep/human/region/5:138397734-138397734:1/A?content-type=application/json
2026-06-04 19:39:36.495 [INFO] scripts.vep.client: VEP batch 162/516 done
2026-06-04 19:40:37.495 [ERROR] scripts.vep.client: VEP request timeout for https://rest.ensembl.org/vep/human/region/5:138409877-138409877:1/C?content-type=application/json
2026-06-04 19:40:37.497 [ERROR] scripts.vep.client: VEP request timeout for https://rest.ensembl.org/vep/human/region/5:138403830-138403830:1/A?content-type=application/json
2026-06-04 19:40:37.497 [INFO] scripts.vep.client: VEP batch 163/516 done
2026-06-04 19:40:56.028 [WARNING] scripts.vep.client: VEP rate limited (429), retrying in 1s...
2026-06-04 19:40:56.063 [WARNING] scripts.vep.client: VEP rate limited (429), retrying in 1s...
2026-06-04 19:40:57.066 [WARNING] scripts.vep.client: VEP rate limited (429), retrying in 1s...
2026-06-04 19:40:57.098 [WARNING] scripts.vep.client: VEP rate limited (429), retrying in 1s...
2026-06-04 19:40:57.106 [WARNING] scripts.vep.client: VEP rate limited (429), retrying in 1s...
2026-06-04 19:40:58.202 [WARNING] scripts.vep.client: VEP rate limited (429), retrying in 1s...
2026-06-04 19:41:23.201 [INFO] scripts.vep.client: VEP batch 164/516 done
2026-06-04 19:42:44.224 [INFO] scripts.vep.client: VEP batch 165/516 done
2026-06-04 19:43:41.240 [INFO] scripts.vep.client: VEP batch 166/516 done
2026-06-04 19:44:31.167 [INFO] scripts.vep.client: VEP batch 167/516 done
2026-06-04 19:45:32.415 [INFO] scripts.vep.client: VEP batch 168/516 done
2026-06-04 19:46:46.507 [ERROR] scripts.vep.client: VEP request timeout for https://rest.ensembl.org/vep/human/region/5:180649130-180649130:1/A?content-type=application/json
2026-06-04 19:46:48.494 [ERROR] scripts.vep.client: VEP request timeout for https://rest.ensembl.org/vep/human/region/6:7725824-7725824:1/G?content-type=application/json
2026-06-04 19:46:49.495 [ERROR] scripts.vep.client: VEP request timeout for https://rest.ensembl.org/vep/human/region/6:7732734-7732734:1/A?content-type=application/json
2026-06-04 19:46:49.495 [ERROR] scripts.vep.client: VEP request timeout for https://rest.ensembl.org/vep/human/region/6:7730711-7730711:1/G?content-type=application/json
2026-06-04 19:46:49.496 [ERROR] scripts.vep.client: VEP request timeout for https://rest.ensembl.org/vep/human/region/6:7733629-7733629:1/A?content-type=application/json
2026-06-04 19:46:50.497 [ERROR] scripts.vep.client: VEP request timeout for https://rest.ensembl.org/vep/human/region/6:7736705-7736705:1/T?content-type=application/json
2026-06-04 19:46:50.499 [INFO] scripts.vep.client: VEP batch 169/516 done
2026-06-04 19:47:07.786 [WARNING] scripts.vep.client: VEP rate limited (429), retrying in 1s...
2026-06-04 19:47:07.847 [WARNING] scripts.vep.client: VEP rate limited (429), retrying in 1s...
2026-06-04 19:47:07.848 [WARNING] scripts.vep.client: VEP rate limited (429), retrying in 1s...
2026-06-04 19:47:07.920 [WARNING] scripts.vep.client: VEP rate limited (429), retrying in 1s...
2026-06-04 19:47:07.926 [WARNING] scripts.vep.client: VEP rate limited (429), retrying in 1s...
2026-06-04 19:47:07.966 [WARNING] scripts.vep.client: VEP rate limited (429), retrying in 1s...
2026-06-04 19:47:08.061 [WARNING] scripts.vep.client: VEP rate limited (429), retrying in 1s...
2026-06-04 19:47:08.086 [WARNING] scripts.vep.client: VEP rate limited (429), retrying in 1s...
2026-06-04 19:47:09.046 [WARNING] scripts.vep.client: VEP rate limited (429), retrying in 1s...
2026-06-04 19:47:44.747 [INFO] scripts.vep.client: VEP batch 170/516 done
2026-06-04 19:48:48.170 [INFO] scripts.vep.client: VEP batch 171/516 done
2026-06-04 19:49:02.688 [WARNING] scripts.vep.client: VEP rate limited (429), retrying in 1s...
2026-06-04 19:49:02.758 [WARNING] scripts.vep.client: VEP rate limited (429), retrying in 1s...
2026-06-04 19:49:02.764 [WARNING] scripts.vep.client: VEP rate limited (429), retrying in 1s...
2026-06-04 19:49:02.785 [WARNING] scripts.vep.client: VEP rate limited (429), retrying in 1s...
2026-06-04 19:49:02.795 [WARNING] scripts.vep.client: VEP rate limited (429), retrying in 1s...
2026-06-04 19:49:02.827 [WARNING] scripts.vep.client: VEP rate limited (429), retrying in 1s...
2026-06-04 19:49:02.838 [WARNING] scripts.vep.client: VEP rate limited (429), retrying in 1s...
2026-06-04 19:49:02.956 [WARNING] scripts.vep.client: VEP rate limited (429), retrying in 1s...
2026-06-04 19:49:02.959 [WARNING] scripts.vep.client: VEP rate limited (429), retrying in 1s...
2026-06-04 19:49:03.049 [WARNING] scripts.vep.client: VEP rate limited (429), retrying in 1s...
2026-06-04 19:49:03.061 [WARNING] scripts.vep.client: VEP rate limited (429), retrying in 1s...
2026-06-04 19:49:32.949 [INFO] scripts.vep.client: VEP batch 172/516 done
2026-06-04 19:51:02.473 [INFO] scripts.vep.client: VEP batch 173/516 done
2026-06-04 19:52:02.499 [ERROR] scripts.vep.client: VEP request timeout for https://rest.ensembl.org/vep/human/region/6:29941599-29941599:1/A?content-type=application/json
2026-06-04 19:52:02.501 [ERROR] scripts.vep.client: VEP request timeout for https://rest.ensembl.org/vep/human/region/6:29940531-29940531:1/T?content-type=application/json
2026-06-04 19:52:02.501 [ERROR] scripts.vep.client: VEP request timeout for https://rest.ensembl.org/vep/human/region/6:29940734-29940734:1/C?content-type=application/json
2026-06-04 19:52:02.502 [ERROR] scripts.vep.client: VEP request timeout for https://rest.ensembl.org/vep/human/region/6:29940597-29940597:1/G?content-type=application/json
2026-06-04 19:52:02.502 [ERROR] scripts.vep.client: VEP request timeout for https://rest.ensembl.org/vep/human/region/6:29941160-29941160:1/T?content-type=application/json
2026-06-04 19:52:21.849 [INFO] scripts.vep.client: VEP batch 174/516 done
2026-06-04 19:52:32.056 [WARNING] scripts.vep.client: VEP rate limited (429), retrying in 1s...
2026-06-04 19:52:32.058 [WARNING] scripts.vep.client: VEP rate limited (429), retrying in 1s...
2026-06-04 19:52:33.798 [WARNING] scripts.vep.client: VEP rate limited (429), retrying in 1s...
2026-06-04 19:52:33.847 [WARNING] scripts.vep.client: VEP rate limited (429), retrying in 1s...
2026-06-04 19:52:33.866 [WARNING] scripts.vep.client: VEP rate limited (429), retrying in 1s...
2026-06-04 19:52:34.000 [WARNING] scripts.vep.client: VEP rate limited (429), retrying in 1s...
2026-06-04 19:52:34.078 [WARNING] scripts.vep.client: VEP rate limited (429), retrying in 1s...
2026-06-04 19:52:56.973 [INFO] scripts.vep.client: VEP batch 175/516 done
2026-06-04 19:53:08.910 [WARNING] scripts.vep.client: VEP rate limited (429), retrying in 1s...
2026-06-04 19:53:08.998 [WARNING] scripts.vep.client: VEP rate limited (429), retrying in 1s...
2026-06-04 19:53:09.002 [WARNING] scripts.vep.client: VEP rate limited (429), retrying in 1s...
2026-06-04 19:53:09.003 [WARNING] scripts.vep.client: VEP rate limited (429), retrying in 1s...
2026-06-04 19:53:09.003 [WARNING] scripts.vep.client: VEP rate limited (429), retrying in 1s...
2026-06-04 19:53:09.003 [WARNING] scripts.vep.client: VEP rate limited (429), retrying in 1s...
2026-06-04 19:54:05.507 [ERROR] scripts.vep.client: VEP request timeout for https://rest.ensembl.org/vep/human/region/6:29954400-29954400:1/A?content-type=application/json
2026-06-04 19:54:05.510 [ERROR] scripts.vep.client: VEP request timeout for https://rest.ensembl.org/vep/human/region/6:29954438-29954438:1/A?content-type=application/json
2026-06-04 19:54:05.511 [INFO] scripts.vep.client: VEP batch 176/516 done
2026-06-04 19:55:12.505 [ERROR] scripts.vep.client: VEP request timeout for https://rest.ensembl.org/vep/human/region/6:31270457-31270457:1/A?content-type=application/json
2026-06-04 19:55:14.506 [ERROR] scripts.vep.client: VEP request timeout for https://rest.ensembl.org/vep/human/region/6:31270715-31270715:1/A?content-type=application/json
2026-06-04 19:55:15.506 [ERROR] scripts.vep.client: VEP request timeout for https://rest.ensembl.org/vep/human/region/6:31270836-31270836:1/G?content-type=application/json
2026-06-04 19:55:16.506 [ERROR] scripts.vep.client: VEP request timeout for https://rest.ensembl.org/vep/human/region/6:31270951-31270951:1/C?content-type=application/json
2026-06-04 19:55:17.505 [ERROR] scripts.vep.client: VEP request timeout for https://rest.ensembl.org/vep/human/region/6:31271091-31271091:1/T?content-type=application/json
2026-06-04 19:55:17.507 [INFO] scripts.vep.client: VEP batch 177/516 done
2026-06-04 19:56:18.507 [ERROR] scripts.vep.client: VEP request timeout for https://rest.ensembl.org/vep/human/region/6:31350051-31350051:1/C?content-type=application/json
2026-06-04 19:56:18.510 [ERROR] scripts.vep.client: VEP request timeout for https://rest.ensembl.org/vep/human/region/6:31350400-31350400:1/A?content-type=application/json
2026-06-04 19:56:18.511 [ERROR] scripts.vep.client: VEP request timeout for https://rest.ensembl.org/vep/human/region/6:31348983-31348983:1/T?content-type=application/json
2026-06-04 19:56:18.512 [ERROR] scripts.vep.client: VEP request timeout for https://rest.ensembl.org/vep/human/region/6:31349405-31349405:1/G?content-type=application/json
2026-06-04 19:56:18.513 [ERROR] scripts.vep.client: VEP request timeout for https://rest.ensembl.org/vep/human/region/6:31349322-31349322:1/T?content-type=application/json
2026-06-04 19:56:18.513 [ERROR] scripts.vep.client: VEP request timeout for https://rest.ensembl.org/vep/human/region/6:31349188-31349188:1/A?content-type=application/json
2026-06-04 19:56:18.513 [ERROR] scripts.vep.client: VEP request timeout for https://rest.ensembl.org/vep/human/region/6:31350617-31350618:1/-?content-type=application/json
2026-06-04 19:56:18.514 [ERROR] scripts.vep.client: VEP request timeout for https://rest.ensembl.org/vep/human/region/6:31350199-31350199:1/A?content-type=application/json
2026-06-04 19:56:18.514 [ERROR] scripts.vep.client: VEP request timeout for https://rest.ensembl.org/vep/human/region/6:31351208-31351208:1/A?content-type=application/json
2026-06-04 19:56:18.514 [ERROR] scripts.vep.client: VEP request timeout for https://rest.ensembl.org/vep/human/region/6:31348982-31348982:1/A?content-type=application/json
2026-06-04 19:56:18.515 [INFO] scripts.vep.client: VEP batch 178/516 done
2026-06-04 19:56:21.938 [WARNING] scripts.vep.client: VEP rate limited (429), retrying in 1s...
2026-06-04 19:56:21.998 [WARNING] scripts.vep.client: VEP rate limited (429), retrying in 1s...
2026-06-04 19:56:22.043 [WARNING] scripts.vep.client: VEP rate limited (429), retrying in 1s...
2026-06-04 19:57:19.505 [ERROR] scripts.vep.client: VEP request timeout for https://rest.ensembl.org/vep/human/region/6:31357846-31357846:1/C?content-type=application/json
2026-06-04 19:57:22.942 [INFO] scripts.vep.client: VEP batch 179/516 done
2026-06-04 19:58:23.505 [ERROR] scripts.vep.client: VEP request timeout for https://rest.ensembl.org/vep/human/region/6:31370583-31370583:1/A?content-type=application/json
2026-06-04 19:58:23.506 [ERROR] scripts.vep.client: VEP request timeout for https://rest.ensembl.org/vep/human/region/6:31370560-31370560:1/A?content-type=application/json
2026-06-04 19:58:23.507 [ERROR] scripts.vep.client: VEP request timeout for https://rest.ensembl.org/vep/human/region/6:31368323-31368323:1/A?content-type=application/json
2026-06-04 19:58:26.428 [INFO] scripts.vep.client: VEP batch 180/516 done
2026-06-04 19:59:53.506 [ERROR] scripts.vep.client: VEP request timeout for https://rest.ensembl.org/vep/human/region/6:41347498-41347498:1/C?content-type=application/json
2026-06-04 19:59:54.506 [ERROR] scripts.vep.client: VEP request timeout for https://rest.ensembl.org/vep/human/region/6:41352584-41352584:1/A?content-type=application/json
2026-06-04 19:59:54.507 [ERROR] scripts.vep.client: VEP request timeout for https://rest.ensembl.org/vep/human/region/6:41349197-41349197:1/T?content-type=application/json
2026-06-04 19:59:54.507 [INFO] scripts.vep.client: VEP batch 181/516 done
2026-06-04 20:01:08.506 [ERROR] scripts.vep.client: VEP request timeout for https://rest.ensembl.org/vep/human/region/6:41981137-41981137:1/A?content-type=application/json
2026-06-04 20:01:08.508 [ERROR] scripts.vep.client: VEP request timeout for https://rest.ensembl.org/vep/human/region/6:41980083-41980083:1/A?content-type=application/json
2026-06-04 20:01:08.508 [ERROR] scripts.vep.client: VEP request timeout for https://rest.ensembl.org/vep/human/region/6:41981005-41981005:1/A?content-type=application/json
2026-06-04 20:01:08.508 [ERROR] scripts.vep.client: VEP request timeout for https://rest.ensembl.org/vep/human/region/6:41980521-41980521:1/CTT?content-type=application/json
2026-06-04 20:01:09.507 [ERROR] scripts.vep.client: VEP request timeout for https://rest.ensembl.org/vep/human/region/6:41981766-41981766:1/T?content-type=application/json
2026-06-04 20:01:13.505 [ERROR] scripts.vep.client: VEP request timeout for https://rest.ensembl.org/vep/human/region/6:41985920-41985920:1/G?content-type=application/json
2026-06-04 20:01:13.507 [INFO] scripts.vep.client: VEP batch 182/516 done
2026-06-04 20:01:34.168 [WARNING] scripts.vep.client: VEP rate limited (429), retrying in 1s...
2026-06-04 20:01:42.118 [ERROR] scripts.vep.client: VEP HTTP 503 for https://rest.ensembl.org/vep/human/region/6:42023999-42023999:1/A?content-type=application/json: <html><body><h1>503 Service Unavailable</h1>
No server is available to handle this request.
</body></html>

2026-06-04 20:01:43.666 [ERROR] scripts.vep.client: VEP HTTP 503 for https://rest.ensembl.org/vep/human/region/6:42024415-42024415:1/A?content-type=application/json: <html><body><h1>503 Service Unavailable</h1>
No server is available to handle this request.
</body></html>

2026-06-04 20:01:57.835 [INFO] scripts.vep.client: VEP batch 183/516 done
2026-06-04 20:02:35.969 [WARNING] scripts.vep.client: VEP rate limited (429), retrying in 1s...
2026-06-04 20:02:35.970 [WARNING] scripts.vep.client: VEP rate limited (429), retrying in 1s...
2026-06-04 20:02:37.855 [WARNING] scripts.vep.client: VEP rate limited (429), retrying in 1s...
2026-06-04 20:02:37.934 [WARNING] scripts.vep.client: VEP rate limited (429), retrying in 1s...
2026-06-04 20:02:37.983 [WARNING] scripts.vep.client: VEP rate limited (429), retrying in 1s...
2026-06-04 20:02:38.060 [WARNING] scripts.vep.client: VEP rate limited (429), retrying in 1s...
2026-06-04 20:02:38.061 [WARNING] scripts.vep.client: VEP rate limited (429), retrying in 1s...
2026-06-04 20:02:38.885 [WARNING] scripts.vep.client: VEP rate limited (429), retrying in 1s...
2026-06-04 20:02:39.073 [WARNING] scripts.vep.client: VEP rate limited (429), retrying in 1s...
2026-06-04 20:02:39.075 [WARNING] scripts.vep.client: VEP rate limited (429), retrying in 1s...
2026-06-04 20:02:58.170 [INFO] scripts.vep.client: VEP batch 184/516 done
2026-06-04 20:03:58.506 [ERROR] scripts.vep.client: VEP request timeout for https://rest.ensembl.org/vep/human/region/6:45450665-45450665:1/T?content-type=application/json
2026-06-04 20:04:01.407 [ERROR] scripts.vep.client: VEP request error for https://rest.ensembl.org/vep/human/region/6:45587414-45587414:1/T?content-type=application/json: Server disconnected
2026-06-04 20:04:01.420 [ERROR] scripts.vep.client: VEP request error for https://rest.ensembl.org/vep/human/region/6:45569192-45569192:1/T?content-type=application/json: Server disconnected
2026-06-04 20:04:14.507 [ERROR] scripts.vep.client: VEP request timeout for https://rest.ensembl.org/vep/human/region/6:45570576-45570576:1/G?content-type=application/json
2026-06-04 20:04:31.506 [ERROR] scripts.vep.client: VEP request timeout for https://rest.ensembl.org/vep/human/region/6:52262555-52262555:1/A?content-type=application/json
2026-06-04 20:04:31.508 [INFO] scripts.vep.client: VEP batch 185/516 done
2026-06-04 20:05:32.324 [INFO] scripts.vep.client: VEP batch 186/516 done
2026-06-04 20:06:01.874 [WARNING] scripts.vep.client: VEP rate limited (429), retrying in 1s...
2026-06-04 20:06:01.904 [WARNING] scripts.vep.client: VEP rate limited (429), retrying in 1s...
2026-06-04 20:06:01.975 [WARNING] scripts.vep.client: VEP rate limited (429), retrying in 1s...
2026-06-04 20:06:02.046 [WARNING] scripts.vep.client: VEP rate limited (429), retrying in 1s...
2026-06-04 20:06:02.108 [WARNING] scripts.vep.client: VEP rate limited (429), retrying in 1s...
2026-06-04 20:06:02.925 [WARNING] scripts.vep.client: VEP rate limited (429), retrying in 1s...
2026-06-04 20:06:02.926 [WARNING] scripts.vep.client: VEP rate limited (429), retrying in 1s...
2026-06-04 20:06:02.954 [WARNING] scripts.vep.client: VEP rate limited (429), retrying in 1s...
2026-06-04 20:06:02.985 [WARNING] scripts.vep.client: VEP rate limited (429), retrying in 1s...
2026-06-04 20:06:02.989 [WARNING] scripts.vep.client: VEP rate limited (429), retrying in 1s...
2026-06-04 20:06:02.990 [WARNING] scripts.vep.client: VEP rate limited (429), retrying in 1s...
2026-06-04 20:06:03.114 [WARNING] scripts.vep.client: VEP rate limited (429), retrying in 1s...
2026-06-04 20:06:50.175 [INFO] scripts.vep.client: VEP batch 187/516 done
2026-06-04 20:07:15.092 [WARNING] scripts.vep.client: VEP rate limited (429), retrying in 1s...
2026-06-04 20:08:06.906 [INFO] scripts.vep.client: VEP batch 188/516 done
2026-06-04 20:09:16.968 [INFO] scripts.vep.client: VEP batch 189/516 done
2026-06-04 20:10:19.505 [INFO] scripts.vep.client: VEP batch 190/516 done
2026-06-04 20:11:12.663 [INFO] scripts.vep.client: VEP batch 191/516 done
2026-06-04 20:12:13.738 [INFO] scripts.vep.client: VEP batch 192/516 done
2026-06-04 20:13:14.080 [WARNING] scripts.vep.client: VEP rate limited (429), retrying in 1s...
2026-06-04 20:13:14.116 [WARNING] scripts.vep.client: VEP rate limited (429), retrying in 1s...
2026-06-04 20:13:14.509 [ERROR] scripts.vep.client: VEP request timeout for https://rest.ensembl.org/vep/human/region/6:135208073-135208073:1/A?content-type=application/json
2026-06-04 20:13:14.510 [ERROR] scripts.vep.client: VEP request timeout for https://rest.ensembl.org/vep/human/region/6:137864336-137864336:1/AAAAAAAA?content-type=application/json
2026-06-04 20:13:14.511 [ERROR] scripts.vep.client: VEP request timeout for https://rest.ensembl.org/vep/human/region/6:137862270-137862270:1/A?content-type=application/json
2026-06-04 20:13:14.511 [ERROR] scripts.vep.client: VEP request timeout for https://rest.ensembl.org/vep/human/region/6:135213685-135213685:1/C?content-type=application/json
2026-06-04 20:13:14.511 [ERROR] scripts.vep.client: VEP request timeout for https://rest.ensembl.org/vep/human/region/6:135220893-135220893:1/C?content-type=application/json
2026-06-04 20:13:14.512 [ERROR] scripts.vep.client: VEP request timeout for https://rest.ensembl.org/vep/human/region/6:137876687-137876687:1/T?content-type=application/json
2026-06-04 20:13:14.512 [ERROR] scripts.vep.client: VEP request timeout for https://rest.ensembl.org/vep/human/region/6:135216752-135216752:1/G?content-type=application/json
2026-06-04 20:13:14.512 [ERROR] scripts.vep.client: VEP request timeout for https://rest.ensembl.org/vep/human/region/6:135218250-135218250:1/A?content-type=application/json
2026-06-04 20:13:14.513 [ERROR] scripts.vep.client: VEP request timeout for https://rest.ensembl.org/vep/human/region/6:135208546-135208546:1/T?content-type=application/json
2026-06-04 20:13:14.513 [ERROR] scripts.vep.client: VEP request timeout for https://rest.ensembl.org/vep/human/region/6:137868699-137868699:1/A?content-type=application/json
2026-06-04 20:13:14.514 [ERROR] scripts.vep.client: VEP request timeout for https://rest.ensembl.org/vep/human/region/6:137874824-137874827:1/-?content-type=application/json
2026-06-04 20:13:14.515 [ERROR] scripts.vep.client: VEP request timeout for https://rest.ensembl.org/vep/human/region/6:135212146-135212146:1/G?content-type=application/json
2026-06-04 20:13:14.515 [ERROR] scripts.vep.client: VEP request timeout for https://rest.ensembl.org/vep/human/region/6:137874556-137874556:1/C?content-type=application/json
2026-06-04 20:13:14.516 [ERROR] scripts.vep.client: VEP request timeout for https://rest.ensembl.org/vep/human/region/6:137864285-137864285:1/C?content-type=application/json
2026-06-04 20:13:14.516 [ERROR] scripts.vep.client: VEP request timeout for https://rest.ensembl.org/vep/human/region/6:137868981-137868983:1/-?content-type=application/json
2026-06-04 20:13:45.096 [INFO] scripts.vep.client: VEP batch 193/516 done
2026-06-04 20:14:12.166 [WARNING] scripts.vep.client: VEP rate limited (429), retrying in 1s...
2026-06-04 20:14:12.743 [WARNING] scripts.vep.client: VEP rate limited (429), retrying in 1s...
2026-06-04 20:14:12.766 [WARNING] scripts.vep.client: VEP rate limited (429), retrying in 1s...
2026-06-04 20:14:12.864 [WARNING] scripts.vep.client: VEP rate limited (429), retrying in 1s...
2026-06-04 20:14:12.895 [WARNING] scripts.vep.client: VEP rate limited (429), retrying in 1s...
2026-06-04 20:14:13.048 [WARNING] scripts.vep.client: VEP rate limited (429), retrying in 1s...
2026-06-04 20:14:14.033 [WARNING] scripts.vep.client: VEP rate limited (429), retrying in 1s...
2026-06-04 20:14:14.997 [WARNING] scripts.vep.client: VEP rate limited (429), retrying in 1s...
2026-06-04 20:14:15.037 [WARNING] scripts.vep.client: VEP rate limited (429), retrying in 1s...
2026-06-04 20:14:15.043 [WARNING] scripts.vep.client: VEP rate limited (429), retrying in 1s...
2026-06-04 20:14:15.046 [WARNING] scripts.vep.client: VEP rate limited (429), retrying in 1s...
2026-06-04 20:14:15.051 [WARNING] scripts.vep.client: VEP rate limited (429), retrying in 1s...
2026-06-04 20:14:43.788 [INFO] scripts.vep.client: VEP batch 194/516 done
2026-06-04 20:14:47.098 [WARNING] scripts.vep.client: VEP rate limited (429), retrying in 1s...
2026-06-04 20:14:47.706 [WARNING] scripts.vep.client: VEP rate limited (429), retrying in 1s...
2026-06-04 20:14:47.740 [WARNING] scripts.vep.client: VEP rate limited (429), retrying in 1s...
2026-06-04 20:14:47.769 [WARNING] scripts.vep.client: VEP rate limited (429), retrying in 1s...
2026-06-04 20:14:48.067 [WARNING] scripts.vep.client: VEP rate limited (429), retrying in 1s...
2026-06-04 20:14:48.084 [WARNING] scripts.vep.client: VEP rate limited (429), retrying in 1s...
2026-06-04 20:15:18.303 [INFO] scripts.vep.client: VEP batch 195/516 done
2026-06-04 20:15:54.099 [INFO] scripts.vep.client: VEP batch 196/516 done
2026-06-04 20:17:16.510 [ERROR] scripts.vep.client: VEP request timeout for https://rest.ensembl.org/vep/human/region/6:151101183-151101183:1/T?content-type=application/json
2026-06-04 20:17:16.519 [ERROR] scripts.vep.client: VEP request timeout for https://rest.ensembl.org/vep/human/region/6:151101800-151101800:1/A?content-type=application/json
2026-06-04 20:17:17.509 [ERROR] scripts.vep.client: VEP request timeout for https://rest.ensembl.org/vep/human/region/6:151103362-151103362:1/A?content-type=application/json
2026-06-04 20:17:17.510 [ERROR] scripts.vep.client: VEP request timeout for https://rest.ensembl.org/vep/human/region/6:151104067-151104067:1/TTT?content-type=application/json
2026-06-04 20:17:18.509 [ERROR] scripts.vep.client: VEP request timeout for https://rest.ensembl.org/vep/human/region/6:156779938-156779938:1/C?content-type=application/json
2026-06-04 20:17:18.512 [INFO] scripts.vep.client: VEP batch 197/516 done
2026-06-04 20:17:34.863 [WARNING] scripts.vep.client: VEP rate limited (429), retrying in 1s...
2026-06-04 20:17:34.936 [WARNING] scripts.vep.client: VEP rate limited (429), retrying in 1s...
2026-06-04 20:17:35.041 [WARNING] scripts.vep.client: VEP rate limited (429), retrying in 1s...
2026-06-04 20:17:35.085 [WARNING] scripts.vep.client: VEP rate limited (429), retrying in 1s...
2026-06-04 20:17:35.132 [WARNING] scripts.vep.client: VEP rate limited (429), retrying in 1s...
2026-06-04 20:17:35.159 [WARNING] scripts.vep.client: VEP rate limited (429), retrying in 1s...
2026-06-04 20:17:36.758 [WARNING] scripts.vep.client: VEP rate limited (429), retrying in 1s...
2026-06-04 20:17:36.852 [WARNING] scripts.vep.client: VEP rate limited (429), retrying in 1s...
2026-06-04 20:17:36.986 [WARNING] scripts.vep.client: VEP rate limited (429), retrying in 1s...
2026-06-04 20:17:37.061 [WARNING] scripts.vep.client: VEP rate limited (429), retrying in 1s...
2026-06-04 20:17:37.134 [WARNING] scripts.vep.client: VEP rate limited (429), retrying in 1s...
2026-06-04 20:17:37.827 [WARNING] scripts.vep.client: VEP rate limited (429), retrying in 1s...
2026-06-04 20:17:37.945 [WARNING] scripts.vep.client: VEP rate limited (429), retrying in 1s...
2026-06-04 20:17:38.015 [WARNING] scripts.vep.client: VEP rate limited (429), retrying in 1s...
2026-06-04 20:17:38.111 [WARNING] scripts.vep.client: VEP rate limited (429), retrying in 1s...
2026-06-04 20:17:38.160 [WARNING] scripts.vep.client: VEP rate limited (429), retrying in 1s...
2026-06-04 20:17:56.306 [INFO] scripts.vep.client: VEP batch 198/516 done
2026-06-04 20:19:19.485 [INFO] scripts.vep.client: VEP batch 199/516 done
2026-06-04 20:19:32.954 [WARNING] scripts.vep.client: VEP rate limited (429), retrying in 1s...
2026-06-04 20:19:34.060 [WARNING] scripts.vep.client: VEP rate limited (429), retrying in 1s...
2026-06-04 20:20:32.403 [INFO] scripts.vep.client: VEP batch 200/516 done
2026-06-04 20:22:05.511 [ERROR] scripts.vep.client: VEP request timeout for https://rest.ensembl.org/vep/human/region/6:160232895-160232895:1/G?content-type=application/json
2026-06-04 20:22:05.515 [INFO] scripts.vep.client: VEP batch 201/516 done
2026-06-04 20:22:15.838 [WARNING] scripts.vep.client: VEP rate limited (429), retrying in 1s...
2026-06-04 20:22:15.843 [WARNING] scripts.vep.client: VEP rate limited (429), retrying in 1s...
2026-06-04 20:22:41.103 [INFO] scripts.vep.client: VEP batch 202/516 done
2026-06-04 20:23:55.511 [ERROR] scripts.vep.client: VEP request timeout for https://rest.ensembl.org/vep/human/region/7:5544265-5544265:1/A?content-type=application/json
2026-06-04 20:23:56.511 [ERROR] scripts.vep.client: VEP request timeout for https://rest.ensembl.org/vep/human/region/7:5544496-5544496:1/A?content-type=application/json
2026-06-04 20:23:56.512 [INFO] scripts.vep.client: VEP batch 203/516 done
2026-06-04 20:25:03.979 [INFO] scripts.vep.client: VEP batch 204/516 done
2026-06-04 20:25:10.855 [WARNING] scripts.vep.client: VEP rate limited (429), retrying in 1s...
2026-06-04 20:25:12.076 [WARNING] scripts.vep.client: VEP rate limited (429), retrying in 1s...
2026-06-04 20:25:55.362 [INFO] scripts.vep.client: VEP batch 205/516 done
2026-06-04 20:26:40.641 [INFO] scripts.vep.client: VEP batch 206/516 done
2026-06-04 20:27:42.976 [INFO] scripts.vep.client: VEP batch 207/516 done
2026-06-04 20:27:49.898 [WARNING] scripts.vep.client: VEP rate limited (429), retrying in 1s...
2026-06-04 20:27:49.920 [WARNING] scripts.vep.client: VEP rate limited (429), retrying in 1s...
2026-06-04 20:27:49.964 [WARNING] scripts.vep.client: VEP rate limited (429), retrying in 1s...
2026-06-04 20:27:50.071 [WARNING] scripts.vep.client: VEP rate limited (429), retrying in 1s...
2026-06-04 20:27:50.079 [WARNING] scripts.vep.client: VEP rate limited (429), retrying in 1s...
2026-06-04 20:27:50.084 [WARNING] scripts.vep.client: VEP rate limited (429), retrying in 1s...
2026-06-04 20:27:51.081 [WARNING] scripts.vep.client: VEP rate limited (429), retrying in 1s...
2026-06-04 20:27:51.960 [WARNING] scripts.vep.client: VEP rate limited (429), retrying in 1s...
2026-06-04 20:27:51.995 [WARNING] scripts.vep.client: VEP rate limited (429), retrying in 1s...
2026-06-04 20:28:54.564 [INFO] scripts.vep.client: VEP batch 208/516 done
2026-06-04 20:29:21.044 [WARNING] scripts.vep.client: VEP rate limited (429), retrying in 1s...
2026-06-04 20:29:21.064 [WARNING] scripts.vep.client: VEP rate limited (429), retrying in 1s...
2026-06-04 20:29:22.823 [WARNING] scripts.vep.client: VEP rate limited (429), retrying in 1s...
2026-06-04 20:29:22.832 [WARNING] scripts.vep.client: VEP rate limited (429), retrying in 1s...
2026-06-04 20:29:22.860 [WARNING] scripts.vep.client: VEP rate limited (429), retrying in 1s...
2026-06-04 20:29:22.921 [WARNING] scripts.vep.client: VEP rate limited (429), retrying in 1s...
2026-06-04 20:29:22.945 [WARNING] scripts.vep.client: VEP rate limited (429), retrying in 1s...
2026-06-04 20:29:54.690 [INFO] scripts.vep.client: VEP batch 209/516 done
2026-06-04 20:30:33.978 [WARNING] scripts.vep.client: VEP rate limited (429), retrying in 1s...
2026-06-04 20:30:34.000 [WARNING] scripts.vep.client: VEP rate limited (429), retrying in 1s...
2026-06-04 20:30:34.034 [WARNING] scripts.vep.client: VEP rate limited (429), retrying in 1s...
2026-06-04 20:30:34.045 [WARNING] scripts.vep.client: VEP rate limited (429), retrying in 1s...
2026-06-04 20:30:34.087 [WARNING] scripts.vep.client: VEP rate limited (429), retrying in 1s...
2026-06-04 20:31:25.507 [ERROR] scripts.vep.client: VEP request timeout for https://rest.ensembl.org/vep/human/region/7:50737418-50737418:1/G?content-type=application/json
2026-06-04 20:31:28.508 [ERROR] scripts.vep.client: VEP request timeout for https://rest.ensembl.org/vep/human/region/7:50740390-50740390:1/G?content-type=application/json
2026-06-04 20:31:28.509 [ERROR] scripts.vep.client: VEP request timeout for https://rest.ensembl.org/vep/human/region/7:50740336-50740336:1/C?content-type=application/json
2026-06-04 20:31:28.509 [ERROR] scripts.vep.client: VEP request timeout for https://rest.ensembl.org/vep/human/region/7:50742074-50742074:1/C?content-type=application/json
2026-06-04 20:31:29.509 [ERROR] scripts.vep.client: VEP request timeout for https://rest.ensembl.org/vep/human/region/7:50742885-50742885:1/C?content-type=application/json
2026-06-04 20:31:29.510 [INFO] scripts.vep.client: VEP batch 210/516 done
2026-06-04 20:31:42.058 [WARNING] scripts.vep.client: VEP rate limited (429), retrying in 1s...
2026-06-04 20:31:42.092 [WARNING] scripts.vep.client: VEP rate limited (429), retrying in 1s...
2026-06-04 20:31:45.945 [WARNING] scripts.vep.client: VEP rate limited (429), retrying in 1s...
2026-06-04 20:31:45.967 [WARNING] scripts.vep.client: VEP rate limited (429), retrying in 1s...
2026-06-04 20:31:46.017 [WARNING] scripts.vep.client: VEP rate limited (429), retrying in 1s...
2026-06-04 20:31:46.032 [WARNING] scripts.vep.client: VEP rate limited (429), retrying in 1s...
2026-06-04 20:31:46.157 [WARNING] scripts.vep.client: VEP rate limited (429), retrying in 1s...
2026-06-04 20:31:46.980 [WARNING] scripts.vep.client: VEP rate limited (429), retrying in 1s...
2026-06-04 20:31:47.010 [WARNING] scripts.vep.client: VEP rate limited (429), retrying in 1s...
2026-06-04 20:31:47.062 [WARNING] scripts.vep.client: VEP rate limited (429), retrying in 1s...
2026-06-04 20:31:47.971 [WARNING] scripts.vep.client: VEP rate limited (429), retrying in 1s...
2026-06-04 20:31:48.008 [WARNING] scripts.vep.client: VEP rate limited (429), retrying in 1s...
2026-06-04 20:31:48.152 [WARNING] scripts.vep.client: VEP rate limited (429), retrying in 1s...
2026-06-04 20:32:06.887 [INFO] scripts.vep.client: VEP batch 211/516 done
2026-06-04 20:33:28.586 [INFO] scripts.vep.client: VEP batch 212/516 done
2026-06-04 20:34:22.477 [INFO] scripts.vep.client: VEP batch 213/516 done
2026-06-04 20:34:41.136 [WARNING] scripts.vep.client: VEP rate limited (429), retrying in 1s...
2026-06-04 20:35:42.510 [ERROR] scripts.vep.client: VEP request timeout for https://rest.ensembl.org/vep/human/region/7:87509195-87509195:1/A?content-type=application/json
2026-06-04 20:35:42.514 [ERROR] scripts.vep.client: VEP request timeout for https://rest.ensembl.org/vep/human/region/7:87508145-87508145:1/A?content-type=application/json
2026-06-04 20:35:42.514 [ERROR] scripts.vep.client: VEP request timeout for https://rest.ensembl.org/vep/human/region/7:87503600-87503600:1/T?content-type=application/json
2026-06-04 20:35:42.515 [INFO] scripts.vep.client: VEP batch 214/516 done
2026-06-04 20:37:00.004 [INFO] scripts.vep.client: VEP batch 215/516 done
2026-06-04 20:38:00.510 [ERROR] scripts.vep.client: VEP request timeout for https://rest.ensembl.org/vep/human/region/7:92702381-92702381:1/C?content-type=application/json
2026-06-04 20:38:00.512 [ERROR] scripts.vep.client: VEP request timeout for https://rest.ensembl.org/vep/human/region/7:92702220-92702220:1/T?content-type=application/json
2026-06-04 20:38:00.513 [ERROR] scripts.vep.client: VEP request timeout for https://rest.ensembl.org/vep/human/region/7:92679484-92679484:1/G?content-type=application/json
2026-06-04 20:38:00.513 [ERROR] scripts.vep.client: VEP request timeout for https://rest.ensembl.org/vep/human/region/7:92710751-92710751:1/T?content-type=application/json
2026-06-04 20:38:00.513 [ERROR] scripts.vep.client: VEP request timeout for https://rest.ensembl.org/vep/human/region/7:92688438-92688438:1/T?content-type=application/json
2026-06-04 20:38:00.513 [ERROR] scripts.vep.client: VEP request timeout for https://rest.ensembl.org/vep/human/region/7:92738880-92738880:1/A?content-type=application/json
2026-06-04 20:38:05.718 [INFO] scripts.vep.client: VEP batch 216/516 done
2026-06-04 20:39:27.212 [INFO] scripts.vep.client: VEP batch 217/516 done
2026-06-04 20:40:27.510 [ERROR] scripts.vep.client: VEP request timeout for https://rest.ensembl.org/vep/human/region/7:100638347-100638347:1/A?content-type=application/json
2026-06-04 20:40:29.870 [INFO] scripts.vep.client: VEP batch 218/516 done
2026-06-04 20:40:49.791 [WARNING] scripts.vep.client: VEP rate limited (429), retrying in 1s...
2026-06-04 20:40:49.803 [WARNING] scripts.vep.client: VEP rate limited (429), retrying in 1s...
2026-06-04 20:40:49.828 [WARNING] scripts.vep.client: VEP rate limited (429), retrying in 1s...
2026-06-04 20:40:50.021 [WARNING] scripts.vep.client: VEP rate limited (429), retrying in 1s...
2026-06-04 20:40:50.039 [WARNING] scripts.vep.client: VEP rate limited (429), retrying in 1s...
2026-06-04 20:40:50.075 [WARNING] scripts.vep.client: VEP rate limited (429), retrying in 1s...
2026-06-04 20:41:06.891 [INFO] scripts.vep.client: VEP batch 219/516 done
2026-06-04 20:42:12.510 [ERROR] scripts.vep.client: VEP request timeout for https://rest.ensembl.org/vep/human/region/7:102154552-102154552:1/T?content-type=application/json
2026-06-04 20:42:18.509 [ERROR] scripts.vep.client: VEP request timeout for https://rest.ensembl.org/vep/human/region/7:102195116-102195116:1/A?content-type=application/json
2026-06-04 20:42:20.510 [ERROR] scripts.vep.client: VEP request timeout for https://rest.ensembl.org/vep/human/region/7:102206116-102206116:1/G?content-type=application/json
2026-06-04 20:42:21.511 [ERROR] scripts.vep.client: VEP request timeout for https://rest.ensembl.org/vep/human/region/7:102210278-102210278:1/G?content-type=application/json
2026-06-04 20:42:21.512 [ERROR] scripts.vep.client: VEP request timeout for https://rest.ensembl.org/vep/human/region/7:102209476-102209477:1/-?content-type=application/json
2026-06-04 20:42:22.510 [ERROR] scripts.vep.client: VEP request timeout for https://rest.ensembl.org/vep/human/region/7:102214901-102214901:1/C?content-type=application/json
2026-06-04 20:42:23.510 [ERROR] scripts.vep.client: VEP request timeout for https://rest.ensembl.org/vep/human/region/7:102216503-102216503:1/T?content-type=application/json
2026-06-04 20:42:23.513 [INFO] scripts.vep.client: VEP batch 220/516 done
2026-06-04 20:42:55.438 [ERROR] scripts.vep.client: VEP HTTP 503 for https://rest.ensembl.org/vep/human/region/7:104137269-104137270:1/-?content-type=application/json: <html><body><h1>503 Service Unavailable</h1>
No server is available to handle this request.
</body></html>

2026-06-04 20:42:56.084 [WARNING] scripts.vep.client: VEP rate limited (429), retrying in 1s...
2026-06-04 20:43:27.510 [ERROR] scripts.vep.client: VEP request timeout for https://rest.ensembl.org/vep/human/region/7:102286877-102286878:1/-?content-type=application/json
2026-06-04 20:43:27.511 [INFO] scripts.vep.client: VEP batch 221/516 done
2026-06-04 20:43:42.936 [WARNING] scripts.vep.client: VEP rate limited (429), retrying in 1s...
2026-06-04 20:43:42.985 [WARNING] scripts.vep.client: VEP rate limited (429), retrying in 1s...
2026-06-04 20:43:43.018 [WARNING] scripts.vep.client: VEP rate limited (429), retrying in 1s...
2026-06-04 20:43:44.113 [WARNING] scripts.vep.client: VEP rate limited (429), retrying in 1s...
2026-06-04 20:43:44.115 [WARNING] scripts.vep.client: VEP rate limited (429), retrying in 1s...
2026-06-04 20:43:44.148 [WARNING] scripts.vep.client: VEP rate limited (429), retrying in 1s...
2026-06-04 20:44:05.393 [ERROR] scripts.vep.client: VEP HTTP 503 for https://rest.ensembl.org/vep/human/region/7:106270220-106270220:1/T?content-type=application/json: <html><body><h1>503 Service Unavailable</h1>
No server is available to handle this request.
</body></html>

2026-06-04 20:44:17.587 [INFO] scripts.vep.client: VEP batch 222/516 done
2026-06-04 20:45:02.724 [ERROR] scripts.vep.client: VEP HTTP 502 for https://rest.ensembl.org/vep/human/region/7:106910961-106910961:1/G?content-type=application/json: <html><body><h1>502 Bad Gateway</h1>
The server returned an invalid or incomplete response.
</body></html>

2026-06-04 20:45:07.128 [ERROR] scripts.vep.client: VEP HTTP 502 for https://rest.ensembl.org/vep/human/region/7:116714471-116714471:1/A?content-type=application/json: <html><body><h1>502 Bad Gateway</h1>
The server returned an invalid or incomplete response.
</body></html>

2026-06-04 20:45:18.511 [ERROR] scripts.vep.client: VEP request timeout for https://rest.ensembl.org/vep/human/region/7:116701434-116701434:1/A?content-type=application/json
2026-06-04 20:45:18.513 [INFO] scripts.vep.client: VEP batch 223/516 done
2026-06-04 20:46:19.511 [ERROR] scripts.vep.client: VEP request timeout for https://rest.ensembl.org/vep/human/region/7:140847584-140847584:1/G?content-type=application/json
2026-06-04 20:46:19.513 [ERROR] scripts.vep.client: VEP request timeout for https://rest.ensembl.org/vep/human/region/7:140824973-140824977:1/-?content-type=application/json
2026-06-04 20:46:19.513 [ERROR] scripts.vep.client: VEP request timeout for https://rest.ensembl.org/vep/human/region/7:140734797-140734797:1/A?content-type=application/json
2026-06-04 20:46:19.514 [ERROR] scripts.vep.client: VEP request timeout for https://rest.ensembl.org/vep/human/region/7:140858940-140858940:1/C?content-type=application/json
2026-06-04 20:46:19.514 [ERROR] scripts.vep.client: VEP request timeout for https://rest.ensembl.org/vep/human/region/7:140909848-140909848:1/AC?content-type=application/json
2026-06-04 20:46:19.515 [ERROR] scripts.vep.client: VEP request timeout for https://rest.ensembl.org/vep/human/region/7:140768267-140768268:1/-?content-type=application/json
2026-06-04 20:46:19.515 [ERROR] scripts.vep.client: VEP request timeout for https://rest.ensembl.org/vep/human/region/7:140832875-140832876:1/-?content-type=application/json
2026-06-04 20:46:19.515 [ERROR] scripts.vep.client: VEP request timeout for https://rest.ensembl.org/vep/human/region/7:140873166-140873166:1/T?content-type=application/json
2026-06-04 20:46:19.516 [ERROR] scripts.vep.client: VEP request timeout for https://rest.ensembl.org/vep/human/region/7:140780119-140780119:1/C?content-type=application/json
2026-06-04 20:46:19.516 [ERROR] scripts.vep.client: VEP request timeout for https://rest.ensembl.org/vep/human/region/7:140784448-140784448:1/T?content-type=application/json
2026-06-04 20:46:19.516 [ERROR] scripts.vep.client: VEP request timeout for https://rest.ensembl.org/vep/human/region/7:140793551-140793551:1/C?content-type=application/json
2026-06-04 20:46:19.517 [ERROR] scripts.vep.client: VEP request timeout for https://rest.ensembl.org/vep/human/region/7:140882371-140882372:1/-?content-type=application/json
2026-06-04 20:46:19.517 [ERROR] scripts.vep.client: VEP request timeout for https://rest.ensembl.org/vep/human/region/7:140896863-140896864:1/-?content-type=application/json
2026-06-04 20:46:19.517 [ERROR] scripts.vep.client: VEP request timeout for https://rest.ensembl.org/vep/human/region/7:140844919-140844920:1/-?content-type=application/json
2026-06-04 20:46:19.517 [ERROR] scripts.vep.client: VEP request timeout for https://rest.ensembl.org/vep/human/region/7:140897101-140897101:1/C?content-type=application/json
2026-06-04 20:46:19.518 [ERROR] scripts.vep.client: VEP request timeout for https://rest.ensembl.org/vep/human/region/7:140797460-140797462:1/-?content-type=application/json
2026-06-04 20:46:19.518 [ERROR] scripts.vep.client: VEP request timeout for https://rest.ensembl.org/vep/human/region/7:140901803-140901805:1/-?content-type=application/json
2026-06-04 20:46:19.518 [ERROR] scripts.vep.client: VEP request timeout for https://rest.ensembl.org/vep/human/region/7:140728253-140728253:1/A?content-type=application/json
2026-06-04 20:46:19.519 [INFO] scripts.vep.client: VEP batch 224/516 done
2026-06-04 20:46:20.959 [WARNING] scripts.vep.client: VEP rate limited (429), retrying in 1s...
2026-06-04 20:46:21.087 [WARNING] scripts.vep.client: VEP rate limited (429), retrying in 1s...
2026-06-04 20:46:21.932 [WARNING] scripts.vep.client: VEP rate limited (429), retrying in 1s...
2026-06-04 20:46:21.935 [WARNING] scripts.vep.client: VEP rate limited (429), retrying in 1s...
2026-06-04 20:46:21.958 [WARNING] scripts.vep.client: VEP rate limited (429), retrying in 1s...
2026-06-04 20:46:22.044 [WARNING] scripts.vep.client: VEP rate limited (429), retrying in 1s...
2026-06-04 20:46:22.075 [WARNING] scripts.vep.client: VEP rate limited (429), retrying in 1s...
2026-06-04 20:46:23.999 [WARNING] scripts.vep.client: VEP rate limited (429), retrying in 1s...
2026-06-04 20:46:24.000 [WARNING] scripts.vep.client: VEP rate limited (429), retrying in 1s...
2026-06-04 20:46:24.042 [WARNING] scripts.vep.client: VEP rate limited (429), retrying in 1s...
2026-06-04 20:46:24.080 [WARNING] scripts.vep.client: VEP rate limited (429), retrying in 1s...
2026-06-04 20:46:24.083 [WARNING] scripts.vep.client: VEP rate limited (429), retrying in 1s...
2026-06-04 20:46:24.216 [WARNING] scripts.vep.client: VEP rate limited (429), retrying in 1s...
2026-06-04 20:47:04.322 [INFO] scripts.vep.client: VEP batch 225/516 done
2026-06-04 20:47:05.487 [WARNING] scripts.vep.client: VEP rate limited (429), retrying in 1s...
2026-06-04 20:47:05.511 [WARNING] scripts.vep.client: VEP rate limited (429), retrying in 1s...
2026-06-04 20:47:05.713 [WARNING] scripts.vep.client: VEP rate limited (429), retrying in 1s...
2026-06-04 20:47:05.848 [WARNING] scripts.vep.client: VEP rate limited (429), retrying in 1s...
2026-06-04 20:47:05.868 [WARNING] scripts.vep.client: VEP rate limited (429), retrying in 1s...
2026-06-04 20:47:05.885 [WARNING] scripts.vep.client: VEP rate limited (429), retrying in 1s...
2026-06-04 20:47:05.977 [WARNING] scripts.vep.client: VEP rate limited (429), retrying in 1s...
2026-06-04 20:47:05.980 [WARNING] scripts.vep.client: VEP rate limited (429), retrying in 1s...
2026-06-04 20:47:06.025 [WARNING] scripts.vep.client: VEP rate limited (429), retrying in 1s...
2026-06-04 20:47:13.844 [WARNING] scripts.vep.client: VEP rate limited (429), retrying in 1s...
2026-06-04 20:47:13.867 [WARNING] scripts.vep.client: VEP rate limited (429), retrying in 1s...
2026-06-04 20:47:13.987 [WARNING] scripts.vep.client: VEP rate limited (429), retrying in 1s...
2026-06-04 20:47:14.020 [WARNING] scripts.vep.client: VEP rate limited (429), retrying in 1s...
2026-06-04 20:47:14.055 [WARNING] scripts.vep.client: VEP rate limited (429), retrying in 1s...
2026-06-04 20:47:14.957 [WARNING] scripts.vep.client: VEP rate limited (429), retrying in 1s...
2026-06-04 20:47:15.067 [WARNING] scripts.vep.client: VEP rate limited (429), retrying in 1s...
2026-06-04 20:47:15.119 [WARNING] scripts.vep.client: VEP rate limited (429), retrying in 1s...
2026-06-04 20:47:15.749 [WARNING] scripts.vep.client: VEP rate limited (429), retrying in 1s...
2026-06-04 20:47:15.787 [WARNING] scripts.vep.client: VEP rate limited (429), retrying in 1s...
2026-06-04 20:47:15.798 [WARNING] scripts.vep.client: VEP rate limited (429), retrying in 1s...
2026-06-04 20:47:15.832 [WARNING] scripts.vep.client: VEP rate limited (429), retrying in 1s...
2026-06-04 20:47:15.943 [WARNING] scripts.vep.client: VEP rate limited (429), retrying in 1s...
2026-06-04 20:47:15.979 [WARNING] scripts.vep.client: VEP rate limited (429), retrying in 1s...
2026-06-04 20:47:16.109 [WARNING] scripts.vep.client: VEP rate limited (429), retrying in 1s...
2026-06-04 20:47:16.131 [WARNING] scripts.vep.client: VEP rate limited (429), retrying in 1s...
2026-06-04 20:47:25.037 [INFO] scripts.vep.client: VEP batch 226/516 done
2026-06-04 20:48:44.312 [INFO] scripts.vep.client: VEP batch 227/516 done
2026-06-04 20:48:55.990 [WARNING] scripts.vep.client: VEP rate limited (429), retrying in 1s...
2026-06-04 20:48:56.052 [WARNING] scripts.vep.client: VEP rate limited (429), retrying in 1s...
2026-06-04 20:48:56.053 [WARNING] scripts.vep.client: VEP rate limited (429), retrying in 1s...
2026-06-04 20:48:56.062 [WARNING] scripts.vep.client: VEP rate limited (429), retrying in 1s...
2026-06-04 20:48:57.932 [WARNING] scripts.vep.client: VEP rate limited (429), retrying in 1s...
2026-06-04 20:48:58.028 [WARNING] scripts.vep.client: VEP rate limited (429), retrying in 1s...
2026-06-04 20:48:58.083 [WARNING] scripts.vep.client: VEP rate limited (429), retrying in 1s...
2026-06-04 20:48:59.033 [WARNING] scripts.vep.client: VEP rate limited (429), retrying in 1s...
2026-06-04 20:48:59.052 [WARNING] scripts.vep.client: VEP rate limited (429), retrying in 1s...
2026-06-04 20:48:59.054 [WARNING] scripts.vep.client: VEP rate limited (429), retrying in 1s...
2026-06-04 20:48:59.063 [WARNING] scripts.vep.client: VEP rate limited (429), retrying in 1s...
2026-06-04 20:48:59.083 [WARNING] scripts.vep.client: VEP rate limited (429), retrying in 1s...
2026-06-04 20:48:59.881 [WARNING] scripts.vep.client: VEP rate limited (429), retrying in 1s...
2026-06-04 20:48:59.919 [WARNING] scripts.vep.client: VEP rate limited (429), retrying in 1s...
2026-06-04 20:48:59.959 [WARNING] scripts.vep.client: VEP rate limited (429), retrying in 1s...
2026-06-04 20:49:15.478 [INFO] scripts.vep.client: VEP batch 228/516 done
2026-06-04 20:50:15.511 [ERROR] scripts.vep.client: VEP request timeout for https://rest.ensembl.org/vep/human/region/7:152407049-152407049:1/A?content-type=application/json
2026-06-04 20:50:15.516 [INFO] scripts.vep.client: VEP batch 229/516 done
2026-06-04 20:51:16.511 [ERROR] scripts.vep.client: VEP request timeout for https://rest.ensembl.org/vep/human/region/7:152644030-152644032:1/-?content-type=application/json
2026-06-04 20:51:16.514 [INFO] scripts.vep.client: VEP batch 230/516 done
2026-06-04 20:51:20.022 [WARNING] scripts.vep.client: VEP rate limited (429), retrying in 1s...
2026-06-04 20:51:20.952 [WARNING] scripts.vep.client: VEP rate limited (429), retrying in 1s...
2026-06-04 20:51:20.958 [WARNING] scripts.vep.client: VEP rate limited (429), retrying in 1s...
2026-06-04 20:51:25.841 [WARNING] scripts.vep.client: VEP rate limited (429), retrying in 1s...
2026-06-04 20:51:25.955 [WARNING] scripts.vep.client: VEP rate limited (429), retrying in 1s...
2026-06-04 20:51:39.111 [INFO] scripts.vep.client: VEP batch 231/516 done
2026-06-04 20:52:10.985 [WARNING] scripts.vep.client: VEP rate limited (429), retrying in 1s...
2026-06-04 20:52:21.499 [INFO] scripts.vep.client: VEP batch 232/516 done
2026-06-04 20:52:34.024 [WARNING] scripts.vep.client: VEP rate limited (429), retrying in 1s...
2026-06-04 20:52:34.078 [WARNING] scripts.vep.client: VEP rate limited (429), retrying in 1s...
2026-06-04 20:52:38.087 [WARNING] scripts.vep.client: VEP rate limited (429), retrying in 1s...
2026-06-04 20:52:57.152 [INFO] scripts.vep.client: VEP batch 233/516 done
2026-06-04 20:54:17.169 [INFO] scripts.vep.client: VEP batch 234/516 done
2026-06-04 20:54:46.863 [WARNING] scripts.vep.client: VEP rate limited (429), retrying in 1s...
2026-06-04 20:54:46.873 [WARNING] scripts.vep.client: VEP rate limited (429), retrying in 1s...
2026-06-04 20:54:46.884 [WARNING] scripts.vep.client: VEP rate limited (429), retrying in 1s...
2026-06-04 20:54:47.014 [WARNING] scripts.vep.client: VEP rate limited (429), retrying in 1s...
2026-06-04 20:55:22.505 [INFO] scripts.vep.client: VEP batch 235/516 done
2026-06-04 20:55:23.691 [WARNING] scripts.vep.client: VEP rate limited (429), retrying in 1s...
2026-06-04 20:55:23.700 [WARNING] scripts.vep.client: VEP rate limited (429), retrying in 1s...
2026-06-04 20:55:23.706 [WARNING] scripts.vep.client: VEP rate limited (429), retrying in 1s...
2026-06-04 20:55:23.710 [WARNING] scripts.vep.client: VEP rate limited (429), retrying in 1s...
2026-06-04 20:55:23.941 [WARNING] scripts.vep.client: VEP rate limited (429), retrying in 1s...
2026-06-04 20:55:24.028 [WARNING] scripts.vep.client: VEP rate limited (429), retrying in 1s...
2026-06-04 20:55:24.039 [WARNING] scripts.vep.client: VEP rate limited (429), retrying in 1s...
2026-06-04 20:55:25.922 [WARNING] scripts.vep.client: VEP rate limited (429), retrying in 1s...
2026-06-04 20:55:26.063 [WARNING] scripts.vep.client: VEP rate limited (429), retrying in 1s...
2026-06-04 20:55:26.087 [WARNING] scripts.vep.client: VEP rate limited (429), retrying in 1s...
2026-06-04 20:55:26.110 [WARNING] scripts.vep.client: VEP rate limited (429), retrying in 1s...
2026-06-04 20:55:57.684 [INFO] scripts.vep.client: VEP batch 236/516 done
2026-06-04 20:56:47.429 [INFO] scripts.vep.client: VEP batch 237/516 done
2026-06-04 20:56:48.905 [WARNING] scripts.vep.client: VEP rate limited (429), retrying in 1s...
2026-06-04 20:56:48.911 [WARNING] scripts.vep.client: VEP rate limited (429), retrying in 1s...
2026-06-04 20:56:48.977 [WARNING] scripts.vep.client: VEP rate limited (429), retrying in 1s...
2026-06-04 20:56:49.075 [WARNING] scripts.vep.client: VEP rate limited (429), retrying in 1s...
2026-06-04 20:56:49.077 [WARNING] scripts.vep.client: VEP rate limited (429), retrying in 1s...
2026-06-04 20:56:49.081 [WARNING] scripts.vep.client: VEP rate limited (429), retrying in 1s...
2026-06-04 20:56:49.084 [WARNING] scripts.vep.client: VEP rate limited (429), retrying in 1s...
2026-06-04 20:56:49.125 [WARNING] scripts.vep.client: VEP rate limited (429), retrying in 1s...
2026-06-04 20:56:49.137 [WARNING] scripts.vep.client: VEP rate limited (429), retrying in 1s...
2026-06-04 20:56:49.883 [WARNING] scripts.vep.client: VEP rate limited (429), retrying in 1s...
2026-06-04 20:56:49.930 [WARNING] scripts.vep.client: VEP rate limited (429), retrying in 1s...
2026-06-04 20:56:49.931 [WARNING] scripts.vep.client: VEP rate limited (429), retrying in 1s...
2026-06-04 20:56:50.018 [WARNING] scripts.vep.client: VEP rate limited (429), retrying in 1s...
2026-06-04 20:56:50.019 [WARNING] scripts.vep.client: VEP rate limited (429), retrying in 1s...
2026-06-04 20:56:50.036 [WARNING] scripts.vep.client: VEP rate limited (429), retrying in 1s...
2026-06-04 20:56:50.039 [WARNING] scripts.vep.client: VEP rate limited (429), retrying in 1s...
2026-06-04 20:56:50.056 [WARNING] scripts.vep.client: VEP rate limited (429), retrying in 1s...
2026-06-04 20:56:50.149 [WARNING] scripts.vep.client: VEP rate limited (429), retrying in 1s...
2026-06-04 20:56:50.379 [WARNING] scripts.vep.client: VEP rate limited (429), retrying in 1s...
2026-06-04 20:56:50.759 [WARNING] scripts.vep.client: VEP rate limited (429), retrying in 1s...
2026-06-04 20:56:50.811 [WARNING] scripts.vep.client: VEP rate limited (429), retrying in 1s...
2026-06-04 20:56:50.984 [WARNING] scripts.vep.client: VEP rate limited (429), retrying in 1s...
2026-06-04 20:56:51.026 [WARNING] scripts.vep.client: VEP rate limited (429), retrying in 1s...
2026-06-04 20:56:51.069 [WARNING] scripts.vep.client: VEP rate limited (429), retrying in 1s...
2026-06-04 20:56:51.121 [WARNING] scripts.vep.client: VEP rate limited (429), retrying in 1s...
2026-06-04 20:57:10.143 [INFO] scripts.vep.client: VEP batch 238/516 done
2026-06-04 20:58:07.229 [INFO] scripts.vep.client: VEP batch 239/516 done
2026-06-04 20:59:11.979 [INFO] scripts.vep.client: VEP batch 240/516 done
2026-06-04 20:59:29.034 [WARNING] scripts.vep.client: VEP rate limited (429), retrying in 1s...
2026-06-04 20:59:52.639 [INFO] scripts.vep.client: VEP batch 241/516 done
2026-06-04 20:59:56.689 [WARNING] scripts.vep.client: VEP rate limited (429), retrying in 1s...
2026-06-04 20:59:56.759 [WARNING] scripts.vep.client: VEP rate limited (429), retrying in 1s...
2026-06-04 20:59:56.794 [WARNING] scripts.vep.client: VEP rate limited (429), retrying in 1s...
2026-06-04 20:59:56.809 [WARNING] scripts.vep.client: VEP rate limited (429), retrying in 1s...
2026-06-04 20:59:56.810 [WARNING] scripts.vep.client: VEP rate limited (429), retrying in 1s...
2026-06-04 20:59:56.811 [WARNING] scripts.vep.client: VEP rate limited (429), retrying in 1s...
2026-06-04 20:59:56.850 [WARNING] scripts.vep.client: VEP rate limited (429), retrying in 1s...
2026-06-04 20:59:56.858 [WARNING] scripts.vep.client: VEP rate limited (429), retrying in 1s...
2026-06-04 20:59:56.870 [WARNING] scripts.vep.client: VEP rate limited (429), retrying in 1s...
2026-06-04 20:59:56.885 [WARNING] scripts.vep.client: VEP rate limited (429), retrying in 1s...
2026-06-04 20:59:56.905 [WARNING] scripts.vep.client: VEP rate limited (429), retrying in 1s...
2026-06-04 20:59:56.929 [WARNING] scripts.vep.client: VEP rate limited (429), retrying in 1s...
2026-06-04 20:59:56.941 [WARNING] scripts.vep.client: VEP rate limited (429), retrying in 1s...
2026-06-04 20:59:57.061 [WARNING] scripts.vep.client: VEP rate limited (429), retrying in 1s...
2026-06-04 20:59:57.096 [WARNING] scripts.vep.client: VEP rate limited (429), retrying in 1s...
2026-06-04 20:59:57.122 [WARNING] scripts.vep.client: VEP rate limited (429), retrying in 1s...
2026-06-04 20:59:58.966 [WARNING] scripts.vep.client: VEP rate limited (429), retrying in 1s...
2026-06-04 20:59:58.983 [WARNING] scripts.vep.client: VEP rate limited (429), retrying in 1s...
2026-06-04 20:59:59.041 [WARNING] scripts.vep.client: VEP rate limited (429), retrying in 1s...
2026-06-04 21:00:41.978 [INFO] scripts.vep.client: VEP batch 242/516 done
2026-06-04 21:00:54.898 [WARNING] scripts.vep.client: VEP rate limited (429), retrying in 1s...
2026-06-04 21:00:54.903 [WARNING] scripts.vep.client: VEP rate limited (429), retrying in 1s...
2026-06-04 21:00:54.920 [WARNING] scripts.vep.client: VEP rate limited (429), retrying in 1s...
2026-06-04 21:00:54.924 [WARNING] scripts.vep.client: VEP rate limited (429), retrying in 1s...
2026-06-04 21:00:54.926 [WARNING] scripts.vep.client: VEP rate limited (429), retrying in 1s...
2026-06-04 21:00:54.934 [WARNING] scripts.vep.client: VEP rate limited (429), retrying in 1s...
2026-06-04 21:00:55.026 [WARNING] scripts.vep.client: VEP rate limited (429), retrying in 1s...
2026-06-04 21:01:31.978 [INFO] scripts.vep.client: VEP batch 243/516 done
2026-06-04 21:02:33.881 [INFO] scripts.vep.client: VEP batch 244/516 done
2026-06-04 21:02:55.060 [WARNING] scripts.vep.client: VEP rate limited (429), retrying in 1s...
2026-06-04 21:02:55.063 [WARNING] scripts.vep.client: VEP rate limited (429), retrying in 1s...
2026-06-04 21:02:55.063 [WARNING] scripts.vep.client: VEP rate limited (429), retrying in 1s...
2026-06-04 21:02:55.090 [WARNING] scripts.vep.client: VEP rate limited (429), retrying in 1s...
2026-06-04 21:03:44.779 [INFO] scripts.vep.client: VEP batch 245/516 done
2026-06-04 21:04:45.512 [ERROR] scripts.vep.client: VEP request timeout for https://rest.ensembl.org/vep/human/region/8:104396825-104396825:1/A?content-type=application/json
2026-06-04 21:04:45.516 [ERROR] scripts.vep.client: VEP request timeout for https://rest.ensembl.org/vep/human/region/8:104383604-104383604:1/T?content-type=application/json
2026-06-04 21:04:45.518 [INFO] scripts.vep.client: VEP batch 246/516 done
2026-06-04 21:05:10.285 [ERROR] scripts.vep.client: VEP HTTP 503 for https://rest.ensembl.org/vep/human/region/8:107333996-107333996:1/GGAAGGAA?content-type=application/json: <html><body><h1>503 Service Unavailable</h1>
No server is available to handle this request.
</body></html>

2026-06-04 21:05:37.810 [ERROR] scripts.vep.client: VEP HTTP 503 for https://rest.ensembl.org/vep/human/region/8:107369325-107369325:1/A?content-type=application/json: <html><body><h1>503 Service Unavailable</h1>
No server is available to handle this request.
</body></html>

2026-06-04 21:06:02.862 [INFO] scripts.vep.client: VEP batch 247/516 done
2026-06-04 21:07:03.512 [ERROR] scripts.vep.client: VEP request timeout for https://rest.ensembl.org/vep/human/region/8:107383807-107383807:1/G?content-type=application/json
2026-06-04 21:07:03.515 [ERROR] scripts.vep.client: VEP request timeout for https://rest.ensembl.org/vep/human/region/8:107381868-107381868:1/A?content-type=application/json
2026-06-04 21:07:03.515 [INFO] scripts.vep.client: VEP batch 248/516 done
2026-06-04 21:07:31.004 [WARNING] scripts.vep.client: VEP rate limited (429), retrying in 1s...
2026-06-04 21:07:31.092 [WARNING] scripts.vep.client: VEP rate limited (429), retrying in 1s...
2026-06-04 21:07:32.013 [WARNING] scripts.vep.client: VEP rate limited (429), retrying in 1s...
2026-06-04 21:07:32.057 [WARNING] scripts.vep.client: VEP rate limited (429), retrying in 1s...
2026-06-04 21:07:32.738 [WARNING] scripts.vep.client: VEP rate limited (429), retrying in 1s...
2026-06-04 21:07:32.857 [WARNING] scripts.vep.client: VEP rate limited (429), retrying in 1s...
2026-06-04 21:07:33.042 [WARNING] scripts.vep.client: VEP rate limited (429), retrying in 1s...
2026-06-04 21:07:40.780 [INFO] scripts.vep.client: VEP batch 249/516 done
2026-06-04 21:08:31.269 [INFO] scripts.vep.client: VEP batch 250/516 done
2026-06-04 21:09:31.512 [ERROR] scripts.vep.client: VEP request timeout for https://rest.ensembl.org/vep/human/region/9:2148537-2148537:1/G?content-type=application/json
2026-06-04 21:09:40.249 [INFO] scripts.vep.client: VEP batch 251/516 done
2026-06-04 21:10:40.484 [INFO] scripts.vep.client: VEP batch 252/516 done
2026-06-04 21:11:28.328 [INFO] scripts.vep.client: VEP batch 253/516 done
2026-06-04 21:11:59.776 [INFO] scripts.vep.client: VEP batch 254/516 done
2026-06-04 21:12:29.020 [WARNING] scripts.vep.client: VEP rate limited (429), retrying in 1s...
2026-06-04 21:13:00.301 [INFO] scripts.vep.client: VEP batch 255/516 done
2026-06-04 21:13:13.928 [WARNING] scripts.vep.client: VEP rate limited (429), retrying in 1s...
2026-06-04 21:13:13.933 [WARNING] scripts.vep.client: VEP rate limited (429), retrying in 1s...
2026-06-04 21:13:13.939 [WARNING] scripts.vep.client: VEP rate limited (429), retrying in 1s...
2026-06-04 21:13:22.074 [WARNING] scripts.vep.client: VEP rate limited (429), retrying in 1s...
2026-06-04 21:13:41.153 [INFO] scripts.vep.client: VEP batch 256/516 done
2026-06-04 21:14:58.820 [INFO] scripts.vep.client: VEP batch 257/516 done
2026-06-04 21:16:00.824 [INFO] scripts.vep.client: VEP batch 258/516 done
2026-06-04 21:16:56.401 [INFO] scripts.vep.client: VEP batch 259/516 done
2026-06-04 21:17:34.492 [INFO] scripts.vep.client: VEP batch 260/516 done
2026-06-04 21:17:42.944 [WARNING] scripts.vep.client: VEP rate limited (429), retrying in 1s...
2026-06-04 21:17:42.998 [WARNING] scripts.vep.client: VEP rate limited (429), retrying in 1s...
2026-06-04 21:17:43.044 [WARNING] scripts.vep.client: VEP rate limited (429), retrying in 1s...
2026-06-04 21:17:43.997 [WARNING] scripts.vep.client: VEP rate limited (429), retrying in 1s...
2026-06-04 21:17:44.046 [WARNING] scripts.vep.client: VEP rate limited (429), retrying in 1s...
2026-06-04 21:18:35.481 [ERROR] scripts.vep.client: VEP request timeout for https://rest.ensembl.org/vep/human/region/9:20545856-20545856:1/A?content-type=application/json
2026-06-04 21:18:42.483 [ERROR] scripts.vep.client: VEP request timeout for https://rest.ensembl.org/vep/human/region/9:20578543-20578543:1/A?content-type=application/json
2026-06-04 21:18:43.266 [INFO] scripts.vep.client: VEP batch 261/516 done
2026-06-04 21:18:56.877 [WARNING] scripts.vep.client: VEP rate limited (429), retrying in 1s...
2026-06-04 21:18:56.954 [WARNING] scripts.vep.client: VEP rate limited (429), retrying in 1s...
2026-06-04 21:18:56.995 [WARNING] scripts.vep.client: VEP rate limited (429), retrying in 1s...
2026-06-04 21:18:57.033 [WARNING] scripts.vep.client: VEP rate limited (429), retrying in 1s...
2026-06-04 21:18:57.855 [WARNING] scripts.vep.client: VEP rate limited (429), retrying in 1s...
2026-06-04 21:18:57.929 [WARNING] scripts.vep.client: VEP rate limited (429), retrying in 1s...
2026-06-04 21:18:58.017 [WARNING] scripts.vep.client: VEP rate limited (429), retrying in 1s...
2026-06-04 21:18:58.056 [WARNING] scripts.vep.client: VEP rate limited (429), retrying in 1s...
2026-06-04 21:18:59.888 [WARNING] scripts.vep.client: VEP rate limited (429), retrying in 1s...
2026-06-04 21:18:59.889 [WARNING] scripts.vep.client: VEP rate limited (429), retrying in 1s...
2026-06-04 21:18:59.955 [WARNING] scripts.vep.client: VEP rate limited (429), retrying in 1s...
2026-06-04 21:18:59.973 [WARNING] scripts.vep.client: VEP rate limited (429), retrying in 1s...
2026-06-04 21:19:00.077 [WARNING] scripts.vep.client: VEP rate limited (429), retrying in 1s...
2026-06-04 21:19:16.264 [INFO] scripts.vep.client: VEP batch 262/516 done
2026-06-04 21:21:43.905 [ERROR] scripts.vep.client: VEP request timeout for https://rest.ensembl.org/vep/human/region/9:27203801-27203801:1/T?content-type=application/json
2026-06-04 21:21:49.903 [ERROR] scripts.vep.client: VEP request timeout for https://rest.ensembl.org/vep/human/region/9:27223795-27223795:1/C?content-type=application/json
2026-06-04 21:21:50.903 [ERROR] scripts.vep.client: VEP request timeout for https://rest.ensembl.org/vep/human/region/9:27224129-27224129:1/A?content-type=application/json
2026-06-04 21:21:50.904 [ERROR] scripts.vep.client: VEP request timeout for https://rest.ensembl.org/vep/human/region/9:27224052-27224052:1/C?content-type=application/json
2026-06-04 21:21:51.903 [ERROR] scripts.vep.client: VEP request timeout for https://rest.ensembl.org/vep/human/region/9:27224237-27224237:1/AAAA?content-type=application/json
2026-06-04 21:21:51.904 [ERROR] scripts.vep.client: VEP request timeout for https://rest.ensembl.org/vep/human/region/9:27224429-27224429:1/G?content-type=application/json
2026-06-04 21:21:51.905 [ERROR] scripts.vep.client: VEP request timeout for https://rest.ensembl.org/vep/human/region/9:27224279-27224279:1/A?content-type=application/json
2026-06-04 21:21:53.904 [ERROR] scripts.vep.client: VEP request timeout for https://rest.ensembl.org/vep/human/region/9:27225758-27225758:1/G?content-type=application/json
2026-06-04 21:21:53.905 [ERROR] scripts.vep.client: VEP request timeout for https://rest.ensembl.org/vep/human/region/9:27225387-27225387:1/G?content-type=application/json
2026-06-04 21:21:53.906 [ERROR] scripts.vep.client: VEP request timeout for https://rest.ensembl.org/vep/human/region/9:27225341-27225341:1/G?content-type=application/json
2026-06-04 21:21:53.906 [ERROR] scripts.vep.client: VEP request timeout for https://rest.ensembl.org/vep/human/region/9:27225382-27225382:1/C?content-type=application/json
2026-06-04 21:21:54.903 [ERROR] scripts.vep.client: VEP request timeout for https://rest.ensembl.org/vep/human/region/9:27226434-27226434:1/G?content-type=application/json
2026-06-04 21:21:55.903 [ERROR] scripts.vep.client: VEP request timeout for https://rest.ensembl.org/vep/human/region/9:27226949-27226949:1/T?content-type=application/json
2026-06-04 21:21:56.903 [ERROR] scripts.vep.client: VEP request timeout for https://rest.ensembl.org/vep/human/region/9:27227231-27227231:1/C?content-type=application/json
2026-06-04 21:21:56.904 [ERROR] scripts.vep.client: VEP request timeout for https://rest.ensembl.org/vep/human/region/9:27227008-27227008:1/G?content-type=application/json
2026-06-04 21:21:58.902 [ERROR] scripts.vep.client: VEP request timeout for https://rest.ensembl.org/vep/human/region/9:27228804-27228804:1/G?content-type=application/json
2026-06-04 21:21:58.903 [ERROR] scripts.vep.client: VEP request timeout for https://rest.ensembl.org/vep/human/region/9:27228756-27228756:1/T?content-type=application/json
2026-06-04 21:21:58.904 [ERROR] scripts.vep.client: VEP request timeout for https://rest.ensembl.org/vep/human/region/9:27228681-27228681:1/G?content-type=application/json
2026-06-04 21:22:02.902 [ERROR] scripts.vep.client: VEP request timeout for https://rest.ensembl.org/vep/human/region/9:27231420-27231420:1/T?content-type=application/json
2026-06-04 21:26:37.723 [ERROR] scripts.vep.client: VEP request timeout for https://rest.ensembl.org/vep/human/region/9:27234309-27234309:1/C?content-type=application/json
2026-06-04 21:26:37.725 [ERROR] scripts.vep.client: VEP request timeout for https://rest.ensembl.org/vep/human/region/9:27234302-27234302:1/G?content-type=application/json
2026-06-04 21:26:38.732 [ERROR] scripts.vep.client: VEP request timeout for https://rest.ensembl.org/vep/human/region/9:27234598-27234598:1/G?content-type=application/json
2026-06-04 21:26:40.720 [ERROR] scripts.vep.client: VEP request timeout for https://rest.ensembl.org/vep/human/region/9:27235125-27235125:1/C?content-type=application/json
2026-06-04 21:26:41.721 [ERROR] scripts.vep.client: VEP request timeout for https://rest.ensembl.org/vep/human/region/9:34552439-34552439:1/T?content-type=application/json
2026-06-04 21:26:42.725 [ERROR] scripts.vep.client: VEP request timeout for https://rest.ensembl.org/vep/human/region/9:34553970-34553970:1/C?content-type=application/json
2026-06-04 21:26:42.727 [ERROR] scripts.vep.client: VEP request timeout for https://rest.ensembl.org/vep/human/region/9:34566192-34566192:1/G?content-type=application/json
2026-06-04 21:26:42.727 [ERROR] scripts.vep.client: VEP request timeout for https://rest.ensembl.org/vep/human/region/9:34565783-34565783:1/G?content-type=application/json
2026-06-04 21:26:42.728 [ERROR] scripts.vep.client: VEP request timeout for https://rest.ensembl.org/vep/human/region/9:34557192-34557192:1/G?content-type=application/json
2026-06-04 21:26:43.720 [ERROR] scripts.vep.client: VEP request timeout for https://rest.ensembl.org/vep/human/region/9:34566971-34566971:1/A?content-type=application/json
2026-06-04 21:26:43.721 [ERROR] scripts.vep.client: VEP request timeout for https://rest.ensembl.org/vep/human/region/9:34569473-34569473:1/A?content-type=application/json
2026-06-04 21:26:43.722 [ERROR] scripts.vep.client: VEP request timeout for https://rest.ensembl.org/vep/human/region/9:34569012-34569012:1/A?content-type=application/json
2026-06-04 21:26:43.722 [ERROR] scripts.vep.client: VEP request timeout for https://rest.ensembl.org/vep/human/region/9:34567202-34567202:1/C?content-type=application/json
2026-06-04 21:26:44.722 [ERROR] scripts.vep.client: VEP request timeout for https://rest.ensembl.org/vep/human/region/9:34570856-34570856:1/G?content-type=application/json
2026-06-04 21:26:45.722 [ERROR] scripts.vep.client: VEP request timeout for https://rest.ensembl.org/vep/human/region/9:34572769-34572769:1/G?content-type=application/json
2026-06-04 21:26:45.723 [ERROR] scripts.vep.client: VEP request timeout for https://rest.ensembl.org/vep/human/region/9:34572396-34572396:1/T?content-type=application/json
2026-06-04 21:26:45.723 [ERROR] scripts.vep.client: VEP request timeout for https://rest.ensembl.org/vep/human/region/9:34570893-34570893:1/G?content-type=application/json
2026-06-04 21:26:45.726 [INFO] scripts.vep.client: VEP batch 263/516 done
2026-06-04 21:26:47.855 [WARNING] scripts.vep.client: VEP rate limited (429), retrying in 1s...
2026-06-04 21:26:50.821 [WARNING] scripts.vep.client: VEP rate limited (429), retrying in 1s...
2026-06-04 21:26:50.833 [WARNING] scripts.vep.client: VEP rate limited (429), retrying in 1s...
2026-06-04 21:26:51.131 [WARNING] scripts.vep.client: VEP rate limited (429), retrying in 1s...
2026-06-04 21:26:52.735 [WARNING] scripts.vep.client: VEP rate limited (429), retrying in 1s...
2026-06-04 21:26:52.760 [WARNING] scripts.vep.client: VEP rate limited (429), retrying in 1s...
2026-06-04 21:26:52.914 [WARNING] scripts.vep.client: VEP rate limited (429), retrying in 1s...
2026-06-04 21:26:52.915 [WARNING] scripts.vep.client: VEP rate limited (429), retrying in 1s...
2026-06-04 21:26:52.994 [WARNING] scripts.vep.client: VEP rate limited (429), retrying in 1s...
2026-06-04 21:28:41.240 [ERROR] scripts.vep.client: VEP request timeout for https://rest.ensembl.org/vep/human/region/9:36836772-36836772:1/G?content-type=application/json
2026-06-04 21:28:41.242 [ERROR] scripts.vep.client: VEP request timeout for https://rest.ensembl.org/vep/human/region/9:34583638-34583638:1/T?content-type=application/json
2026-06-04 21:28:41.243 [ERROR] scripts.vep.client: VEP request timeout for https://rest.ensembl.org/vep/human/region/9:36830938-36830938:1/A?content-type=application/json
2026-06-04 21:28:41.244 [ERROR] scripts.vep.client: VEP request timeout for https://rest.ensembl.org/vep/human/region/9:36835491-36835491:1/G?content-type=application/json
2026-06-04 21:28:41.244 [ERROR] scripts.vep.client: VEP request timeout for https://rest.ensembl.org/vep/human/region/9:34584321-34584321:1/T?content-type=application/json
2026-06-04 21:28:41.245 [ERROR] scripts.vep.client: VEP request timeout for https://rest.ensembl.org/vep/human/region/9:34580528-34580528:1/T?content-type=application/json
2026-06-04 21:28:41.245 [ERROR] scripts.vep.client: VEP request timeout for https://rest.ensembl.org/vep/human/region/9:36836811-36836811:1/C?content-type=application/json
2026-06-04 21:28:41.248 [INFO] scripts.vep.client: VEP batch 264/516 done
2026-06-04 21:28:42.935 [ERROR] scripts.vep.client: VEP request error for https://rest.ensembl.org/vep/human/region/9:36940771-36940771:1/C?content-type=application/json: Cannot connect to host rest.ensembl.org:443 ssl:default [None]
2026-06-04 21:28:43.170 [ERROR] scripts.vep.client: VEP request error for https://rest.ensembl.org/vep/human/region/9:36930250-36930250:1/A?content-type=application/json: Cannot connect to host rest.ensembl.org:443 ssl:default [None]
2026-06-04 21:28:43.435 [ERROR] scripts.vep.client: VEP request error for https://rest.ensembl.org/vep/human/region/9:36934763-36934763:1/G?content-type=application/json: Cannot connect to host rest.ensembl.org:443 ssl:default [None]
2026-06-04 21:28:43.557 [ERROR] scripts.vep.client: VEP request error for https://rest.ensembl.org/vep/human/region/9:36928579-36928579:1/C?content-type=application/json: Cannot connect to host rest.ensembl.org:443 ssl:default [None]
2026-06-04 21:28:43.677 [ERROR] scripts.vep.client: VEP request error for https://rest.ensembl.org/vep/human/region/9:36930463-36930463:1/G?content-type=application/json: Cannot connect to host rest.ensembl.org:443 ssl:default [None]
2026-06-04 21:28:43.708 [ERROR] scripts.vep.client: VEP request error for https://rest.ensembl.org/vep/human/region/9:36933968-36933968:1/C?content-type=application/json: Cannot connect to host rest.ensembl.org:443 ssl:default [None]
2026-06-04 21:28:43.776 [ERROR] scripts.vep.client: VEP request error for https://rest.ensembl.org/vep/human/region/9:36939546-36939546:1/A?content-type=application/json: Cannot connect to host rest.ensembl.org:443 ssl:default [None]
2026-06-04 21:28:43.810 [ERROR] scripts.vep.client: VEP request error for https://rest.ensembl.org/vep/human/region/9:36928665-36928665:1/G?content-type=application/json: Cannot connect to host rest.ensembl.org:443 ssl:default [None]
2026-06-04 21:28:43.813 [ERROR] scripts.vep.client: VEP request error for https://rest.ensembl.org/vep/human/region/9:36928291-36928291:1/C?content-type=application/json: Cannot connect to host rest.ensembl.org:443 ssl:default [None]
2026-06-04 21:28:43.932 [ERROR] scripts.vep.client: VEP request error for https://rest.ensembl.org/vep/human/region/9:36931243-36931243:1/A?content-type=application/json: Cannot connect to host rest.ensembl.org:443 ssl:default [None]
2026-06-04 21:28:43.935 [ERROR] scripts.vep.client: VEP request error for https://rest.ensembl.org/vep/human/region/9:36935394-36935396:1/-?content-type=application/json: Cannot connect to host rest.ensembl.org:443 ssl:default [None]
2026-06-04 21:28:44.029 [ERROR] scripts.vep.client: VEP request error for https://rest.ensembl.org/vep/human/region/9:36937030-36937030:1/G?content-type=application/json: Cannot connect to host rest.ensembl.org:443 ssl:default [None]
2026-06-04 21:28:44.031 [ERROR] scripts.vep.client: VEP request error for https://rest.ensembl.org/vep/human/region/9:36930539-36930539:1/G?content-type=application/json: Cannot connect to host rest.ensembl.org:443 ssl:default [None]
2026-06-04 21:28:44.083 [ERROR] scripts.vep.client: VEP request error for https://rest.ensembl.org/vep/human/region/9:36924722-36924722:1/AAAG?content-type=application/json: Cannot connect to host rest.ensembl.org:443 ssl:default [None]
2026-06-04 21:28:44.157 [ERROR] scripts.vep.client: VEP request error for https://rest.ensembl.org/vep/human/region/9:36936850-36936852:1/-?content-type=application/json: Cannot connect to host rest.ensembl.org:443 ssl:default [None]
2026-06-04 21:28:44.161 [ERROR] scripts.vep.client: VEP request error for https://rest.ensembl.org/vep/human/region/9:36927084-36927084:1/T?content-type=application/json: Cannot connect to host rest.ensembl.org:443 ssl:default [None]
2026-06-04 21:28:44.168 [ERROR] scripts.vep.client: VEP request error for https://rest.ensembl.org/vep/human/region/9:36936557-36936557:1/A?content-type=application/json: Cannot connect to host rest.ensembl.org:443 ssl:default [None]
2026-06-04 21:28:44.189 [ERROR] scripts.vep.client: VEP request error for https://rest.ensembl.org/vep/human/region/9:36940903-36940903:1/C?content-type=application/json: Cannot connect to host rest.ensembl.org:443 ssl:default [None]
2026-06-04 21:28:44.190 [ERROR] scripts.vep.client: VEP request error for https://rest.ensembl.org/vep/human/region/9:36924652-36924652:1/G?content-type=application/json: Cannot connect to host rest.ensembl.org:443 ssl:default [None]
2026-06-04 21:28:44.220 [ERROR] scripts.vep.client: VEP request error for https://rest.ensembl.org/vep/human/region/9:36939803-36939803:1/G?content-type=application/json: Cannot connect to host rest.ensembl.org:443 ssl:default [None]
2026-06-04 21:28:44.243 [ERROR] scripts.vep.client: VEP request error for https://rest.ensembl.org/vep/human/region/9:36928507-36928507:1/T?content-type=application/json: Cannot connect to host rest.ensembl.org:443 ssl:default [None]
2026-06-04 21:28:44.279 [ERROR] scripts.vep.client: VEP request error for https://rest.ensembl.org/vep/human/region/9:36926031-36926031:1/T?content-type=application/json: Cannot connect to host rest.ensembl.org:443 ssl:default [None]
2026-06-04 21:28:44.342 [ERROR] scripts.vep.client: VEP request error for https://rest.ensembl.org/vep/human/region/9:36925200-36925200:1/T?content-type=application/json: Cannot connect to host rest.ensembl.org:443 ssl:default [None]
2026-06-04 21:28:44.408 [ERROR] scripts.vep.client: VEP request error for https://rest.ensembl.org/vep/human/region/9:36932345-36932345:1/T?content-type=application/json: Cannot connect to host rest.ensembl.org:443 ssl:default [None]
2026-06-04 21:28:44.416 [ERROR] scripts.vep.client: VEP request error for https://rest.ensembl.org/vep/human/region/9:36930331-36930331:1/T?content-type=application/json: Cannot connect to host rest.ensembl.org:443 ssl:default [None]
2026-06-04 21:28:44.436 [ERROR] scripts.vep.client: VEP request error for https://rest.ensembl.org/vep/human/region/9:36924734-36924742:1/-?content-type=application/json: Cannot connect to host rest.ensembl.org:443 ssl:default [None]
2026-06-04 21:28:44.444 [ERROR] scripts.vep.client: VEP request error for https://rest.ensembl.org/vep/human/region/9:36927858-36927858:1/A?content-type=application/json: Cannot connect to host rest.ensembl.org:443 ssl:default [None]
2026-06-04 21:28:44.483 [ERROR] scripts.vep.client: VEP request error for https://rest.ensembl.org/vep/human/region/9:36939834-36939834:1/T?content-type=application/json: Cannot connect to host rest.ensembl.org:443 ssl:default [None]
2026-06-04 21:28:44.484 [ERROR] scripts.vep.client: VEP request error for https://rest.ensembl.org/vep/human/region/9:36937351-36937351:1/A?content-type=application/json: Cannot connect to host rest.ensembl.org:443 ssl:default [None]
2026-06-04 21:28:44.509 [ERROR] scripts.vep.client: VEP request error for https://rest.ensembl.org/vep/human/region/9:36938115-36938115:1/G?content-type=application/json: Cannot connect to host rest.ensembl.org:443 ssl:default [None]
2026-06-04 21:28:44.510 [ERROR] scripts.vep.client: VEP request error for https://rest.ensembl.org/vep/human/region/9:36933143-36933143:1/A?content-type=application/json: Cannot connect to host rest.ensembl.org:443 ssl:default [None]
2026-06-04 21:28:44.539 [ERROR] scripts.vep.client: VEP request error for https://rest.ensembl.org/vep/human/region/9:36934005-36934005:1/A?content-type=application/json: Cannot connect to host rest.ensembl.org:443 ssl:default [None]
2026-06-04 21:28:44.575 [ERROR] scripts.vep.client: VEP request error for https://rest.ensembl.org/vep/human/region/9:36936830-36936832:1/-?content-type=application/json: Cannot connect to host rest.ensembl.org:443 ssl:default [None]
2026-06-04 21:28:44.578 [ERROR] scripts.vep.client: VEP request error for https://rest.ensembl.org/vep/human/region/9:36930976-36930976:1/C?content-type=application/json: Cannot connect to host rest.ensembl.org:443 ssl:default [None]
2026-06-04 21:28:44.591 [ERROR] scripts.vep.client: VEP request error for https://rest.ensembl.org/vep/human/region/9:36936363-36936363:1/G?content-type=application/json: Cannot connect to host rest.ensembl.org:443 ssl:default [None]
2026-06-04 21:28:44.597 [ERROR] scripts.vep.client: VEP request error for https://rest.ensembl.org/vep/human/region/9:36934913-36934913:1/G?content-type=application/json: Cannot connect to host rest.ensembl.org:443 ssl:default [None]
2026-06-04 21:28:44.618 [ERROR] scripts.vep.client: VEP request error for https://rest.ensembl.org/vep/human/region/9:36937606-36937606:1/C?content-type=application/json: Cannot connect to host rest.ensembl.org:443 ssl:default [None]
2026-06-04 21:28:44.626 [ERROR] scripts.vep.client: VEP request error for https://rest.ensembl.org/vep/human/region/9:36931242-36931242:1/G?content-type=application/json: Cannot connect to host rest.ensembl.org:443 ssl:default [None]
2026-06-04 21:28:44.639 [ERROR] scripts.vep.client: VEP request error for https://rest.ensembl.org/vep/human/region/9:36927322-36927322:1/T?content-type=application/json: Cannot connect to host rest.ensembl.org:443 ssl:default [None]
2026-06-04 21:28:44.660 [ERROR] scripts.vep.client: VEP request error for https://rest.ensembl.org/vep/human/region/9:36935305-36935305:1/A?content-type=application/json: Cannot connect to host rest.ensembl.org:443 ssl:default [None]
2026-06-04 21:28:44.695 [ERROR] scripts.vep.client: VEP request error for https://rest.ensembl.org/vep/human/region/9:36932415-36932415:1/A?content-type=application/json: Cannot connect to host rest.ensembl.org:443 ssl:default [None]
2026-06-04 21:28:44.702 [ERROR] scripts.vep.client: VEP request error for https://rest.ensembl.org/vep/human/region/9:36932545-36932545:1/T?content-type=application/json: Cannot connect to host rest.ensembl.org:443 ssl:default [None]
2026-06-04 21:28:44.742 [ERROR] scripts.vep.client: VEP request error for https://rest.ensembl.org/vep/human/region/9:36928392-36928392:1/A?content-type=application/json: Cannot connect to host rest.ensembl.org:443 ssl:default [None]
2026-06-04 21:28:44.759 [ERROR] scripts.vep.client: VEP request error for https://rest.ensembl.org/vep/human/region/9:36932447-36932447:1/A?content-type=application/json: Cannot connect to host rest.ensembl.org:443 ssl:default [None]
2026-06-04 21:28:44.827 [ERROR] scripts.vep.client: VEP request error for https://rest.ensembl.org/vep/human/region/9:36927647-36927647:1/A?content-type=application/json: Cannot connect to host rest.ensembl.org:443 ssl:default [None]
2026-06-04 21:28:44.834 [ERROR] scripts.vep.client: VEP request error for https://rest.ensembl.org/vep/human/region/9:36930216-36930219:1/-?content-type=application/json: Cannot connect to host rest.ensembl.org:443 ssl:default [None]
2026-06-04 21:28:44.927 [ERROR] scripts.vep.client: VEP request error for https://rest.ensembl.org/vep/human/region/9:36928912-36928912:1/T?content-type=application/json: Cannot connect to host rest.ensembl.org:443 ssl:default [None]
2026-06-04 21:28:44.933 [ERROR] scripts.vep.client: VEP request error for https://rest.ensembl.org/vep/human/region/9:36927561-36927561:1/T?content-type=application/json: Cannot connect to host rest.ensembl.org:443 ssl:default [None]
2026-06-04 21:28:45.049 [ERROR] scripts.vep.client: VEP request error for https://rest.ensembl.org/vep/human/region/9:36933271-36933271:1/G?content-type=application/json: Cannot connect to host rest.ensembl.org:443 ssl:default [None]
2026-06-04 21:28:45.298 [ERROR] scripts.vep.client: VEP request error for https://rest.ensembl.org/vep/human/region/9:36941205-36941205:1/C?content-type=application/json: Cannot connect to host rest.ensembl.org:443 ssl:default [None]
2026-06-04 21:28:45.306 [ERROR] scripts.vep.client: VEP request error for https://rest.ensembl.org/vep/human/region/9:36927367-36927367:1/G?content-type=application/json: Cannot connect to host rest.ensembl.org:443 ssl:default [None]
2026-06-04 21:28:45.968 [ERROR] scripts.vep.client: VEP request error for https://rest.ensembl.org/vep/human/region/9:36941434-36941434:1/A?content-type=application/json: Cannot connect to host rest.ensembl.org:443 ssl:default [None]
2026-06-04 21:28:46.080 [ERROR] scripts.vep.client: VEP request error for https://rest.ensembl.org/vep/human/region/9:36943009-36943009:1/C?content-type=application/json: Cannot connect to host rest.ensembl.org:443 ssl:default [None]
2026-06-04 21:28:46.176 [ERROR] scripts.vep.client: VEP request error for https://rest.ensembl.org/vep/human/region/9:36947457-36947457:1/T?content-type=application/json: Cannot connect to host rest.ensembl.org:443 ssl:default [None]
2026-06-04 21:28:46.232 [ERROR] scripts.vep.client: VEP request error for https://rest.ensembl.org/vep/human/region/9:36941295-36941295:1/A?content-type=application/json: Cannot connect to host rest.ensembl.org:443 ssl:default [None]
2026-06-04 21:28:46.321 [ERROR] scripts.vep.client: VEP request error for https://rest.ensembl.org/vep/human/region/9:36942264-36942264:1/C?content-type=application/json: Cannot connect to host rest.ensembl.org:443 ssl:default [None]
2026-06-04 21:28:46.437 [ERROR] scripts.vep.client: VEP request error for https://rest.ensembl.org/vep/human/region/9:36944720-36944720:1/A?content-type=application/json: Cannot connect to host rest.ensembl.org:443 ssl:default [None]
2026-06-04 21:28:46.572 [ERROR] scripts.vep.client: VEP request error for https://rest.ensembl.org/vep/human/region/9:36952746-36952746:1/G?content-type=application/json: Cannot connect to host rest.ensembl.org:443 ssl:default [None]
2026-06-04 21:28:46.607 [ERROR] scripts.vep.client: VEP request error for https://rest.ensembl.org/vep/human/region/9:36944036-36944036:1/T?content-type=application/json: Cannot connect to host rest.ensembl.org:443 ssl:default [None]
2026-06-04 21:28:46.613 [ERROR] scripts.vep.client: VEP request error for https://rest.ensembl.org/vep/human/region/9:36941430-36941430:1/A?content-type=application/json: Cannot connect to host rest.ensembl.org:443 ssl:default [None]
2026-06-04 21:28:46.673 [ERROR] scripts.vep.client: VEP request error for https://rest.ensembl.org/vep/human/region/9:36942627-36942627:1/C?content-type=application/json: Cannot connect to host rest.ensembl.org:443 ssl:default [None]
2026-06-04 21:28:46.801 [ERROR] scripts.vep.client: VEP request error for https://rest.ensembl.org/vep/human/region/9:36949473-36949473:1/A?content-type=application/json: Cannot connect to host rest.ensembl.org:443 ssl:default [None]
2026-06-04 21:28:46.915 [ERROR] scripts.vep.client: VEP request error for https://rest.ensembl.org/vep/human/region/9:36944885-36944885:1/A?content-type=application/json: Cannot connect to host rest.ensembl.org:443 ssl:default [None]
2026-06-04 21:28:46.989 [ERROR] scripts.vep.client: VEP request error for https://rest.ensembl.org/vep/human/region/9:36947670-36947670:1/T?content-type=application/json: Cannot connect to host rest.ensembl.org:443 ssl:default [None]
2026-06-04 21:28:47.028 [ERROR] scripts.vep.client: VEP request error for https://rest.ensembl.org/vep/human/region/9:36950745-36950745:1/C?content-type=application/json: Cannot connect to host rest.ensembl.org:443 ssl:default [None]
2026-06-04 21:28:47.056 [ERROR] scripts.vep.client: VEP request error for https://rest.ensembl.org/vep/human/region/9:36946936-36946936:1/G?content-type=application/json: Cannot connect to host rest.ensembl.org:443 ssl:default [None]
2026-06-04 21:28:47.063 [ERROR] scripts.vep.client: VEP request error for https://rest.ensembl.org/vep/human/region/9:36945223-36945223:1/T?content-type=application/json: Cannot connect to host rest.ensembl.org:443 ssl:default [None]
2026-06-04 21:28:47.071 [ERROR] scripts.vep.client: VEP request error for https://rest.ensembl.org/vep/human/region/9:36942270-36942270:1/C?content-type=application/json: Cannot connect to host rest.ensembl.org:443 ssl:default [None]
2026-06-04 21:28:47.111 [ERROR] scripts.vep.client: VEP request error for https://rest.ensembl.org/vep/human/region/9:36944176-36944176:1/T?content-type=application/json: Cannot connect to host rest.ensembl.org:443 ssl:default [None]
2026-06-04 21:28:47.116 [ERROR] scripts.vep.client: VEP request error for https://rest.ensembl.org/vep/human/region/9:36950032-36950032:1/A?content-type=application/json: Cannot connect to host rest.ensembl.org:443 ssl:default [None]
2026-06-04 21:28:47.130 [ERROR] scripts.vep.client: VEP request error for https://rest.ensembl.org/vep/human/region/9:36953618-36953618:1/G?content-type=application/json: Cannot connect to host rest.ensembl.org:443 ssl:default [None]
2026-06-04 21:28:47.147 [ERROR] scripts.vep.client: VEP request error for https://rest.ensembl.org/vep/human/region/9:36950335-36950335:1/C?content-type=application/json: Cannot connect to host rest.ensembl.org:443 ssl:default [None]
2026-06-04 21:28:47.158 [ERROR] scripts.vep.client: VEP request error for https://rest.ensembl.org/vep/human/region/9:36947130-36947130:1/T?content-type=application/json: Cannot connect to host rest.ensembl.org:443 ssl:default [None]
2026-06-04 21:28:47.193 [ERROR] scripts.vep.client: VEP request error for https://rest.ensembl.org/vep/human/region/9:36947616-36947616:1/A?content-type=application/json: Cannot connect to host rest.ensembl.org:443 ssl:default [None]
2026-06-04 21:28:47.268 [ERROR] scripts.vep.client: VEP request error for https://rest.ensembl.org/vep/human/region/9:36943399-36943399:1/T?content-type=application/json: Cannot connect to host rest.ensembl.org:443 ssl:default [None]
2026-06-04 21:28:47.454 [ERROR] scripts.vep.client: VEP request error for https://rest.ensembl.org/vep/human/region/9:36949355-36949355:1/T?content-type=application/json: Cannot connect to host rest.ensembl.org:443 ssl:default [None]
2026-06-04 21:28:47.517 [ERROR] scripts.vep.client: VEP request error for https://rest.ensembl.org/vep/human/region/9:36949146-36949146:1/T?content-type=application/json: Cannot connect to host rest.ensembl.org:443 ssl:default [None]
2026-06-04 21:28:47.522 [ERROR] scripts.vep.client: VEP request error for https://rest.ensembl.org/vep/human/region/9:36945236-36945236:1/A?content-type=application/json: Cannot connect to host rest.ensembl.org:443 ssl:default [None]
2026-06-04 21:28:47.527 [ERROR] scripts.vep.client: VEP request error for https://rest.ensembl.org/vep/human/region/9:36949849-36949849:1/G?content-type=application/json: Cannot connect to host rest.ensembl.org:443 ssl:default [None]
2026-06-04 21:28:47.569 [ERROR] scripts.vep.client: VEP request error for https://rest.ensembl.org/vep/human/region/9:36947726-36947726:1/T?content-type=application/json: Cannot connect to host rest.ensembl.org:443 ssl:default [None]
2026-06-04 21:28:47.601 [ERROR] scripts.vep.client: VEP request error for https://rest.ensembl.org/vep/human/region/9:36943131-36943131:1/C?content-type=application/json: Cannot connect to host rest.ensembl.org:443 ssl:default [None]
2026-06-04 21:28:47.627 [ERROR] scripts.vep.client: VEP request error for https://rest.ensembl.org/vep/human/region/9:36942138-36942138:1/C?content-type=application/json: Cannot connect to host rest.ensembl.org:443 ssl:default [None]
2026-06-04 21:28:47.701 [ERROR] scripts.vep.client: VEP request error for https://rest.ensembl.org/vep/human/region/9:36947697-36947697:1/T?content-type=application/json: Cannot connect to host rest.ensembl.org:443 ssl:default [None]
2026-06-04 21:28:47.703 [ERROR] scripts.vep.client: VEP request error for https://rest.ensembl.org/vep/human/region/9:36952684-36952684:1/A?content-type=application/json: Cannot connect to host rest.ensembl.org:443 ssl:default [None]
2026-06-04 21:28:47.710 [ERROR] scripts.vep.client: VEP request error for https://rest.ensembl.org/vep/human/region/9:36953024-36953024:1/G?content-type=application/json: Cannot connect to host rest.ensembl.org:443 ssl:default [None]
2026-06-04 21:28:47.761 [ERROR] scripts.vep.client: VEP request error for https://rest.ensembl.org/vep/human/region/9:36947086-36947086:1/A?content-type=application/json: Cannot connect to host rest.ensembl.org:443 ssl:default [None]
2026-06-04 21:28:47.763 [ERROR] scripts.vep.client: VEP request error for https://rest.ensembl.org/vep/human/region/9:36952227-36952227:1/A?content-type=application/json: Cannot connect to host rest.ensembl.org:443 ssl:default [None]
2026-06-04 21:28:47.795 [ERROR] scripts.vep.client: VEP request error for https://rest.ensembl.org/vep/human/region/9:36947208-36947208:1/C?content-type=application/json: Cannot connect to host rest.ensembl.org:443 ssl:default [None]
2026-06-04 21:28:47.796 [ERROR] scripts.vep.client: VEP request error for https://rest.ensembl.org/vep/human/region/9:36953005-36953005:1/C?content-type=application/json: Cannot connect to host rest.ensembl.org:443 ssl:default [None]
2026-06-04 21:28:47.820 [ERROR] scripts.vep.client: VEP request error for https://rest.ensembl.org/vep/human/region/9:36947766-36947766:1/C?content-type=application/json: Cannot connect to host rest.ensembl.org:443 ssl:default [None]
2026-06-04 21:28:47.957 [ERROR] scripts.vep.client: VEP request error for https://rest.ensembl.org/vep/human/region/9:36949420-36949426:1/-?content-type=application/json: Cannot connect to host rest.ensembl.org:443 ssl:default [None]
2026-06-04 21:28:47.978 [ERROR] scripts.vep.client: VEP request error for https://rest.ensembl.org/vep/human/region/9:36952388-36952388:1/C?content-type=application/json: Cannot connect to host rest.ensembl.org:443 ssl:default [None]
2026-06-04 21:28:48.025 [ERROR] scripts.vep.client: VEP request error for https://rest.ensembl.org/vep/human/region/9:36949611-36949611:1/A?content-type=application/json: Cannot connect to host rest.ensembl.org:443 ssl:default [None]
2026-06-04 21:28:48.100 [ERROR] scripts.vep.client: VEP request error for https://rest.ensembl.org/vep/human/region/9:36949227-36949227:1/T?content-type=application/json: Cannot connect to host rest.ensembl.org:443 ssl:default [None]
2026-06-04 21:28:48.224 [ERROR] scripts.vep.client: VEP request error for https://rest.ensembl.org/vep/human/region/9:36950510-36950510:1/T?content-type=application/json: Cannot connect to host rest.ensembl.org:443 ssl:default [None]
2026-06-04 21:28:48.226 [ERROR] scripts.vep.client: VEP request error for https://rest.ensembl.org/vep/human/region/9:36952559-36952559:1/C?content-type=application/json: Cannot connect to host rest.ensembl.org:443 ssl:default [None]
2026-06-04 21:28:48.355 [ERROR] scripts.vep.client: VEP request error for https://rest.ensembl.org/vep/human/region/9:36950304-36950304:1/G?content-type=application/json: Cannot connect to host rest.ensembl.org:443 ssl:default [None]
2026-06-04 21:28:48.369 [ERROR] scripts.vep.client: VEP request error for https://rest.ensembl.org/vep/human/region/9:36951613-36951613:1/A?content-type=application/json: Cannot connect to host rest.ensembl.org:443 ssl:default [None]
2026-06-04 21:28:48.524 [ERROR] scripts.vep.client: VEP request error for https://rest.ensembl.org/vep/human/region/9:36952414-36952414:1/T?content-type=application/json: Cannot connect to host rest.ensembl.org:443 ssl:default [None]
2026-06-04 21:28:48.616 [ERROR] scripts.vep.client: VEP request error for https://rest.ensembl.org/vep/human/region/9:36955207-36955207:1/C?content-type=application/json: Cannot connect to host rest.ensembl.org:443 ssl:default [None]
2026-06-04 21:28:48.679 [ERROR] scripts.vep.client: VEP request error for https://rest.ensembl.org/vep/human/region/9:36953354-36953354:1/G?content-type=application/json: Cannot connect to host rest.ensembl.org:443 ssl:default [None]
2026-06-04 21:28:48.801 [ERROR] scripts.vep.client: VEP request error for https://rest.ensembl.org/vep/human/region/9:36953107-36953107:1/T?content-type=application/json: Cannot connect to host rest.ensembl.org:443 ssl:default [None]
2026-06-04 21:28:48.953 [ERROR] scripts.vep.client: VEP request error for https://rest.ensembl.org/vep/human/region/9:36956816-36956816:1/C?content-type=application/json: Cannot connect to host rest.ensembl.org:443 ssl:default [None]
2026-06-04 21:28:49.194 [ERROR] scripts.vep.client: VEP request error for https://rest.ensembl.org/vep/human/region/9:36962226-36962226:1/A?content-type=application/json: Cannot connect to host rest.ensembl.org:443 ssl:default [None]
2026-06-04 21:28:49.253 [ERROR] scripts.vep.client: VEP request error for https://rest.ensembl.org/vep/human/region/9:36955209-36955209:1/T?content-type=application/json: Cannot connect to host rest.ensembl.org:443 ssl:default [None]
2026-06-04 21:28:49.480 [ERROR] scripts.vep.client: VEP request error for https://rest.ensembl.org/vep/human/region/9:36958585-36958585:1/G?content-type=application/json: Cannot connect to host rest.ensembl.org:443 ssl:default [None]
2026-06-04 21:28:49.492 [ERROR] scripts.vep.client: VEP request error for https://rest.ensembl.org/vep/human/region/9:36959107-36959107:1/G?content-type=application/json: Cannot connect to host rest.ensembl.org:443 ssl:default [None]
2026-06-04 21:28:49.545 [ERROR] scripts.vep.client: VEP request error for https://rest.ensembl.org/vep/human/region/9:36956119-36956119:1/G?content-type=application/json: Cannot connect to host rest.ensembl.org:443 ssl:default [None]
2026-06-04 21:28:49.586 [ERROR] scripts.vep.client: VEP request error for https://rest.ensembl.org/vep/human/region/9:36953624-36953624:1/T?content-type=application/json: Cannot connect to host rest.ensembl.org:443 ssl:default [None]
2026-06-04 21:28:49.612 [ERROR] scripts.vep.client: VEP request error for https://rest.ensembl.org/vep/human/region/9:36953682-36953682:1/C?content-type=application/json: Cannot connect to host rest.ensembl.org:443 ssl:default [None]
2026-06-04 21:28:49.751 [ERROR] scripts.vep.client: VEP request error for https://rest.ensembl.org/vep/human/region/9:36960768-36960768:1/T?content-type=application/json: Cannot connect to host rest.ensembl.org:443 ssl:default [None]
2026-06-04 21:28:49.753 [ERROR] scripts.vep.client: VEP request error for https://rest.ensembl.org/vep/human/region/9:36953947-36953947:1/T?content-type=application/json: Cannot connect to host rest.ensembl.org:443 ssl:default [None]
2026-06-04 21:28:49.868 [ERROR] scripts.vep.client: VEP request error for https://rest.ensembl.org/vep/human/region/9:36956574-36956574:1/G?content-type=application/json: Cannot connect to host rest.ensembl.org:443 ssl:default [None]
2026-06-04 21:28:49.872 [ERROR] scripts.vep.client: VEP request error for https://rest.ensembl.org/vep/human/region/9:36955373-36955373:1/G?content-type=application/json: Cannot connect to host rest.ensembl.org:443 ssl:default [None]
2026-06-04 21:28:49.881 [ERROR] scripts.vep.client: VEP request error for https://rest.ensembl.org/vep/human/region/9:36953834-36953834:1/A?content-type=application/json: Cannot connect to host rest.ensembl.org:443 ssl:default [None]
2026-06-04 21:28:49.966 [ERROR] scripts.vep.client: VEP request error for https://rest.ensembl.org/vep/human/region/9:36966382-36966382:1/G?content-type=application/json: Cannot connect to host rest.ensembl.org:443 ssl:default [None]
2026-06-04 21:28:49.968 [ERROR] scripts.vep.client: VEP request error for https://rest.ensembl.org/vep/human/region/9:36957023-36957023:1/CG?content-type=application/json: Cannot connect to host rest.ensembl.org:443 ssl:default [None]
2026-06-04 21:28:50.030 [ERROR] scripts.vep.client: VEP request error for https://rest.ensembl.org/vep/human/region/9:36958320-36958320:1/A?content-type=application/json: Cannot connect to host rest.ensembl.org:443 ssl:default [None]
2026-06-04 21:28:50.055 [ERROR] scripts.vep.client: VEP request error for https://rest.ensembl.org/vep/human/region/9:36965655-36965655:1/G?content-type=application/json: Cannot connect to host rest.ensembl.org:443 ssl:default [None]
2026-06-04 21:28:50.056 [ERROR] scripts.vep.client: VEP request error for https://rest.ensembl.org/vep/human/region/9:36958738-36958739:1/-?content-type=application/json: Cannot connect to host rest.ensembl.org:443 ssl:default [None]
2026-06-04 21:28:50.085 [ERROR] scripts.vep.client: VEP request error for https://rest.ensembl.org/vep/human/region/9:36968387-36968387:1/A?content-type=application/json: Cannot connect to host rest.ensembl.org:443 ssl:default [None]
2026-06-04 21:28:50.113 [ERROR] scripts.vep.client: VEP request error for https://rest.ensembl.org/vep/human/region/9:36955783-36955784:1/-?content-type=application/json: Cannot connect to host rest.ensembl.org:443 ssl:default [None]
2026-06-04 21:28:50.200 [ERROR] scripts.vep.client: VEP request error for https://rest.ensembl.org/vep/human/region/9:36969208-36969208:1/T?content-type=application/json: Cannot connect to host rest.ensembl.org:443 ssl:default [None]
2026-06-04 21:28:50.270 [ERROR] scripts.vep.client: VEP request error for https://rest.ensembl.org/vep/human/region/9:36968607-36968607:1/C?content-type=application/json: Cannot connect to host rest.ensembl.org:443 ssl:default [None]
2026-06-04 21:28:50.278 [ERROR] scripts.vep.client: VEP request error for https://rest.ensembl.org/vep/human/region/9:36955411-36955411:1/T?content-type=application/json: Cannot connect to host rest.ensembl.org:443 ssl:default [None]
2026-06-04 21:28:50.342 [ERROR] scripts.vep.client: VEP request error for https://rest.ensembl.org/vep/human/region/9:36967803-36967803:1/C?content-type=application/json: Cannot connect to host rest.ensembl.org:443 ssl:default [None]
2026-06-04 21:28:50.378 [ERROR] scripts.vep.client: VEP request error for https://rest.ensembl.org/vep/human/region/9:36957890-36957890:1/C?content-type=application/json: Cannot connect to host rest.ensembl.org:443 ssl:default [None]
2026-06-04 21:28:50.460 [ERROR] scripts.vep.client: VEP request error for https://rest.ensembl.org/vep/human/region/9:36957025-36957028:1/-?content-type=application/json: Cannot connect to host rest.ensembl.org:443 ssl:default [None]
2026-06-04 21:28:50.505 [ERROR] scripts.vep.client: VEP request error for https://rest.ensembl.org/vep/human/region/9:36968019-36968019:1/A?content-type=application/json: Cannot connect to host rest.ensembl.org:443 ssl:default [None]
2026-06-04 21:28:50.518 [ERROR] scripts.vep.client: VEP request error for https://rest.ensembl.org/vep/human/region/9:36960329-36960329:1/G?content-type=application/json: Cannot connect to host rest.ensembl.org:443 ssl:default [None]
2026-06-04 21:28:50.545 [ERROR] scripts.vep.client: VEP request error for https://rest.ensembl.org/vep/human/region/9:36972277-36972277:1/A?content-type=application/json: Cannot connect to host rest.ensembl.org:443 ssl:default [None]
2026-06-04 21:28:50.663 [ERROR] scripts.vep.client: VEP request error for https://rest.ensembl.org/vep/human/region/9:36957161-36957161:1/A?content-type=application/json: Cannot connect to host rest.ensembl.org:443 ssl:default [None]
2026-06-04 21:28:50.719 [ERROR] scripts.vep.client: VEP request error for https://rest.ensembl.org/vep/human/region/9:36969029-36969029:1/G?content-type=application/json: Cannot connect to host rest.ensembl.org:443 ssl:default [None]
2026-06-04 21:28:50.738 [ERROR] scripts.vep.client: VEP request error for https://rest.ensembl.org/vep/human/region/9:36968377-36968377:1/C?content-type=application/json: Cannot connect to host rest.ensembl.org:443 ssl:default [None]
2026-06-04 21:28:50.742 [ERROR] scripts.vep.client: VEP request error for https://rest.ensembl.org/vep/human/region/9:36957636-36957636:1/C?content-type=application/json: Cannot connect to host rest.ensembl.org:443 ssl:default [None]
2026-06-04 21:28:50.792 [ERROR] scripts.vep.client: VEP request error for https://rest.ensembl.org/vep/human/region/9:36969173-36969173:1/G?content-type=application/json: Cannot connect to host rest.ensembl.org:443 ssl:default [None]
2026-06-04 21:28:50.850 [ERROR] scripts.vep.client: VEP request error for https://rest.ensembl.org/vep/human/region/9:36969594-36969594:1/T?content-type=application/json: Cannot connect to host rest.ensembl.org:443 ssl:default [None]
2026-06-04 21:28:50.854 [ERROR] scripts.vep.client: VEP request error for https://rest.ensembl.org/vep/human/region/9:36967962-36967962:1/A?content-type=application/json: Cannot connect to host rest.ensembl.org:443 ssl:default [None]
2026-06-04 21:28:50.975 [ERROR] scripts.vep.client: VEP request error for https://rest.ensembl.org/vep/human/region/9:36968467-36968467:1/C?content-type=application/json: Cannot connect to host rest.ensembl.org:443 ssl:default [None]
2026-06-04 21:28:51.024 [ERROR] scripts.vep.client: VEP request error for https://rest.ensembl.org/vep/human/region/9:36969368-36969368:1/A?content-type=application/json: Cannot connect to host rest.ensembl.org:443 ssl:default [None]
2026-06-04 21:28:51.030 [ERROR] scripts.vep.client: VEP request error for https://rest.ensembl.org/vep/human/region/9:36967066-36967066:1/T?content-type=application/json: Cannot connect to host rest.ensembl.org:443 ssl:default [None]
2026-06-04 21:28:51.039 [ERROR] scripts.vep.client: VEP request error for https://rest.ensembl.org/vep/human/region/9:36971643-36971643:1/A?content-type=application/json: Cannot connect to host rest.ensembl.org:443 ssl:default [None]
2026-06-04 21:28:51.135 [ERROR] scripts.vep.client: VEP request error for https://rest.ensembl.org/vep/human/region/9:36965661-36965661:1/T?content-type=application/json: Cannot connect to host rest.ensembl.org:443 ssl:default [None]
2026-06-04 21:28:51.247 [ERROR] scripts.vep.client: VEP request error for https://rest.ensembl.org/vep/human/region/9:36964594-36964595:1/-?content-type=application/json: Cannot connect to host rest.ensembl.org:443 ssl:default [None]
2026-06-04 21:28:51.399 [ERROR] scripts.vep.client: VEP request error for https://rest.ensembl.org/vep/human/region/9:36973088-36973088:1/C?content-type=application/json: Cannot connect to host rest.ensembl.org:443 ssl:default [None]
2026-06-04 21:28:51.403 [ERROR] scripts.vep.client: VEP request error for https://rest.ensembl.org/vep/human/region/9:36969153-36969153:1/T?content-type=application/json: Cannot connect to host rest.ensembl.org:443 ssl:default [None]
2026-06-04 21:28:51.430 [ERROR] scripts.vep.client: VEP request error for https://rest.ensembl.org/vep/human/region/9:36973911-36973911:1/G?content-type=application/json: Cannot connect to host rest.ensembl.org:443 ssl:default [None]
2026-06-04 21:28:51.497 [ERROR] scripts.vep.client: VEP request error for https://rest.ensembl.org/vep/human/region/9:36968883-36968883:1/C?content-type=application/json: Cannot connect to host rest.ensembl.org:443 ssl:default [None]
2026-06-04 21:28:51.566 [ERROR] scripts.vep.client: VEP request error for https://rest.ensembl.org/vep/human/region/9:36973027-36973028:1/-?content-type=application/json: Cannot connect to host rest.ensembl.org:443 ssl:default [None]
2026-06-04 21:28:51.592 [ERROR] scripts.vep.client: VEP request error for https://rest.ensembl.org/vep/human/region/9:36968060-36968060:1/A?content-type=application/json: Cannot connect to host rest.ensembl.org:443 ssl:default [None]
2026-06-04 21:28:51.716 [ERROR] scripts.vep.client: VEP request error for https://rest.ensembl.org/vep/human/region/9:36975416-36975416:1/C?content-type=application/json: Cannot connect to host rest.ensembl.org:443 ssl:default [None]
2026-06-04 21:28:51.746 [ERROR] scripts.vep.client: VEP request error for https://rest.ensembl.org/vep/human/region/9:36977596-36977596:1/C?content-type=application/json: Cannot connect to host rest.ensembl.org:443 ssl:default [None]
2026-06-04 21:28:51.753 [ERROR] scripts.vep.client: VEP request error for https://rest.ensembl.org/vep/human/region/9:36973777-36973777:1/G?content-type=application/json: Cannot connect to host rest.ensembl.org:443 ssl:default [None]
2026-06-04 21:28:51.887 [ERROR] scripts.vep.client: VEP request error for https://rest.ensembl.org/vep/human/region/9:36974994-36974994:1/G?content-type=application/json: Cannot connect to host rest.ensembl.org:443 ssl:default [None]
2026-06-04 21:28:52.028 [ERROR] scripts.vep.client: VEP request error for https://rest.ensembl.org/vep/human/region/9:36976646-36976646:1/A?content-type=application/json: Cannot connect to host rest.ensembl.org:443 ssl:default [None]
2026-06-04 21:28:52.087 [ERROR] scripts.vep.client: VEP request error for https://rest.ensembl.org/vep/human/region/9:36982900-36982900:1/T?content-type=application/json: Cannot connect to host rest.ensembl.org:443 ssl:default [None]
2026-06-04 21:28:52.115 [ERROR] scripts.vep.client: VEP request error for https://rest.ensembl.org/vep/human/region/9:36979368-36979368:1/C?content-type=application/json: Cannot connect to host rest.ensembl.org:443 ssl:default [None]
2026-06-04 21:28:52.346 [ERROR] scripts.vep.client: VEP request error for https://rest.ensembl.org/vep/human/region/9:36974538-36974538:1/A?content-type=application/json: Cannot connect to host rest.ensembl.org:443 ssl:default [None]
2026-06-04 21:28:52.454 [ERROR] scripts.vep.client: VEP request error for https://rest.ensembl.org/vep/human/region/9:36976639-36976640:1/-?content-type=application/json: Cannot connect to host rest.ensembl.org:443 ssl:default [None]
2026-06-04 21:28:52.501 [ERROR] scripts.vep.client: VEP request error for https://rest.ensembl.org/vep/human/region/9:36979398-36979398:1/T?content-type=application/json: Cannot connect to host rest.ensembl.org:443 ssl:default [None]
2026-06-04 21:28:52.521 [ERROR] scripts.vep.client: VEP request error for https://rest.ensembl.org/vep/human/region/9:36975111-36975111:1/T?content-type=application/json: Cannot connect to host rest.ensembl.org:443 ssl:default [None]
2026-06-04 21:28:52.659 [ERROR] scripts.vep.client: VEP request error for https://rest.ensembl.org/vep/human/region/9:36975932-36975932:1/A?content-type=application/json: Cannot connect to host rest.ensembl.org:443 ssl:default [None]
2026-06-04 21:28:52.660 [ERROR] scripts.vep.client: VEP request error for https://rest.ensembl.org/vep/human/region/9:36977967-36977967:1/G?content-type=application/json: Cannot connect to host rest.ensembl.org:443 ssl:default [None]
2026-06-04 21:28:52.688 [ERROR] scripts.vep.client: VEP request error for https://rest.ensembl.org/vep/human/region/9:36975641-36975641:1/T?content-type=application/json: Cannot connect to host rest.ensembl.org:443 ssl:default [None]
2026-06-04 21:28:52.713 [ERROR] scripts.vep.client: VEP request error for https://rest.ensembl.org/vep/human/region/9:36977801-36977801:1/G?content-type=application/json: Cannot connect to host rest.ensembl.org:443 ssl:default [None]
2026-06-04 21:28:52.720 [ERROR] scripts.vep.client: VEP request error for https://rest.ensembl.org/vep/human/region/9:36981448-36981448:1/A?content-type=application/json: Cannot connect to host rest.ensembl.org:443 ssl:default [None]
2026-06-04 21:28:52.818 [ERROR] scripts.vep.client: VEP request error for https://rest.ensembl.org/vep/human/region/9:36976566-36976566:1/C?content-type=application/json: Cannot connect to host rest.ensembl.org:443 ssl:default [None]
2026-06-04 21:28:52.826 [ERROR] scripts.vep.client: VEP request error for https://rest.ensembl.org/vep/human/region/9:36982748-36982748:1/G?content-type=application/json: Cannot connect to host rest.ensembl.org:443 ssl:default [None]
2026-06-04 21:28:52.829 [ERROR] scripts.vep.client: VEP request error for https://rest.ensembl.org/vep/human/region/9:36980998-36980998:1/C?content-type=application/json: Cannot connect to host rest.ensembl.org:443 ssl:default [None]
2026-06-04 21:28:52.936 [ERROR] scripts.vep.client: VEP request error for https://rest.ensembl.org/vep/human/region/9:36980179-36980179:1/C?content-type=application/json: Cannot connect to host rest.ensembl.org:443 ssl:default [None]
2026-06-04 21:28:52.999 [ERROR] scripts.vep.client: VEP request error for https://rest.ensembl.org/vep/human/region/9:36975396-36975397:1/-?content-type=application/json: Cannot connect to host rest.ensembl.org:443 ssl:default [None]
2026-06-04 21:28:53.139 [ERROR] scripts.vep.client: VEP request error for https://rest.ensembl.org/vep/human/region/9:36978503-36978503:1/AAAT?content-type=application/json: Cannot connect to host rest.ensembl.org:443 ssl:default [None]
2026-06-04 21:28:53.211 [ERROR] scripts.vep.client: VEP request error for https://rest.ensembl.org/vep/human/region/9:36981434-36981434:1/AAAAA?content-type=application/json: Cannot connect to host rest.ensembl.org:443 ssl:default [None]
2026-06-04 21:28:53.225 [ERROR] scripts.vep.client: VEP request error for https://rest.ensembl.org/vep/human/region/9:36984856-36984856:1/C?content-type=application/json: Cannot connect to host rest.ensembl.org:443 ssl:default [None]
2026-06-04 21:28:53.321 [ERROR] scripts.vep.client: VEP request error for https://rest.ensembl.org/vep/human/region/9:36978590-36978590:1/T?content-type=application/json: Cannot connect to host rest.ensembl.org:443 ssl:default [None]
2026-06-04 21:28:53.347 [ERROR] scripts.vep.client: VEP request error for https://rest.ensembl.org/vep/human/region/9:36981247-36981247:1/C?content-type=application/json: Cannot connect to host rest.ensembl.org:443 ssl:default [None]
2026-06-04 21:28:53.350 [ERROR] scripts.vep.client: VEP request error for https://rest.ensembl.org/vep/human/region/9:36981239-36981239:1/C?content-type=application/json: Cannot connect to host rest.ensembl.org:443 ssl:default [None]
2026-06-04 21:28:53.456 [ERROR] scripts.vep.client: VEP request error for https://rest.ensembl.org/vep/human/region/9:36986787-36986787:1/T?content-type=application/json: Cannot connect to host rest.ensembl.org:443 ssl:default [None]
2026-06-04 21:28:53.479 [ERROR] scripts.vep.client: VEP request error for https://rest.ensembl.org/vep/human/region/9:36981312-36981312:1/C?content-type=application/json: Cannot connect to host rest.ensembl.org:443 ssl:default [None]
2026-06-04 21:28:53.661 [ERROR] scripts.vep.client: VEP request error for https://rest.ensembl.org/vep/human/region/9:36989370-36989370:1/TA?content-type=application/json: Cannot connect to host rest.ensembl.org:443 ssl:default [None]
2026-06-04 21:28:53.702 [ERROR] scripts.vep.client: VEP request error for https://rest.ensembl.org/vep/human/region/9:36984348-36984348:1/G?content-type=application/json: Cannot connect to host rest.ensembl.org:443 ssl:default [None]
2026-06-04 21:28:53.748 [ERROR] scripts.vep.client: VEP request error for https://rest.ensembl.org/vep/human/region/9:36989493-36989493:1/CA?content-type=application/json: Cannot connect to host rest.ensembl.org:443 ssl:default [None]
2026-06-04 21:28:53.759 [ERROR] scripts.vep.client: VEP request error for https://rest.ensembl.org/vep/human/region/9:36982665-36982665:1/T?content-type=application/json: Cannot connect to host rest.ensembl.org:443 ssl:default [None]
2026-06-04 21:28:53.777 [ERROR] scripts.vep.client: VEP request error for https://rest.ensembl.org/vep/human/region/9:36985146-36985146:1/A?content-type=application/json: Cannot connect to host rest.ensembl.org:443 ssl:default [None]
2026-06-04 21:28:53.850 [ERROR] scripts.vep.client: VEP request error for https://rest.ensembl.org/vep/human/region/9:36984464-36984464:1/A?content-type=application/json: Cannot connect to host rest.ensembl.org:443 ssl:default [None]
2026-06-04 21:28:53.915 [ERROR] scripts.vep.client: VEP request error for https://rest.ensembl.org/vep/human/region/9:36986016-36986016:1/T?content-type=application/json: Cannot connect to host rest.ensembl.org:443 ssl:default [None]
2026-06-04 21:28:53.920 [ERROR] scripts.vep.client: VEP request error for https://rest.ensembl.org/vep/human/region/9:36984435-36984435:1/TTTTT?content-type=application/json: Cannot connect to host rest.ensembl.org:443 ssl:default [None]
2026-06-04 21:28:53.951 [ERROR] scripts.vep.client: VEP request error for https://rest.ensembl.org/vep/human/region/9:36981184-36981184:1/G?content-type=application/json: Cannot connect to host rest.ensembl.org:443 ssl:default [None]
2026-06-04 21:28:53.967 [ERROR] scripts.vep.client: VEP request error for https://rest.ensembl.org/vep/human/region/9:36989057-36989057:1/T?content-type=application/json: Cannot connect to host rest.ensembl.org:443 ssl:default [None]
2026-06-04 21:28:54.019 [ERROR] scripts.vep.client: VEP request error for https://rest.ensembl.org/vep/human/region/9:36988854-36988854:1/C?content-type=application/json: Cannot connect to host rest.ensembl.org:443 ssl:default [None]
2026-06-04 21:28:54.063 [ERROR] scripts.vep.client: VEP request error for https://rest.ensembl.org/vep/human/region/9:36989840-36989840:1/C?content-type=application/json: Cannot connect to host rest.ensembl.org:443 ssl:default [None]
2026-06-04 21:28:54.252 [ERROR] scripts.vep.client: VEP request error for https://rest.ensembl.org/vep/human/region/9:36983607-36983607:1/G?content-type=application/json: Cannot connect to host rest.ensembl.org:443 ssl:default [None]
2026-06-04 21:28:54.405 [ERROR] scripts.vep.client: VEP request error for https://rest.ensembl.org/vep/human/region/9:36986667-36986667:1/C?content-type=application/json: Cannot connect to host rest.ensembl.org:443 ssl:default [None]
2026-06-04 21:28:54.467 [ERROR] scripts.vep.client: VEP request error for https://rest.ensembl.org/vep/human/region/9:36989007-36989007:1/C?content-type=application/json: Cannot connect to host rest.ensembl.org:443 ssl:default [None]
2026-06-04 21:28:54.472 [ERROR] scripts.vep.client: VEP request error for https://rest.ensembl.org/vep/human/region/9:36989336-36989336:1/G?content-type=application/json: Cannot connect to host rest.ensembl.org:443 ssl:default [None]
2026-06-04 21:28:54.476 [ERROR] scripts.vep.client: VEP request error for https://rest.ensembl.org/vep/human/region/9:36986919-36986919:1/A?content-type=application/json: Cannot connect to host rest.ensembl.org:443 ssl:default [None]
2026-06-04 21:28:54.694 [ERROR] scripts.vep.client: VEP request error for https://rest.ensembl.org/vep/human/region/9:36989749-36989749:1/T?content-type=application/json: Cannot connect to host rest.ensembl.org:443 ssl:default [None]
2026-06-04 21:28:54.695 [INFO] scripts.vep.client: VEP batch 265/516 done
2026-06-04 21:28:56.299 [ERROR] scripts.vep.client: VEP request error for https://rest.ensembl.org/vep/human/region/9:36993755-36993763:1/-?content-type=application/json: Cannot connect to host rest.ensembl.org:443 ssl:default [None]
2026-06-04 21:28:56.507 [ERROR] scripts.vep.client: VEP request error for https://rest.ensembl.org/vep/human/region/9:36997750-36997750:1/T?content-type=application/json: Cannot connect to host rest.ensembl.org:443 ssl:default [None]
2026-06-04 21:28:57.039 [ERROR] scripts.vep.client: VEP request error for https://rest.ensembl.org/vep/human/region/9:36998112-36998112:1/G?content-type=application/json: Cannot connect to host rest.ensembl.org:443 ssl:default [None]
2026-06-04 21:28:57.340 [ERROR] scripts.vep.client: VEP request error for https://rest.ensembl.org/vep/human/region/9:37004030-37004030:1/G?content-type=application/json: Cannot connect to host rest.ensembl.org:443 ssl:default [None]
2026-06-04 21:28:57.365 [ERROR] scripts.vep.client: VEP request error for https://rest.ensembl.org/vep/human/region/9:36993074-36993074:1/T?content-type=application/json: Cannot connect to host rest.ensembl.org:443 ssl:default [None]
2026-06-04 21:28:57.389 [ERROR] scripts.vep.client: VEP request error for https://rest.ensembl.org/vep/human/region/9:36998996-36998996:1/A?content-type=application/json: Cannot connect to host rest.ensembl.org:443 ssl:default [None]
2026-06-04 21:28:57.449 [ERROR] scripts.vep.client: VEP request error for https://rest.ensembl.org/vep/human/region/9:37005564-37005564:1/G?content-type=application/json: Cannot connect to host rest.ensembl.org:443 ssl:default [None]
2026-06-04 21:28:57.522 [ERROR] scripts.vep.client: VEP request error for https://rest.ensembl.org/vep/human/region/9:37001778-37001778:1/C?content-type=application/json: Cannot connect to host rest.ensembl.org:443 ssl:default [None]
2026-06-04 21:28:57.524 [ERROR] scripts.vep.client: VEP request error for https://rest.ensembl.org/vep/human/region/9:36999103-36999103:1/G?content-type=application/json: Cannot connect to host rest.ensembl.org:443 ssl:default [None]
2026-06-04 21:28:57.561 [ERROR] scripts.vep.client: VEP request error for https://rest.ensembl.org/vep/human/region/9:36990638-36990638:1/C?content-type=application/json: Cannot connect to host rest.ensembl.org:443 ssl:default [None]
2026-06-04 21:28:57.570 [ERROR] scripts.vep.client: VEP request error for https://rest.ensembl.org/vep/human/region/9:36991845-36991849:1/-?content-type=application/json: Cannot connect to host rest.ensembl.org:443 ssl:default [None]
2026-06-04 21:28:57.572 [ERROR] scripts.vep.client: VEP request error for https://rest.ensembl.org/vep/human/region/9:37007539-37007539:1/C?content-type=application/json: Cannot connect to host rest.ensembl.org:443 ssl:default [None]
2026-06-04 21:28:57.578 [ERROR] scripts.vep.client: VEP request error for https://rest.ensembl.org/vep/human/region/9:36999438-36999438:1/G?content-type=application/json: Cannot connect to host rest.ensembl.org:443 ssl:default [None]
2026-06-04 21:28:57.583 [ERROR] scripts.vep.client: VEP request error for https://rest.ensembl.org/vep/human/region/9:36990000-36990000:1/G?content-type=application/json: Cannot connect to host rest.ensembl.org:443 ssl:default [None]
2026-06-04 21:28:57.645 [ERROR] scripts.vep.client: VEP request error for https://rest.ensembl.org/vep/human/region/9:36999398-36999398:1/G?content-type=application/json: Cannot connect to host rest.ensembl.org:443 ssl:default [None]
2026-06-04 21:28:57.663 [ERROR] scripts.vep.client: VEP request error for https://rest.ensembl.org/vep/human/region/9:36994684-36994684:1/A?content-type=application/json: Cannot connect to host rest.ensembl.org:443 ssl:default [None]
2026-06-04 21:28:57.702 [ERROR] scripts.vep.client: VEP request error for https://rest.ensembl.org/vep/human/region/9:36992220-36992220:1/C?content-type=application/json: Cannot connect to host rest.ensembl.org:443 ssl:default [None]
2026-06-04 21:28:57.703 [ERROR] scripts.vep.client: VEP request error for https://rest.ensembl.org/vep/human/region/9:36993791-36993791:1/C?content-type=application/json: Cannot connect to host rest.ensembl.org:443 ssl:default [None]
2026-06-04 21:28:57.741 [ERROR] scripts.vep.client: VEP request error for https://rest.ensembl.org/vep/human/region/9:36992596-36992596:1/T?content-type=application/json: Cannot connect to host rest.ensembl.org:443 ssl:default [None]
2026-06-04 21:28:57.757 [ERROR] scripts.vep.client: VEP request error for https://rest.ensembl.org/vep/human/region/9:37000013-37000013:1/G?content-type=application/json: Cannot connect to host rest.ensembl.org:443 ssl:default [None]
2026-06-04 21:28:57.759 [ERROR] scripts.vep.client: VEP request error for https://rest.ensembl.org/vep/human/region/9:36991230-36991230:1/G?content-type=application/json: Cannot connect to host rest.ensembl.org:443 ssl:default [None]
2026-06-04 21:28:57.776 [ERROR] scripts.vep.client: VEP request error for https://rest.ensembl.org/vep/human/region/9:36994918-36994918:1/T?content-type=application/json: Cannot connect to host rest.ensembl.org:443 ssl:default [None]
2026-06-04 21:28:57.777 [ERROR] scripts.vep.client: VEP request error for https://rest.ensembl.org/vep/human/region/9:37000785-37000785:1/A?content-type=application/json: Cannot connect to host rest.ensembl.org:443 ssl:default [None]
2026-06-04 21:28:57.847 [ERROR] scripts.vep.client: VEP request error for https://rest.ensembl.org/vep/human/region/9:36991718-36991719:1/-?content-type=application/json: Cannot connect to host rest.ensembl.org:443 ssl:default [None]
2026-06-04 21:28:57.855 [ERROR] scripts.vep.client: VEP request error for https://rest.ensembl.org/vep/human/region/9:36990372-36990372:1/T?content-type=application/json: Cannot connect to host rest.ensembl.org:443 ssl:default [None]
2026-06-04 21:28:57.946 [ERROR] scripts.vep.client: VEP request error for https://rest.ensembl.org/vep/human/region/9:36994265-36994265:1/A?content-type=application/json: Cannot connect to host rest.ensembl.org:443 ssl:default [None]
2026-06-04 21:28:57.994 [ERROR] scripts.vep.client: VEP request error for https://rest.ensembl.org/vep/human/region/9:36995178-36995178:1/G?content-type=application/json: Cannot connect to host rest.ensembl.org:443 ssl:default [None]
2026-06-04 21:28:58.000 [ERROR] scripts.vep.client: VEP request error for https://rest.ensembl.org/vep/human/region/9:36994888-36994888:1/G?content-type=application/json: Cannot connect to host rest.ensembl.org:443 ssl:default [None]
2026-06-04 21:28:58.058 [ERROR] scripts.vep.client: VEP request error for https://rest.ensembl.org/vep/human/region/9:36993747-36993747:1/A?content-type=application/json: Cannot connect to host rest.ensembl.org:443 ssl:default [None]
2026-06-04 21:28:58.078 [ERROR] scripts.vep.client: VEP request error for https://rest.ensembl.org/vep/human/region/9:36993486-36993487:1/-?content-type=application/json: Cannot connect to host rest.ensembl.org:443 ssl:default [None]
2026-06-04 21:28:58.098 [ERROR] scripts.vep.client: VEP request error for https://rest.ensembl.org/vep/human/region/9:37006211-37006211:1/T?content-type=application/json: Cannot connect to host rest.ensembl.org:443 ssl:default [None]
2026-06-04 21:28:58.107 [ERROR] scripts.vep.client: VEP request error for https://rest.ensembl.org/vep/human/region/9:36994417-36994417:1/T?content-type=application/json: Cannot connect to host rest.ensembl.org:443 ssl:default [None]
2026-06-04 21:28:58.125 [ERROR] scripts.vep.client: VEP request error for https://rest.ensembl.org/vep/human/region/9:37001810-37001810:1/T?content-type=application/json: Cannot connect to host rest.ensembl.org:443 ssl:default [None]
2026-06-04 21:28:58.138 [ERROR] scripts.vep.client: VEP request error for https://rest.ensembl.org/vep/human/region/9:36992550-36992550:1/T?content-type=application/json: Cannot connect to host rest.ensembl.org:443 ssl:default [None]
2026-06-04 21:28:58.141 [ERROR] scripts.vep.client: VEP request error for https://rest.ensembl.org/vep/human/region/9:36993975-36993975:1/G?content-type=application/json: Cannot connect to host rest.ensembl.org:443 ssl:default [None]
2026-06-04 21:28:58.196 [ERROR] scripts.vep.client: VEP request error for https://rest.ensembl.org/vep/human/region/9:36992372-36992372:1/A?content-type=application/json: Cannot connect to host rest.ensembl.org:443 ssl:default [None]
2026-06-04 21:28:58.215 [ERROR] scripts.vep.client: VEP request error for https://rest.ensembl.org/vep/human/region/9:36995978-36995978:1/T?content-type=application/json: Cannot connect to host rest.ensembl.org:443 ssl:default [None]
2026-06-04 21:28:58.225 [ERROR] scripts.vep.client: VEP request error for https://rest.ensembl.org/vep/human/region/9:36991792-36991795:1/-?content-type=application/json: Cannot connect to host rest.ensembl.org:443 ssl:default [None]
2026-06-04 21:28:58.236 [ERROR] scripts.vep.client: VEP request error for https://rest.ensembl.org/vep/human/region/9:36999904-36999904:1/C?content-type=application/json: Cannot connect to host rest.ensembl.org:443 ssl:default [None]
2026-06-04 21:28:58.263 [ERROR] scripts.vep.client: VEP request error for https://rest.ensembl.org/vep/human/region/9:36999376-36999376:1/A?content-type=application/json: Cannot connect to host rest.ensembl.org:443 ssl:default [None]
2026-06-04 21:28:58.275 [ERROR] scripts.vep.client: VEP request error for https://rest.ensembl.org/vep/human/region/9:37002145-37002145:1/G?content-type=application/json: Cannot connect to host rest.ensembl.org:443 ssl:default [None]
2026-06-04 21:28:58.291 [ERROR] scripts.vep.client: VEP request error for https://rest.ensembl.org/vep/human/region/9:36999027-36999027:1/T?content-type=application/json: Cannot connect to host rest.ensembl.org:443 ssl:default [None]
2026-06-04 21:28:58.340 [ERROR] scripts.vep.client: VEP request error for https://rest.ensembl.org/vep/human/region/9:36994302-36994302:1/G?content-type=application/json: Cannot connect to host rest.ensembl.org:443 ssl:default [None]
2026-06-04 21:28:58.362 [ERROR] scripts.vep.client: VEP request error for https://rest.ensembl.org/vep/human/region/9:37007242-37007242:1/G?content-type=application/json: Cannot connect to host rest.ensembl.org:443 ssl:default [None]
2026-06-04 21:28:58.364 [ERROR] scripts.vep.client: VEP request error for https://rest.ensembl.org/vep/human/region/9:36998314-36998314:1/T?content-type=application/json: Cannot connect to host rest.ensembl.org:443 ssl:default [None]
2026-06-04 21:28:58.366 [ERROR] scripts.vep.client: VEP request error for https://rest.ensembl.org/vep/human/region/9:36994994-36994994:1/G?content-type=application/json: Cannot connect to host rest.ensembl.org:443 ssl:default [None]
2026-06-04 21:28:58.451 [ERROR] scripts.vep.client: VEP request error for https://rest.ensembl.org/vep/human/region/9:37001011-37001011:1/C?content-type=application/json: Cannot connect to host rest.ensembl.org:443 ssl:default [None]
2026-06-04 21:28:58.622 [ERROR] scripts.vep.client: VEP request error for https://rest.ensembl.org/vep/human/region/9:37007478-37007478:1/T?content-type=application/json: Cannot connect to host rest.ensembl.org:443 ssl:default [None]
2026-06-04 21:28:58.705 [ERROR] scripts.vep.client: VEP request error for https://rest.ensembl.org/vep/human/region/9:36991811-36991811:1/G?content-type=application/json: Cannot connect to host rest.ensembl.org:443 ssl:default [None]
2026-06-04 21:28:58.906 [ERROR] scripts.vep.client: VEP request error for https://rest.ensembl.org/vep/human/region/9:36995170-36995170:1/C?content-type=application/json: Cannot connect to host rest.ensembl.org:443 ssl:default [None]
2026-06-04 21:28:59.163 [ERROR] scripts.vep.client: VEP request error for https://rest.ensembl.org/vep/human/region/9:37007934-37007934:1/C?content-type=application/json: Cannot connect to host rest.ensembl.org:443 ssl:default [None]
2026-06-04 21:28:59.764 [ERROR] scripts.vep.client: VEP request error for https://rest.ensembl.org/vep/human/region/9:37008987-37008987:1/T?content-type=application/json: Cannot connect to host rest.ensembl.org:443 ssl:default [None]
2026-06-04 21:28:59.783 [ERROR] scripts.vep.client: VEP request error for https://rest.ensembl.org/vep/human/region/9:37010671-37010671:1/T?content-type=application/json: Cannot connect to host rest.ensembl.org:443 ssl:default [None]
2026-06-04 21:28:59.925 [ERROR] scripts.vep.client: VEP request error for https://rest.ensembl.org/vep/human/region/9:37009556-37009556:1/T?content-type=application/json: Cannot connect to host rest.ensembl.org:443 ssl:default [None]
2026-06-04 21:28:59.981 [ERROR] scripts.vep.client: VEP request error for https://rest.ensembl.org/vep/human/region/9:37007772-37007772:1/C?content-type=application/json: Cannot connect to host rest.ensembl.org:443 ssl:default [None]
2026-06-04 21:28:59.994 [ERROR] scripts.vep.client: VEP request error for https://rest.ensembl.org/vep/human/region/9:37008557-37008557:1/C?content-type=application/json: Cannot connect to host rest.ensembl.org:443 ssl:default [None]
2026-06-04 21:29:00.125 [ERROR] scripts.vep.client: VEP request error for https://rest.ensembl.org/vep/human/region/9:37011462-37011462:1/G?content-type=application/json: Cannot connect to host rest.ensembl.org:443 ssl:default [None]
2026-06-04 21:29:00.127 [ERROR] scripts.vep.client: VEP request error for https://rest.ensembl.org/vep/human/region/9:37031526-37031526:1/C?content-type=application/json: Cannot connect to host rest.ensembl.org:443 ssl:default [None]
2026-06-04 21:29:00.135 [ERROR] scripts.vep.client: VEP request error for https://rest.ensembl.org/vep/human/region/9:37013537-37013537:1/T?content-type=application/json: Cannot connect to host rest.ensembl.org:443 ssl:default [None]
2026-06-04 21:29:00.177 [ERROR] scripts.vep.client: VEP request error for https://rest.ensembl.org/vep/human/region/9:37015453-37015453:1/A?content-type=application/json: Cannot connect to host rest.ensembl.org:443 ssl:default [None]
2026-06-04 21:29:00.206 [ERROR] scripts.vep.client: VEP request error for https://rest.ensembl.org/vep/human/region/9:37010577-37010577:1/C?content-type=application/json: Cannot connect to host rest.ensembl.org:443 ssl:default [None]
2026-06-04 21:29:00.237 [ERROR] scripts.vep.client: VEP request error for https://rest.ensembl.org/vep/human/region/9:37009796-37009798:1/-?content-type=application/json: Cannot connect to host rest.ensembl.org:443 ssl:default [None]
2026-06-04 21:29:00.437 [ERROR] scripts.vep.client: VEP request error for https://rest.ensembl.org/vep/human/region/9:37011482-37011482:1/A?content-type=application/json: Cannot connect to host rest.ensembl.org:443 ssl:default [None]
2026-06-04 21:29:00.600 [ERROR] scripts.vep.client: VEP request error for https://rest.ensembl.org/vep/human/region/9:37009389-37009389:1/C?content-type=application/json: Cannot connect to host rest.ensembl.org:443 ssl:default [None]
2026-06-04 21:29:00.632 [ERROR] scripts.vep.client: VEP request error for https://rest.ensembl.org/vep/human/region/9:37011144-37011144:1/G?content-type=application/json: Cannot connect to host rest.ensembl.org:443 ssl:default [None]
2026-06-04 21:29:00.664 [ERROR] scripts.vep.client: VEP request error for https://rest.ensembl.org/vep/human/region/9:37020625-37020625:1/C?content-type=application/json: Cannot connect to host rest.ensembl.org:443 ssl:default [None]
2026-06-04 21:29:00.675 [ERROR] scripts.vep.client: VEP request error for https://rest.ensembl.org/vep/human/region/9:37008044-37008044:1/G?content-type=application/json: Cannot connect to host rest.ensembl.org:443 ssl:default [None]
2026-06-04 21:29:00.739 [ERROR] scripts.vep.client: VEP request error for https://rest.ensembl.org/vep/human/region/9:37016671-37016671:1/C?content-type=application/json: Cannot connect to host rest.ensembl.org:443 ssl:default [None]
2026-06-04 21:29:00.814 [ERROR] scripts.vep.client: VEP request error for https://rest.ensembl.org/vep/human/region/9:37008410-37008410:1/C?content-type=application/json: Cannot connect to host rest.ensembl.org:443 ssl:default [None]
2026-06-04 21:29:00.876 [ERROR] scripts.vep.client: VEP request error for https://rest.ensembl.org/vep/human/region/9:37018952-37018952:1/A?content-type=application/json: Cannot connect to host rest.ensembl.org:443 ssl:default [None]
2026-06-04 21:29:00.884 [ERROR] scripts.vep.client: VEP request error for https://rest.ensembl.org/vep/human/region/9:37032227-37032227:1/G?content-type=application/json: Cannot connect to host rest.ensembl.org:443 ssl:default [None]
2026-06-04 21:29:00.958 [ERROR] scripts.vep.client: VEP request error for https://rest.ensembl.org/vep/human/region/9:37011292-37011292:1/A?content-type=application/json: Cannot connect to host rest.ensembl.org:443 ssl:default [None]
2026-06-04 21:29:00.964 [ERROR] scripts.vep.client: VEP request error for https://rest.ensembl.org/vep/human/region/9:37017797-37017797:1/C?content-type=application/json: Cannot connect to host rest.ensembl.org:443 ssl:default [None]
2026-06-04 21:29:00.973 [ERROR] scripts.vep.client: VEP request error for https://rest.ensembl.org/vep/human/region/9:37017131-37017131:1/C?content-type=application/json: Cannot connect to host rest.ensembl.org:443 ssl:default [None]
2026-06-04 21:29:00.985 [ERROR] scripts.vep.client: VEP request error for https://rest.ensembl.org/vep/human/region/9:37032293-37032293:1/A?content-type=application/json: Cannot connect to host rest.ensembl.org:443 ssl:default [None]
2026-06-04 21:29:00.988 [ERROR] scripts.vep.client: VEP request error for https://rest.ensembl.org/vep/human/region/9:37012313-37012313:1/A?content-type=application/json: Cannot connect to host rest.ensembl.org:443 ssl:default [None]
2026-06-04 21:29:00.997 [ERROR] scripts.vep.client: VEP request error for https://rest.ensembl.org/vep/human/region/9:37018821-37018821:1/C?content-type=application/json: Cannot connect to host rest.ensembl.org:443 ssl:default [None]
2026-06-04 21:29:01.022 [ERROR] scripts.vep.client: VEP request error for https://rest.ensembl.org/vep/human/region/9:37020098-37020098:1/T?content-type=application/json: Cannot connect to host rest.ensembl.org:443 ssl:default [None]
2026-06-04 21:29:01.057 [ERROR] scripts.vep.client: VEP request error for https://rest.ensembl.org/vep/human/region/9:37031879-37031879:1/A?content-type=application/json: Cannot connect to host rest.ensembl.org:443 ssl:default [None]
2026-06-04 21:29:01.096 [ERROR] scripts.vep.client: VEP request error for https://rest.ensembl.org/vep/human/region/9:37023486-37023486:1/A?content-type=application/json: Cannot connect to host rest.ensembl.org:443 ssl:default [None]
2026-06-04 21:29:01.097 [ERROR] scripts.vep.client: VEP request error for https://rest.ensembl.org/vep/human/region/9:37012850-37012850:1/T?content-type=application/json: Cannot connect to host rest.ensembl.org:443 ssl:default [None]
2026-06-04 21:29:01.166 [ERROR] scripts.vep.client: VEP request error for https://rest.ensembl.org/vep/human/region/9:37017669-37017669:1/G?content-type=application/json: Cannot connect to host rest.ensembl.org:443 ssl:default [None]
2026-06-04 21:29:01.194 [ERROR] scripts.vep.client: VEP request error for https://rest.ensembl.org/vep/human/region/9:37023721-37023721:1/T?content-type=application/json: Cannot connect to host rest.ensembl.org:443 ssl:default [None]
2026-06-04 21:29:01.243 [ERROR] scripts.vep.client: VEP request error for https://rest.ensembl.org/vep/human/region/9:37026003-37026003:1/T?content-type=application/json: Cannot connect to host rest.ensembl.org:443 ssl:default [None]
2026-06-04 21:29:01.291 [ERROR] scripts.vep.client: VEP request error for https://rest.ensembl.org/vep/human/region/9:37010119-37010119:1/G?content-type=application/json: Cannot connect to host rest.ensembl.org:443 ssl:default [None]
2026-06-04 21:29:01.362 [ERROR] scripts.vep.client: VEP request error for https://rest.ensembl.org/vep/human/region/9:37016567-37016567:1/A?content-type=application/json: Cannot connect to host rest.ensembl.org:443 ssl:default [None]
2026-06-04 21:29:01.366 [ERROR] scripts.vep.client: VEP request error for https://rest.ensembl.org/vep/human/region/9:37014645-37014645:1/A?content-type=application/json: Cannot connect to host rest.ensembl.org:443 ssl:default [None]
2026-06-04 21:29:01.369 [ERROR] scripts.vep.client: VEP request error for https://rest.ensembl.org/vep/human/region/9:37029430-37029430:1/C?content-type=application/json: Cannot connect to host rest.ensembl.org:443 ssl:default [None]
2026-06-04 21:29:01.409 [ERROR] scripts.vep.client: VEP request error for https://rest.ensembl.org/vep/human/region/9:37022960-37022960:1/C?content-type=application/json: Cannot connect to host rest.ensembl.org:443 ssl:default [None]
2026-06-04 21:29:01.411 [ERROR] scripts.vep.client: VEP request error for https://rest.ensembl.org/vep/human/region/9:37012266-37012266:1/G?content-type=application/json: Cannot connect to host rest.ensembl.org:443 ssl:default [None]
2026-06-04 21:29:01.416 [ERROR] scripts.vep.client: VEP request error for https://rest.ensembl.org/vep/human/region/9:37011389-37011389:1/A?content-type=application/json: Cannot connect to host rest.ensembl.org:443 ssl:default [None]
2026-06-04 21:29:01.495 [ERROR] scripts.vep.client: VEP request error for https://rest.ensembl.org/vep/human/region/9:37013405-37013405:1/T?content-type=application/json: Cannot connect to host rest.ensembl.org:443 ssl:default [None]
2026-06-04 21:29:01.506 [ERROR] scripts.vep.client: VEP request error for https://rest.ensembl.org/vep/human/region/9:37021168-37021168:1/G?content-type=application/json: Cannot connect to host rest.ensembl.org:443 ssl:default [None]
2026-06-04 21:29:01.565 [ERROR] scripts.vep.client: VEP request error for https://rest.ensembl.org/vep/human/region/9:37016724-37016724:1/T?content-type=application/json: Cannot connect to host rest.ensembl.org:443 ssl:default [None]
2026-06-04 21:29:01.616 [ERROR] scripts.vep.client: VEP request error for https://rest.ensembl.org/vep/human/region/9:37017658-37017658:1/A?content-type=application/json: Cannot connect to host rest.ensembl.org:443 ssl:default [None]
2026-06-04 21:29:01.869 [ERROR] scripts.vep.client: VEP request error for https://rest.ensembl.org/vep/human/region/9:37020953-37020953:1/T?content-type=application/json: Cannot connect to host rest.ensembl.org:443 ssl:default [None]
2026-06-04 21:29:01.916 [ERROR] scripts.vep.client: VEP request error for https://rest.ensembl.org/vep/human/region/9:37020364-37020364:1/A?content-type=application/json: Cannot connect to host rest.ensembl.org:443 ssl:default [None]
2026-06-04 21:29:01.961 [ERROR] scripts.vep.client: VEP request error for https://rest.ensembl.org/vep/human/region/9:37018570-37018570:1/AAAAAAAAA?content-type=application/json: Cannot connect to host rest.ensembl.org:443 ssl:default [None]
2026-06-04 21:29:01.974 [ERROR] scripts.vep.client: VEP request error for https://rest.ensembl.org/vep/human/region/9:37027539-37027539:1/T?content-type=application/json: Cannot connect to host rest.ensembl.org:443 ssl:default [None]
2026-06-04 21:29:02.125 [ERROR] scripts.vep.client: VEP request error for https://rest.ensembl.org/vep/human/region/9:37038261-37038261:1/T?content-type=application/json: Cannot connect to host rest.ensembl.org:443 ssl:default [None]
2026-06-04 21:29:02.295 [ERROR] scripts.vep.client: VEP request error for https://rest.ensembl.org/vep/human/region/9:37033433-37033433:1/C?content-type=application/json: Cannot connect to host rest.ensembl.org:443 ssl:default [None]
2026-06-04 21:29:02.334 [ERROR] scripts.vep.client: VEP request error for https://rest.ensembl.org/vep/human/region/9:37025421-37025421:1/G?content-type=application/json: Cannot connect to host rest.ensembl.org:443 ssl:default [None]
2026-06-04 21:29:02.497 [ERROR] scripts.vep.client: VEP request error for https://rest.ensembl.org/vep/human/region/9:37033364-37033364:1/T?content-type=application/json: Cannot connect to host rest.ensembl.org:443 ssl:default [None]
2026-06-04 21:29:02.572 [ERROR] scripts.vep.client: VEP request error for https://rest.ensembl.org/vep/human/region/9:37037320-37037320:1/C?content-type=application/json: Cannot connect to host rest.ensembl.org:443 ssl:default [None]
2026-06-04 21:29:02.792 [ERROR] scripts.vep.client: VEP request error for https://rest.ensembl.org/vep/human/region/9:37033696-37033696:1/G?content-type=application/json: Cannot connect to host rest.ensembl.org:443 ssl:default [None]
2026-06-04 21:29:02.794 [ERROR] scripts.vep.client: VEP request error for https://rest.ensembl.org/vep/human/region/9:37036332-37036332:1/G?content-type=application/json: Cannot connect to host rest.ensembl.org:443 ssl:default [None]
2026-06-04 21:29:02.823 [ERROR] scripts.vep.client: VEP request error for https://rest.ensembl.org/vep/human/region/9:37034620-37034620:1/C?content-type=application/json: Cannot connect to host rest.ensembl.org:443 ssl:default [None]
2026-06-04 21:29:02.901 [ERROR] scripts.vep.client: VEP request error for https://rest.ensembl.org/vep/human/region/9:37036288-37036288:1/G?content-type=application/json: Cannot connect to host rest.ensembl.org:443 ssl:default [None]
2026-06-04 21:29:02.907 [ERROR] scripts.vep.client: VEP request error for https://rest.ensembl.org/vep/human/region/9:37033033-37033033:1/C?content-type=application/json: Cannot connect to host rest.ensembl.org:443 ssl:default [None]
2026-06-04 21:29:02.917 [ERROR] scripts.vep.client: VEP request error for https://rest.ensembl.org/vep/human/region/9:37036419-37036419:1/A?content-type=application/json: Cannot connect to host rest.ensembl.org:443 ssl:default [None]
2026-06-04 21:29:03.043 [ERROR] scripts.vep.client: VEP request error for https://rest.ensembl.org/vep/human/region/9:37037838-37037838:1/A?content-type=application/json: Cannot connect to host rest.ensembl.org:443 ssl:default [None]
2026-06-04 21:29:03.059 [ERROR] scripts.vep.client: VEP request error for https://rest.ensembl.org/vep/human/region/9:87728865-87728865:1/C?content-type=application/json: Cannot connect to host rest.ensembl.org:443 ssl:default [None]
2026-06-04 21:29:03.100 [ERROR] scripts.vep.client: VEP request error for https://rest.ensembl.org/vep/human/region/9:87720373-87720373:1/G?content-type=application/json: Cannot connect to host rest.ensembl.org:443 ssl:default [None]
2026-06-04 21:45:30.531 [ERROR] scripts.vep.client: VEP request error for https://rest.ensembl.org/vep/human/region/9:87724549-87724549:1/T?content-type=application/json: Cannot connect to host rest.ensembl.org:443 ssl:default [None]
2026-06-04 21:45:30.532 [ERROR] scripts.vep.client: VEP request error for https://rest.ensembl.org/vep/human/region/9:37037979-37037979:1/G?content-type=application/json: Cannot connect to host rest.ensembl.org:443 ssl:default [None]
2026-06-04 21:45:30.532 [ERROR] scripts.vep.client: VEP request error for https://rest.ensembl.org/vep/human/region/9:87721145-87721148:1/-?content-type=application/json: Cannot connect to host rest.ensembl.org:443 ssl:default [None]
2026-06-04 21:45:30.588 [ERROR] scripts.vep.client: VEP request error for https://rest.ensembl.org/vep/human/region/9:87729401-87729401:1/C?content-type=application/json: Cannot connect to host rest.ensembl.org:443 ssl:default [None]
2026-06-04 21:45:30.607 [ERROR] scripts.vep.client: VEP request error for https://rest.ensembl.org/vep/human/region/9:87719615-87719615:1/T?content-type=application/json: Cannot connect to host rest.ensembl.org:443 ssl:default [None]
2026-06-04 21:45:30.619 [ERROR] scripts.vep.client: VEP request error for https://rest.ensembl.org/vep/human/region/9:37037962-37037962:1/C?content-type=application/json: Cannot connect to host rest.ensembl.org:443 ssl:default [None]
2026-06-04 21:45:30.650 [ERROR] scripts.vep.client: VEP request error for https://rest.ensembl.org/vep/human/region/9:87732868-87732868:1/A?content-type=application/json: Cannot connect to host rest.ensembl.org:443 ssl:default [None]
2026-06-04 21:45:30.747 [ERROR] scripts.vep.client: VEP request error for https://rest.ensembl.org/vep/human/region/9:87727760-87727760:1/T?content-type=application/json: Cannot connect to host rest.ensembl.org:443 ssl:default [None]
2026-06-04 21:45:30.758 [ERROR] scripts.vep.client: VEP request error for https://rest.ensembl.org/vep/human/region/9:37038329-37038329:1/G?content-type=application/json: Cannot connect to host rest.ensembl.org:443 ssl:default [None]
2026-06-04 21:45:30.783 [ERROR] scripts.vep.client: VEP request error for https://rest.ensembl.org/vep/human/region/9:87722263-87722263:1/T?content-type=application/json: Cannot connect to host rest.ensembl.org:443 ssl:default [None]
2026-06-04 21:45:30.813 [ERROR] scripts.vep.client: VEP request error for https://rest.ensembl.org/vep/human/region/9:87732535-87732535:1/T?content-type=application/json: Cannot connect to host rest.ensembl.org:443 ssl:default [None]
2026-06-04 21:45:30.893 [ERROR] scripts.vep.client: VEP request error for https://rest.ensembl.org/vep/human/region/9:37034098-37034099:1/-?content-type=application/json: Cannot connect to host rest.ensembl.org:443 ssl:default [None]
2026-06-04 21:45:30.941 [ERROR] scripts.vep.client: VEP request error for https://rest.ensembl.org/vep/human/region/9:87723468-87723468:1/C?content-type=application/json: Cannot connect to host rest.ensembl.org:443 ssl:default [None]
2026-06-04 21:45:31.009 [ERROR] scripts.vep.client: VEP request error for https://rest.ensembl.org/vep/human/region/9:87735167-87735168:1/-?content-type=application/json: Cannot connect to host rest.ensembl.org:443 ssl:default [None]
2026-06-04 21:45:31.079 [ERROR] scripts.vep.client: VEP request error for https://rest.ensembl.org/vep/human/region/9:87735590-87735590:1/C?content-type=application/json: Cannot connect to host rest.ensembl.org:443 ssl:default [None]
2026-06-04 21:45:31.125 [ERROR] scripts.vep.client: VEP request error for https://rest.ensembl.org/vep/human/region/9:87724615-87724615:1/G?content-type=application/json: Cannot connect to host rest.ensembl.org:443 ssl:default [None]
2026-06-04 21:45:31.222 [ERROR] scripts.vep.client: VEP request error for https://rest.ensembl.org/vep/human/region/9:95102877-95102877:1/G?content-type=application/json: Cannot connect to host rest.ensembl.org:443 ssl:default [None]
2026-06-04 21:45:31.256 [ERROR] scripts.vep.client: VEP request error for https://rest.ensembl.org/vep/human/region/9:87734871-87734871:1/G?content-type=application/json: Cannot connect to host rest.ensembl.org:443 ssl:default [None]
2026-06-04 21:45:31.353 [ERROR] scripts.vep.client: VEP request error for https://rest.ensembl.org/vep/human/region/9:87723998-87723998:1/G?content-type=application/json: Cannot connect to host rest.ensembl.org:443 ssl:default [None]
2026-06-04 21:45:31.378 [ERROR] scripts.vep.client: VEP request error for https://rest.ensembl.org/vep/human/region/9:87724678-87724678:1/AAA?content-type=application/json: Cannot connect to host rest.ensembl.org:443 ssl:default [None]
2026-06-04 21:45:31.405 [ERROR] scripts.vep.client: VEP request error for https://rest.ensembl.org/vep/human/region/9:87726574-87726574:1/T?content-type=application/json: Cannot connect to host rest.ensembl.org:443 ssl:default [None]
2026-06-04 21:45:31.558 [ERROR] scripts.vep.client: VEP request error for https://rest.ensembl.org/vep/human/region/9:87725948-87725948:1/A?content-type=application/json: Cannot connect to host rest.ensembl.org:443 ssl:default [None]
2026-06-04 21:45:31.563 [ERROR] scripts.vep.client: VEP request error for https://rest.ensembl.org/vep/human/region/9:87724403-87724403:1/A?content-type=application/json: Cannot connect to host rest.ensembl.org:443 ssl:default [None]
2026-06-04 21:45:31.700 [ERROR] scripts.vep.client: VEP request error for https://rest.ensembl.org/vep/human/region/9:87723590-87723590:1/G?content-type=application/json: Cannot connect to host rest.ensembl.org:443 ssl:default [None]
2026-06-04 21:45:31.728 [ERROR] scripts.vep.client: VEP request error for https://rest.ensembl.org/vep/human/region/9:87734946-87734946:1/C?content-type=application/json: Cannot connect to host rest.ensembl.org:443 ssl:default [None]
2026-06-04 21:45:31.764 [ERROR] scripts.vep.client: VEP request error for https://rest.ensembl.org/vep/human/region/9:87722756-87722756:1/G?content-type=application/json: Cannot connect to host rest.ensembl.org:443 ssl:default [None]
2026-06-04 21:45:31.781 [ERROR] scripts.vep.client: VEP request error for https://rest.ensembl.org/vep/human/region/9:87730693-87730693:1/C?content-type=application/json: Cannot connect to host rest.ensembl.org:443 ssl:default [None]
2026-06-04 21:45:31.843 [ERROR] scripts.vep.client: VEP request error for https://rest.ensembl.org/vep/human/region/9:87735566-87735566:1/A?content-type=application/json: Cannot connect to host rest.ensembl.org:443 ssl:default [None]
2026-06-04 21:45:31.954 [ERROR] scripts.vep.client: VEP request error for https://rest.ensembl.org/vep/human/region/9:95096562-95096562:1/C?content-type=application/json: Cannot connect to host rest.ensembl.org:443 ssl:default [None]
2026-06-04 21:45:32.038 [ERROR] scripts.vep.client: VEP request error for https://rest.ensembl.org/vep/human/region/9:87734804-87734804:1/TTTT?content-type=application/json: Cannot connect to host rest.ensembl.org:443 ssl:default [None]
2026-06-04 21:45:32.072 [ERROR] scripts.vep.client: VEP request error for https://rest.ensembl.org/vep/human/region/9:95107410-95107410:1/G?content-type=application/json: Cannot connect to host rest.ensembl.org:443 ssl:default [None]
2026-06-04 21:45:32.091 [ERROR] scripts.vep.client: VEP request error for https://rest.ensembl.org/vep/human/region/9:87734287-87734287:1/C?content-type=application/json: Cannot connect to host rest.ensembl.org:443 ssl:default [None]
2026-06-04 21:45:32.121 [ERROR] scripts.vep.client: VEP request error for https://rest.ensembl.org/vep/human/region/9:95113626-95113626:1/T?content-type=application/json: Cannot connect to host rest.ensembl.org:443 ssl:default [None]
2026-06-04 21:45:32.138 [ERROR] scripts.vep.client: VEP request error for https://rest.ensembl.org/vep/human/region/9:95110430-95110430:1/T?content-type=application/json: Cannot connect to host rest.ensembl.org:443 ssl:default [None]
2026-06-04 21:45:32.228 [ERROR] scripts.vep.client: VEP request error for https://rest.ensembl.org/vep/human/region/9:87726596-87726596:1/T?content-type=application/json: Cannot connect to host rest.ensembl.org:443 ssl:default [None]
2026-06-04 21:45:32.262 [ERROR] scripts.vep.client: VEP request error for https://rest.ensembl.org/vep/human/region/9:87735341-87735342:1/-?content-type=application/json: Cannot connect to host rest.ensembl.org:443 ssl:default [None]
2026-06-04 21:45:32.306 [ERROR] scripts.vep.client: VEP request error for https://rest.ensembl.org/vep/human/region/9:87734338-87734338:1/C?content-type=application/json: Cannot connect to host rest.ensembl.org:443 ssl:default [None]
2026-06-04 21:45:32.342 [ERROR] scripts.vep.client: VEP request error for https://rest.ensembl.org/vep/human/region/9:95109653-95109653:1/C?content-type=application/json: Cannot connect to host rest.ensembl.org:443 ssl:default [None]
2026-06-04 21:45:32.420 [ERROR] scripts.vep.client: VEP request error for https://rest.ensembl.org/vep/human/region/9:95096910-95096910:1/C?content-type=application/json: Cannot connect to host rest.ensembl.org:443 ssl:default [None]
2026-06-04 21:45:32.561 [ERROR] scripts.vep.client: VEP request error for https://rest.ensembl.org/vep/human/region/9:95104519-95104519:1/G?content-type=application/json: Cannot connect to host rest.ensembl.org:443 ssl:default [None]
2026-06-04 21:45:32.712 [ERROR] scripts.vep.client: VEP request error for https://rest.ensembl.org/vep/human/region/9:87735872-87735872:1/A?content-type=application/json: Cannot connect to host rest.ensembl.org:443 ssl:default [None]
2026-06-04 21:45:32.824 [ERROR] scripts.vep.client: VEP request error for https://rest.ensembl.org/vep/human/region/9:95099836-95099836:1/T?content-type=application/json: Cannot connect to host rest.ensembl.org:443 ssl:default [None]
2026-06-04 21:45:32.841 [ERROR] scripts.vep.client: VEP request error for https://rest.ensembl.org/vep/human/region/9:95129027-95129027:1/C?content-type=application/json: Cannot connect to host rest.ensembl.org:443 ssl:default [None]
2026-06-04 21:45:32.885 [ERROR] scripts.vep.client: VEP request error for https://rest.ensembl.org/vep/human/region/9:95100419-95100419:1/G?content-type=application/json: Cannot connect to host rest.ensembl.org:443 ssl:default [None]
2026-06-04 21:45:33.017 [ERROR] scripts.vep.client: VEP request error for https://rest.ensembl.org/vep/human/region/9:95113644-95113644:1/G?content-type=application/json: Cannot connect to host rest.ensembl.org:443 ssl:default [None]
2026-06-04 21:45:33.039 [ERROR] scripts.vep.client: VEP request error for https://rest.ensembl.org/vep/human/region/9:95117605-95117605:1/AAATAAT?content-type=application/json: Cannot connect to host rest.ensembl.org:443 ssl:default [None]
2026-06-04 21:45:33.189 [ERROR] scripts.vep.client: VEP request error for https://rest.ensembl.org/vep/human/region/9:87736016-87736018:1/-?content-type=application/json: Cannot connect to host rest.ensembl.org:443 ssl:default [None]
2026-06-04 21:45:33.205 [ERROR] scripts.vep.client: VEP request error for https://rest.ensembl.org/vep/human/region/9:95104101-95104101:1/A?content-type=application/json: Cannot connect to host rest.ensembl.org:443 ssl:default [None]
2026-06-04 21:45:33.224 [ERROR] scripts.vep.client: VEP request error for https://rest.ensembl.org/vep/human/region/9:95108909-95108910:1/-?content-type=application/json: Cannot connect to host rest.ensembl.org:443 ssl:default [None]
2026-06-04 21:45:33.348 [ERROR] scripts.vep.client: VEP request error for https://rest.ensembl.org/vep/human/region/9:95141985-95141985:1/T?content-type=application/json: Cannot connect to host rest.ensembl.org:443 ssl:default [None]
2026-06-04 21:45:33.349 [ERROR] scripts.vep.client: VEP request error for https://rest.ensembl.org/vep/human/region/9:95111057-95111057:1/A?content-type=application/json: Cannot connect to host rest.ensembl.org:443 ssl:default [None]
2026-06-04 21:45:33.500 [ERROR] scripts.vep.client: VEP request error for https://rest.ensembl.org/vep/human/region/9:95143687-95143687:1/G?content-type=application/json: Cannot connect to host rest.ensembl.org:443 ssl:default [None]
2026-06-04 21:45:33.547 [ERROR] scripts.vep.client: VEP request error for https://rest.ensembl.org/vep/human/region/9:95145376-95145376:1/C?content-type=application/json: Cannot connect to host rest.ensembl.org:443 ssl:default [None]
2026-06-04 21:45:33.591 [ERROR] scripts.vep.client: VEP request error for https://rest.ensembl.org/vep/human/region/9:95149465-95149465:1/C?content-type=application/json: Cannot connect to host rest.ensembl.org:443 ssl:default [None]
2026-06-04 21:45:33.595 [ERROR] scripts.vep.client: VEP request error for https://rest.ensembl.org/vep/human/region/9:95105189-95105189:1/G?content-type=application/json: Cannot connect to host rest.ensembl.org:443 ssl:default [None]
2026-06-04 21:45:33.600 [ERROR] scripts.vep.client: VEP request error for https://rest.ensembl.org/vep/human/region/9:95111153-95111153:1/A?content-type=application/json: Cannot connect to host rest.ensembl.org:443 ssl:default [None]
2026-06-04 21:45:33.679 [ERROR] scripts.vep.client: VEP request error for https://rest.ensembl.org/vep/human/region/9:95113691-95113691:1/C?content-type=application/json: Cannot connect to host rest.ensembl.org:443 ssl:default [None]
2026-06-04 21:45:33.738 [ERROR] scripts.vep.client: VEP request error for https://rest.ensembl.org/vep/human/region/9:95145056-95145056:1/T?content-type=application/json: Cannot connect to host rest.ensembl.org:443 ssl:default [None]
2026-06-04 21:45:33.742 [ERROR] scripts.vep.client: VEP request error for https://rest.ensembl.org/vep/human/region/9:95135938-95135938:1/G?content-type=application/json: Cannot connect to host rest.ensembl.org:443 ssl:default [None]
2026-06-04 21:45:33.743 [ERROR] scripts.vep.client: VEP request error for https://rest.ensembl.org/vep/human/region/9:95124103-95124105:1/-?content-type=application/json: Cannot connect to host rest.ensembl.org:443 ssl:default [None]
2026-06-04 21:45:33.766 [ERROR] scripts.vep.client: VEP request error for https://rest.ensembl.org/vep/human/region/9:95119365-95119366:1/-?content-type=application/json: Cannot connect to host rest.ensembl.org:443 ssl:default [None]
2026-06-04 21:45:33.800 [ERROR] scripts.vep.client: VEP request error for https://rest.ensembl.org/vep/human/region/9:95155343-95155343:1/AGGG?content-type=application/json: Cannot connect to host rest.ensembl.org:443 ssl:default [None]
2026-06-04 21:45:33.853 [ERROR] scripts.vep.client: VEP request error for https://rest.ensembl.org/vep/human/region/9:95114101-95114101:1/C?content-type=application/json: Cannot connect to host rest.ensembl.org:443 ssl:default [None]
2026-06-04 21:45:33.899 [ERROR] scripts.vep.client: VEP request error for https://rest.ensembl.org/vep/human/region/9:95123334-95123334:1/C?content-type=application/json: Cannot connect to host rest.ensembl.org:443 ssl:default [None]
2026-06-04 21:45:33.901 [ERROR] scripts.vep.client: VEP request error for https://rest.ensembl.org/vep/human/region/9:95138707-95138707:1/C?content-type=application/json: Cannot connect to host rest.ensembl.org:443 ssl:default [None]
2026-06-04 21:45:33.979 [ERROR] scripts.vep.client: VEP request error for https://rest.ensembl.org/vep/human/region/9:95104236-95104236:1/T?content-type=application/json: Cannot connect to host rest.ensembl.org:443 ssl:default [None]
2026-06-04 21:45:33.995 [ERROR] scripts.vep.client: VEP request error for https://rest.ensembl.org/vep/human/region/9:95120416-95120417:1/-?content-type=application/json: Cannot connect to host rest.ensembl.org:443 ssl:default [None]
2026-06-04 21:45:34.093 [ERROR] scripts.vep.client: VEP request error for https://rest.ensembl.org/vep/human/region/9:95121650-95121650:1/A?content-type=application/json: Cannot connect to host rest.ensembl.org:443 ssl:default [None]
2026-06-04 21:45:34.105 [ERROR] scripts.vep.client: VEP request error for https://rest.ensembl.org/vep/human/region/9:95114064-95114064:1/G?content-type=application/json: Cannot connect to host rest.ensembl.org:443 ssl:default [None]
2026-06-04 21:45:34.191 [ERROR] scripts.vep.client: VEP request error for https://rest.ensembl.org/vep/human/region/9:95139834-95139834:1/TA?content-type=application/json: Cannot connect to host rest.ensembl.org:443 ssl:default [None]
2026-06-04 21:45:34.201 [ERROR] scripts.vep.client: VEP request error for https://rest.ensembl.org/vep/human/region/9:95146878-95146878:1/T?content-type=application/json: Cannot connect to host rest.ensembl.org:443 ssl:default [None]
2026-06-04 21:45:34.251 [ERROR] scripts.vep.client: VEP request error for https://rest.ensembl.org/vep/human/region/9:95111675-95111675:1/G?content-type=application/json: Cannot connect to host rest.ensembl.org:443 ssl:default [None]
2026-06-04 21:45:34.295 [ERROR] scripts.vep.client: VEP request error for https://rest.ensembl.org/vep/human/region/9:95130282-95130282:1/TG?content-type=application/json: Cannot connect to host rest.ensembl.org:443 ssl:default [None]
2026-06-04 21:45:34.390 [ERROR] scripts.vep.client: VEP request error for https://rest.ensembl.org/vep/human/region/9:95174543-95174543:1/A?content-type=application/json: Cannot connect to host rest.ensembl.org:443 ssl:default [None]
2026-06-04 21:45:34.470 [ERROR] scripts.vep.client: VEP request error for https://rest.ensembl.org/vep/human/region/9:95158430-95158430:1/T?content-type=application/json: Cannot connect to host rest.ensembl.org:443 ssl:default [None]
2026-06-04 21:45:34.595 [ERROR] scripts.vep.client: VEP request error for https://rest.ensembl.org/vep/human/region/9:95119993-95119993:1/TGAGTT?content-type=application/json: Cannot connect to host rest.ensembl.org:443 ssl:default [None]
2026-06-04 21:45:34.611 [ERROR] scripts.vep.client: VEP request error for https://rest.ensembl.org/vep/human/region/9:95170970-95170970:1/C?content-type=application/json: Cannot connect to host rest.ensembl.org:443 ssl:default [None]
2026-06-04 21:45:34.693 [ERROR] scripts.vep.client: VEP request error for https://rest.ensembl.org/vep/human/region/9:95146158-95146158:1/T?content-type=application/json: Cannot connect to host rest.ensembl.org:443 ssl:default [None]
2026-06-04 21:45:34.821 [ERROR] scripts.vep.client: VEP request error for https://rest.ensembl.org/vep/human/region/9:95150744-95150744:1/G?content-type=application/json: Cannot connect to host rest.ensembl.org:443 ssl:default [None]
2026-06-04 21:45:34.883 [ERROR] scripts.vep.client: VEP request error for https://rest.ensembl.org/vep/human/region/9:95154245-95154245:1/A?content-type=application/json: Cannot connect to host rest.ensembl.org:443 ssl:default [None]
2026-06-04 21:45:35.006 [ERROR] scripts.vep.client: VEP request error for https://rest.ensembl.org/vep/human/region/9:95159383-95159383:1/C?content-type=application/json: Cannot connect to host rest.ensembl.org:443 ssl:default [None]
2026-06-04 21:45:35.223 [ERROR] scripts.vep.client: VEP request error for https://rest.ensembl.org/vep/human/region/9:95174077-95174077:1/G?content-type=application/json: Cannot connect to host rest.ensembl.org:443 ssl:default [None]
2026-06-04 21:45:35.304 [ERROR] scripts.vep.client: VEP request error for https://rest.ensembl.org/vep/human/region/9:95171479-95171479:1/C?content-type=application/json: Cannot connect to host rest.ensembl.org:443 ssl:default [None]
2026-06-04 21:45:35.304 [ERROR] scripts.vep.client: VEP request error for https://rest.ensembl.org/vep/human/region/9:95142062-95142062:1/A?content-type=application/json: Cannot connect to host rest.ensembl.org:443 ssl:default [None]
2026-06-04 21:45:35.323 [ERROR] scripts.vep.client: VEP request error for https://rest.ensembl.org/vep/human/region/9:95155892-95155892:1/T?content-type=application/json: Cannot connect to host rest.ensembl.org:443 ssl:default [None]
2026-06-04 21:45:35.444 [ERROR] scripts.vep.client: VEP request error for https://rest.ensembl.org/vep/human/region/9:95161842-95161843:1/-?content-type=application/json: Cannot connect to host rest.ensembl.org:443 ssl:default [None]
2026-06-04 21:45:35.771 [ERROR] scripts.vep.client: VEP request error for https://rest.ensembl.org/vep/human/region/9:95173987-95173987:1/G?content-type=application/json: Cannot connect to host rest.ensembl.org:443 ssl:default [None]
2026-06-04 21:45:35.773 [INFO] scripts.vep.client: VEP batch 266/516 done
2026-06-04 21:45:37.252 [ERROR] scripts.vep.client: VEP request error for https://rest.ensembl.org/vep/human/region/9:95229297-95229298:1/-?content-type=application/json: Cannot connect to host rest.ensembl.org:443 ssl:default [None]
2026-06-04 21:45:37.733 [ERROR] scripts.vep.client: VEP request error for https://rest.ensembl.org/vep/human/region/9:95184454-95184454:1/T?content-type=application/json: Cannot connect to host rest.ensembl.org:443 ssl:default [None]
2026-06-04 21:45:37.923 [ERROR] scripts.vep.client: VEP request error for https://rest.ensembl.org/vep/human/region/9:95192153-95192153:1/A?content-type=application/json: Cannot connect to host rest.ensembl.org:443 ssl:default [None]
2026-06-04 21:45:37.975 [ERROR] scripts.vep.client: VEP request error for https://rest.ensembl.org/vep/human/region/9:95211888-95211888:1/G?content-type=application/json: Cannot connect to host rest.ensembl.org:443 ssl:default [None]
2026-06-04 21:45:37.983 [ERROR] scripts.vep.client: VEP request error for https://rest.ensembl.org/vep/human/region/9:95189528-95189528:1/A?content-type=application/json: Cannot connect to host rest.ensembl.org:443 ssl:default [None]
2026-06-04 21:45:38.134 [ERROR] scripts.vep.client: VEP request error for https://rest.ensembl.org/vep/human/region/9:95227630-95227630:1/A?content-type=application/json: Cannot connect to host rest.ensembl.org:443 ssl:default [None]
2026-06-04 21:45:38.165 [ERROR] scripts.vep.client: VEP request error for https://rest.ensembl.org/vep/human/region/9:95218262-95218262:1/G?content-type=application/json: Cannot connect to host rest.ensembl.org:443 ssl:default [None]
2026-06-04 21:45:38.333 [ERROR] scripts.vep.client: VEP request error for https://rest.ensembl.org/vep/human/region/9:95250470-95250470:1/C?content-type=application/json: Cannot connect to host rest.ensembl.org:443 ssl:default [None]
2026-06-04 21:45:38.376 [ERROR] scripts.vep.client: VEP request error for https://rest.ensembl.org/vep/human/region/9:95204592-95204592:1/G?content-type=application/json: Cannot connect to host rest.ensembl.org:443 ssl:default [None]
2026-06-04 21:45:38.448 [ERROR] scripts.vep.client: VEP request error for https://rest.ensembl.org/vep/human/region/9:95195245-95195246:1/-?content-type=application/json: Cannot connect to host rest.ensembl.org:443 ssl:default [None]
2026-06-04 21:45:38.454 [ERROR] scripts.vep.client: VEP request error for https://rest.ensembl.org/vep/human/region/9:95209316-95209316:1/T?content-type=application/json: Cannot connect to host rest.ensembl.org:443 ssl:default [None]
2026-06-04 21:45:38.533 [ERROR] scripts.vep.client: VEP request error for https://rest.ensembl.org/vep/human/region/9:95210111-95210111:1/G?content-type=application/json: Cannot connect to host rest.ensembl.org:443 ssl:default [None]
2026-06-04 21:45:38.537 [ERROR] scripts.vep.client: VEP request error for https://rest.ensembl.org/vep/human/region/9:95216718-95216718:1/T?content-type=application/json: Cannot connect to host rest.ensembl.org:443 ssl:default [None]
2026-06-04 21:45:38.556 [ERROR] scripts.vep.client: VEP request error for https://rest.ensembl.org/vep/human/region/9:95235844-95235844:1/AA?content-type=application/json: Cannot connect to host rest.ensembl.org:443 ssl:default [None]
2026-06-04 21:45:38.683 [ERROR] scripts.vep.client: VEP request error for https://rest.ensembl.org/vep/human/region/9:95226925-95226925:1/T?content-type=application/json: Cannot connect to host rest.ensembl.org:443 ssl:default [None]
2026-06-04 21:45:38.689 [ERROR] scripts.vep.client: VEP request error for https://rest.ensembl.org/vep/human/region/9:95185566-95185566:1/C?content-type=application/json: Cannot connect to host rest.ensembl.org:443 ssl:default [None]
2026-06-04 21:45:38.733 [ERROR] scripts.vep.client: VEP request error for https://rest.ensembl.org/vep/human/region/9:95252744-95252744:1/A?content-type=application/json: Cannot connect to host rest.ensembl.org:443 ssl:default [None]
2026-06-04 21:45:38.746 [ERROR] scripts.vep.client: VEP request error for https://rest.ensembl.org/vep/human/region/9:95252883-95252883:1/A?content-type=application/json: Cannot connect to host rest.ensembl.org:443 ssl:default [None]
2026-06-04 21:45:38.759 [ERROR] scripts.vep.client: VEP request error for https://rest.ensembl.org/vep/human/region/9:95190890-95190890:1/C?content-type=application/json: Cannot connect to host rest.ensembl.org:443 ssl:default [None]
2026-06-04 21:45:38.773 [ERROR] scripts.vep.client: VEP request error for https://rest.ensembl.org/vep/human/region/9:95244678-95244679:1/-?content-type=application/json: Cannot connect to host rest.ensembl.org:443 ssl:default [None]
2026-06-04 21:45:38.777 [ERROR] scripts.vep.client: VEP request error for https://rest.ensembl.org/vep/human/region/9:95207377-95207377:1/C?content-type=application/json: Cannot connect to host rest.ensembl.org:443 ssl:default [None]
2026-06-04 21:45:38.796 [ERROR] scripts.vep.client: VEP request error for https://rest.ensembl.org/vep/human/region/9:95190690-95190690:1/G?content-type=application/json: Cannot connect to host rest.ensembl.org:443 ssl:default [None]
2026-06-04 21:45:38.840 [ERROR] scripts.vep.client: VEP request error for https://rest.ensembl.org/vep/human/region/9:95233396-95233396:1/C?content-type=application/json: Cannot connect to host rest.ensembl.org:443 ssl:default [None]
2026-06-04 21:45:38.843 [ERROR] scripts.vep.client: VEP request error for https://rest.ensembl.org/vep/human/region/9:95239771-95239771:1/G?content-type=application/json: Cannot connect to host rest.ensembl.org:443 ssl:default [None]
2026-06-04 21:45:38.875 [ERROR] scripts.vep.client: VEP request error for https://rest.ensembl.org/vep/human/region/9:95224262-95224262:1/T?content-type=application/json: Cannot connect to host rest.ensembl.org:443 ssl:default [None]
2026-06-04 21:45:38.887 [ERROR] scripts.vep.client: VEP request error for https://rest.ensembl.org/vep/human/region/9:95180682-95180682:1/G?content-type=application/json: Cannot connect to host rest.ensembl.org:443 ssl:default [None]
2026-06-04 21:45:38.890 [ERROR] scripts.vep.client: VEP request error for https://rest.ensembl.org/vep/human/region/9:95198351-95198351:1/T?content-type=application/json: Cannot connect to host rest.ensembl.org:443 ssl:default [None]
2026-06-04 21:45:38.915 [ERROR] scripts.vep.client: VEP request error for https://rest.ensembl.org/vep/human/region/9:95246099-95246099:1/T?content-type=application/json: Cannot connect to host rest.ensembl.org:443 ssl:default [None]
2026-06-04 21:45:38.926 [ERROR] scripts.vep.client: VEP request error for https://rest.ensembl.org/vep/human/region/9:95240154-95240154:1/C?content-type=application/json: Cannot connect to host rest.ensembl.org:443 ssl:default [None]
2026-06-04 21:45:38.969 [ERROR] scripts.vep.client: VEP request error for https://rest.ensembl.org/vep/human/region/9:95217664-95217668:1/-?content-type=application/json: Cannot connect to host rest.ensembl.org:443 ssl:default [None]
2026-06-04 21:45:39.018 [ERROR] scripts.vep.client: VEP request error for https://rest.ensembl.org/vep/human/region/9:95195196-95195196:1/A?content-type=application/json: Cannot connect to host rest.ensembl.org:443 ssl:default [None]
2026-06-04 21:45:39.054 [ERROR] scripts.vep.client: VEP request error for https://rest.ensembl.org/vep/human/region/9:95209903-95209903:1/C?content-type=application/json: Cannot connect to host rest.ensembl.org:443 ssl:default [None]
2026-06-04 21:45:39.059 [ERROR] scripts.vep.client: VEP request error for https://rest.ensembl.org/vep/human/region/9:95196026-95196026:1/C?content-type=application/json: Cannot connect to host rest.ensembl.org:443 ssl:default [None]
2026-06-04 21:45:39.101 [ERROR] scripts.vep.client: VEP request error for https://rest.ensembl.org/vep/human/region/9:95178525-95178525:1/T?content-type=application/json: Cannot connect to host rest.ensembl.org:443 ssl:default [None]
2026-06-04 21:45:39.108 [ERROR] scripts.vep.client: VEP request error for https://rest.ensembl.org/vep/human/region/9:95236319-95236319:1/G?content-type=application/json: Cannot connect to host rest.ensembl.org:443 ssl:default [None]
2026-06-04 21:45:39.134 [ERROR] scripts.vep.client: VEP request error for https://rest.ensembl.org/vep/human/region/9:95220387-95220387:1/C?content-type=application/json: Cannot connect to host rest.ensembl.org:443 ssl:default [None]
2026-06-04 21:45:39.134 [ERROR] scripts.vep.client: VEP request error for https://rest.ensembl.org/vep/human/region/9:95244086-95244086:1/T?content-type=application/json: Cannot connect to host rest.ensembl.org:443 ssl:default [None]
2026-06-04 21:45:39.135 [ERROR] scripts.vep.client: VEP request error for https://rest.ensembl.org/vep/human/region/9:95197218-95197218:1/A?content-type=application/json: Cannot connect to host rest.ensembl.org:443 ssl:default [None]
2026-06-04 21:45:39.200 [ERROR] scripts.vep.client: VEP request error for https://rest.ensembl.org/vep/human/region/9:95253676-95253676:1/G?content-type=application/json: Cannot connect to host rest.ensembl.org:443 ssl:default [None]
2026-06-04 21:45:39.223 [ERROR] scripts.vep.client: VEP request error for https://rest.ensembl.org/vep/human/region/9:95227538-95227538:1/T?content-type=application/json: Cannot connect to host rest.ensembl.org:443 ssl:default [None]
2026-06-04 21:45:39.333 [ERROR] scripts.vep.client: VEP request error for https://rest.ensembl.org/vep/human/region/9:95222162-95222164:1/-?content-type=application/json: Cannot connect to host rest.ensembl.org:443 ssl:default [None]
2026-06-04 21:45:39.335 [ERROR] scripts.vep.client: VEP request error for https://rest.ensembl.org/vep/human/region/9:95243789-95243789:1/G?content-type=application/json: Cannot connect to host rest.ensembl.org:443 ssl:default [None]
2026-06-04 21:45:39.425 [ERROR] scripts.vep.client: VEP request error for https://rest.ensembl.org/vep/human/region/9:95220429-95220429:1/T?content-type=application/json: Cannot connect to host rest.ensembl.org:443 ssl:default [None]
2026-06-04 21:45:39.428 [ERROR] scripts.vep.client: VEP request error for https://rest.ensembl.org/vep/human/region/9:95254422-95254422:1/T?content-type=application/json: Cannot connect to host rest.ensembl.org:443 ssl:default [None]
2026-06-04 21:45:39.448 [ERROR] scripts.vep.client: VEP request error for https://rest.ensembl.org/vep/human/region/9:95222761-95222761:1/T?content-type=application/json: Cannot connect to host rest.ensembl.org:443 ssl:default [None]
2026-06-04 21:45:39.471 [ERROR] scripts.vep.client: VEP request error for https://rest.ensembl.org/vep/human/region/9:95230094-95230094:1/A?content-type=application/json: Cannot connect to host rest.ensembl.org:443 ssl:default [None]
2026-06-04 21:45:39.486 [ERROR] scripts.vep.client: VEP request error for https://rest.ensembl.org/vep/human/region/9:95209886-95209886:1/G?content-type=application/json: Cannot connect to host rest.ensembl.org:443 ssl:default [None]
2026-06-04 21:45:39.487 [ERROR] scripts.vep.client: VEP request error for https://rest.ensembl.org/vep/human/region/9:95243853-95243853:1/T?content-type=application/json: Cannot connect to host rest.ensembl.org:443 ssl:default [None]
2026-06-04 21:45:39.582 [ERROR] scripts.vep.client: VEP request error for https://rest.ensembl.org/vep/human/region/9:95259210-95259210:1/A?content-type=application/json: Cannot connect to host rest.ensembl.org:443 ssl:default [None]
2026-06-04 21:45:39.640 [ERROR] scripts.vep.client: VEP request error for https://rest.ensembl.org/vep/human/region/9:95178686-95178686:1/T?content-type=application/json: Cannot connect to host rest.ensembl.org:443 ssl:default [None]
2026-06-04 21:45:39.696 [ERROR] scripts.vep.client: VEP request error for https://rest.ensembl.org/vep/human/region/9:95191097-95191097:1/T?content-type=application/json: Cannot connect to host rest.ensembl.org:443 ssl:default [None]
2026-06-04 21:45:40.068 [ERROR] scripts.vep.client: VEP request error for https://rest.ensembl.org/vep/human/region/9:95261540-95261540:1/C?content-type=application/json: Cannot connect to host rest.ensembl.org:443 ssl:default [None]
2026-06-04 21:45:40.133 [ERROR] scripts.vep.client: VEP request error for https://rest.ensembl.org/vep/human/region/9:95272216-95272216:1/C?content-type=application/json: Cannot connect to host rest.ensembl.org:443 ssl:default [None]
2026-06-04 21:45:40.649 [ERROR] scripts.vep.client: VEP request error for https://rest.ensembl.org/vep/human/region/9:95299229-95299229:1/G?content-type=application/json: Cannot connect to host rest.ensembl.org:443 ssl:default [None]
2026-06-04 21:45:41.013 [ERROR] scripts.vep.client: VEP request error for https://rest.ensembl.org/vep/human/region/9:95261023-95261023:1/T?content-type=application/json: Cannot connect to host rest.ensembl.org:443 ssl:default [None]
2026-06-04 21:45:41.015 [ERROR] scripts.vep.client: VEP request error for https://rest.ensembl.org/vep/human/region/9:95260684-95260684:1/A?content-type=application/json: Cannot connect to host rest.ensembl.org:443 ssl:default [None]
2026-06-04 21:45:41.069 [ERROR] scripts.vep.client: VEP request error for https://rest.ensembl.org/vep/human/region/9:95276381-95276381:1/C?content-type=application/json: Cannot connect to host rest.ensembl.org:443 ssl:default [None]
2026-06-04 21:45:41.103 [ERROR] scripts.vep.client: VEP request error for https://rest.ensembl.org/vep/human/region/9:95275072-95275072:1/G?content-type=application/json: Cannot connect to host rest.ensembl.org:443 ssl:default [None]
2026-06-04 21:45:41.144 [ERROR] scripts.vep.client: VEP request error for https://rest.ensembl.org/vep/human/region/9:95288737-95288737:1/T?content-type=application/json: Cannot connect to host rest.ensembl.org:443 ssl:default [None]
2026-06-04 21:45:41.172 [ERROR] scripts.vep.client: VEP request error for https://rest.ensembl.org/vep/human/region/9:95263478-95263478:1/TG?content-type=application/json: Cannot connect to host rest.ensembl.org:443 ssl:default [None]
2026-06-04 21:45:41.280 [ERROR] scripts.vep.client: VEP request error for https://rest.ensembl.org/vep/human/region/9:95302484-95302484:1/T?content-type=application/json: Cannot connect to host rest.ensembl.org:443 ssl:default [None]
2026-06-04 21:45:41.398 [ERROR] scripts.vep.client: VEP request error for https://rest.ensembl.org/vep/human/region/9:95298349-95298349:1/C?content-type=application/json: Cannot connect to host rest.ensembl.org:443 ssl:default [None]
2026-06-04 21:45:41.491 [ERROR] scripts.vep.client: VEP request error for https://rest.ensembl.org/vep/human/region/9:95277061-95277061:1/T?content-type=application/json: Cannot connect to host rest.ensembl.org:443 ssl:default [None]
2026-06-04 21:45:41.523 [ERROR] scripts.vep.client: VEP request error for https://rest.ensembl.org/vep/human/region/9:95296477-95296477:1/C?content-type=application/json: Cannot connect to host rest.ensembl.org:443 ssl:default [None]
2026-06-04 21:45:41.541 [ERROR] scripts.vep.client: VEP request error for https://rest.ensembl.org/vep/human/region/9:95303661-95303661:1/A?content-type=application/json: Cannot connect to host rest.ensembl.org:443 ssl:default [None]
2026-06-04 21:45:41.690 [ERROR] scripts.vep.client: VEP request error for https://rest.ensembl.org/vep/human/region/9:95292718-95292718:1/A?content-type=application/json: Cannot connect to host rest.ensembl.org:443 ssl:default [None]
2026-06-04 21:45:41.720 [ERROR] scripts.vep.client: VEP request error for https://rest.ensembl.org/vep/human/region/9:95315610-95315610:1/C?content-type=application/json: Cannot connect to host rest.ensembl.org:443 ssl:default [None]
2026-06-04 21:45:41.726 [ERROR] scripts.vep.client: VEP request error for https://rest.ensembl.org/vep/human/region/9:95309447-95309447:1/C?content-type=application/json: Cannot connect to host rest.ensembl.org:443 ssl:default [None]
2026-06-04 21:45:41.782 [ERROR] scripts.vep.client: VEP request error for https://rest.ensembl.org/vep/human/region/9:95286506-95286506:1/G?content-type=application/json: Cannot connect to host rest.ensembl.org:443 ssl:default [None]
2026-06-04 21:45:41.797 [ERROR] scripts.vep.client: VEP request error for https://rest.ensembl.org/vep/human/region/9:95279947-95279948:1/-?content-type=application/json: Cannot connect to host rest.ensembl.org:443 ssl:default [None]
2026-06-04 21:45:41.816 [ERROR] scripts.vep.client: VEP request error for https://rest.ensembl.org/vep/human/region/9:95290425-95290425:1/T?content-type=application/json: Cannot connect to host rest.ensembl.org:443 ssl:default [None]
2026-06-04 21:45:41.876 [ERROR] scripts.vep.client: VEP request error for https://rest.ensembl.org/vep/human/region/9:95291745-95291745:1/T?content-type=application/json: Cannot connect to host rest.ensembl.org:443 ssl:default [None]
2026-06-04 21:45:41.903 [ERROR] scripts.vep.client: VEP request error for https://rest.ensembl.org/vep/human/region/9:95260686-95260686:1/A?content-type=application/json: Cannot connect to host rest.ensembl.org:443 ssl:default [None]
2026-06-04 21:45:41.911 [ERROR] scripts.vep.client: VEP request error for https://rest.ensembl.org/vep/human/region/9:95291399-95291399:1/G?content-type=application/json: Cannot connect to host rest.ensembl.org:443 ssl:default [None]
2026-06-04 21:45:41.928 [ERROR] scripts.vep.client: VEP request error for https://rest.ensembl.org/vep/human/region/9:95333426-95333426:1/C?content-type=application/json: Cannot connect to host rest.ensembl.org:443 ssl:default [None]
2026-06-04 21:45:41.981 [ERROR] scripts.vep.client: VEP request error for https://rest.ensembl.org/vep/human/region/9:95261655-95261655:1/A?content-type=application/json: Cannot connect to host rest.ensembl.org:443 ssl:default [None]
2026-06-04 21:45:41.987 [ERROR] scripts.vep.client: VEP request error for https://rest.ensembl.org/vep/human/region/9:95306492-95306492:1/A?content-type=application/json: Cannot connect to host rest.ensembl.org:443 ssl:default [None]
2026-06-04 21:45:42.099 [ERROR] scripts.vep.client: VEP request error for https://rest.ensembl.org/vep/human/region/9:95302247-95302247:1/C?content-type=application/json: Cannot connect to host rest.ensembl.org:443 ssl:default [None]
2026-06-04 21:45:42.106 [ERROR] scripts.vep.client: VEP request error for https://rest.ensembl.org/vep/human/region/9:95297574-95297574:1/G?content-type=application/json: Cannot connect to host rest.ensembl.org:443 ssl:default [None]
2026-06-04 21:45:42.183 [ERROR] scripts.vep.client: VEP request error for https://rest.ensembl.org/vep/human/region/9:95307498-95307498:1/G?content-type=application/json: Cannot connect to host rest.ensembl.org:443 ssl:default [None]
2026-06-04 21:45:42.195 [ERROR] scripts.vep.client: VEP request error for https://rest.ensembl.org/vep/human/region/9:95331646-95331646:1/A?content-type=application/json: Cannot connect to host rest.ensembl.org:443 ssl:default [None]
2026-06-04 21:45:42.231 [ERROR] scripts.vep.client: VEP request error for https://rest.ensembl.org/vep/human/region/9:95304589-95304590:1/-?content-type=application/json: Cannot connect to host rest.ensembl.org:443 ssl:default [None]
2026-06-04 21:45:42.232 [ERROR] scripts.vep.client: VEP request error for https://rest.ensembl.org/vep/human/region/9:95305527-95305527:1/C?content-type=application/json: Cannot connect to host rest.ensembl.org:443 ssl:default [None]
2026-06-04 21:45:42.268 [ERROR] scripts.vep.client: VEP request error for https://rest.ensembl.org/vep/human/region/9:95314631-95314631:1/T?content-type=application/json: Cannot connect to host rest.ensembl.org:443 ssl:default [None]
2026-06-04 21:45:42.313 [ERROR] scripts.vep.client: VEP request error for https://rest.ensembl.org/vep/human/region/9:95291947-95291947:1/AA?content-type=application/json: Cannot connect to host rest.ensembl.org:443 ssl:default [None]
2026-06-04 21:45:42.365 [ERROR] scripts.vep.client: VEP request error for https://rest.ensembl.org/vep/human/region/9:95329576-95329578:1/-?content-type=application/json: Cannot connect to host rest.ensembl.org:443 ssl:default [None]
2026-06-04 21:45:42.375 [ERROR] scripts.vep.client: VEP request error for https://rest.ensembl.org/vep/human/region/9:95319239-95319239:1/C?content-type=application/json: Cannot connect to host rest.ensembl.org:443 ssl:default [None]
2026-06-04 21:45:42.407 [ERROR] scripts.vep.client: VEP request error for https://rest.ensembl.org/vep/human/region/9:95323316-95323316:1/G?content-type=application/json: Cannot connect to host rest.ensembl.org:443 ssl:default [None]
2026-06-04 21:45:42.408 [ERROR] scripts.vep.client: VEP request error for https://rest.ensembl.org/vep/human/region/9:95288382-95288382:1/T?content-type=application/json: Cannot connect to host rest.ensembl.org:443 ssl:default [None]
2026-06-04 21:45:42.436 [ERROR] scripts.vep.client: VEP request error for https://rest.ensembl.org/vep/human/region/9:95302081-95302081:1/A?content-type=application/json: Cannot connect to host rest.ensembl.org:443 ssl:default [None]
2026-06-04 21:45:42.438 [ERROR] scripts.vep.client: VEP request error for https://rest.ensembl.org/vep/human/region/9:95332056-95332056:1/T?content-type=application/json: Cannot connect to host rest.ensembl.org:443 ssl:default [None]
2026-06-04 21:45:42.525 [ERROR] scripts.vep.client: VEP request error for https://rest.ensembl.org/vep/human/region/9:95333792-95333792:1/T?content-type=application/json: Cannot connect to host rest.ensembl.org:443 ssl:default [None]
2026-06-04 21:45:42.534 [ERROR] scripts.vep.client: VEP request error for https://rest.ensembl.org/vep/human/region/9:95317310-95317310:1/C?content-type=application/json: Cannot connect to host rest.ensembl.org:443 ssl:default [None]
2026-06-04 21:45:42.550 [ERROR] scripts.vep.client: VEP request error for https://rest.ensembl.org/vep/human/region/9:95311709-95311709:1/TG?content-type=application/json: Cannot connect to host rest.ensembl.org:443 ssl:default [None]
2026-06-04 21:45:42.567 [ERROR] scripts.vep.client: VEP request error for https://rest.ensembl.org/vep/human/region/9:95332981-95332981:1/C?content-type=application/json: Cannot connect to host rest.ensembl.org:443 ssl:default [None]
2026-06-04 21:45:42.609 [ERROR] scripts.vep.client: VEP request error for https://rest.ensembl.org/vep/human/region/9:95318610-95318611:1/-?content-type=application/json: Cannot connect to host rest.ensembl.org:443 ssl:default [None]
2026-06-04 21:45:42.664 [ERROR] scripts.vep.client: VEP request error for https://rest.ensembl.org/vep/human/region/9:95308450-95308450:1/T?content-type=application/json: Cannot connect to host rest.ensembl.org:443 ssl:default [None]
2026-06-04 21:45:42.726 [ERROR] scripts.vep.client: VEP request error for https://rest.ensembl.org/vep/human/region/9:95328580-95328580:1/A?content-type=application/json: Cannot connect to host rest.ensembl.org:443 ssl:default [None]
2026-06-04 21:45:42.870 [ERROR] scripts.vep.client: VEP request error for https://rest.ensembl.org/vep/human/region/9:95340357-95340357:1/G?content-type=application/json: Cannot connect to host rest.ensembl.org:443 ssl:default [None]
2026-06-04 21:45:42.908 [ERROR] scripts.vep.client: VEP request error for https://rest.ensembl.org/vep/human/region/9:95344511-95344512:1/-?content-type=application/json: Cannot connect to host rest.ensembl.org:443 ssl:default [None]
2026-06-04 21:45:43.007 [ERROR] scripts.vep.client: VEP request error for https://rest.ensembl.org/vep/human/region/9:95340701-95340701:1/T?content-type=application/json: Cannot connect to host rest.ensembl.org:443 ssl:default [None]
2026-06-04 21:45:43.020 [ERROR] scripts.vep.client: VEP request error for https://rest.ensembl.org/vep/human/region/9:95338292-95338292:1/C?content-type=application/json: Cannot connect to host rest.ensembl.org:443 ssl:default [None]
2026-06-04 21:45:43.100 [ERROR] scripts.vep.client: VEP request error for https://rest.ensembl.org/vep/human/region/9:95331847-95331847:1/G?content-type=application/json: Cannot connect to host rest.ensembl.org:443 ssl:default [None]
2026-06-04 21:45:43.396 [ERROR] scripts.vep.client: VEP request error for https://rest.ensembl.org/vep/human/region/9:95334733-95334733:1/G?content-type=application/json: Cannot connect to host rest.ensembl.org:443 ssl:default [None]
2026-06-04 21:45:43.400 [ERROR] scripts.vep.client: VEP request error for https://rest.ensembl.org/vep/human/region/9:95323936-95323936:1/C?content-type=application/json: Cannot connect to host rest.ensembl.org:443 ssl:default [None]
2026-06-04 21:45:43.653 [ERROR] scripts.vep.client: VEP request error for https://rest.ensembl.org/vep/human/region/9:95351353-95351353:1/G?content-type=application/json: Cannot connect to host rest.ensembl.org:443 ssl:default [None]
2026-06-04 21:45:43.760 [ERROR] scripts.vep.client: VEP request error for https://rest.ensembl.org/vep/human/region/9:95343034-95343034:1/G?content-type=application/json: Cannot connect to host rest.ensembl.org:443 ssl:default [None]
2026-06-04 21:45:43.784 [ERROR] scripts.vep.client: VEP request error for https://rest.ensembl.org/vep/human/region/9:95366365-95366365:1/C?content-type=application/json: Cannot connect to host rest.ensembl.org:443 ssl:default [None]
2026-06-04 21:45:43.940 [ERROR] scripts.vep.client: VEP request error for https://rest.ensembl.org/vep/human/region/9:95341294-95341294:1/T?content-type=application/json: Cannot connect to host rest.ensembl.org:443 ssl:default [None]
2026-06-04 21:45:44.041 [ERROR] scripts.vep.client: VEP request error for https://rest.ensembl.org/vep/human/region/9:95342210-95342210:1/T?content-type=application/json: Cannot connect to host rest.ensembl.org:443 ssl:default [None]
2026-06-04 21:45:44.184 [ERROR] scripts.vep.client: VEP request error for https://rest.ensembl.org/vep/human/region/9:95360163-95360163:1/C?content-type=application/json: Cannot connect to host rest.ensembl.org:443 ssl:default [None]
2026-06-04 21:45:44.215 [ERROR] scripts.vep.client: VEP request error for https://rest.ensembl.org/vep/human/region/9:95365062-95365062:1/C?content-type=application/json: Cannot connect to host rest.ensembl.org:443 ssl:default [None]
2026-06-04 21:45:44.369 [ERROR] scripts.vep.client: VEP request error for https://rest.ensembl.org/vep/human/region/9:95347774-95347774:1/A?content-type=application/json: Cannot connect to host rest.ensembl.org:443 ssl:default [None]
2026-06-04 21:45:44.504 [ERROR] scripts.vep.client: VEP request error for https://rest.ensembl.org/vep/human/region/9:95367428-95367428:1/G?content-type=application/json: Cannot connect to host rest.ensembl.org:443 ssl:default [None]
2026-06-04 21:45:44.581 [ERROR] scripts.vep.client: VEP request error for https://rest.ensembl.org/vep/human/region/9:95340574-95340574:1/A?content-type=application/json: Cannot connect to host rest.ensembl.org:443 ssl:default [None]
2026-06-04 21:45:44.619 [ERROR] scripts.vep.client: VEP request error for https://rest.ensembl.org/vep/human/region/9:95368820-95368820:1/T?content-type=application/json: Cannot connect to host rest.ensembl.org:443 ssl:default [None]
2026-06-04 21:45:44.694 [ERROR] scripts.vep.client: VEP request error for https://rest.ensembl.org/vep/human/region/9:95350605-95350605:1/C?content-type=application/json: Cannot connect to host rest.ensembl.org:443 ssl:default [None]
2026-06-04 21:45:44.702 [ERROR] scripts.vep.client: VEP request error for https://rest.ensembl.org/vep/human/region/9:95364061-95364061:1/C?content-type=application/json: Cannot connect to host rest.ensembl.org:443 ssl:default [None]
2026-06-04 21:45:44.847 [ERROR] scripts.vep.client: VEP request error for https://rest.ensembl.org/vep/human/region/9:95342630-95342630:1/G?content-type=application/json: Cannot connect to host rest.ensembl.org:443 ssl:default [None]
2026-06-04 21:45:44.859 [ERROR] scripts.vep.client: VEP request error for https://rest.ensembl.org/vep/human/region/9:95364482-95364482:1/C?content-type=application/json: Cannot connect to host rest.ensembl.org:443 ssl:default [None]
2026-06-04 21:45:44.976 [ERROR] scripts.vep.client: VEP request error for https://rest.ensembl.org/vep/human/region/9:95360686-95360686:1/A?content-type=application/json: Cannot connect to host rest.ensembl.org:443 ssl:default [None]
2026-06-04 21:45:44.980 [ERROR] scripts.vep.client: VEP request error for https://rest.ensembl.org/vep/human/region/9:95370639-95370639:1/T?content-type=application/json: Cannot connect to host rest.ensembl.org:443 ssl:default [None]
2026-06-04 21:45:44.989 [ERROR] scripts.vep.client: VEP request error for https://rest.ensembl.org/vep/human/region/9:95376434-95376434:1/A?content-type=application/json: Cannot connect to host rest.ensembl.org:443 ssl:default [None]
2026-06-04 21:45:45.010 [ERROR] scripts.vep.client: VEP request error for https://rest.ensembl.org/vep/human/region/9:95349875-95349875:1/A?content-type=application/json: Cannot connect to host rest.ensembl.org:443 ssl:default [None]
2026-06-04 21:45:45.057 [ERROR] scripts.vep.client: VEP request error for https://rest.ensembl.org/vep/human/region/9:95352204-95352204:1/A?content-type=application/json: Cannot connect to host rest.ensembl.org:443 ssl:default [None]
2026-06-04 21:45:45.058 [ERROR] scripts.vep.client: VEP request error for https://rest.ensembl.org/vep/human/region/9:95347966-95347966:1/G?content-type=application/json: Cannot connect to host rest.ensembl.org:443 ssl:default [None]
2026-06-04 21:45:45.072 [ERROR] scripts.vep.client: VEP request error for https://rest.ensembl.org/vep/human/region/9:95376363-95376363:1/C?content-type=application/json: Cannot connect to host rest.ensembl.org:443 ssl:default [None]
2026-06-04 21:45:45.131 [ERROR] scripts.vep.client: VEP request error for https://rest.ensembl.org/vep/human/region/9:95356808-95356812:1/-?content-type=application/json: Cannot connect to host rest.ensembl.org:443 ssl:default [None]
2026-06-04 21:45:45.148 [ERROR] scripts.vep.client: VEP request error for https://rest.ensembl.org/vep/human/region/9:95352428-95352429:1/-?content-type=application/json: Cannot connect to host rest.ensembl.org:443 ssl:default [None]
2026-06-04 21:45:45.155 [ERROR] scripts.vep.client: VEP request error for https://rest.ensembl.org/vep/human/region/9:95380218-95380218:1/C?content-type=application/json: Cannot connect to host rest.ensembl.org:443 ssl:default [None]
2026-06-04 21:45:45.203 [ERROR] scripts.vep.client: VEP request error for https://rest.ensembl.org/vep/human/region/9:95385047-95385048:1/-?content-type=application/json: Cannot connect to host rest.ensembl.org:443 ssl:default [None]
2026-06-04 21:45:45.217 [ERROR] scripts.vep.client: VEP request error for https://rest.ensembl.org/vep/human/region/9:95348432-95348432:1/A?content-type=application/json: Cannot connect to host rest.ensembl.org:443 ssl:default [None]
2026-06-04 21:45:45.223 [ERROR] scripts.vep.client: VEP request error for https://rest.ensembl.org/vep/human/region/9:95366096-95366096:1/T?content-type=application/json: Cannot connect to host rest.ensembl.org:443 ssl:default [None]
2026-06-04 21:45:45.329 [ERROR] scripts.vep.client: VEP request error for https://rest.ensembl.org/vep/human/region/9:95377693-95377693:1/A?content-type=application/json: Cannot connect to host rest.ensembl.org:443 ssl:default [None]
2026-06-04 21:45:45.428 [ERROR] scripts.vep.client: VEP request error for https://rest.ensembl.org/vep/human/region/9:95364005-95364005:1/T?content-type=application/json: Cannot connect to host rest.ensembl.org:443 ssl:default [None]
2026-06-04 21:45:45.477 [ERROR] scripts.vep.client: VEP request error for https://rest.ensembl.org/vep/human/region/9:95375931-95375931:1/A?content-type=application/json: Cannot connect to host rest.ensembl.org:443 ssl:default [None]
2026-06-04 21:45:45.519 [ERROR] scripts.vep.client: VEP request error for https://rest.ensembl.org/vep/human/region/9:95376251-95376251:1/T?content-type=application/json: Cannot connect to host rest.ensembl.org:443 ssl:default [None]
2026-06-04 21:45:45.529 [ERROR] scripts.vep.client: VEP request error for https://rest.ensembl.org/vep/human/region/9:95374230-95374230:1/G?content-type=application/json: Cannot connect to host rest.ensembl.org:443 ssl:default [None]
2026-06-04 21:45:45.541 [ERROR] scripts.vep.client: VEP request error for https://rest.ensembl.org/vep/human/region/9:95381854-95381854:1/G?content-type=application/json: Cannot connect to host rest.ensembl.org:443 ssl:default [None]
2026-06-04 21:45:45.599 [ERROR] scripts.vep.client: VEP request error for https://rest.ensembl.org/vep/human/region/9:95364359-95364359:1/G?content-type=application/json: Cannot connect to host rest.ensembl.org:443 ssl:default [None]
2026-06-04 21:45:45.694 [ERROR] scripts.vep.client: VEP request error for https://rest.ensembl.org/vep/human/region/9:95380223-95380223:1/T?content-type=application/json: Cannot connect to host rest.ensembl.org:443 ssl:default [None]
2026-06-04 21:45:45.778 [ERROR] scripts.vep.client: VEP request error for https://rest.ensembl.org/vep/human/region/9:95357285-95357285:1/T?content-type=application/json: Cannot connect to host rest.ensembl.org:443 ssl:default [None]
2026-06-04 21:45:45.785 [ERROR] scripts.vep.client: VEP request error for https://rest.ensembl.org/vep/human/region/9:95368091-95368091:1/G?content-type=application/json: Cannot connect to host rest.ensembl.org:443 ssl:default [None]
2026-06-04 21:45:45.821 [ERROR] scripts.vep.client: VEP request error for https://rest.ensembl.org/vep/human/region/9:95381737-95381737:1/CTAA?content-type=application/json: Cannot connect to host rest.ensembl.org:443 ssl:default [None]
2026-06-04 21:45:45.838 [ERROR] scripts.vep.client: VEP request error for https://rest.ensembl.org/vep/human/region/9:95388098-95388098:1/G?content-type=application/json: Cannot connect to host rest.ensembl.org:443 ssl:default [None]
2026-06-04 21:45:45.839 [ERROR] scripts.vep.client: VEP request error for https://rest.ensembl.org/vep/human/region/9:95384249-95384249:1/T?content-type=application/json: Cannot connect to host rest.ensembl.org:443 ssl:default [None]
2026-06-04 21:45:45.857 [ERROR] scripts.vep.client: VEP request error for https://rest.ensembl.org/vep/human/region/9:95383038-95383038:1/T?content-type=application/json: Cannot connect to host rest.ensembl.org:443 ssl:default [None]
2026-06-04 21:45:45.879 [ERROR] scripts.vep.client: VEP request error for https://rest.ensembl.org/vep/human/region/9:95375879-95375879:1/T?content-type=application/json: Cannot connect to host rest.ensembl.org:443 ssl:default [None]
2026-06-04 21:45:45.987 [ERROR] scripts.vep.client: VEP request error for https://rest.ensembl.org/vep/human/region/9:95379260-95379260:1/T?content-type=application/json: Cannot connect to host rest.ensembl.org:443 ssl:default [None]
2026-06-04 21:45:46.011 [ERROR] scripts.vep.client: VEP request error for https://rest.ensembl.org/vep/human/region/9:95376656-95376656:1/A?content-type=application/json: Cannot connect to host rest.ensembl.org:443 ssl:default [None]
2026-06-04 21:45:46.037 [ERROR] scripts.vep.client: VEP request error for https://rest.ensembl.org/vep/human/region/9:95373298-95373298:1/A?content-type=application/json: Cannot connect to host rest.ensembl.org:443 ssl:default [None]
2026-06-04 21:45:46.065 [ERROR] scripts.vep.client: VEP request error for https://rest.ensembl.org/vep/human/region/9:95384196-95384196:1/G?content-type=application/json: Cannot connect to host rest.ensembl.org:443 ssl:default [None]
2026-06-04 21:45:46.070 [ERROR] scripts.vep.client: VEP request error for https://rest.ensembl.org/vep/human/region/9:95371631-95371632:1/-?content-type=application/json: Cannot connect to host rest.ensembl.org:443 ssl:default [None]
2026-06-04 21:45:46.172 [ERROR] scripts.vep.client: VEP request error for https://rest.ensembl.org/vep/human/region/9:95372024-95372025:1/-?content-type=application/json: Cannot connect to host rest.ensembl.org:443 ssl:default [None]
2026-06-04 21:45:46.376 [ERROR] scripts.vep.client: VEP request error for https://rest.ensembl.org/vep/human/region/9:95389249-95389252:1/-?content-type=application/json: Cannot connect to host rest.ensembl.org:443 ssl:default [None]
2026-06-04 21:45:46.817 [ERROR] scripts.vep.client: VEP request error for https://rest.ensembl.org/vep/human/region/9:95383768-95383768:1/T?content-type=application/json: Cannot connect to host rest.ensembl.org:443 ssl:default [None]
2026-06-04 21:45:46.845 [ERROR] scripts.vep.client: VEP request error for https://rest.ensembl.org/vep/human/region/9:95387328-95387328:1/A?content-type=application/json: Cannot connect to host rest.ensembl.org:443 ssl:default [None]
2026-06-04 21:45:46.899 [ERROR] scripts.vep.client: VEP request error for https://rest.ensembl.org/vep/human/region/9:95387897-95387897:1/T?content-type=application/json: Cannot connect to host rest.ensembl.org:443 ssl:default [None]
2026-06-04 21:45:47.123 [ERROR] scripts.vep.client: VEP request error for https://rest.ensembl.org/vep/human/region/9:95390627-95390627:1/T?content-type=application/json: Cannot connect to host rest.ensembl.org:443 ssl:default [None]
2026-06-04 21:45:47.237 [ERROR] scripts.vep.client: VEP request error for https://rest.ensembl.org/vep/human/region/9:95394064-95394064:1/A?content-type=application/json: Cannot connect to host rest.ensembl.org:443 ssl:default [None]
2026-06-04 21:45:47.300 [ERROR] scripts.vep.client: VEP request error for https://rest.ensembl.org/vep/human/region/9:95388459-95388459:1/G?content-type=application/json: Cannot connect to host rest.ensembl.org:443 ssl:default [None]
2026-06-04 21:45:47.311 [ERROR] scripts.vep.client: VEP request error for https://rest.ensembl.org/vep/human/region/9:95396806-95396806:1/G?content-type=application/json: Cannot connect to host rest.ensembl.org:443 ssl:default [None]
2026-06-04 21:45:47.397 [ERROR] scripts.vep.client: VEP request error for https://rest.ensembl.org/vep/human/region/9:95384735-95384735:1/C?content-type=application/json: Cannot connect to host rest.ensembl.org:443 ssl:default [None]
2026-06-04 21:45:47.434 [ERROR] scripts.vep.client: VEP request error for https://rest.ensembl.org/vep/human/region/9:95394073-95394073:1/A?content-type=application/json: Cannot connect to host rest.ensembl.org:443 ssl:default [None]
2026-06-04 21:45:47.551 [ERROR] scripts.vep.client: VEP request error for https://rest.ensembl.org/vep/human/region/9:95407529-95407529:1/A?content-type=application/json: Cannot connect to host rest.ensembl.org:443 ssl:default [None]
2026-06-04 21:45:47.570 [ERROR] scripts.vep.client: VEP request error for https://rest.ensembl.org/vep/human/region/9:95405692-95405701:1/-?content-type=application/json: Cannot connect to host rest.ensembl.org:443 ssl:default [None]
2026-06-04 21:45:47.571 [ERROR] scripts.vep.client: VEP request error for https://rest.ensembl.org/vep/human/region/9:95410242-95410242:1/T?content-type=application/json: Cannot connect to host rest.ensembl.org:443 ssl:default [None]
2026-06-04 21:45:47.600 [ERROR] scripts.vep.client: VEP request error for https://rest.ensembl.org/vep/human/region/9:95392509-95392509:1/G?content-type=application/json: Cannot connect to host rest.ensembl.org:443 ssl:default [None]
2026-06-04 21:45:47.614 [ERROR] scripts.vep.client: VEP request error for https://rest.ensembl.org/vep/human/region/9:95408758-95408758:1/G?content-type=application/json: Cannot connect to host rest.ensembl.org:443 ssl:default [None]
2026-06-04 21:45:47.641 [ERROR] scripts.vep.client: VEP request error for https://rest.ensembl.org/vep/human/region/9:95405430-95405430:1/T?content-type=application/json: Cannot connect to host rest.ensembl.org:443 ssl:default [None]
2026-06-04 21:45:47.673 [ERROR] scripts.vep.client: VEP request error for https://rest.ensembl.org/vep/human/region/9:95394777-95394777:1/G?content-type=application/json: Cannot connect to host rest.ensembl.org:443 ssl:default [None]
2026-06-04 21:45:47.759 [ERROR] scripts.vep.client: VEP request error for https://rest.ensembl.org/vep/human/region/9:95393487-95393487:1/T?content-type=application/json: Cannot connect to host rest.ensembl.org:443 ssl:default [None]
2026-06-04 21:45:47.775 [ERROR] scripts.vep.client: VEP request error for https://rest.ensembl.org/vep/human/region/9:95405705-95405712:1/-?content-type=application/json: Cannot connect to host rest.ensembl.org:443 ssl:default [None]
2026-06-04 21:45:47.872 [ERROR] scripts.vep.client: VEP request error for https://rest.ensembl.org/vep/human/region/9:95397979-95397979:1/AAA?content-type=application/json: Cannot connect to host rest.ensembl.org:443 ssl:default [None]
2026-06-04 21:45:47.905 [ERROR] scripts.vep.client: VEP request error for https://rest.ensembl.org/vep/human/region/9:95407672-95407672:1/C?content-type=application/json: Cannot connect to host rest.ensembl.org:443 ssl:default [None]
2026-06-04 21:45:47.940 [ERROR] scripts.vep.client: VEP request error for https://rest.ensembl.org/vep/human/region/9:95407908-95407908:1/C?content-type=application/json: Cannot connect to host rest.ensembl.org:443 ssl:default [None]
2026-06-04 21:45:47.963 [ERROR] scripts.vep.client: VEP request error for https://rest.ensembl.org/vep/human/region/9:95393722-95393722:1/C?content-type=application/json: Cannot connect to host rest.ensembl.org:443 ssl:default [None]
2026-06-04 21:45:47.992 [ERROR] scripts.vep.client: VEP request error for https://rest.ensembl.org/vep/human/region/9:95400976-95400978:1/-?content-type=application/json: Cannot connect to host rest.ensembl.org:443 ssl:default [None]
2026-06-04 21:45:48.022 [ERROR] scripts.vep.client: VEP request error for https://rest.ensembl.org/vep/human/region/9:95407252-95407252:1/C?content-type=application/json: Cannot connect to host rest.ensembl.org:443 ssl:default [None]
2026-06-04 21:45:48.059 [ERROR] scripts.vep.client: VEP request error for https://rest.ensembl.org/vep/human/region/9:95408566-95408566:1/A?content-type=application/json: Cannot connect to host rest.ensembl.org:443 ssl:default [None]
2026-06-04 21:45:48.110 [ERROR] scripts.vep.client: VEP request error for https://rest.ensembl.org/vep/human/region/9:95404556-95404557:1/-?content-type=application/json: Cannot connect to host rest.ensembl.org:443 ssl:default [None]
2026-06-04 21:45:48.247 [ERROR] scripts.vep.client: VEP request error for https://rest.ensembl.org/vep/human/region/9:95397027-95397031:1/-?content-type=application/json: Cannot connect to host rest.ensembl.org:443 ssl:default [None]
2026-06-04 21:45:48.378 [ERROR] scripts.vep.client: VEP request error for https://rest.ensembl.org/vep/human/region/9:95397911-95397911:1/T?content-type=application/json: Cannot connect to host rest.ensembl.org:443 ssl:default [None]
2026-06-04 21:45:48.573 [ERROR] scripts.vep.client: VEP request error for https://rest.ensembl.org/vep/human/region/9:95404959-95404959:1/T?content-type=application/json: Cannot connect to host rest.ensembl.org:443 ssl:default [None]
2026-06-04 21:45:48.694 [ERROR] scripts.vep.client: VEP request error for https://rest.ensembl.org/vep/human/region/9:95409003-95409003:1/CATACA?content-type=application/json: Cannot connect to host rest.ensembl.org:443 ssl:default [None]
2026-06-04 21:45:48.725 [ERROR] scripts.vep.client: VEP request error for https://rest.ensembl.org/vep/human/region/9:95411726-95411726:1/T?content-type=application/json: Cannot connect to host rest.ensembl.org:443 ssl:default [None]
2026-06-04 21:45:48.823 [ERROR] scripts.vep.client: VEP request error for https://rest.ensembl.org/vep/human/region/9:95406968-95406968:1/T?content-type=application/json: Cannot connect to host rest.ensembl.org:443 ssl:default [None]
2026-06-04 21:45:48.833 [ERROR] scripts.vep.client: VEP request error for https://rest.ensembl.org/vep/human/region/9:95408618-95408618:1/T?content-type=application/json: Cannot connect to host rest.ensembl.org:443 ssl:default [None]
2026-06-04 21:45:48.860 [ERROR] scripts.vep.client: VEP request error for https://rest.ensembl.org/vep/human/region/9:95409803-95409803:1/C?content-type=application/json: Cannot connect to host rest.ensembl.org:443 ssl:default [None]
2026-06-04 21:45:48.965 [ERROR] scripts.vep.client: VEP request error for https://rest.ensembl.org/vep/human/region/9:95407825-95407825:1/T?content-type=application/json: Cannot connect to host rest.ensembl.org:443 ssl:default [None]
2026-06-04 21:45:49.016 [ERROR] scripts.vep.client: VEP request error for https://rest.ensembl.org/vep/human/region/9:95408589-95408589:1/C?content-type=application/json: Cannot connect to host rest.ensembl.org:443 ssl:default [None]
2026-06-04 21:45:49.197 [ERROR] scripts.vep.client: VEP request error for https://rest.ensembl.org/vep/human/region/9:95413118-95413119:1/-?content-type=application/json: Cannot connect to host rest.ensembl.org:443 ssl:default [None]
2026-06-04 21:45:49.432 [ERROR] scripts.vep.client: VEP request error for https://rest.ensembl.org/vep/human/region/9:95412498-95412498:1/G?content-type=application/json: Cannot connect to host rest.ensembl.org:443 ssl:default [None]
2026-06-04 21:45:49.433 [INFO] scripts.vep.client: VEP batch 267/516 done
2026-06-04 21:45:51.289 [ERROR] scripts.vep.client: VEP request error for https://rest.ensembl.org/vep/human/region/9:95418867-95418867:1/G?content-type=application/json: Cannot connect to host rest.ensembl.org:443 ssl:default [None]
2026-06-04 21:45:51.361 [ERROR] scripts.vep.client: VEP request error for https://rest.ensembl.org/vep/human/region/9:95426375-95426375:1/G?content-type=application/json: Cannot connect to host rest.ensembl.org:443 ssl:default [None]
2026-06-04 21:45:51.472 [ERROR] scripts.vep.client: VEP request error for https://rest.ensembl.org/vep/human/region/9:95415586-95415586:1/A?content-type=application/json: Cannot connect to host rest.ensembl.org:443 ssl:default [None]
2026-06-04 21:45:51.564 [ERROR] scripts.vep.client: VEP request error for https://rest.ensembl.org/vep/human/region/9:99102325-99102325:1/A?content-type=application/json: Cannot connect to host rest.ensembl.org:443 ssl:default [None]
2026-06-04 21:45:51.602 [ERROR] scripts.vep.client: VEP request error for https://rest.ensembl.org/vep/human/region/9:99099485-99099485:1/T?content-type=application/json: Cannot connect to host rest.ensembl.org:443 ssl:default [None]
2026-06-04 21:45:51.632 [ERROR] scripts.vep.client: VEP request error for https://rest.ensembl.org/vep/human/region/9:95431352-95431352:1/ATCT?content-type=application/json: Cannot connect to host rest.ensembl.org:443 ssl:default [None]
2026-06-04 21:45:51.693 [ERROR] scripts.vep.client: VEP request error for https://rest.ensembl.org/vep/human/region/9:95423811-95423814:1/-?content-type=application/json: Cannot connect to host rest.ensembl.org:443 ssl:default [None]
2026-06-04 21:45:51.760 [ERROR] scripts.vep.client: VEP request error for https://rest.ensembl.org/vep/human/region/9:95424287-95424287:1/T?content-type=application/json: Cannot connect to host rest.ensembl.org:443 ssl:default [None]
2026-06-04 21:45:51.761 [ERROR] scripts.vep.client: VEP request error for https://rest.ensembl.org/vep/human/region/9:95416582-95416582:1/A?content-type=application/json: Cannot connect to host rest.ensembl.org:443 ssl:default [None]
2026-06-04 21:45:51.789 [ERROR] scripts.vep.client: VEP request error for https://rest.ensembl.org/vep/human/region/9:95420708-95420708:1/G?content-type=application/json: Cannot connect to host rest.ensembl.org:443 ssl:default [None]
2026-06-04 21:45:51.837 [ERROR] scripts.vep.client: VEP request error for https://rest.ensembl.org/vep/human/region/9:99101816-99101816:1/A?content-type=application/json: Cannot connect to host rest.ensembl.org:443 ssl:default [None]
2026-06-04 21:45:51.992 [ERROR] scripts.vep.client: VEP request error for https://rest.ensembl.org/vep/human/region/9:95419235-95419235:1/C?content-type=application/json: Cannot connect to host rest.ensembl.org:443 ssl:default [None]
2026-06-04 21:45:52.021 [ERROR] scripts.vep.client: VEP request error for https://rest.ensembl.org/vep/human/region/9:95426994-95426994:1/G?content-type=application/json: Cannot connect to host rest.ensembl.org:443 ssl:default [None]
2026-06-04 21:45:52.124 [ERROR] scripts.vep.client: VEP request error for https://rest.ensembl.org/vep/human/region/9:95421314-95421314:1/T?content-type=application/json: Cannot connect to host rest.ensembl.org:443 ssl:default [None]
2026-06-04 21:45:52.179 [ERROR] scripts.vep.client: VEP request error for https://rest.ensembl.org/vep/human/region/9:95425208-95425208:1/C?content-type=application/json: Cannot connect to host rest.ensembl.org:443 ssl:default [None]
2026-06-04 21:45:52.227 [ERROR] scripts.vep.client: VEP request error for https://rest.ensembl.org/vep/human/region/9:95429430-95429430:1/A?content-type=application/json: Cannot connect to host rest.ensembl.org:443 ssl:default [None]
2026-06-04 21:45:52.263 [ERROR] scripts.vep.client: VEP request error for https://rest.ensembl.org/vep/human/region/9:95418382-95418382:1/T?content-type=application/json: Cannot connect to host rest.ensembl.org:443 ssl:default [None]
2026-06-04 21:45:52.309 [ERROR] scripts.vep.client: VEP request error for https://rest.ensembl.org/vep/human/region/9:95426883-95426883:1/T?content-type=application/json: Cannot connect to host rest.ensembl.org:443 ssl:default [None]
2026-06-04 21:45:52.360 [ERROR] scripts.vep.client: VEP request error for https://rest.ensembl.org/vep/human/region/9:95427176-95427176:1/A?content-type=application/json: Cannot connect to host rest.ensembl.org:443 ssl:default [None]
2026-06-04 21:45:52.369 [ERROR] scripts.vep.client: VEP request error for https://rest.ensembl.org/vep/human/region/9:95424440-95424440:1/G?content-type=application/json: Cannot connect to host rest.ensembl.org:443 ssl:default [None]
2026-06-04 21:45:52.386 [ERROR] scripts.vep.client: VEP request error for https://rest.ensembl.org/vep/human/region/9:95425221-95425221:1/C?content-type=application/json: Cannot connect to host rest.ensembl.org:443 ssl:default [None]
2026-06-04 21:45:52.387 [ERROR] scripts.vep.client: VEP request error for https://rest.ensembl.org/vep/human/region/9:95415674-95415674:1/G?content-type=application/json: Cannot connect to host rest.ensembl.org:443 ssl:default [None]
2026-06-04 21:45:52.430 [ERROR] scripts.vep.client: VEP request error for https://rest.ensembl.org/vep/human/region/9:95431438-95431438:1/A?content-type=application/json: Cannot connect to host rest.ensembl.org:443 ssl:default [None]
2026-06-04 21:45:52.473 [ERROR] scripts.vep.client: VEP request error for https://rest.ensembl.org/vep/human/region/9:95424963-95424963:1/G?content-type=application/json: Cannot connect to host rest.ensembl.org:443 ssl:default [None]
2026-06-04 21:45:52.479 [ERROR] scripts.vep.client: VEP request error for https://rest.ensembl.org/vep/human/region/9:95416063-95416063:1/G?content-type=application/json: Cannot connect to host rest.ensembl.org:443 ssl:default [None]
2026-06-04 21:45:52.507 [ERROR] scripts.vep.client: VEP request error for https://rest.ensembl.org/vep/human/region/9:95425542-95425542:1/G?content-type=application/json: Cannot connect to host rest.ensembl.org:443 ssl:default [None]
2026-06-04 21:45:52.563 [ERROR] scripts.vep.client: VEP request error for https://rest.ensembl.org/vep/human/region/9:95413180-95413180:1/T?content-type=application/json: Cannot connect to host rest.ensembl.org:443 ssl:default [None]
2026-06-04 21:45:52.584 [ERROR] scripts.vep.client: VEP request error for https://rest.ensembl.org/vep/human/region/9:95419936-95419941:1/-?content-type=application/json: Cannot connect to host rest.ensembl.org:443 ssl:default [None]
2026-06-04 21:45:52.622 [ERROR] scripts.vep.client: VEP request error for https://rest.ensembl.org/vep/human/region/9:95428162-95428162:1/TT?content-type=application/json: Cannot connect to host rest.ensembl.org:443 ssl:default [None]
2026-06-04 21:45:52.675 [ERROR] scripts.vep.client: VEP request error for https://rest.ensembl.org/vep/human/region/9:95427645-95427645:1/A?content-type=application/json: Cannot connect to host rest.ensembl.org:443 ssl:default [None]
2026-06-04 21:45:52.689 [ERROR] scripts.vep.client: VEP request error for https://rest.ensembl.org/vep/human/region/9:99099398-99099398:1/T?content-type=application/json: Cannot connect to host rest.ensembl.org:443 ssl:default [None]
2026-06-04 21:45:52.703 [ERROR] scripts.vep.client: VEP request error for https://rest.ensembl.org/vep/human/region/9:95424125-95424125:1/C?content-type=application/json: Cannot connect to host rest.ensembl.org:443 ssl:default [None]
2026-06-04 21:45:52.724 [ERROR] scripts.vep.client: VEP request error for https://rest.ensembl.org/vep/human/region/9:99101327-99101327:1/C?content-type=application/json: Cannot connect to host rest.ensembl.org:443 ssl:default [None]
2026-06-04 21:45:52.750 [ERROR] scripts.vep.client: VEP request error for https://rest.ensembl.org/vep/human/region/9:95428479-95428482:1/-?content-type=application/json: Cannot connect to host rest.ensembl.org:443 ssl:default [None]
2026-06-04 21:45:52.754 [ERROR] scripts.vep.client: VEP request error for https://rest.ensembl.org/vep/human/region/9:95416245-95416245:1/G?content-type=application/json: Cannot connect to host rest.ensembl.org:443 ssl:default [None]
2026-06-04 21:45:52.765 [ERROR] scripts.vep.client: VEP request error for https://rest.ensembl.org/vep/human/region/9:95425672-95425675:1/-?content-type=application/json: Cannot connect to host rest.ensembl.org:443 ssl:default [None]
2026-06-04 21:45:52.775 [ERROR] scripts.vep.client: VEP request error for https://rest.ensembl.org/vep/human/region/9:95427870-95427870:1/G?content-type=application/json: Cannot connect to host rest.ensembl.org:443 ssl:default [None]
2026-06-04 21:45:52.820 [ERROR] scripts.vep.client: VEP request error for https://rest.ensembl.org/vep/human/region/9:95423267-95423267:1/G?content-type=application/json: Cannot connect to host rest.ensembl.org:443 ssl:default [None]
2026-06-04 21:45:52.852 [ERROR] scripts.vep.client: VEP request error for https://rest.ensembl.org/vep/human/region/9:95418394-95418394:1/G?content-type=application/json: Cannot connect to host rest.ensembl.org:443 ssl:default [None]
2026-06-04 21:45:52.907 [ERROR] scripts.vep.client: VEP request error for https://rest.ensembl.org/vep/human/region/9:99102228-99102228:1/T?content-type=application/json: Cannot connect to host rest.ensembl.org:443 ssl:default [None]
2026-06-04 21:45:52.934 [ERROR] scripts.vep.client: VEP request error for https://rest.ensembl.org/vep/human/region/9:95429553-95429553:1/T?content-type=application/json: Cannot connect to host rest.ensembl.org:443 ssl:default [None]
2026-06-04 21:45:52.965 [ERROR] scripts.vep.client: VEP request error for https://rest.ensembl.org/vep/human/region/9:95425194-95425194:1/A?content-type=application/json: Cannot connect to host rest.ensembl.org:443 ssl:default [None]
2026-06-04 21:45:52.966 [ERROR] scripts.vep.client: VEP request error for https://rest.ensembl.org/vep/human/region/9:95428246-95428246:1/C?content-type=application/json: Cannot connect to host rest.ensembl.org:443 ssl:default [None]
2026-06-04 21:45:52.966 [ERROR] scripts.vep.client: VEP request error for https://rest.ensembl.org/vep/human/region/9:95428099-95428103:1/-?content-type=application/json: Cannot connect to host rest.ensembl.org:443 ssl:default [None]
2026-06-04 21:45:53.032 [ERROR] scripts.vep.client: VEP request error for https://rest.ensembl.org/vep/human/region/9:95419086-95419086:1/G?content-type=application/json: Cannot connect to host rest.ensembl.org:443 ssl:default [None]
2026-06-04 21:45:53.143 [ERROR] scripts.vep.client: VEP request error for https://rest.ensembl.org/vep/human/region/9:95423776-95423776:1/T?content-type=application/json: Cannot connect to host rest.ensembl.org:443 ssl:default [None]
2026-06-04 21:45:53.158 [ERROR] scripts.vep.client: VEP request error for https://rest.ensembl.org/vep/human/region/9:95424044-95424044:1/T?content-type=application/json: Cannot connect to host rest.ensembl.org:443 ssl:default [None]
2026-06-04 21:45:53.303 [ERROR] scripts.vep.client: VEP request error for https://rest.ensembl.org/vep/human/region/9:95415313-95415313:1/A?content-type=application/json: Cannot connect to host rest.ensembl.org:443 ssl:default [None]
2026-06-04 21:45:53.390 [ERROR] scripts.vep.client: VEP request error for https://rest.ensembl.org/vep/human/region/9:95427053-95427053:1/C?content-type=application/json: Cannot connect to host rest.ensembl.org:443 ssl:default [None]
2026-06-04 21:45:53.541 [ERROR] scripts.vep.client: VEP request error for https://rest.ensembl.org/vep/human/region/9:95422923-95422923:1/A?content-type=application/json: Cannot connect to host rest.ensembl.org:443 ssl:default [None]
2026-06-04 21:45:54.046 [ERROR] scripts.vep.client: VEP request error for https://rest.ensembl.org/vep/human/region/9:99106786-99106786:1/C?content-type=application/json: Cannot connect to host rest.ensembl.org:443 ssl:default [None]
2026-06-04 21:45:54.048 [ERROR] scripts.vep.client: VEP request error for https://rest.ensembl.org/vep/human/region/9:99107507-99107507:1/A?content-type=application/json: Cannot connect to host rest.ensembl.org:443 ssl:default [None]
2026-06-04 21:45:54.197 [ERROR] scripts.vep.client: VEP request error for https://rest.ensembl.org/vep/human/region/9:99105793-99105793:1/G?content-type=application/json: Cannot connect to host rest.ensembl.org:443 ssl:default [None]
2026-06-04 21:45:54.271 [ERROR] scripts.vep.client: VEP request error for https://rest.ensembl.org/vep/human/region/9:99107679-99107679:1/G?content-type=application/json: Cannot connect to host rest.ensembl.org:443 ssl:default [None]
2026-06-04 21:45:54.409 [ERROR] scripts.vep.client: VEP request error for https://rest.ensembl.org/vep/human/region/9:99106460-99106460:1/A?content-type=application/json: Cannot connect to host rest.ensembl.org:443 ssl:default [None]
2026-06-04 21:45:54.632 [ERROR] scripts.vep.client: VEP request error for https://rest.ensembl.org/vep/human/region/9:99106999-99106999:1/G?content-type=application/json: Cannot connect to host rest.ensembl.org:443 ssl:default [None]
2026-06-04 21:45:54.641 [ERROR] scripts.vep.client: VEP request error for https://rest.ensembl.org/vep/human/region/9:99111125-99111125:1/T?content-type=application/json: Cannot connect to host rest.ensembl.org:443 ssl:default [None]
2026-06-04 21:45:54.712 [ERROR] scripts.vep.client: VEP request error for https://rest.ensembl.org/vep/human/region/9:99104830-99104830:1/T?content-type=application/json: Cannot connect to host rest.ensembl.org:443 ssl:default [None]
2026-06-04 21:45:54.838 [ERROR] scripts.vep.client: VEP request error for https://rest.ensembl.org/vep/human/region/9:99102692-99102692:1/A?content-type=application/json: Cannot connect to host rest.ensembl.org:443 ssl:default [None]
2026-06-04 21:45:54.938 [ERROR] scripts.vep.client: VEP request error for https://rest.ensembl.org/vep/human/region/9:99120685-99120685:1/G?content-type=application/json: Cannot connect to host rest.ensembl.org:443 ssl:default [None]
2026-06-04 21:45:55.034 [ERROR] scripts.vep.client: VEP request error for https://rest.ensembl.org/vep/human/region/9:99111250-99111250:1/G?content-type=application/json: Cannot connect to host rest.ensembl.org:443 ssl:default [None]
2026-06-04 21:45:55.118 [ERROR] scripts.vep.client: VEP request error for https://rest.ensembl.org/vep/human/region/9:99110392-99110392:1/A?content-type=application/json: Cannot connect to host rest.ensembl.org:443 ssl:default [None]
2026-06-04 21:45:55.122 [ERROR] scripts.vep.client: VEP request error for https://rest.ensembl.org/vep/human/region/9:99128698-99128698:1/G?content-type=application/json: Cannot connect to host rest.ensembl.org:443 ssl:default [None]
2026-06-04 21:45:55.169 [ERROR] scripts.vep.client: VEP request error for https://rest.ensembl.org/vep/human/region/9:99106996-99106996:1/A?content-type=application/json: Cannot connect to host rest.ensembl.org:443 ssl:default [None]
2026-06-04 21:45:55.187 [ERROR] scripts.vep.client: VEP request error for https://rest.ensembl.org/vep/human/region/9:99140463-99140463:1/C?content-type=application/json: Cannot connect to host rest.ensembl.org:443 ssl:default [None]
2026-06-04 21:45:55.246 [ERROR] scripts.vep.client: VEP request error for https://rest.ensembl.org/vep/human/region/9:99111295-99111303:1/-?content-type=application/json: Cannot connect to host rest.ensembl.org:443 ssl:default [None]
2026-06-04 21:45:55.341 [ERROR] scripts.vep.client: VEP request error for https://rest.ensembl.org/vep/human/region/9:99109881-99109881:1/A?content-type=application/json: Cannot connect to host rest.ensembl.org:443 ssl:default [None]
2026-06-04 21:45:55.351 [ERROR] scripts.vep.client: VEP request error for https://rest.ensembl.org/vep/human/region/9:99108039-99108039:1/T?content-type=application/json: Cannot connect to host rest.ensembl.org:443 ssl:default [None]
2026-06-04 21:45:55.399 [ERROR] scripts.vep.client: VEP request error for https://rest.ensembl.org/vep/human/region/9:99116175-99116175:1/A?content-type=application/json: Cannot connect to host rest.ensembl.org:443 ssl:default [None]
2026-06-04 21:45:55.433 [ERROR] scripts.vep.client: VEP request error for https://rest.ensembl.org/vep/human/region/9:99123789-99123789:1/C?content-type=application/json: Cannot connect to host rest.ensembl.org:443 ssl:default [None]
2026-06-04 21:45:55.440 [ERROR] scripts.vep.client: VEP request error for https://rest.ensembl.org/vep/human/region/9:99108277-99108277:1/A?content-type=application/json: Cannot connect to host rest.ensembl.org:443 ssl:default [None]
2026-06-04 21:45:55.442 [ERROR] scripts.vep.client: VEP request error for https://rest.ensembl.org/vep/human/region/9:99120746-99120746:1/C?content-type=application/json: Cannot connect to host rest.ensembl.org:443 ssl:default [None]
2026-06-04 21:45:55.477 [ERROR] scripts.vep.client: VEP request error for https://rest.ensembl.org/vep/human/region/9:99138665-99138665:1/C?content-type=application/json: Cannot connect to host rest.ensembl.org:443 ssl:default [None]
2026-06-04 21:45:55.482 [ERROR] scripts.vep.client: VEP request error for https://rest.ensembl.org/vep/human/region/9:99131636-99131636:1/A?content-type=application/json: Cannot connect to host rest.ensembl.org:443 ssl:default [None]
2026-06-04 21:45:55.526 [ERROR] scripts.vep.client: VEP request error for https://rest.ensembl.org/vep/human/region/9:99128475-99128476:1/-?content-type=application/json: Cannot connect to host rest.ensembl.org:443 ssl:default [None]
2026-06-04 21:45:55.550 [ERROR] scripts.vep.client: VEP request error for https://rest.ensembl.org/vep/human/region/9:99116340-99116340:1/A?content-type=application/json: Cannot connect to host rest.ensembl.org:443 ssl:default [None]
2026-06-04 21:45:55.582 [ERROR] scripts.vep.client: VEP request error for https://rest.ensembl.org/vep/human/region/9:99112032-99112032:1/T?content-type=application/json: Cannot connect to host rest.ensembl.org:443 ssl:default [None]
2026-06-04 21:45:55.614 [ERROR] scripts.vep.client: VEP request error for https://rest.ensembl.org/vep/human/region/9:99115155-99115155:1/T?content-type=application/json: Cannot connect to host rest.ensembl.org:443 ssl:default [None]
2026-06-04 21:45:55.620 [ERROR] scripts.vep.client: VEP request error for https://rest.ensembl.org/vep/human/region/9:99134804-99134804:1/T?content-type=application/json: Cannot connect to host rest.ensembl.org:443 ssl:default [None]
2026-06-04 21:45:55.677 [ERROR] scripts.vep.client: VEP request error for https://rest.ensembl.org/vep/human/region/9:99108020-99108020:1/C?content-type=application/json: Cannot connect to host rest.ensembl.org:443 ssl:default [None]
2026-06-04 21:45:55.692 [ERROR] scripts.vep.client: VEP request error for https://rest.ensembl.org/vep/human/region/9:99126503-99126503:1/C?content-type=application/json: Cannot connect to host rest.ensembl.org:443 ssl:default [None]
2026-06-04 21:45:55.711 [ERROR] scripts.vep.client: VEP request error for https://rest.ensembl.org/vep/human/region/9:99113507-99113507:1/C?content-type=application/json: Cannot connect to host rest.ensembl.org:443 ssl:default [None]
2026-06-04 21:45:55.720 [ERROR] scripts.vep.client: VEP request error for https://rest.ensembl.org/vep/human/region/9:99133507-99133507:1/A?content-type=application/json: Cannot connect to host rest.ensembl.org:443 ssl:default [None]
2026-06-04 21:45:55.721 [ERROR] scripts.vep.client: VEP request error for https://rest.ensembl.org/vep/human/region/9:99111208-99111208:1/G?content-type=application/json: Cannot connect to host rest.ensembl.org:443 ssl:default [None]
2026-06-04 21:45:55.758 [ERROR] scripts.vep.client: VEP request error for https://rest.ensembl.org/vep/human/region/9:99116981-99116981:1/A?content-type=application/json: Cannot connect to host rest.ensembl.org:443 ssl:default [None]
2026-06-04 21:45:55.796 [ERROR] scripts.vep.client: VEP request error for https://rest.ensembl.org/vep/human/region/9:99112923-99112925:1/-?content-type=application/json: Cannot connect to host rest.ensembl.org:443 ssl:default [None]
2026-06-04 21:45:55.862 [ERROR] scripts.vep.client: VEP request error for https://rest.ensembl.org/vep/human/region/9:99133200-99133200:1/A?content-type=application/json: Cannot connect to host rest.ensembl.org:443 ssl:default [None]
2026-06-04 21:45:55.903 [ERROR] scripts.vep.client: VEP request error for https://rest.ensembl.org/vep/human/region/9:99121744-99121744:1/T?content-type=application/json: Cannot connect to host rest.ensembl.org:443 ssl:default [None]
2026-06-04 21:45:55.917 [ERROR] scripts.vep.client: VEP request error for https://rest.ensembl.org/vep/human/region/9:99127945-99127945:1/T?content-type=application/json: Cannot connect to host rest.ensembl.org:443 ssl:default [None]
2026-06-04 21:45:55.923 [ERROR] scripts.vep.client: VEP request error for https://rest.ensembl.org/vep/human/region/9:99124529-99124529:1/C?content-type=application/json: Cannot connect to host rest.ensembl.org:443 ssl:default [None]
2026-06-04 21:45:55.972 [ERROR] scripts.vep.client: VEP request error for https://rest.ensembl.org/vep/human/region/9:99140064-99140064:1/A?content-type=application/json: Cannot connect to host rest.ensembl.org:443 ssl:default [None]
2026-06-04 21:45:56.049 [ERROR] scripts.vep.client: VEP request error for https://rest.ensembl.org/vep/human/region/9:99121467-99121467:1/A?content-type=application/json: Cannot connect to host rest.ensembl.org:443 ssl:default [None]
2026-06-04 21:45:56.060 [ERROR] scripts.vep.client: VEP request error for https://rest.ensembl.org/vep/human/region/9:99112121-99112121:1/T?content-type=application/json: Cannot connect to host rest.ensembl.org:443 ssl:default [None]
2026-06-04 21:45:56.061 [ERROR] scripts.vep.client: VEP request error for https://rest.ensembl.org/vep/human/region/9:99135852-99135852:1/T?content-type=application/json: Cannot connect to host rest.ensembl.org:443 ssl:default [None]
2026-06-04 21:45:56.130 [ERROR] scripts.vep.client: VEP request error for https://rest.ensembl.org/vep/human/region/9:99140545-99140545:1/A?content-type=application/json: Cannot connect to host rest.ensembl.org:443 ssl:default [None]
2026-06-04 21:45:56.159 [ERROR] scripts.vep.client: VEP request error for https://rest.ensembl.org/vep/human/region/9:99136476-99136476:1/G?content-type=application/json: Cannot connect to host rest.ensembl.org:443 ssl:default [None]
2026-06-04 21:45:56.219 [ERROR] scripts.vep.client: VEP request error for https://rest.ensembl.org/vep/human/region/9:99116679-99116679:1/G?content-type=application/json: Cannot connect to host rest.ensembl.org:443 ssl:default [None]
2026-06-04 21:45:56.388 [ERROR] scripts.vep.client: VEP request error for https://rest.ensembl.org/vep/human/region/9:99124534-99124534:1/G?content-type=application/json: Cannot connect to host rest.ensembl.org:443 ssl:default [None]
2026-06-04 21:45:56.404 [ERROR] scripts.vep.client: VEP request error for https://rest.ensembl.org/vep/human/region/9:99151402-99151402:1/G?content-type=application/json: Cannot connect to host rest.ensembl.org:443 ssl:default [None]
2026-06-04 21:45:56.823 [ERROR] scripts.vep.client: VEP request error for https://rest.ensembl.org/vep/human/region/9:99138128-99138128:1/G?content-type=application/json: Cannot connect to host rest.ensembl.org:443 ssl:default [None]
2026-06-04 21:45:56.965 [ERROR] scripts.vep.client: VEP request error for https://rest.ensembl.org/vep/human/region/9:99151417-99151417:1/T?content-type=application/json: Cannot connect to host rest.ensembl.org:443 ssl:default [None]
2026-06-04 21:45:57.012 [ERROR] scripts.vep.client: VEP request error for https://rest.ensembl.org/vep/human/region/9:101533361-101533361:1/T?content-type=application/json: Cannot connect to host rest.ensembl.org:443 ssl:default [None]
2026-06-04 21:45:57.253 [ERROR] scripts.vep.client: VEP request error for https://rest.ensembl.org/vep/human/region/9:99141658-99141658:1/A?content-type=application/json: Cannot connect to host rest.ensembl.org:443 ssl:default [None]
2026-06-04 21:45:57.293 [ERROR] scripts.vep.client: VEP request error for https://rest.ensembl.org/vep/human/region/9:99141849-99141849:1/C?content-type=application/json: Cannot connect to host rest.ensembl.org:443 ssl:default [None]
2026-06-04 21:45:57.310 [ERROR] scripts.vep.client: VEP request error for https://rest.ensembl.org/vep/human/region/9:99152530-99152530:1/A?content-type=application/json: Cannot connect to host rest.ensembl.org:443 ssl:default [None]
2026-06-04 21:45:57.522 [ERROR] scripts.vep.client: VEP request error for https://rest.ensembl.org/vep/human/region/9:99151408-99151408:1/G?content-type=application/json: Cannot connect to host rest.ensembl.org:443 ssl:default [None]
2026-06-04 21:45:57.590 [ERROR] scripts.vep.client: VEP request error for https://rest.ensembl.org/vep/human/region/9:101537011-101537011:1/T?content-type=application/json: Cannot connect to host rest.ensembl.org:443 ssl:default [None]
2026-06-04 21:45:57.697 [ERROR] scripts.vep.client: VEP request error for https://rest.ensembl.org/vep/human/region/9:99146083-99146083:1/G?content-type=application/json: Cannot connect to host rest.ensembl.org:443 ssl:default [None]
2026-06-04 21:45:57.711 [ERROR] scripts.vep.client: VEP request error for https://rest.ensembl.org/vep/human/region/9:99147375-99147375:1/G?content-type=application/json: Cannot connect to host rest.ensembl.org:443 ssl:default [None]
2026-06-04 21:45:57.715 [ERROR] scripts.vep.client: VEP request error for https://rest.ensembl.org/vep/human/region/9:99155508-99155508:1/A?content-type=application/json: Cannot connect to host rest.ensembl.org:443 ssl:default [None]
2026-06-04 21:45:57.756 [ERROR] scripts.vep.client: VEP request error for https://rest.ensembl.org/vep/human/region/9:101545252-101545252:1/C?content-type=application/json: Cannot connect to host rest.ensembl.org:443 ssl:default [None]
2026-06-04 21:45:57.975 [ERROR] scripts.vep.client: VEP request error for https://rest.ensembl.org/vep/human/region/9:99154523-99154523:1/G?content-type=application/json: Cannot connect to host rest.ensembl.org:443 ssl:default [None]
2026-06-04 21:45:57.992 [ERROR] scripts.vep.client: VEP request error for https://rest.ensembl.org/vep/human/region/9:99146633-99146633:1/A?content-type=application/json: Cannot connect to host rest.ensembl.org:443 ssl:default [None]
2026-06-04 21:45:58.163 [ERROR] scripts.vep.client: VEP request error for https://rest.ensembl.org/vep/human/region/9:99156948-99156948:1/C?content-type=application/json: Cannot connect to host rest.ensembl.org:443 ssl:default [None]
2026-06-04 21:45:58.233 [ERROR] scripts.vep.client: VEP request error for https://rest.ensembl.org/vep/human/region/9:101537591-101537591:1/G?content-type=application/json: Cannot connect to host rest.ensembl.org:443 ssl:default [None]
2026-06-04 21:45:58.255 [ERROR] scripts.vep.client: VEP request error for https://rest.ensembl.org/vep/human/region/9:99147004-99147004:1/A?content-type=application/json: Cannot connect to host rest.ensembl.org:443 ssl:default [None]
2026-06-04 21:45:58.258 [ERROR] scripts.vep.client: VEP request error for https://rest.ensembl.org/vep/human/region/9:99153883-99153883:1/G?content-type=application/json: Cannot connect to host rest.ensembl.org:443 ssl:default [None]
2026-06-04 21:45:58.265 [ERROR] scripts.vep.client: VEP request error for https://rest.ensembl.org/vep/human/region/9:101529530-101529530:1/T?content-type=application/json: Cannot connect to host rest.ensembl.org:443 ssl:default [None]
2026-06-04 21:45:58.290 [ERROR] scripts.vep.client: VEP request error for https://rest.ensembl.org/vep/human/region/9:99150189-99150189:1/G?content-type=application/json: Cannot connect to host rest.ensembl.org:443 ssl:default [None]
2026-06-04 21:45:58.291 [ERROR] scripts.vep.client: VEP request error for https://rest.ensembl.org/vep/human/region/9:101552798-101552798:1/T?content-type=application/json: Cannot connect to host rest.ensembl.org:443 ssl:default [None]
2026-06-04 21:45:58.389 [ERROR] scripts.vep.client: VEP request error for https://rest.ensembl.org/vep/human/region/9:101539883-101539883:1/T?content-type=application/json: Cannot connect to host rest.ensembl.org:443 ssl:default [None]
2026-06-04 21:45:58.397 [ERROR] scripts.vep.client: VEP request error for https://rest.ensembl.org/vep/human/region/9:101531830-101531830:1/C?content-type=application/json: Cannot connect to host rest.ensembl.org:443 ssl:default [None]
2026-06-04 21:45:58.404 [ERROR] scripts.vep.client: VEP request error for https://rest.ensembl.org/vep/human/region/9:101528938-101528938:1/C?content-type=application/json: Cannot connect to host rest.ensembl.org:443 ssl:default [None]
2026-06-04 21:45:58.407 [ERROR] scripts.vep.client: VEP request error for https://rest.ensembl.org/vep/human/region/9:99149040-99149040:1/T?content-type=application/json: Cannot connect to host rest.ensembl.org:443 ssl:default [None]
2026-06-04 21:45:58.606 [ERROR] scripts.vep.client: VEP request error for https://rest.ensembl.org/vep/human/region/9:99156720-99156720:1/G?content-type=application/json: Cannot connect to host rest.ensembl.org:443 ssl:default [None]
2026-06-04 21:45:58.672 [ERROR] scripts.vep.client: VEP request error for https://rest.ensembl.org/vep/human/region/9:101541371-101541371:1/G?content-type=application/json: Cannot connect to host rest.ensembl.org:443 ssl:default [None]
2026-06-04 21:45:58.678 [ERROR] scripts.vep.client: VEP request error for https://rest.ensembl.org/vep/human/region/9:101533567-101533567:1/G?content-type=application/json: Cannot connect to host rest.ensembl.org:443 ssl:default [None]
2026-06-04 21:45:58.716 [ERROR] scripts.vep.client: VEP request error for https://rest.ensembl.org/vep/human/region/9:101545593-101545593:1/A?content-type=application/json: Cannot connect to host rest.ensembl.org:443 ssl:default [None]
2026-06-04 21:45:58.730 [ERROR] scripts.vep.client: VEP request error for https://rest.ensembl.org/vep/human/region/9:99152105-99152105:1/A?content-type=application/json: Cannot connect to host rest.ensembl.org:443 ssl:default [None]
2026-06-04 21:45:58.730 [ERROR] scripts.vep.client: VEP request error for https://rest.ensembl.org/vep/human/region/9:101539661-101539661:1/G?content-type=application/json: Cannot connect to host rest.ensembl.org:443 ssl:default [None]
2026-06-04 21:45:58.812 [ERROR] scripts.vep.client: VEP request error for https://rest.ensembl.org/vep/human/region/9:101529046-101529046:1/T?content-type=application/json: Cannot connect to host rest.ensembl.org:443 ssl:default [None]
2026-06-04 21:45:58.865 [ERROR] scripts.vep.client: VEP request error for https://rest.ensembl.org/vep/human/region/9:101537798-101537798:1/G?content-type=application/json: Cannot connect to host rest.ensembl.org:443 ssl:default [None]
2026-06-04 21:45:58.872 [ERROR] scripts.vep.client: VEP request error for https://rest.ensembl.org/vep/human/region/9:101547163-101547163:1/C?content-type=application/json: Cannot connect to host rest.ensembl.org:443 ssl:default [None]
2026-06-04 21:45:58.937 [ERROR] scripts.vep.client: VEP request error for https://rest.ensembl.org/vep/human/region/9:101550065-101550065:1/T?content-type=application/json: Cannot connect to host rest.ensembl.org:443 ssl:default [None]
2026-06-04 21:45:58.970 [ERROR] scripts.vep.client: VEP request error for https://rest.ensembl.org/vep/human/region/9:101541295-101541295:1/C?content-type=application/json: Cannot connect to host rest.ensembl.org:443 ssl:default [None]
2026-06-04 21:45:59.041 [ERROR] scripts.vep.client: VEP request error for https://rest.ensembl.org/vep/human/region/9:101533482-101533482:1/T?content-type=application/json: Cannot connect to host rest.ensembl.org:443 ssl:default [None]
2026-06-04 21:45:59.063 [ERROR] scripts.vep.client: VEP request error for https://rest.ensembl.org/vep/human/region/9:101539224-101539224:1/G?content-type=application/json: Cannot connect to host rest.ensembl.org:443 ssl:default [None]
2026-06-04 21:45:59.136 [ERROR] scripts.vep.client: VEP request error for https://rest.ensembl.org/vep/human/region/9:101544348-101544348:1/C?content-type=application/json: Cannot connect to host rest.ensembl.org:443 ssl:default [None]
2026-06-04 21:45:59.151 [ERROR] scripts.vep.client: VEP request error for https://rest.ensembl.org/vep/human/region/9:101552973-101552973:1/A?content-type=application/json: Cannot connect to host rest.ensembl.org:443 ssl:default [None]
2026-06-04 21:45:59.199 [ERROR] scripts.vep.client: VEP request error for https://rest.ensembl.org/vep/human/region/9:101542816-101542816:1/T?content-type=application/json: Cannot connect to host rest.ensembl.org:443 ssl:default [None]
2026-06-04 21:45:59.201 [ERROR] scripts.vep.client: VEP request error for https://rest.ensembl.org/vep/human/region/9:101544044-101544046:1/-?content-type=application/json: Cannot connect to host rest.ensembl.org:443 ssl:default [None]
2026-06-04 21:45:59.243 [ERROR] scripts.vep.client: VEP request error for https://rest.ensembl.org/vep/human/region/9:101533991-101533991:1/G?content-type=application/json: Cannot connect to host rest.ensembl.org:443 ssl:default [None]
2026-06-04 21:45:59.364 [ERROR] scripts.vep.client: VEP request error for https://rest.ensembl.org/vep/human/region/9:101533096-101533096:1/T?content-type=application/json: Cannot connect to host rest.ensembl.org:443 ssl:default [None]
2026-06-04 21:45:59.391 [ERROR] scripts.vep.client: VEP request error for https://rest.ensembl.org/vep/human/region/9:101532248-101532248:1/C?content-type=application/json: Cannot connect to host rest.ensembl.org:443 ssl:default [None]
2026-06-04 21:45:59.456 [ERROR] scripts.vep.client: VEP request error for https://rest.ensembl.org/vep/human/region/9:101562263-101562263:1/A?content-type=application/json: Cannot connect to host rest.ensembl.org:443 ssl:default [None]
2026-06-04 21:45:59.516 [ERROR] scripts.vep.client: VEP request error for https://rest.ensembl.org/vep/human/region/9:101550165-101550165:1/C?content-type=application/json: Cannot connect to host rest.ensembl.org:443 ssl:default [None]
2026-06-04 21:45:59.573 [ERROR] scripts.vep.client: VEP request error for https://rest.ensembl.org/vep/human/region/9:101543737-101543737:1/T?content-type=application/json: Cannot connect to host rest.ensembl.org:443 ssl:default [None]
2026-06-04 21:45:59.591 [ERROR] scripts.vep.client: VEP request error for https://rest.ensembl.org/vep/human/region/9:101537283-101537283:1/C?content-type=application/json: Cannot connect to host rest.ensembl.org:443 ssl:default [None]
2026-06-04 21:45:59.676 [ERROR] scripts.vep.client: VEP request error for https://rest.ensembl.org/vep/human/region/9:101558936-101558936:1/A?content-type=application/json: Cannot connect to host rest.ensembl.org:443 ssl:default [None]
2026-06-04 21:45:59.724 [ERROR] scripts.vep.client: VEP request error for https://rest.ensembl.org/vep/human/region/9:101553649-101553649:1/G?content-type=application/json: Cannot connect to host rest.ensembl.org:443 ssl:default [None]
2026-06-04 21:45:59.757 [ERROR] scripts.vep.client: VEP request error for https://rest.ensembl.org/vep/human/region/9:107487224-107487224:1/T?content-type=application/json: Cannot connect to host rest.ensembl.org:443 ssl:default [None]
2026-06-04 21:45:59.869 [ERROR] scripts.vep.client: VEP request error for https://rest.ensembl.org/vep/human/region/9:101546083-101546083:1/G?content-type=application/json: Cannot connect to host rest.ensembl.org:443 ssl:default [None]
2026-06-04 21:45:59.995 [ERROR] scripts.vep.client: VEP request error for https://rest.ensembl.org/vep/human/region/9:101551171-101551171:1/G?content-type=application/json: Cannot connect to host rest.ensembl.org:443 ssl:default [None]
2026-06-04 21:46:00.217 [ERROR] scripts.vep.client: VEP request error for https://rest.ensembl.org/vep/human/region/9:101558006-101558007:1/-?content-type=application/json: Cannot connect to host rest.ensembl.org:443 ssl:default [None]
2026-06-04 21:46:00.446 [ERROR] scripts.vep.client: VEP request error for https://rest.ensembl.org/vep/human/region/9:101556009-101556009:1/T?content-type=application/json: Cannot connect to host rest.ensembl.org:443 ssl:default [None]
2026-06-04 21:46:00.559 [ERROR] scripts.vep.client: VEP request error for https://rest.ensembl.org/vep/human/region/9:101564117-101564117:1/T?content-type=application/json: Cannot connect to host rest.ensembl.org:443 ssl:default [None]
2026-06-04 21:46:00.590 [ERROR] scripts.vep.client: VEP request error for https://rest.ensembl.org/vep/human/region/9:110238954-110238954:1/T?content-type=application/json: Cannot connect to host rest.ensembl.org:443 ssl:default [None]
2026-06-04 21:46:00.608 [ERROR] scripts.vep.client: VEP request error for https://rest.ensembl.org/vep/human/region/9:107489665-107489666:1/-?content-type=application/json: Cannot connect to host rest.ensembl.org:443 ssl:default [None]
2026-06-04 21:46:00.627 [ERROR] scripts.vep.client: VEP request error for https://rest.ensembl.org/vep/human/region/9:101556777-101556777:1/C?content-type=application/json: Cannot connect to host rest.ensembl.org:443 ssl:default [None]
2026-06-04 21:46:00.629 [ERROR] scripts.vep.client: VEP request error for https://rest.ensembl.org/vep/human/region/9:107480085-107480085:1/G?content-type=application/json: Cannot connect to host rest.ensembl.org:443 ssl:default [None]
2026-06-04 21:46:00.642 [ERROR] scripts.vep.client: VEP request error for https://rest.ensembl.org/vep/human/region/9:110240861-110240861:1/G?content-type=application/json: Cannot connect to host rest.ensembl.org:443 ssl:default [None]
2026-06-04 21:46:00.666 [ERROR] scripts.vep.client: VEP request error for https://rest.ensembl.org/vep/human/region/9:107480552-107480552:1/A?content-type=application/json: Cannot connect to host rest.ensembl.org:443 ssl:default [None]
2026-06-04 21:46:00.707 [ERROR] scripts.vep.client: VEP request error for https://rest.ensembl.org/vep/human/region/9:107480750-107480750:1/A?content-type=application/json: Cannot connect to host rest.ensembl.org:443 ssl:default [None]
2026-06-04 21:46:00.939 [ERROR] scripts.vep.client: VEP request error for https://rest.ensembl.org/vep/human/region/9:110241263-110241263:1/TT?content-type=application/json: Cannot connect to host rest.ensembl.org:443 ssl:default [None]
2026-06-04 21:46:00.971 [ERROR] scripts.vep.client: VEP request error for https://rest.ensembl.org/vep/human/region/9:107480068-107480068:1/G?content-type=application/json: Cannot connect to host rest.ensembl.org:443 ssl:default [None]
2026-06-04 21:46:01.052 [ERROR] scripts.vep.client: VEP request error for https://rest.ensembl.org/vep/human/region/9:101563687-101563687:1/T?content-type=application/json: Cannot connect to host rest.ensembl.org:443 ssl:default [None]
2026-06-04 21:46:01.123 [ERROR] scripts.vep.client: VEP request error for https://rest.ensembl.org/vep/human/region/9:110239493-110239493:1/T?content-type=application/json: Cannot connect to host rest.ensembl.org:443 ssl:default [None]
2026-06-04 21:46:01.159 [ERROR] scripts.vep.client: VEP request error for https://rest.ensembl.org/vep/human/region/9:110242838-110242838:1/G?content-type=application/json: Cannot connect to host rest.ensembl.org:443 ssl:default [None]
2026-06-04 21:46:01.215 [ERROR] scripts.vep.client: VEP request error for https://rest.ensembl.org/vep/human/region/9:110242715-110242715:1/T?content-type=application/json: Cannot connect to host rest.ensembl.org:443 ssl:default [None]
2026-06-04 21:46:01.278 [ERROR] scripts.vep.client: VEP request error for https://rest.ensembl.org/vep/human/region/9:110240186-110240186:1/G?content-type=application/json: Cannot connect to host rest.ensembl.org:443 ssl:default [None]
2026-06-04 21:46:01.399 [ERROR] scripts.vep.client: VEP request error for https://rest.ensembl.org/vep/human/region/9:110240285-110240285:1/C?content-type=application/json: Cannot connect to host rest.ensembl.org:443 ssl:default [None]
2026-06-04 21:46:01.431 [ERROR] scripts.vep.client: VEP request error for https://rest.ensembl.org/vep/human/region/9:107480137-107480138:1/-?content-type=application/json: Cannot connect to host rest.ensembl.org:443 ssl:default [None]
2026-06-04 21:46:01.462 [ERROR] scripts.vep.client: VEP request error for https://rest.ensembl.org/vep/human/region/9:107489579-107489579:1/G?content-type=application/json: Cannot connect to host rest.ensembl.org:443 ssl:default [None]
2026-06-04 21:46:01.518 [ERROR] scripts.vep.client: VEP request error for https://rest.ensembl.org/vep/human/region/9:107479876-107479876:1/C?content-type=application/json: Cannot connect to host rest.ensembl.org:443 ssl:default [None]
2026-06-04 21:46:01.541 [ERROR] scripts.vep.client: VEP request error for https://rest.ensembl.org/vep/human/region/9:110240569-110240569:1/C?content-type=application/json: Cannot connect to host rest.ensembl.org:443 ssl:default [None]
2026-06-04 21:46:01.542 [ERROR] scripts.vep.client: VEP request error for https://rest.ensembl.org/vep/human/region/9:110242980-110242980:1/G?content-type=application/json: Cannot connect to host rest.ensembl.org:443 ssl:default [None]
2026-06-04 21:46:01.591 [ERROR] scripts.vep.client: VEP request error for https://rest.ensembl.org/vep/human/region/9:110243007-110243007:1/A?content-type=application/json: Cannot connect to host rest.ensembl.org:443 ssl:default [None]
2026-06-04 21:46:01.633 [ERROR] scripts.vep.client: VEP request error for https://rest.ensembl.org/vep/human/region/9:110239571-110239571:1/TG?content-type=application/json: Cannot connect to host rest.ensembl.org:443 ssl:default [None]
2026-06-04 21:46:01.636 [ERROR] scripts.vep.client: VEP request error for https://rest.ensembl.org/vep/human/region/9:110242853-110242855:1/-?content-type=application/json: Cannot connect to host rest.ensembl.org:443 ssl:default [None]
2026-06-04 21:46:01.645 [ERROR] scripts.vep.client: VEP request error for https://rest.ensembl.org/vep/human/region/9:107480977-107480979:1/-?content-type=application/json: Cannot connect to host rest.ensembl.org:443 ssl:default [None]
2026-06-04 21:46:01.763 [ERROR] scripts.vep.client: VEP request error for https://rest.ensembl.org/vep/human/region/9:110244008-110244008:1/C?content-type=application/json: Cannot connect to host rest.ensembl.org:443 ssl:default [None]
2026-06-04 21:46:01.786 [ERROR] scripts.vep.client: VEP request error for https://rest.ensembl.org/vep/human/region/9:110240978-110240978:1/G?content-type=application/json: Cannot connect to host rest.ensembl.org:443 ssl:default [None]
2026-06-04 21:46:01.790 [ERROR] scripts.vep.client: VEP request error for https://rest.ensembl.org/vep/human/region/9:107493180-107493180:1/G?content-type=application/json: Cannot connect to host rest.ensembl.org:443 ssl:default [None]
2026-06-04 21:46:01.826 [ERROR] scripts.vep.client: VEP request error for https://rest.ensembl.org/vep/human/region/9:107493644-107493644:1/T?content-type=application/json: Cannot connect to host rest.ensembl.org:443 ssl:default [None]
2026-06-04 21:46:01.842 [ERROR] scripts.vep.client: VEP request error for https://rest.ensembl.org/vep/human/region/9:110242605-110242605:1/T?content-type=application/json: Cannot connect to host rest.ensembl.org:443 ssl:default [None]
2026-06-04 21:46:01.917 [ERROR] scripts.vep.client: VEP request error for https://rest.ensembl.org/vep/human/region/9:110242522-110242522:1/A?content-type=application/json: Cannot connect to host rest.ensembl.org:443 ssl:default [None]
2026-06-04 21:46:02.242 [ERROR] scripts.vep.client: VEP request error for https://rest.ensembl.org/vep/human/region/9:110242863-110242863:1/T?content-type=application/json: Cannot connect to host rest.ensembl.org:443 ssl:default [None]
2026-06-04 21:46:02.339 [ERROR] scripts.vep.client: VEP request error for https://rest.ensembl.org/vep/human/region/9:110245009-110245009:1/G?content-type=application/json: Cannot connect to host rest.ensembl.org:443 ssl:default [None]
2026-06-04 21:46:02.373 [ERROR] scripts.vep.client: VEP request error for https://rest.ensembl.org/vep/human/region/9:110244411-110244411:1/A?content-type=application/json: Cannot connect to host rest.ensembl.org:443 ssl:default [None]
2026-06-04 21:46:02.465 [ERROR] scripts.vep.client: VEP request error for https://rest.ensembl.org/vep/human/region/9:110243689-110243689:1/T?content-type=application/json: Cannot connect to host rest.ensembl.org:443 ssl:default [None]
2026-06-04 21:46:02.542 [ERROR] scripts.vep.client: VEP request error for https://rest.ensembl.org/vep/human/region/9:110243270-110243270:1/A?content-type=application/json: Cannot connect to host rest.ensembl.org:443 ssl:default [None]
2026-06-04 21:46:02.613 [ERROR] scripts.vep.client: VEP request error for https://rest.ensembl.org/vep/human/region/9:110244938-110244939:1/-?content-type=application/json: Cannot connect to host rest.ensembl.org:443 ssl:default [None]
2026-06-04 21:46:02.637 [ERROR] scripts.vep.client: VEP request error for https://rest.ensembl.org/vep/human/region/9:110241417-110241417:1/C?content-type=application/json: Cannot connect to host rest.ensembl.org:443 ssl:default [None]
2026-06-04 21:46:02.906 [ERROR] scripts.vep.client: VEP request error for https://rest.ensembl.org/vep/human/region/9:110243056-110243056:1/A?content-type=application/json: Cannot connect to host rest.ensembl.org:443 ssl:default [None]
2026-06-04 21:46:02.919 [ERROR] scripts.vep.client: VEP request error for https://rest.ensembl.org/vep/human/region/9:110244140-110244140:1/G?content-type=application/json: Cannot connect to host rest.ensembl.org:443 ssl:default [None]
2026-06-04 21:46:03.148 [ERROR] scripts.vep.client: VEP request error for https://rest.ensembl.org/vep/human/region/9:110245039-110245042:1/-?content-type=application/json: Cannot connect to host rest.ensembl.org:443 ssl:default [None]
2026-06-04 21:46:03.149 [INFO] scripts.vep.client: VEP batch 268/516 done
2026-06-04 21:46:05.090 [ERROR] scripts.vep.client: VEP request error for https://rest.ensembl.org/vep/human/region/9:110260326-110260326:1/T?content-type=application/json: Cannot connect to host rest.ensembl.org:443 ssl:default [None]
2026-06-04 21:46:05.247 [ERROR] scripts.vep.client: VEP request error for https://rest.ensembl.org/vep/human/region/9:117701903-117701903:1/A?content-type=application/json: Cannot connect to host rest.ensembl.org:443 ssl:default [None]
2026-06-04 21:46:05.283 [ERROR] scripts.vep.client: VEP request error for https://rest.ensembl.org/vep/human/region/9:110261053-110261053:1/T?content-type=application/json: Cannot connect to host rest.ensembl.org:443 ssl:default [None]
2026-06-04 21:46:05.335 [ERROR] scripts.vep.client: VEP request error for https://rest.ensembl.org/vep/human/region/9:110256722-110256722:1/A?content-type=application/json: Cannot connect to host rest.ensembl.org:443 ssl:default [None]
2026-06-04 21:46:05.359 [ERROR] scripts.vep.client: VEP request error for https://rest.ensembl.org/vep/human/region/9:110255991-110255991:1/A?content-type=application/json: Cannot connect to host rest.ensembl.org:443 ssl:default [None]
2026-06-04 21:46:05.433 [ERROR] scripts.vep.client: VEP request error for https://rest.ensembl.org/vep/human/region/9:117702392-117702392:1/A?content-type=application/json: Cannot connect to host rest.ensembl.org:443 ssl:default [None]
2026-06-04 21:46:05.499 [ERROR] scripts.vep.client: VEP request error for https://rest.ensembl.org/vep/human/region/9:110254136-110254139:1/-?content-type=application/json: Cannot connect to host rest.ensembl.org:443 ssl:default [None]
2026-06-04 21:46:05.549 [ERROR] scripts.vep.client: VEP request error for https://rest.ensembl.org/vep/human/region/9:110245081-110245081:1/C?content-type=application/json: Cannot connect to host rest.ensembl.org:443 ssl:default [None]
2026-06-04 21:46:05.563 [ERROR] scripts.vep.client: VEP request error for https://rest.ensembl.org/vep/human/region/9:110256702-110256702:1/C?content-type=application/json: Cannot connect to host rest.ensembl.org:443 ssl:default [None]
2026-06-04 21:46:05.591 [ERROR] scripts.vep.client: VEP request error for https://rest.ensembl.org/vep/human/region/9:110251071-110251071:1/T?content-type=application/json: Cannot connect to host rest.ensembl.org:443 ssl:default [None]
2026-06-04 21:46:05.802 [ERROR] scripts.vep.client: VEP request error for https://rest.ensembl.org/vep/human/region/9:110255086-110255086:1/C?content-type=application/json: Cannot connect to host rest.ensembl.org:443 ssl:default [None]
2026-06-04 21:46:05.828 [ERROR] scripts.vep.client: VEP request error for https://rest.ensembl.org/vep/human/region/9:113403116-113403116:1/G?content-type=application/json: Cannot connect to host rest.ensembl.org:443 ssl:default [None]
2026-06-04 21:46:05.855 [ERROR] scripts.vep.client: VEP request error for https://rest.ensembl.org/vep/human/region/9:117707148-117707148:1/T?content-type=application/json: Cannot connect to host rest.ensembl.org:443 ssl:default [None]
2026-06-04 21:46:05.861 [ERROR] scripts.vep.client: VEP request error for https://rest.ensembl.org/vep/human/region/9:110252447-110252447:1/C?content-type=application/json: Cannot connect to host rest.ensembl.org:443 ssl:default [None]
2026-06-04 21:46:05.911 [ERROR] scripts.vep.client: VEP request error for https://rest.ensembl.org/vep/human/region/9:110246102-110246103:1/-?content-type=application/json: Cannot connect to host rest.ensembl.org:443 ssl:default [None]
2026-06-04 21:46:05.935 [ERROR] scripts.vep.client: VEP request error for https://rest.ensembl.org/vep/human/region/9:110258636-110258636:1/A?content-type=application/json: Cannot connect to host rest.ensembl.org:443 ssl:default [None]
2026-06-04 21:46:05.965 [ERROR] scripts.vep.client: VEP request error for https://rest.ensembl.org/vep/human/region/9:110249269-110249269:1/A?content-type=application/json: Cannot connect to host rest.ensembl.org:443 ssl:default [None]
2026-06-04 21:46:05.977 [ERROR] scripts.vep.client: VEP request error for https://rest.ensembl.org/vep/human/region/9:117705718-117705718:1/C?content-type=application/json: Cannot connect to host rest.ensembl.org:443 ssl:default [None]
2026-06-04 21:46:06.004 [ERROR] scripts.vep.client: VEP request error for https://rest.ensembl.org/vep/human/region/9:117704651-117704652:1/-?content-type=application/json: Cannot connect to host rest.ensembl.org:443 ssl:default [None]
2026-06-04 21:46:06.028 [ERROR] scripts.vep.client: VEP request error for https://rest.ensembl.org/vep/human/region/9:110246294-110246294:1/C?content-type=application/json: Cannot connect to host rest.ensembl.org:443 ssl:default [None]
2026-06-04 21:46:06.045 [ERROR] scripts.vep.client: VEP request error for https://rest.ensembl.org/vep/human/region/9:110248759-110248759:1/T?content-type=application/json: Cannot connect to host rest.ensembl.org:443 ssl:default [None]
2026-06-04 21:46:06.046 [ERROR] scripts.vep.client: VEP request error for https://rest.ensembl.org/vep/human/region/9:117702042-117702042:1/C?content-type=application/json: Cannot connect to host rest.ensembl.org:443 ssl:default [None]
2026-06-04 21:46:06.091 [ERROR] scripts.vep.client: VEP request error for https://rest.ensembl.org/vep/human/region/9:110249113-110249113:1/C?content-type=application/json: Cannot connect to host rest.ensembl.org:443 ssl:default [None]
2026-06-04 21:46:06.092 [ERROR] scripts.vep.client: VEP request error for https://rest.ensembl.org/vep/human/region/9:110246966-110246966:1/G?content-type=application/json: Cannot connect to host rest.ensembl.org:443 ssl:default [None]
2026-06-04 21:46:06.163 [ERROR] scripts.vep.client: VEP request error for https://rest.ensembl.org/vep/human/region/9:113402247-113402247:1/T?content-type=application/json: Cannot connect to host rest.ensembl.org:443 ssl:default [None]
2026-06-04 21:46:06.165 [ERROR] scripts.vep.client: VEP request error for https://rest.ensembl.org/vep/human/region/9:110257228-110257228:1/A?content-type=application/json: Cannot connect to host rest.ensembl.org:443 ssl:default [None]
2026-06-04 21:46:06.169 [ERROR] scripts.vep.client: VEP request error for https://rest.ensembl.org/vep/human/region/9:117707776-117707776:1/G?content-type=application/json: Cannot connect to host rest.ensembl.org:443 ssl:default [None]
2026-06-04 21:46:06.215 [ERROR] scripts.vep.client: VEP request error for https://rest.ensembl.org/vep/human/region/9:110257874-110257874:1/A?content-type=application/json: Cannot connect to host rest.ensembl.org:443 ssl:default [None]
2026-06-04 21:46:06.239 [ERROR] scripts.vep.client: VEP request error for https://rest.ensembl.org/vep/human/region/9:117707386-117707386:1/G?content-type=application/json: Cannot connect to host rest.ensembl.org:443 ssl:default [None]
2026-06-04 21:46:06.264 [ERROR] scripts.vep.client: VEP request error for https://rest.ensembl.org/vep/human/region/9:117700717-117700717:1/CA?content-type=application/json: Cannot connect to host rest.ensembl.org:443 ssl:default [None]
2026-06-04 21:46:06.266 [ERROR] scripts.vep.client: VEP request error for https://rest.ensembl.org/vep/human/region/9:113403517-113403517:1/A?content-type=application/json: Cannot connect to host rest.ensembl.org:443 ssl:default [None]
2026-06-04 21:46:06.285 [ERROR] scripts.vep.client: VEP request error for https://rest.ensembl.org/vep/human/region/9:117699343-117699343:1/T?content-type=application/json: Cannot connect to host rest.ensembl.org:443 ssl:default [None]
2026-06-04 21:46:06.323 [ERROR] scripts.vep.client: VEP request error for https://rest.ensembl.org/vep/human/region/9:117706110-117706110:1/A?content-type=application/json: Cannot connect to host rest.ensembl.org:443 ssl:default [None]
2026-06-04 21:46:06.338 [ERROR] scripts.vep.client: VEP request error for https://rest.ensembl.org/vep/human/region/9:110247065-110247065:1/G?content-type=application/json: Cannot connect to host rest.ensembl.org:443 ssl:default [None]
2026-06-04 21:46:06.430 [ERROR] scripts.vep.client: VEP request error for https://rest.ensembl.org/vep/human/region/9:110253540-110253540:1/G?content-type=application/json: Cannot connect to host rest.ensembl.org:443 ssl:default [None]
2026-06-04 21:46:06.500 [ERROR] scripts.vep.client: VEP request error for https://rest.ensembl.org/vep/human/region/9:110254119-110254119:1/T?content-type=application/json: Cannot connect to host rest.ensembl.org:443 ssl:default [None]
2026-06-04 21:46:06.504 [ERROR] scripts.vep.client: VEP request error for https://rest.ensembl.org/vep/human/region/9:110256692-110256692:1/A?content-type=application/json: Cannot connect to host rest.ensembl.org:443 ssl:default [None]
2026-06-04 21:46:06.505 [ERROR] scripts.vep.client: VEP request error for https://rest.ensembl.org/vep/human/region/9:110249307-110249308:1/-?content-type=application/json: Cannot connect to host rest.ensembl.org:443 ssl:default [None]
2026-06-04 21:46:06.576 [ERROR] scripts.vep.client: VEP request error for https://rest.ensembl.org/vep/human/region/9:110245516-110245516:1/T?content-type=application/json: Cannot connect to host rest.ensembl.org:443 ssl:default [None]
2026-06-04 21:46:06.577 [ERROR] scripts.vep.client: VEP request error for https://rest.ensembl.org/vep/human/region/9:113409359-113409360:1/-?content-type=application/json: Cannot connect to host rest.ensembl.org:443 ssl:default [None]
2026-06-04 21:46:06.617 [ERROR] scripts.vep.client: VEP request error for https://rest.ensembl.org/vep/human/region/9:117702866-117702866:1/C?content-type=application/json: Cannot connect to host rest.ensembl.org:443 ssl:default [None]
2026-06-04 21:46:06.630 [ERROR] scripts.vep.client: VEP request error for https://rest.ensembl.org/vep/human/region/9:110247166-110247166:1/T?content-type=application/json: Cannot connect to host rest.ensembl.org:443 ssl:default [None]
2026-06-04 21:46:06.763 [ERROR] scripts.vep.client: VEP request error for https://rest.ensembl.org/vep/human/region/9:113402438-113402439:1/-?content-type=application/json: Cannot connect to host rest.ensembl.org:443 ssl:default [None]
2026-06-04 21:46:06.805 [ERROR] scripts.vep.client: VEP request error for https://rest.ensembl.org/vep/human/region/9:110252488-110252488:1/T?content-type=application/json: Cannot connect to host rest.ensembl.org:443 ssl:default [None]
2026-06-04 21:46:06.820 [ERROR] scripts.vep.client: VEP request error for https://rest.ensembl.org/vep/human/region/9:110260514-110260514:1/A?content-type=application/json: Cannot connect to host rest.ensembl.org:443 ssl:default [None]
2026-06-04 21:46:06.870 [ERROR] scripts.vep.client: VEP request error for https://rest.ensembl.org/vep/human/region/9:110256616-110256616:1/T?content-type=application/json: Cannot connect to host rest.ensembl.org:443 ssl:default [None]
2026-06-04 21:46:06.885 [ERROR] scripts.vep.client: VEP request error for https://rest.ensembl.org/vep/human/region/9:110245219-110245219:1/C?content-type=application/json: Cannot connect to host rest.ensembl.org:443 ssl:default [None]
2026-06-04 21:46:06.981 [ERROR] scripts.vep.client: VEP request error for https://rest.ensembl.org/vep/human/region/9:110248570-110248570:1/G?content-type=application/json: Cannot connect to host rest.ensembl.org:443 ssl:default [None]
2026-06-04 21:46:07.006 [ERROR] scripts.vep.client: VEP request error for https://rest.ensembl.org/vep/human/region/9:117701869-117701869:1/A?content-type=application/json: Cannot connect to host rest.ensembl.org:443 ssl:default [None]
2026-06-04 21:46:07.236 [ERROR] scripts.vep.client: VEP request error for https://rest.ensembl.org/vep/human/region/9:117702447-117702447:1/A?content-type=application/json: Cannot connect to host rest.ensembl.org:443 ssl:default [None]
2026-06-04 21:46:07.376 [ERROR] scripts.vep.client: VEP request error for https://rest.ensembl.org/vep/human/region/9:117709743-117709743:1/A?content-type=application/json: Cannot connect to host rest.ensembl.org:443 ssl:default [None]
2026-06-04 21:46:08.238 [ERROR] scripts.vep.client: VEP request error for https://rest.ensembl.org/vep/human/region/9:117709877-117709877:1/A?content-type=application/json: Cannot connect to host rest.ensembl.org:443 ssl:default [None]
2026-06-04 21:46:08.249 [ERROR] scripts.vep.client: VEP request error for https://rest.ensembl.org/vep/human/region/9:117718221-117718221:1/G?content-type=application/json: Cannot connect to host rest.ensembl.org:443 ssl:default [None]
2026-06-04 21:46:08.294 [ERROR] scripts.vep.client: VEP request error for https://rest.ensembl.org/vep/human/region/9:117726718-117726718:1/T?content-type=application/json: Cannot connect to host rest.ensembl.org:443 ssl:default [None]
2026-06-04 21:46:08.409 [ERROR] scripts.vep.client: VEP request error for https://rest.ensembl.org/vep/human/region/9:117707870-117707870:1/G?content-type=application/json: Cannot connect to host rest.ensembl.org:443 ssl:default [None]
2026-06-04 21:46:08.451 [ERROR] scripts.vep.client: VEP request error for https://rest.ensembl.org/vep/human/region/9:117720909-117720909:1/C?content-type=application/json: Cannot connect to host rest.ensembl.org:443 ssl:default [None]
2026-06-04 21:46:08.467 [ERROR] scripts.vep.client: VEP request error for https://rest.ensembl.org/vep/human/region/9:117728223-117728223:1/C?content-type=application/json: Cannot connect to host rest.ensembl.org:443 ssl:default [None]
2026-06-04 21:46:08.469 [ERROR] scripts.vep.client: VEP request error for https://rest.ensembl.org/vep/human/region/9:117722666-117722666:1/G?content-type=application/json: Cannot connect to host rest.ensembl.org:443 ssl:default [None]
2026-06-04 21:46:08.526 [ERROR] scripts.vep.client: VEP request error for https://rest.ensembl.org/vep/human/region/9:120929223-120929223:1/A?content-type=application/json: Cannot connect to host rest.ensembl.org:443 ssl:default [None]
2026-06-04 21:46:08.535 [ERROR] scripts.vep.client: VEP request error for https://rest.ensembl.org/vep/human/region/9:117721731-117721731:1/A?content-type=application/json: Cannot connect to host rest.ensembl.org:443 ssl:default [None]
2026-06-04 21:46:08.613 [ERROR] scripts.vep.client: VEP request error for https://rest.ensembl.org/vep/human/region/9:120931950-120931951:1/-?content-type=application/json: Cannot connect to host rest.ensembl.org:443 ssl:default [None]
2026-06-04 21:46:08.629 [ERROR] scripts.vep.client: VEP request error for https://rest.ensembl.org/vep/human/region/9:117727830-117727832:1/-?content-type=application/json: Cannot connect to host rest.ensembl.org:443 ssl:default [None]
2026-06-04 21:46:08.714 [ERROR] scripts.vep.client: VEP request error for https://rest.ensembl.org/vep/human/region/9:117727048-117727049:1/-?content-type=application/json: Cannot connect to host rest.ensembl.org:443 ssl:default [None]
2026-06-04 21:46:08.776 [ERROR] scripts.vep.client: VEP request error for https://rest.ensembl.org/vep/human/region/9:117710334-117710334:1/TTTG?content-type=application/json: Cannot connect to host rest.ensembl.org:443 ssl:default [None]
2026-06-04 21:46:08.777 [ERROR] scripts.vep.client: VEP request error for https://rest.ensembl.org/vep/human/region/9:120930801-120930801:1/T?content-type=application/json: Cannot connect to host rest.ensembl.org:443 ssl:default [None]
2026-06-04 21:46:08.848 [ERROR] scripts.vep.client: VEP request error for https://rest.ensembl.org/vep/human/region/9:117709748-117709748:1/T?content-type=application/json: Cannot connect to host rest.ensembl.org:443 ssl:default [None]
2026-06-04 21:46:08.861 [ERROR] scripts.vep.client: VEP request error for https://rest.ensembl.org/vep/human/region/9:117721385-117721385:1/G?content-type=application/json: Cannot connect to host rest.ensembl.org:443 ssl:default [None]
2026-06-04 21:46:08.882 [ERROR] scripts.vep.client: VEP request error for https://rest.ensembl.org/vep/human/region/9:117725808-117725808:1/A?content-type=application/json: Cannot connect to host rest.ensembl.org:443 ssl:default [None]
2026-06-04 21:46:08.900 [ERROR] scripts.vep.client: VEP request error for https://rest.ensembl.org/vep/human/region/9:120929141-120929141:1/T?content-type=application/json: Cannot connect to host rest.ensembl.org:443 ssl:default [None]
2026-06-04 21:46:08.912 [ERROR] scripts.vep.client: VEP request error for https://rest.ensembl.org/vep/human/region/9:117710486-117710486:1/T?content-type=application/json: Cannot connect to host rest.ensembl.org:443 ssl:default [None]
2026-06-04 21:46:08.913 [ERROR] scripts.vep.client: VEP request error for https://rest.ensembl.org/vep/human/region/9:120933004-120933004:1/T?content-type=application/json: Cannot connect to host rest.ensembl.org:443 ssl:default [None]
2026-06-04 21:46:09.000 [ERROR] scripts.vep.client: VEP request error for https://rest.ensembl.org/vep/human/region/9:117728579-117728579:1/T?content-type=application/json: Cannot connect to host rest.ensembl.org:443 ssl:default [None]
2026-06-04 21:46:09.066 [ERROR] scripts.vep.client: VEP request error for https://rest.ensembl.org/vep/human/region/9:117708080-117708080:1/A?content-type=application/json: Cannot connect to host rest.ensembl.org:443 ssl:default [None]
2026-06-04 21:46:09.089 [ERROR] scripts.vep.client: VEP request error for https://rest.ensembl.org/vep/human/region/9:117715853-117715853:1/C?content-type=application/json: Cannot connect to host rest.ensembl.org:443 ssl:default [None]
2026-06-04 21:46:09.134 [ERROR] scripts.vep.client: VEP request error for https://rest.ensembl.org/vep/human/region/9:120928959-120928959:1/G?content-type=application/json: Cannot connect to host rest.ensembl.org:443 ssl:default [None]
2026-06-04 21:46:09.166 [ERROR] scripts.vep.client: VEP request error for https://rest.ensembl.org/vep/human/region/9:117708780-117708780:1/A?content-type=application/json: Cannot connect to host rest.ensembl.org:443 ssl:default [None]
2026-06-04 21:46:09.200 [ERROR] scripts.vep.client: VEP request error for https://rest.ensembl.org/vep/human/region/9:120935752-120935752:1/T?content-type=application/json: Cannot connect to host rest.ensembl.org:443 ssl:default [None]
2026-06-04 21:46:09.282 [ERROR] scripts.vep.client: VEP request error for https://rest.ensembl.org/vep/human/region/9:117710452-117710452:1/C?content-type=application/json: Cannot connect to host rest.ensembl.org:443 ssl:default [None]
2026-06-04 21:46:09.300 [ERROR] scripts.vep.client: VEP request error for https://rest.ensembl.org/vep/human/region/9:120928014-120928014:1/C?content-type=application/json: Cannot connect to host rest.ensembl.org:443 ssl:default [None]
2026-06-04 21:46:09.423 [ERROR] scripts.vep.client: VEP request error for https://rest.ensembl.org/vep/human/region/9:120928679-120928679:1/T?content-type=application/json: Cannot connect to host rest.ensembl.org:443 ssl:default [None]
2026-06-04 21:46:09.529 [ERROR] scripts.vep.client: VEP request error for https://rest.ensembl.org/vep/human/region/9:117711921-117711921:1/G?content-type=application/json: Cannot connect to host rest.ensembl.org:443 ssl:default [None]
2026-06-04 21:46:09.532 [ERROR] scripts.vep.client: VEP request error for https://rest.ensembl.org/vep/human/region/9:120932510-120932510:1/A?content-type=application/json: Cannot connect to host rest.ensembl.org:443 ssl:default [None]
2026-06-04 21:46:09.580 [ERROR] scripts.vep.client: VEP request error for https://rest.ensembl.org/vep/human/region/9:120934593-120934593:1/T?content-type=application/json: Cannot connect to host rest.ensembl.org:443 ssl:default [None]
2026-06-04 21:46:09.605 [ERROR] scripts.vep.client: VEP request error for https://rest.ensembl.org/vep/human/region/9:117721133-117721133:1/C?content-type=application/json: Cannot connect to host rest.ensembl.org:443 ssl:default [None]
2026-06-04 21:46:09.606 [ERROR] scripts.vep.client: VEP request error for https://rest.ensembl.org/vep/human/region/9:117727543-117727543:1/C?content-type=application/json: Cannot connect to host rest.ensembl.org:443 ssl:default [None]
2026-06-04 21:46:09.682 [ERROR] scripts.vep.client: VEP request error for https://rest.ensembl.org/vep/human/region/9:120934047-120934047:1/T?content-type=application/json: Cannot connect to host rest.ensembl.org:443 ssl:default [None]
2026-06-04 21:46:09.698 [ERROR] scripts.vep.client: VEP request error for https://rest.ensembl.org/vep/human/region/9:120933523-120933523:1/G?content-type=application/json: Cannot connect to host rest.ensembl.org:443 ssl:default [None]
2026-06-04 21:46:09.699 [ERROR] scripts.vep.client: VEP request error for https://rest.ensembl.org/vep/human/region/9:120928863-120928863:1/C?content-type=application/json: Cannot connect to host rest.ensembl.org:443 ssl:default [None]
2026-06-04 21:46:09.745 [ERROR] scripts.vep.client: VEP request error for https://rest.ensembl.org/vep/human/region/9:117728289-117728289:1/T?content-type=application/json: Cannot connect to host rest.ensembl.org:443 ssl:default [None]
2026-06-04 21:46:09.821 [ERROR] scripts.vep.client: VEP request error for https://rest.ensembl.org/vep/human/region/9:120929109-120929109:1/T?content-type=application/json: Cannot connect to host rest.ensembl.org:443 ssl:default [None]
2026-06-04 21:46:09.834 [ERROR] scripts.vep.client: VEP request error for https://rest.ensembl.org/vep/human/region/9:120936212-120936212:1/C?content-type=application/json: Cannot connect to host rest.ensembl.org:443 ssl:default [None]
2026-06-04 21:46:09.905 [ERROR] scripts.vep.client: VEP request error for https://rest.ensembl.org/vep/human/region/9:120932664-120932664:1/C?content-type=application/json: Cannot connect to host rest.ensembl.org:443 ssl:default [None]
2026-06-04 21:46:09.954 [ERROR] scripts.vep.client: VEP request error for https://rest.ensembl.org/vep/human/region/9:117721361-117721361:1/T?content-type=application/json: Cannot connect to host rest.ensembl.org:443 ssl:default [None]
2026-06-04 21:46:10.015 [ERROR] scripts.vep.client: VEP request error for https://rest.ensembl.org/vep/human/region/9:120933778-120933778:1/T?content-type=application/json: Cannot connect to host rest.ensembl.org:443 ssl:default [None]
2026-06-04 21:46:10.051 [ERROR] scripts.vep.client: VEP request error for https://rest.ensembl.org/vep/human/region/9:120930590-120930590:1/T?content-type=application/json: Cannot connect to host rest.ensembl.org:443 ssl:default [None]
2026-06-04 21:46:10.056 [ERROR] scripts.vep.client: VEP request error for https://rest.ensembl.org/vep/human/region/9:120933192-120933192:1/T?content-type=application/json: Cannot connect to host rest.ensembl.org:443 ssl:default [None]
2026-06-04 21:46:10.067 [ERROR] scripts.vep.client: VEP request error for https://rest.ensembl.org/vep/human/region/9:120929191-120929191:1/G?content-type=application/json: Cannot connect to host rest.ensembl.org:443 ssl:default [None]
2026-06-04 21:46:10.225 [ERROR] scripts.vep.client: VEP request error for https://rest.ensembl.org/vep/human/region/9:120936805-120936805:1/G?content-type=application/json: Cannot connect to host rest.ensembl.org:443 ssl:default [None]
2026-06-04 21:46:10.268 [ERROR] scripts.vep.client: VEP request error for https://rest.ensembl.org/vep/human/region/9:120930662-120930662:1/C?content-type=application/json: Cannot connect to host rest.ensembl.org:443 ssl:default [None]
2026-06-04 21:46:10.464 [ERROR] scripts.vep.client: VEP request error for https://rest.ensembl.org/vep/human/region/9:120941860-120941860:1/G?content-type=application/json: Cannot connect to host rest.ensembl.org:443 ssl:default [None]
2026-06-04 21:46:10.505 [ERROR] scripts.vep.client: VEP request error for https://rest.ensembl.org/vep/human/region/9:120938501-120938501:1/C?content-type=application/json: Cannot connect to host rest.ensembl.org:443 ssl:default [None]
2026-06-04 21:46:10.586 [ERROR] scripts.vep.client: VEP request error for https://rest.ensembl.org/vep/human/region/9:120933580-120933580:1/G?content-type=application/json: Cannot connect to host rest.ensembl.org:443 ssl:default [None]
2026-06-04 21:46:10.675 [ERROR] scripts.vep.client: VEP request error for https://rest.ensembl.org/vep/human/region/9:120946008-120946009:1/-?content-type=application/json: Cannot connect to host rest.ensembl.org:443 ssl:default [None]
2026-06-04 21:46:10.834 [ERROR] scripts.vep.client: VEP request error for https://rest.ensembl.org/vep/human/region/9:120937905-120937905:1/C?content-type=application/json: Cannot connect to host rest.ensembl.org:443 ssl:default [None]
2026-06-04 21:46:11.375 [ERROR] scripts.vep.client: VEP request error for https://rest.ensembl.org/vep/human/region/9:120943030-120943030:1/G?content-type=application/json: Cannot connect to host rest.ensembl.org:443 ssl:default [None]
2026-06-04 21:46:11.427 [ERROR] scripts.vep.client: VEP request error for https://rest.ensembl.org/vep/human/region/9:120943026-120943026:1/G?content-type=application/json: Cannot connect to host rest.ensembl.org:443 ssl:default [None]
2026-06-04 21:46:11.429 [ERROR] scripts.vep.client: VEP request error for https://rest.ensembl.org/vep/human/region/9:120948172-120948172:1/A?content-type=application/json: Cannot connect to host rest.ensembl.org:443 ssl:default [None]
2026-06-04 21:46:11.599 [ERROR] scripts.vep.client: VEP request error for https://rest.ensembl.org/vep/human/region/9:120940941-120940941:1/C?content-type=application/json: Cannot connect to host rest.ensembl.org:443 ssl:default [None]
2026-06-04 21:46:11.642 [ERROR] scripts.vep.client: VEP request error for https://rest.ensembl.org/vep/human/region/9:120943667-120943667:1/T?content-type=application/json: Cannot connect to host rest.ensembl.org:443 ssl:default [None]
2026-06-04 21:46:11.657 [ERROR] scripts.vep.client: VEP request error for https://rest.ensembl.org/vep/human/region/9:120949947-120949947:1/C?content-type=application/json: Cannot connect to host rest.ensembl.org:443 ssl:default [None]
2026-06-04 21:46:11.678 [ERROR] scripts.vep.client: VEP request error for https://rest.ensembl.org/vep/human/region/9:120943869-120943869:1/C?content-type=application/json: Cannot connect to host rest.ensembl.org:443 ssl:default [None]
2026-06-04 21:46:11.804 [ERROR] scripts.vep.client: VEP request error for https://rest.ensembl.org/vep/human/region/9:120959449-120959449:1/A?content-type=application/json: Cannot connect to host rest.ensembl.org:443 ssl:default [None]
2026-06-04 21:46:11.860 [ERROR] scripts.vep.client: VEP request error for https://rest.ensembl.org/vep/human/region/9:120954562-120954562:1/C?content-type=application/json: Cannot connect to host rest.ensembl.org:443 ssl:default [None]
2026-06-04 21:46:11.905 [ERROR] scripts.vep.client: VEP request error for https://rest.ensembl.org/vep/human/region/9:120955111-120955111:1/A?content-type=application/json: Cannot connect to host rest.ensembl.org:443 ssl:default [None]
2026-06-04 21:46:11.914 [ERROR] scripts.vep.client: VEP request error for https://rest.ensembl.org/vep/human/region/9:120954403-120954403:1/C?content-type=application/json: Cannot connect to host rest.ensembl.org:443 ssl:default [None]
2026-06-04 21:46:11.932 [ERROR] scripts.vep.client: VEP request error for https://rest.ensembl.org/vep/human/region/9:120942809-120942809:1/G?content-type=application/json: Cannot connect to host rest.ensembl.org:443 ssl:default [None]
2026-06-04 21:46:11.943 [ERROR] scripts.vep.client: VEP request error for https://rest.ensembl.org/vep/human/region/9:120944005-120944005:1/A?content-type=application/json: Cannot connect to host rest.ensembl.org:443 ssl:default [None]
2026-06-04 21:46:11.952 [ERROR] scripts.vep.client: VEP request error for https://rest.ensembl.org/vep/human/region/9:120961179-120961179:1/G?content-type=application/json: Cannot connect to host rest.ensembl.org:443 ssl:default [None]
2026-06-04 21:46:11.978 [ERROR] scripts.vep.client: VEP request error for https://rest.ensembl.org/vep/human/region/9:120939884-120939884:1/T?content-type=application/json: Cannot connect to host rest.ensembl.org:443 ssl:default [None]
2026-06-04 21:46:12.047 [ERROR] scripts.vep.client: VEP request error for https://rest.ensembl.org/vep/human/region/9:120943675-120943676:1/-?content-type=application/json: Cannot connect to host rest.ensembl.org:443 ssl:default [None]
2026-06-04 21:46:12.049 [ERROR] scripts.vep.client: VEP request error for https://rest.ensembl.org/vep/human/region/9:120942278-120942278:1/TAAT?content-type=application/json: Cannot connect to host rest.ensembl.org:443 ssl:default [None]
2026-06-04 21:46:12.105 [ERROR] scripts.vep.client: VEP request error for https://rest.ensembl.org/vep/human/region/9:120939712-120939712:1/A?content-type=application/json: Cannot connect to host rest.ensembl.org:443 ssl:default [None]
2026-06-04 21:46:12.151 [ERROR] scripts.vep.client: VEP request error for https://rest.ensembl.org/vep/human/region/9:120958610-120958610:1/T?content-type=application/json: Cannot connect to host rest.ensembl.org:443 ssl:default [None]
2026-06-04 21:46:12.152 [ERROR] scripts.vep.client: VEP request error for https://rest.ensembl.org/vep/human/region/9:120966335-120966335:1/C?content-type=application/json: Cannot connect to host rest.ensembl.org:443 ssl:default [None]
2026-06-04 21:46:12.211 [ERROR] scripts.vep.client: VEP request error for https://rest.ensembl.org/vep/human/region/9:120953009-120953009:1/C?content-type=application/json: Cannot connect to host rest.ensembl.org:443 ssl:default [None]
2026-06-04 21:46:12.257 [ERROR] scripts.vep.client: VEP request error for https://rest.ensembl.org/vep/human/region/9:120944104-120944104:1/C?content-type=application/json: Cannot connect to host rest.ensembl.org:443 ssl:default [None]
2026-06-04 21:46:12.267 [ERROR] scripts.vep.client: VEP request error for https://rest.ensembl.org/vep/human/region/9:120948829-120948829:1/AC?content-type=application/json: Cannot connect to host rest.ensembl.org:443 ssl:default [None]
2026-06-04 21:46:12.286 [ERROR] scripts.vep.client: VEP request error for https://rest.ensembl.org/vep/human/region/9:120945219-120945219:1/A?content-type=application/json: Cannot connect to host rest.ensembl.org:443 ssl:default [None]
2026-06-04 21:46:12.287 [ERROR] scripts.vep.client: VEP request error for https://rest.ensembl.org/vep/human/region/9:120943392-120943393:1/-?content-type=application/json: Cannot connect to host rest.ensembl.org:443 ssl:default [None]
2026-06-04 21:46:12.322 [ERROR] scripts.vep.client: VEP request error for https://rest.ensembl.org/vep/human/region/9:120944538-120944538:1/T?content-type=application/json: Cannot connect to host rest.ensembl.org:443 ssl:default [None]
2026-06-04 21:46:12.381 [ERROR] scripts.vep.client: VEP request error for https://rest.ensembl.org/vep/human/region/9:120943572-120943572:1/A?content-type=application/json: Cannot connect to host rest.ensembl.org:443 ssl:default [None]
2026-06-04 21:46:12.455 [ERROR] scripts.vep.client: VEP request error for https://rest.ensembl.org/vep/human/region/9:120957980-120957980:1/A?content-type=application/json: Cannot connect to host rest.ensembl.org:443 ssl:default [None]
2026-06-04 21:46:12.543 [ERROR] scripts.vep.client: VEP request error for https://rest.ensembl.org/vep/human/region/9:120957045-120957045:1/C?content-type=application/json: Cannot connect to host rest.ensembl.org:443 ssl:default [None]
2026-06-04 21:46:12.563 [ERROR] scripts.vep.client: VEP request error for https://rest.ensembl.org/vep/human/region/9:120959870-120959870:1/A?content-type=application/json: Cannot connect to host rest.ensembl.org:443 ssl:default [None]
2026-06-04 21:46:12.588 [ERROR] scripts.vep.client: VEP request error for https://rest.ensembl.org/vep/human/region/9:120957057-120957057:1/A?content-type=application/json: Cannot connect to host rest.ensembl.org:443 ssl:default [None]
2026-06-04 21:46:12.742 [ERROR] scripts.vep.client: VEP request error for https://rest.ensembl.org/vep/human/region/9:120964398-120964398:1/A?content-type=application/json: Cannot connect to host rest.ensembl.org:443 ssl:default [None]
2026-06-04 21:46:12.823 [ERROR] scripts.vep.client: VEP request error for https://rest.ensembl.org/vep/human/region/9:120959291-120959292:1/-?content-type=application/json: Cannot connect to host rest.ensembl.org:443 ssl:default [None]
2026-06-04 21:46:12.854 [ERROR] scripts.vep.client: VEP request error for https://rest.ensembl.org/vep/human/region/9:120949952-120949952:1/A?content-type=application/json: Cannot connect to host rest.ensembl.org:443 ssl:default [None]
2026-06-04 21:46:12.898 [ERROR] scripts.vep.client: VEP request error for https://rest.ensembl.org/vep/human/region/9:120953218-120953218:1/T?content-type=application/json: Cannot connect to host rest.ensembl.org:443 ssl:default [None]
2026-06-04 21:46:12.941 [ERROR] scripts.vep.client: VEP request error for https://rest.ensembl.org/vep/human/region/9:120966272-120966272:1/G?content-type=application/json: Cannot connect to host rest.ensembl.org:443 ssl:default [None]
2026-06-04 21:46:13.001 [ERROR] scripts.vep.client: VEP request error for https://rest.ensembl.org/vep/human/region/9:120960081-120960081:1/A?content-type=application/json: Cannot connect to host rest.ensembl.org:443 ssl:default [None]
2026-06-04 21:46:13.088 [ERROR] scripts.vep.client: VEP request error for https://rest.ensembl.org/vep/human/region/9:120962230-120962230:1/G?content-type=application/json: Cannot connect to host rest.ensembl.org:443 ssl:default [None]
2026-06-04 21:46:13.138 [ERROR] scripts.vep.client: VEP request error for https://rest.ensembl.org/vep/human/region/9:120955562-120955562:1/A?content-type=application/json: Cannot connect to host rest.ensembl.org:443 ssl:default [None]
2026-06-04 21:46:13.232 [ERROR] scripts.vep.client: VEP request error for https://rest.ensembl.org/vep/human/region/9:120961112-120961112:1/A?content-type=application/json: Cannot connect to host rest.ensembl.org:443 ssl:default [None]
2026-06-04 21:46:13.336 [ERROR] scripts.vep.client: VEP request error for https://rest.ensembl.org/vep/human/region/9:120958906-120958906:1/C?content-type=application/json: Cannot connect to host rest.ensembl.org:443 ssl:default [None]
2026-06-04 21:46:13.384 [ERROR] scripts.vep.client: VEP request error for https://rest.ensembl.org/vep/human/region/9:120968276-120968276:1/G?content-type=application/json: Cannot connect to host rest.ensembl.org:443 ssl:default [None]
2026-06-04 21:46:13.397 [ERROR] scripts.vep.client: VEP request error for https://rest.ensembl.org/vep/human/region/9:120965716-120965716:1/T?content-type=application/json: Cannot connect to host rest.ensembl.org:443 ssl:default [None]
2026-06-04 21:46:13.412 [ERROR] scripts.vep.client: VEP request error for https://rest.ensembl.org/vep/human/region/9:120967723-120967723:1/A?content-type=application/json: Cannot connect to host rest.ensembl.org:443 ssl:default [None]
2026-06-04 21:46:13.519 [ERROR] scripts.vep.client: VEP request error for https://rest.ensembl.org/vep/human/region/9:120962362-120962367:1/-?content-type=application/json: Cannot connect to host rest.ensembl.org:443 ssl:default [None]
2026-06-04 21:46:13.587 [ERROR] scripts.vep.client: VEP request error for https://rest.ensembl.org/vep/human/region/9:120969130-120969130:1/A?content-type=application/json: Cannot connect to host rest.ensembl.org:443 ssl:default [None]
2026-06-04 21:46:13.616 [ERROR] scripts.vep.client: VEP request error for https://rest.ensembl.org/vep/human/region/9:120961073-120961073:1/C?content-type=application/json: Cannot connect to host rest.ensembl.org:443 ssl:default [None]
2026-06-04 21:46:13.736 [ERROR] scripts.vep.client: VEP request error for https://rest.ensembl.org/vep/human/region/9:120966707-120966707:1/A?content-type=application/json: Cannot connect to host rest.ensembl.org:443 ssl:default [None]
2026-06-04 21:46:13.737 [ERROR] scripts.vep.client: VEP request error for https://rest.ensembl.org/vep/human/region/9:120967259-120967260:1/-?content-type=application/json: Cannot connect to host rest.ensembl.org:443 ssl:default [None]
2026-06-04 21:46:14.114 [ERROR] scripts.vep.client: VEP request error for https://rest.ensembl.org/vep/human/region/9:120967717-120967717:1/A?content-type=application/json: Cannot connect to host rest.ensembl.org:443 ssl:default [None]
2026-06-04 21:46:14.189 [ERROR] scripts.vep.client: VEP request error for https://rest.ensembl.org/vep/human/region/9:120977715-120977715:1/T?content-type=application/json: Cannot connect to host rest.ensembl.org:443 ssl:default [None]
2026-06-04 21:46:14.407 [ERROR] scripts.vep.client: VEP request error for https://rest.ensembl.org/vep/human/region/9:120974740-120974740:1/T?content-type=application/json: Cannot connect to host rest.ensembl.org:443 ssl:default [None]
2026-06-04 21:46:14.441 [ERROR] scripts.vep.client: VEP request error for https://rest.ensembl.org/vep/human/region/9:120993882-120993882:1/T?content-type=application/json: Cannot connect to host rest.ensembl.org:443 ssl:default [None]
2026-06-04 21:46:14.465 [ERROR] scripts.vep.client: VEP request error for https://rest.ensembl.org/vep/human/region/9:120971171-120971173:1/-?content-type=application/json: Cannot connect to host rest.ensembl.org:443 ssl:default [None]
2026-06-04 21:46:14.498 [ERROR] scripts.vep.client: VEP request error for https://rest.ensembl.org/vep/human/region/9:120974762-120974762:1/C?content-type=application/json: Cannot connect to host rest.ensembl.org:443 ssl:default [None]
2026-06-04 21:46:14.602 [ERROR] scripts.vep.client: VEP request error for https://rest.ensembl.org/vep/human/region/9:120975837-120975837:1/C?content-type=application/json: Cannot connect to host rest.ensembl.org:443 ssl:default [None]
2026-06-04 21:46:14.686 [ERROR] scripts.vep.client: VEP request error for https://rest.ensembl.org/vep/human/region/9:120984714-120984716:1/-?content-type=application/json: Cannot connect to host rest.ensembl.org:443 ssl:default [None]
2026-06-04 21:46:14.704 [ERROR] scripts.vep.client: VEP request error for https://rest.ensembl.org/vep/human/region/9:120984160-120984160:1/C?content-type=application/json: Cannot connect to host rest.ensembl.org:443 ssl:default [None]
2026-06-04 21:46:14.708 [ERROR] scripts.vep.client: VEP request error for https://rest.ensembl.org/vep/human/region/9:120975442-120975442:1/A?content-type=application/json: Cannot connect to host rest.ensembl.org:443 ssl:default [None]
2026-06-04 21:46:14.786 [ERROR] scripts.vep.client: VEP request error for https://rest.ensembl.org/vep/human/region/9:120985663-120985663:1/A?content-type=application/json: Cannot connect to host rest.ensembl.org:443 ssl:default [None]
2026-06-04 21:46:14.862 [ERROR] scripts.vep.client: VEP request error for https://rest.ensembl.org/vep/human/region/9:120986366-120986366:1/A?content-type=application/json: Cannot connect to host rest.ensembl.org:443 ssl:default [None]
2026-06-04 21:46:14.863 [ERROR] scripts.vep.client: VEP request error for https://rest.ensembl.org/vep/human/region/9:120970855-120970855:1/C?content-type=application/json: Cannot connect to host rest.ensembl.org:443 ssl:default [None]
2026-06-04 21:46:14.879 [ERROR] scripts.vep.client: VEP request error for https://rest.ensembl.org/vep/human/region/9:120983977-120983977:1/A?content-type=application/json: Cannot connect to host rest.ensembl.org:443 ssl:default [None]
2026-06-04 21:46:14.959 [ERROR] scripts.vep.client: VEP request error for https://rest.ensembl.org/vep/human/region/9:121000058-121000058:1/AA?content-type=application/json: Cannot connect to host rest.ensembl.org:443 ssl:default [None]
2026-06-04 21:46:14.979 [ERROR] scripts.vep.client: VEP request error for https://rest.ensembl.org/vep/human/region/9:120993613-120993613:1/A?content-type=application/json: Cannot connect to host rest.ensembl.org:443 ssl:default [None]
2026-06-04 21:46:14.994 [ERROR] scripts.vep.client: VEP request error for https://rest.ensembl.org/vep/human/region/9:120987636-120987636:1/A?content-type=application/json: Cannot connect to host rest.ensembl.org:443 ssl:default [None]
2026-06-04 21:46:15.045 [ERROR] scripts.vep.client: VEP request error for https://rest.ensembl.org/vep/human/region/9:121002085-121002085:1/G?content-type=application/json: Cannot connect to host rest.ensembl.org:443 ssl:default [None]
2026-06-04 21:46:15.125 [ERROR] scripts.vep.client: VEP request error for https://rest.ensembl.org/vep/human/region/9:120989522-120989522:1/G?content-type=application/json: Cannot connect to host rest.ensembl.org:443 ssl:default [None]
2026-06-04 21:46:15.142 [ERROR] scripts.vep.client: VEP request error for https://rest.ensembl.org/vep/human/region/9:120973973-120973973:1/A?content-type=application/json: Cannot connect to host rest.ensembl.org:443 ssl:default [None]
2026-06-04 21:46:15.176 [ERROR] scripts.vep.client: VEP request error for https://rest.ensembl.org/vep/human/region/9:120984696-120984702:1/-?content-type=application/json: Cannot connect to host rest.ensembl.org:443 ssl:default [None]
2026-06-04 21:46:15.177 [ERROR] scripts.vep.client: VEP request error for https://rest.ensembl.org/vep/human/region/9:120978206-120978206:1/T?content-type=application/json: Cannot connect to host rest.ensembl.org:443 ssl:default [None]
2026-06-04 21:46:15.233 [ERROR] scripts.vep.client: VEP request error for https://rest.ensembl.org/vep/human/region/9:120984206-120984207:1/-?content-type=application/json: Cannot connect to host rest.ensembl.org:443 ssl:default [None]
2026-06-04 21:46:15.254 [ERROR] scripts.vep.client: VEP request error for https://rest.ensembl.org/vep/human/region/9:120996766-120996766:1/A?content-type=application/json: Cannot connect to host rest.ensembl.org:443 ssl:default [None]
2026-06-04 21:46:15.261 [ERROR] scripts.vep.client: VEP request error for https://rest.ensembl.org/vep/human/region/9:120995134-120995134:1/A?content-type=application/json: Cannot connect to host rest.ensembl.org:443 ssl:default [None]
2026-06-04 21:46:15.312 [ERROR] scripts.vep.client: VEP request error for https://rest.ensembl.org/vep/human/region/9:120994909-120994909:1/C?content-type=application/json: Cannot connect to host rest.ensembl.org:443 ssl:default [None]
2026-06-04 21:46:15.346 [ERROR] scripts.vep.client: VEP request error for https://rest.ensembl.org/vep/human/region/9:120987680-120987685:1/-?content-type=application/json: Cannot connect to host rest.ensembl.org:443 ssl:default [None]
2026-06-04 21:46:15.348 [ERROR] scripts.vep.client: VEP request error for https://rest.ensembl.org/vep/human/region/9:120993567-120993567:1/C?content-type=application/json: Cannot connect to host rest.ensembl.org:443 ssl:default [None]
2026-06-04 21:46:15.420 [ERROR] scripts.vep.client: VEP request error for https://rest.ensembl.org/vep/human/region/9:120987859-120987859:1/T?content-type=application/json: Cannot connect to host rest.ensembl.org:443 ssl:default [None]
2026-06-04 21:46:15.542 [ERROR] scripts.vep.client: VEP request error for https://rest.ensembl.org/vep/human/region/9:120993421-120993421:1/TA?content-type=application/json: Cannot connect to host rest.ensembl.org:443 ssl:default [None]
2026-06-04 21:46:15.711 [ERROR] scripts.vep.client: VEP request error for https://rest.ensembl.org/vep/human/region/9:120994922-120994923:1/-?content-type=application/json: Cannot connect to host rest.ensembl.org:443 ssl:default [None]
2026-06-04 21:46:15.765 [ERROR] scripts.vep.client: VEP request error for https://rest.ensembl.org/vep/human/region/9:120994592-120994593:1/-?content-type=application/json: Cannot connect to host rest.ensembl.org:443 ssl:default [None]
2026-06-04 21:46:15.850 [ERROR] scripts.vep.client: VEP request error for https://rest.ensembl.org/vep/human/region/9:121000728-121000728:1/C?content-type=application/json: Cannot connect to host rest.ensembl.org:443 ssl:default [None]
2026-06-04 21:46:15.972 [ERROR] scripts.vep.client: VEP request error for https://rest.ensembl.org/vep/human/region/9:120980540-120980540:1/A?content-type=application/json: Cannot connect to host rest.ensembl.org:443 ssl:default [None]
2026-06-04 21:46:15.973 [ERROR] scripts.vep.client: VEP request error for https://rest.ensembl.org/vep/human/region/9:120996974-120996974:1/A?content-type=application/json: Cannot connect to host rest.ensembl.org:443 ssl:default [None]
2026-06-04 21:46:16.005 [ERROR] scripts.vep.client: VEP request error for https://rest.ensembl.org/vep/human/region/9:120995820-120995820:1/T?content-type=application/json: Cannot connect to host rest.ensembl.org:443 ssl:default [None]
2026-06-04 21:46:16.046 [ERROR] scripts.vep.client: VEP request error for https://rest.ensembl.org/vep/human/region/9:120997895-120997895:1/T?content-type=application/json: Cannot connect to host rest.ensembl.org:443 ssl:default [None]
2026-06-04 21:46:16.074 [ERROR] scripts.vep.client: VEP request error for https://rest.ensembl.org/vep/human/region/9:120998045-120998045:1/T?content-type=application/json: Cannot connect to host rest.ensembl.org:443 ssl:default [None]
2026-06-04 21:46:16.190 [ERROR] scripts.vep.client: VEP request error for https://rest.ensembl.org/vep/human/region/9:120997829-120997829:1/C?content-type=application/json: Cannot connect to host rest.ensembl.org:443 ssl:default [None]
2026-06-04 21:46:16.268 [ERROR] scripts.vep.client: VEP request error for https://rest.ensembl.org/vep/human/region/9:121000043-121000043:1/A?content-type=application/json: Cannot connect to host rest.ensembl.org:443 ssl:default [None]
2026-06-04 21:46:16.352 [ERROR] scripts.vep.client: VEP request error for https://rest.ensembl.org/vep/human/region/9:121001916-121001916:1/G?content-type=application/json: Cannot connect to host rest.ensembl.org:443 ssl:default [None]
2026-06-04 21:46:16.596 [ERROR] scripts.vep.client: VEP request error for https://rest.ensembl.org/vep/human/region/9:121001602-121001602:1/C?content-type=application/json: Cannot connect to host rest.ensembl.org:443 ssl:default [None]
2026-06-04 21:46:16.614 [ERROR] scripts.vep.client: VEP request error for https://rest.ensembl.org/vep/human/region/9:120996147-120996147:1/C?content-type=application/json: Cannot connect to host rest.ensembl.org:443 ssl:default [None]
2026-06-04 21:46:16.615 [ERROR] scripts.vep.client: VEP request error for https://rest.ensembl.org/vep/human/region/9:120997808-120997809:1/-?content-type=application/json: Cannot connect to host rest.ensembl.org:443 ssl:default [None]
2026-06-04 21:46:17.259 [ERROR] scripts.vep.client: VEP request error for https://rest.ensembl.org/vep/human/region/9:121000398-121000398:1/A?content-type=application/json: Cannot connect to host rest.ensembl.org:443 ssl:default [None]
2026-06-04 21:46:17.261 [INFO] scripts.vep.client: VEP batch 269/516 done
2026-06-04 21:46:18.914 [ERROR] scripts.vep.client: VEP request error for https://rest.ensembl.org/vep/human/region/9:121006922-121006922:1/T?content-type=application/json: Cannot connect to host rest.ensembl.org:443 ssl:default [None]
2026-06-04 21:46:19.285 [ERROR] scripts.vep.client: VEP request error for https://rest.ensembl.org/vep/human/region/9:121019860-121019860:1/T?content-type=application/json: Cannot connect to host rest.ensembl.org:443 ssl:default [None]
2026-06-04 21:46:19.437 [ERROR] scripts.vep.client: VEP request error for https://rest.ensembl.org/vep/human/region/9:121008158-121008158:1/C?content-type=application/json: Cannot connect to host rest.ensembl.org:443 ssl:default [None]
2026-06-04 21:46:19.445 [ERROR] scripts.vep.client: VEP request error for https://rest.ensembl.org/vep/human/region/9:121023997-121023997:1/G?content-type=application/json: Cannot connect to host rest.ensembl.org:443 ssl:default [None]
2026-06-04 21:46:19.455 [ERROR] scripts.vep.client: VEP request error for https://rest.ensembl.org/vep/human/region/9:121023757-121023757:1/T?content-type=application/json: Cannot connect to host rest.ensembl.org:443 ssl:default [None]
2026-06-04 21:46:19.519 [ERROR] scripts.vep.client: VEP request error for https://rest.ensembl.org/vep/human/region/9:121027828-121027828:1/C?content-type=application/json: Cannot connect to host rest.ensembl.org:443 ssl:default [None]
2026-06-04 21:46:19.546 [ERROR] scripts.vep.client: VEP request error for https://rest.ensembl.org/vep/human/region/9:121024813-121024813:1/T?content-type=application/json: Cannot connect to host rest.ensembl.org:443 ssl:default [None]
2026-06-04 21:46:19.607 [ERROR] scripts.vep.client: VEP request error for https://rest.ensembl.org/vep/human/region/9:121021715-121021715:1/G?content-type=application/json: Cannot connect to host rest.ensembl.org:443 ssl:default [None]
2026-06-04 21:46:19.612 [ERROR] scripts.vep.client: VEP request error for https://rest.ensembl.org/vep/human/region/9:121022971-121022971:1/G?content-type=application/json: Cannot connect to host rest.ensembl.org:443 ssl:default [None]
2026-06-04 21:46:19.703 [ERROR] scripts.vep.client: VEP request error for https://rest.ensembl.org/vep/human/region/9:121017727-121017727:1/A?content-type=application/json: Cannot connect to host rest.ensembl.org:443 ssl:default [None]
2026-06-04 21:46:19.832 [ERROR] scripts.vep.client: VEP request error for https://rest.ensembl.org/vep/human/region/9:121007564-121007564:1/A?content-type=application/json: Cannot connect to host rest.ensembl.org:443 ssl:default [None]
2026-06-04 21:46:19.850 [ERROR] scripts.vep.client: VEP request error for https://rest.ensembl.org/vep/human/region/9:121027356-121027356:1/T?content-type=application/json: Cannot connect to host rest.ensembl.org:443 ssl:default [None]
2026-06-04 21:46:19.877 [ERROR] scripts.vep.client: VEP request error for https://rest.ensembl.org/vep/human/region/9:121022724-121022724:1/A?content-type=application/json: Cannot connect to host rest.ensembl.org:443 ssl:default [None]
2026-06-04 21:46:19.884 [ERROR] scripts.vep.client: VEP request error for https://rest.ensembl.org/vep/human/region/9:121010840-121010840:1/T?content-type=application/json: Cannot connect to host rest.ensembl.org:443 ssl:default [None]
2026-06-04 21:46:19.887 [ERROR] scripts.vep.client: VEP request error for https://rest.ensembl.org/vep/human/region/9:121028854-121028854:1/C?content-type=application/json: Cannot connect to host rest.ensembl.org:443 ssl:default [None]
2026-06-04 21:46:20.036 [ERROR] scripts.vep.client: VEP request error for https://rest.ensembl.org/vep/human/region/9:121027782-121027782:1/T?content-type=application/json: Cannot connect to host rest.ensembl.org:443 ssl:default [None]
2026-06-04 21:46:20.113 [ERROR] scripts.vep.client: VEP request error for https://rest.ensembl.org/vep/human/region/9:121021656-121021656:1/C?content-type=application/json: Cannot connect to host rest.ensembl.org:443 ssl:default [None]
2026-06-04 21:46:20.192 [ERROR] scripts.vep.client: VEP request error for https://rest.ensembl.org/vep/human/region/9:121004983-121004983:1/A?content-type=application/json: Cannot connect to host rest.ensembl.org:443 ssl:default [None]
2026-06-04 21:46:20.229 [ERROR] scripts.vep.client: VEP request error for https://rest.ensembl.org/vep/human/region/9:121013482-121013482:1/C?content-type=application/json: Cannot connect to host rest.ensembl.org:443 ssl:default [None]
2026-06-04 21:46:20.257 [ERROR] scripts.vep.client: VEP request error for https://rest.ensembl.org/vep/human/region/9:121015870-121015870:1/T?content-type=application/json: Cannot connect to host rest.ensembl.org:443 ssl:default [None]
2026-06-04 21:46:20.299 [ERROR] scripts.vep.client: VEP request error for https://rest.ensembl.org/vep/human/region/9:121018366-121018366:1/A?content-type=application/json: Cannot connect to host rest.ensembl.org:443 ssl:default [None]
2026-06-04 21:46:20.302 [ERROR] scripts.vep.client: VEP request error for https://rest.ensembl.org/vep/human/region/9:121004526-121004526:1/C?content-type=application/json: Cannot connect to host rest.ensembl.org:443 ssl:default [None]
2026-06-04 21:46:20.346 [ERROR] scripts.vep.client: VEP request error for https://rest.ensembl.org/vep/human/region/9:121026114-121026114:1/C?content-type=application/json: Cannot connect to host rest.ensembl.org:443 ssl:default [None]
2026-06-04 21:46:20.375 [ERROR] scripts.vep.client: VEP request error for https://rest.ensembl.org/vep/human/region/9:121011545-121011545:1/AC?content-type=application/json: Cannot connect to host rest.ensembl.org:443 ssl:default [None]
2026-06-04 21:46:20.387 [ERROR] scripts.vep.client: VEP request error for https://rest.ensembl.org/vep/human/region/9:121019157-121019157:1/A?content-type=application/json: Cannot connect to host rest.ensembl.org:443 ssl:default [None]
2026-06-04 21:46:20.405 [ERROR] scripts.vep.client: VEP request error for https://rest.ensembl.org/vep/human/region/9:121022298-121022300:1/-?content-type=application/json: Cannot connect to host rest.ensembl.org:443 ssl:default [None]
2026-06-04 21:46:20.436 [ERROR] scripts.vep.client: VEP request error for https://rest.ensembl.org/vep/human/region/9:121022070-121022070:1/G?content-type=application/json: Cannot connect to host rest.ensembl.org:443 ssl:default [None]
2026-06-04 21:46:20.508 [ERROR] scripts.vep.client: VEP request error for https://rest.ensembl.org/vep/human/region/9:121028343-121028343:1/T?content-type=application/json: Cannot connect to host rest.ensembl.org:443 ssl:default [None]
2026-06-04 21:46:20.522 [ERROR] scripts.vep.client: VEP request error for https://rest.ensembl.org/vep/human/region/9:121027836-121027836:1/A?content-type=application/json: Cannot connect to host rest.ensembl.org:443 ssl:default [None]
2026-06-04 21:46:20.533 [ERROR] scripts.vep.client: VEP request error for https://rest.ensembl.org/vep/human/region/9:121018737-121018737:1/A?content-type=application/json: Cannot connect to host rest.ensembl.org:443 ssl:default [None]
2026-06-04 21:46:20.626 [ERROR] scripts.vep.client: VEP request error for https://rest.ensembl.org/vep/human/region/9:121003932-121003932:1/G?content-type=application/json: Cannot connect to host rest.ensembl.org:443 ssl:default [None]
2026-06-04 21:46:20.632 [ERROR] scripts.vep.client: VEP request error for https://rest.ensembl.org/vep/human/region/9:121023267-121023267:1/A?content-type=application/json: Cannot connect to host rest.ensembl.org:443 ssl:default [None]
2026-06-04 21:46:20.635 [ERROR] scripts.vep.client: VEP request error for https://rest.ensembl.org/vep/human/region/9:121002175-121002175:1/G?content-type=application/json: Cannot connect to host rest.ensembl.org:443 ssl:default [None]
2026-06-04 21:46:20.688 [ERROR] scripts.vep.client: VEP request error for https://rest.ensembl.org/vep/human/region/9:121022220-121022220:1/T?content-type=application/json: Cannot connect to host rest.ensembl.org:443 ssl:default [None]
2026-06-04 21:46:20.706 [ERROR] scripts.vep.client: VEP request error for https://rest.ensembl.org/vep/human/region/9:121019492-121019492:1/A?content-type=application/json: Cannot connect to host rest.ensembl.org:443 ssl:default [None]
2026-06-04 21:46:20.711 [ERROR] scripts.vep.client: VEP request error for https://rest.ensembl.org/vep/human/region/9:121027554-121027554:1/C?content-type=application/json: Cannot connect to host rest.ensembl.org:443 ssl:default [None]
2026-06-04 21:46:20.730 [ERROR] scripts.vep.client: VEP request error for https://rest.ensembl.org/vep/human/region/9:121008903-121008903:1/T?content-type=application/json: Cannot connect to host rest.ensembl.org:443 ssl:default [None]
2026-06-04 21:46:20.740 [ERROR] scripts.vep.client: VEP request error for https://rest.ensembl.org/vep/human/region/9:121020778-121020778:1/G?content-type=application/json: Cannot connect to host rest.ensembl.org:443 ssl:default [None]
2026-06-04 21:46:20.793 [ERROR] scripts.vep.client: VEP request error for https://rest.ensembl.org/vep/human/region/9:121018578-121018578:1/AAGGAAGG?content-type=application/json: Cannot connect to host rest.ensembl.org:443 ssl:default [None]
2026-06-04 21:46:20.817 [ERROR] scripts.vep.client: VEP request error for https://rest.ensembl.org/vep/human/region/9:121027505-121027505:1/T?content-type=application/json: Cannot connect to host rest.ensembl.org:443 ssl:default [None]
2026-06-04 21:46:20.826 [ERROR] scripts.vep.client: VEP request error for https://rest.ensembl.org/vep/human/region/9:121004721-121004721:1/C?content-type=application/json: Cannot connect to host rest.ensembl.org:443 ssl:default [None]
2026-06-04 21:46:20.830 [ERROR] scripts.vep.client: VEP request error for https://rest.ensembl.org/vep/human/region/9:121018252-121018253:1/-?content-type=application/json: Cannot connect to host rest.ensembl.org:443 ssl:default [None]
2026-06-04 21:46:20.880 [ERROR] scripts.vep.client: VEP request error for https://rest.ensembl.org/vep/human/region/9:121012185-121012185:1/A?content-type=application/json: Cannot connect to host rest.ensembl.org:443 ssl:default [None]
2026-06-04 21:46:21.005 [ERROR] scripts.vep.client: VEP request error for https://rest.ensembl.org/vep/human/region/9:121022922-121022922:1/A?content-type=application/json: Cannot connect to host rest.ensembl.org:443 ssl:default [None]
2026-06-04 21:46:21.039 [ERROR] scripts.vep.client: VEP request error for https://rest.ensembl.org/vep/human/region/9:121026285-121026285:1/C?content-type=application/json: Cannot connect to host rest.ensembl.org:443 ssl:default [None]
2026-06-04 21:46:21.068 [ERROR] scripts.vep.client: VEP request error for https://rest.ensembl.org/vep/human/region/9:121025288-121025288:1/G?content-type=application/json: Cannot connect to host rest.ensembl.org:443 ssl:default [None]
2026-06-04 21:46:21.128 [ERROR] scripts.vep.client: VEP request error for https://rest.ensembl.org/vep/human/region/9:121018740-121018740:1/AAA?content-type=application/json: Cannot connect to host rest.ensembl.org:443 ssl:default [None]
2026-06-04 21:46:21.239 [ERROR] scripts.vep.client: VEP request error for https://rest.ensembl.org/vep/human/region/9:121027746-121027746:1/G?content-type=application/json: Cannot connect to host rest.ensembl.org:443 ssl:default [None]
2026-06-04 21:46:21.288 [ERROR] scripts.vep.client: VEP request error for https://rest.ensembl.org/vep/human/region/9:121004511-121004511:1/C?content-type=application/json: Cannot connect to host rest.ensembl.org:443 ssl:default [None]
2026-06-04 21:46:21.324 [ERROR] scripts.vep.client: VEP request error for https://rest.ensembl.org/vep/human/region/9:121027752-121027752:1/T?content-type=application/json: Cannot connect to host rest.ensembl.org:443 ssl:default [None]
2026-06-04 21:46:21.547 [ERROR] scripts.vep.client: VEP request error for https://rest.ensembl.org/vep/human/region/9:121036043-121036043:1/T?content-type=application/json: Cannot connect to host rest.ensembl.org:443 ssl:default [None]
2026-06-04 21:46:21.631 [ERROR] scripts.vep.client: VEP request error for https://rest.ensembl.org/vep/human/region/9:121041433-121041433:1/C?content-type=application/json: Cannot connect to host rest.ensembl.org:443 ssl:default [None]
2026-06-04 21:46:21.842 [ERROR] scripts.vep.client: VEP request error for https://rest.ensembl.org/vep/human/region/9:121032927-121032927:1/G?content-type=application/json: Cannot connect to host rest.ensembl.org:443 ssl:default [None]
2026-06-04 21:46:21.909 [ERROR] scripts.vep.client: VEP request error for https://rest.ensembl.org/vep/human/region/9:121029658-121029658:1/A?content-type=application/json: Cannot connect to host rest.ensembl.org:443 ssl:default [None]
2026-06-04 21:46:21.944 [ERROR] scripts.vep.client: VEP request error for https://rest.ensembl.org/vep/human/region/9:121029682-121029682:1/C?content-type=application/json: Cannot connect to host rest.ensembl.org:443 ssl:default [None]
2026-06-04 21:46:22.068 [ERROR] scripts.vep.client: VEP request error for https://rest.ensembl.org/vep/human/region/9:121029727-121029727:1/T?content-type=application/json: Cannot connect to host rest.ensembl.org:443 ssl:default [None]
2026-06-04 21:46:22.070 [ERROR] scripts.vep.client: VEP request error for https://rest.ensembl.org/vep/human/region/9:121030628-121030628:1/A?content-type=application/json: Cannot connect to host rest.ensembl.org:443 ssl:default [None]
2026-06-04 21:46:22.122 [ERROR] scripts.vep.client: VEP request error for https://rest.ensembl.org/vep/human/region/9:121035046-121035046:1/A?content-type=application/json: Cannot connect to host rest.ensembl.org:443 ssl:default [None]
2026-06-04 21:46:22.124 [ERROR] scripts.vep.client: VEP request error for https://rest.ensembl.org/vep/human/region/9:121035265-121035265:1/T?content-type=application/json: Cannot connect to host rest.ensembl.org:443 ssl:default [None]
2026-06-04 21:46:22.264 [ERROR] scripts.vep.client: VEP request error for https://rest.ensembl.org/vep/human/region/9:121053466-121053466:1/T?content-type=application/json: Cannot connect to host rest.ensembl.org:443 ssl:default [None]
2026-06-04 21:46:22.511 [ERROR] scripts.vep.client: VEP request error for https://rest.ensembl.org/vep/human/region/9:121037440-121037440:1/GTAGCT?content-type=application/json: Cannot connect to host rest.ensembl.org:443 ssl:default [None]
2026-06-04 21:46:22.518 [ERROR] scripts.vep.client: VEP request error for https://rest.ensembl.org/vep/human/region/9:121043700-121043700:1/T?content-type=application/json: Cannot connect to host rest.ensembl.org:443 ssl:default [None]
2026-06-04 21:46:22.537 [ERROR] scripts.vep.client: VEP request error for https://rest.ensembl.org/vep/human/region/9:121033013-121033013:1/T?content-type=application/json: Cannot connect to host rest.ensembl.org:443 ssl:default [None]
2026-06-04 21:46:22.724 [ERROR] scripts.vep.client: VEP request error for https://rest.ensembl.org/vep/human/region/9:121033012-121033012:1/T?content-type=application/json: Cannot connect to host rest.ensembl.org:443 ssl:default [None]
2026-06-04 21:46:22.767 [ERROR] scripts.vep.client: VEP request error for https://rest.ensembl.org/vep/human/region/9:121031257-121031261:1/-?content-type=application/json: Cannot connect to host rest.ensembl.org:443 ssl:default [None]
2026-06-04 21:46:22.861 [ERROR] scripts.vep.client: VEP request error for https://rest.ensembl.org/vep/human/region/9:121041425-121041425:1/T?content-type=application/json: Cannot connect to host rest.ensembl.org:443 ssl:default [None]
2026-06-04 21:46:22.889 [ERROR] scripts.vep.client: VEP request error for https://rest.ensembl.org/vep/human/region/9:121041297-121041297:1/TTTTT?content-type=application/json: Cannot connect to host rest.ensembl.org:443 ssl:default [None]
2026-06-04 21:46:22.942 [ERROR] scripts.vep.client: VEP request error for https://rest.ensembl.org/vep/human/region/9:121053492-121053492:1/A?content-type=application/json: Cannot connect to host rest.ensembl.org:443 ssl:default [None]
2026-06-04 21:46:23.117 [ERROR] scripts.vep.client: VEP request error for https://rest.ensembl.org/vep/human/region/9:121057467-121057467:1/C?content-type=application/json: Cannot connect to host rest.ensembl.org:443 ssl:default [None]
2026-06-04 21:46:23.127 [ERROR] scripts.vep.client: VEP request error for https://rest.ensembl.org/vep/human/region/9:121040952-121040953:1/-?content-type=application/json: Cannot connect to host rest.ensembl.org:443 ssl:default [None]
2026-06-04 21:46:23.196 [ERROR] scripts.vep.client: VEP request error for https://rest.ensembl.org/vep/human/region/9:121035150-121035150:1/T?content-type=application/json: Cannot connect to host rest.ensembl.org:443 ssl:default [None]
2026-06-04 21:46:23.244 [ERROR] scripts.vep.client: VEP request error for https://rest.ensembl.org/vep/human/region/9:121053818-121053818:1/T?content-type=application/json: Cannot connect to host rest.ensembl.org:443 ssl:default [None]
2026-06-04 21:46:23.310 [ERROR] scripts.vep.client: VEP request error for https://rest.ensembl.org/vep/human/region/9:121048308-121048308:1/C?content-type=application/json: Cannot connect to host rest.ensembl.org:443 ssl:default [None]
2026-06-04 21:46:23.367 [ERROR] scripts.vep.client: VEP request error for https://rest.ensembl.org/vep/human/region/9:121045984-121045984:1/A?content-type=application/json: Cannot connect to host rest.ensembl.org:443 ssl:default [None]
2026-06-04 21:46:23.422 [ERROR] scripts.vep.client: VEP request error for https://rest.ensembl.org/vep/human/region/9:121036611-121036612:1/-?content-type=application/json: Cannot connect to host rest.ensembl.org:443 ssl:default [None]
2026-06-04 21:46:23.442 [ERROR] scripts.vep.client: VEP request error for https://rest.ensembl.org/vep/human/region/9:121033416-121033416:1/C?content-type=application/json: Cannot connect to host rest.ensembl.org:443 ssl:default [None]
2026-06-04 21:46:23.456 [ERROR] scripts.vep.client: VEP request error for https://rest.ensembl.org/vep/human/region/9:121035413-121035413:1/T?content-type=application/json: Cannot connect to host rest.ensembl.org:443 ssl:default [None]
2026-06-04 21:46:23.500 [ERROR] scripts.vep.client: VEP request error for https://rest.ensembl.org/vep/human/region/9:121041566-121041566:1/G?content-type=application/json: Cannot connect to host rest.ensembl.org:443 ssl:default [None]
2026-06-04 21:46:23.608 [ERROR] scripts.vep.client: VEP request error for https://rest.ensembl.org/vep/human/region/9:121048760-121048760:1/T?content-type=application/json: Cannot connect to host rest.ensembl.org:443 ssl:default [None]
2026-06-04 21:46:23.652 [ERROR] scripts.vep.client: VEP request error for https://rest.ensembl.org/vep/human/region/9:121053784-121053784:1/C?content-type=application/json: Cannot connect to host rest.ensembl.org:443 ssl:default [None]
2026-06-04 21:46:23.733 [ERROR] scripts.vep.client: VEP request error for https://rest.ensembl.org/vep/human/region/9:121047612-121047612:1/T?content-type=application/json: Cannot connect to host rest.ensembl.org:443 ssl:default [None]
2026-06-04 21:46:23.739 [ERROR] scripts.vep.client: VEP request error for https://rest.ensembl.org/vep/human/region/9:121053630-121053630:1/G?content-type=application/json: Cannot connect to host rest.ensembl.org:443 ssl:default [None]
2026-06-04 21:46:23.744 [ERROR] scripts.vep.client: VEP request error for https://rest.ensembl.org/vep/human/region/9:121046826-121046826:1/A?content-type=application/json: Cannot connect to host rest.ensembl.org:443 ssl:default [None]
2026-06-04 21:46:23.775 [ERROR] scripts.vep.client: VEP request error for https://rest.ensembl.org/vep/human/region/9:121057325-121057325:1/C?content-type=application/json: Cannot connect to host rest.ensembl.org:443 ssl:default [None]
2026-06-04 21:46:23.777 [ERROR] scripts.vep.client: VEP request error for https://rest.ensembl.org/vep/human/region/9:121054581-121054581:1/T?content-type=application/json: Cannot connect to host rest.ensembl.org:443 ssl:default [None]
2026-06-04 21:46:23.782 [ERROR] scripts.vep.client: VEP request error for https://rest.ensembl.org/vep/human/region/9:121048763-121048763:1/GTTACT?content-type=application/json: Cannot connect to host rest.ensembl.org:443 ssl:default [None]
2026-06-04 21:46:23.832 [ERROR] scripts.vep.client: VEP request error for https://rest.ensembl.org/vep/human/region/9:121037816-121037816:1/A?content-type=application/json: Cannot connect to host rest.ensembl.org:443 ssl:default [None]
2026-06-04 21:46:23.910 [ERROR] scripts.vep.client: VEP request error for https://rest.ensembl.org/vep/human/region/9:121047261-121047261:1/C?content-type=application/json: Cannot connect to host rest.ensembl.org:443 ssl:default [None]
2026-06-04 21:46:23.971 [ERROR] scripts.vep.client: VEP request error for https://rest.ensembl.org/vep/human/region/9:121048605-121048605:1/T?content-type=application/json: Cannot connect to host rest.ensembl.org:443 ssl:default [None]
2026-06-04 21:46:24.074 [ERROR] scripts.vep.client: VEP request error for https://rest.ensembl.org/vep/human/region/9:121046685-121046685:1/A?content-type=application/json: Cannot connect to host rest.ensembl.org:443 ssl:default [None]
2026-06-04 21:46:24.129 [ERROR] scripts.vep.client: VEP request error for https://rest.ensembl.org/vep/human/region/9:121064037-121064037:1/T?content-type=application/json: Cannot connect to host rest.ensembl.org:443 ssl:default [None]
2026-06-04 21:46:24.159 [ERROR] scripts.vep.client: VEP request error for https://rest.ensembl.org/vep/human/region/9:121058214-121058214:1/C?content-type=application/json: Cannot connect to host rest.ensembl.org:443 ssl:default [None]
2026-06-04 21:46:24.184 [ERROR] scripts.vep.client: VEP request error for https://rest.ensembl.org/vep/human/region/9:121049958-121049959:1/-?content-type=application/json: Cannot connect to host rest.ensembl.org:443 ssl:default [None]
2026-06-04 21:46:24.321 [ERROR] scripts.vep.client: VEP request error for https://rest.ensembl.org/vep/human/region/9:121061694-121061694:1/C?content-type=application/json: Cannot connect to host rest.ensembl.org:443 ssl:default [None]
2026-06-04 21:46:24.370 [ERROR] scripts.vep.client: VEP request error for https://rest.ensembl.org/vep/human/region/9:121045942-121045942:1/C?content-type=application/json: Cannot connect to host rest.ensembl.org:443 ssl:default [None]
2026-06-04 21:46:24.459 [ERROR] scripts.vep.client: VEP request error for https://rest.ensembl.org/vep/human/region/9:121047459-121047459:1/A?content-type=application/json: Cannot connect to host rest.ensembl.org:443 ssl:default [None]
2026-06-04 21:46:24.493 [ERROR] scripts.vep.client: VEP request error for https://rest.ensembl.org/vep/human/region/9:121064057-121064057:1/G?content-type=application/json: Cannot connect to host rest.ensembl.org:443 ssl:default [None]
2026-06-04 21:46:24.511 [ERROR] scripts.vep.client: VEP request error for https://rest.ensembl.org/vep/human/region/9:121058650-121058650:1/T?content-type=application/json: Cannot connect to host rest.ensembl.org:443 ssl:default [None]
2026-06-04 21:46:24.512 [ERROR] scripts.vep.client: VEP request error for https://rest.ensembl.org/vep/human/region/9:121060559-121060559:1/A?content-type=application/json: Cannot connect to host rest.ensembl.org:443 ssl:default [None]
2026-06-04 21:46:24.535 [ERROR] scripts.vep.client: VEP request error for https://rest.ensembl.org/vep/human/region/9:121055335-121055335:1/C?content-type=application/json: Cannot connect to host rest.ensembl.org:443 ssl:default [None]
2026-06-04 21:46:24.683 [ERROR] scripts.vep.client: VEP request error for https://rest.ensembl.org/vep/human/region/9:121063008-121063008:1/C?content-type=application/json: Cannot connect to host rest.ensembl.org:443 ssl:default [None]
2026-06-04 21:46:24.773 [ERROR] scripts.vep.client: VEP request error for https://rest.ensembl.org/vep/human/region/9:121060169-121060169:1/T?content-type=application/json: Cannot connect to host rest.ensembl.org:443 ssl:default [None]
2026-06-04 21:46:24.785 [ERROR] scripts.vep.client: VEP request error for https://rest.ensembl.org/vep/human/region/9:121060668-121060668:1/G?content-type=application/json: Cannot connect to host rest.ensembl.org:443 ssl:default [None]
2026-06-04 21:46:24.932 [ERROR] scripts.vep.client: VEP request error for https://rest.ensembl.org/vep/human/region/9:121062571-121062571:1/C?content-type=application/json: Cannot connect to host rest.ensembl.org:443 ssl:default [None]
2026-06-04 21:46:24.940 [ERROR] scripts.vep.client: VEP request error for https://rest.ensembl.org/vep/human/region/9:121061354-121061354:1/G?content-type=application/json: Cannot connect to host rest.ensembl.org:443 ssl:default [None]
2026-06-04 21:46:25.034 [ERROR] scripts.vep.client: VEP request error for https://rest.ensembl.org/vep/human/region/9:121066393-121066393:1/A?content-type=application/json: Cannot connect to host rest.ensembl.org:443 ssl:default [None]
2026-06-04 21:46:25.050 [ERROR] scripts.vep.client: VEP request error for https://rest.ensembl.org/vep/human/region/9:121067566-121067567:1/-?content-type=application/json: Cannot connect to host rest.ensembl.org:443 ssl:default [None]
2026-06-04 21:46:25.120 [ERROR] scripts.vep.client: VEP request error for https://rest.ensembl.org/vep/human/region/9:121066311-121066312:1/-?content-type=application/json: Cannot connect to host rest.ensembl.org:443 ssl:default [None]
2026-06-04 21:46:25.216 [ERROR] scripts.vep.client: VEP request error for https://rest.ensembl.org/vep/human/region/9:121069528-121069529:1/-?content-type=application/json: Cannot connect to host rest.ensembl.org:443 ssl:default [None]
2026-06-04 21:46:25.413 [ERROR] scripts.vep.client: VEP request error for https://rest.ensembl.org/vep/human/region/9:121068260-121068260:1/C?content-type=application/json: Cannot connect to host rest.ensembl.org:443 ssl:default [None]
2026-06-04 21:46:25.572 [ERROR] scripts.vep.client: VEP request error for https://rest.ensembl.org/vep/human/region/9:121076874-121076874:1/A?content-type=application/json: Cannot connect to host rest.ensembl.org:443 ssl:default [None]
2026-06-04 21:46:25.794 [ERROR] scripts.vep.client: VEP request error for https://rest.ensembl.org/vep/human/region/9:121066862-121066862:1/A?content-type=application/json: Cannot connect to host rest.ensembl.org:443 ssl:default [None]
2026-06-04 21:46:25.893 [ERROR] scripts.vep.client: VEP request error for https://rest.ensembl.org/vep/human/region/9:121069074-121069074:1/T?content-type=application/json: Cannot connect to host rest.ensembl.org:443 ssl:default [None]
2026-06-04 21:46:25.899 [ERROR] scripts.vep.client: VEP request error for https://rest.ensembl.org/vep/human/region/9:121064198-121064198:1/C?content-type=application/json: Cannot connect to host rest.ensembl.org:443 ssl:default [None]
2026-06-04 21:46:25.908 [ERROR] scripts.vep.client: VEP request error for https://rest.ensembl.org/vep/human/region/9:121070343-121070343:1/G?content-type=application/json: Cannot connect to host rest.ensembl.org:443 ssl:default [None]
2026-06-04 21:46:25.919 [ERROR] scripts.vep.client: VEP request error for https://rest.ensembl.org/vep/human/region/9:121065074-121065078:1/-?content-type=application/json: Cannot connect to host rest.ensembl.org:443 ssl:default [None]
2026-06-04 21:46:25.983 [ERROR] scripts.vep.client: VEP request error for https://rest.ensembl.org/vep/human/region/9:121075624-121075624:1/A?content-type=application/json: Cannot connect to host rest.ensembl.org:443 ssl:default [None]
2026-06-04 21:46:26.100 [ERROR] scripts.vep.client: VEP request error for https://rest.ensembl.org/vep/human/region/9:121076879-121076879:1/C?content-type=application/json: Cannot connect to host rest.ensembl.org:443 ssl:default [None]
2026-06-04 21:46:26.126 [ERROR] scripts.vep.client: VEP request error for https://rest.ensembl.org/vep/human/region/9:121073511-121073512:1/-?content-type=application/json: Cannot connect to host rest.ensembl.org:443 ssl:default [None]
2026-06-04 21:46:26.196 [ERROR] scripts.vep.client: VEP request error for https://rest.ensembl.org/vep/human/region/9:125744696-125744696:1/T?content-type=application/json: Cannot connect to host rest.ensembl.org:443 ssl:default [None]
2026-06-04 21:46:26.224 [ERROR] scripts.vep.client: VEP request error for https://rest.ensembl.org/vep/human/region/9:121074375-121074375:1/T?content-type=application/json: Cannot connect to host rest.ensembl.org:443 ssl:default [None]
2026-06-04 21:46:26.351 [ERROR] scripts.vep.client: VEP request error for https://rest.ensembl.org/vep/human/region/9:121077715-121077715:1/G?content-type=application/json: Cannot connect to host rest.ensembl.org:443 ssl:default [None]
2026-06-04 21:46:26.480 [ERROR] scripts.vep.client: VEP request error for https://rest.ensembl.org/vep/human/region/9:121071177-121071177:1/A?content-type=application/json: Cannot connect to host rest.ensembl.org:443 ssl:default [None]
2026-06-04 21:46:26.494 [ERROR] scripts.vep.client: VEP request error for https://rest.ensembl.org/vep/human/region/9:125742369-125742370:1/-?content-type=application/json: Cannot connect to host rest.ensembl.org:443 ssl:default [None]
2026-06-04 21:46:26.507 [ERROR] scripts.vep.client: VEP request error for https://rest.ensembl.org/vep/human/region/9:125744358-125744358:1/TT?content-type=application/json: Cannot connect to host rest.ensembl.org:443 ssl:default [None]
2026-06-04 21:46:26.522 [ERROR] scripts.vep.client: VEP request error for https://rest.ensembl.org/vep/human/region/9:125744025-125744025:1/C?content-type=application/json: Cannot connect to host rest.ensembl.org:443 ssl:default [None]
2026-06-04 21:46:26.533 [ERROR] scripts.vep.client: VEP request error for https://rest.ensembl.org/vep/human/region/9:125742479-125742479:1/T?content-type=application/json: Cannot connect to host rest.ensembl.org:443 ssl:default [None]
2026-06-04 21:46:26.572 [ERROR] scripts.vep.client: VEP request error for https://rest.ensembl.org/vep/human/region/9:121079794-121079794:1/A?content-type=application/json: Cannot connect to host rest.ensembl.org:443 ssl:default [None]
2026-06-04 21:46:26.606 [ERROR] scripts.vep.client: VEP request error for https://rest.ensembl.org/vep/human/region/9:125745968-125745968:1/G?content-type=application/json: Cannot connect to host rest.ensembl.org:443 ssl:default [None]
2026-06-04 21:46:26.649 [ERROR] scripts.vep.client: VEP request error for https://rest.ensembl.org/vep/human/region/9:121071869-121071869:1/AAG?content-type=application/json: Cannot connect to host rest.ensembl.org:443 ssl:default [None]
2026-06-04 21:46:26.696 [ERROR] scripts.vep.client: VEP request error for https://rest.ensembl.org/vep/human/region/9:125743918-125743919:1/-?content-type=application/json: Cannot connect to host rest.ensembl.org:443 ssl:default [None]
2026-06-04 21:46:26.718 [ERROR] scripts.vep.client: VEP request error for https://rest.ensembl.org/vep/human/region/9:125743689-125743689:1/C?content-type=application/json: Cannot connect to host rest.ensembl.org:443 ssl:default [None]
2026-06-04 21:46:26.760 [ERROR] scripts.vep.client: VEP request error for https://rest.ensembl.org/vep/human/region/9:125742345-125742345:1/T?content-type=application/json: Cannot connect to host rest.ensembl.org:443 ssl:default [None]
2026-06-04 21:46:26.762 [ERROR] scripts.vep.client: VEP request error for https://rest.ensembl.org/vep/human/region/9:125748349-125748349:1/C?content-type=application/json: Cannot connect to host rest.ensembl.org:443 ssl:default [None]
2026-06-04 21:46:26.835 [ERROR] scripts.vep.client: VEP request error for https://rest.ensembl.org/vep/human/region/9:125742535-125742535:1/C?content-type=application/json: Cannot connect to host rest.ensembl.org:443 ssl:default [None]
2026-06-04 21:46:26.863 [ERROR] scripts.vep.client: VEP request error for https://rest.ensembl.org/vep/human/region/9:125744380-125744380:1/C?content-type=application/json: Cannot connect to host rest.ensembl.org:443 ssl:default [None]
2026-06-04 21:46:26.866 [ERROR] scripts.vep.client: VEP request error for https://rest.ensembl.org/vep/human/region/9:125751317-125751317:1/T?content-type=application/json: Cannot connect to host rest.ensembl.org:443 ssl:default [None]
2026-06-04 21:46:26.891 [ERROR] scripts.vep.client: VEP request error for https://rest.ensembl.org/vep/human/region/9:125753285-125753286:1/-?content-type=application/json: Cannot connect to host rest.ensembl.org:443 ssl:default [None]
2026-06-04 21:46:26.940 [ERROR] scripts.vep.client: VEP request error for https://rest.ensembl.org/vep/human/region/9:125743920-125743920:1/T?content-type=application/json: Cannot connect to host rest.ensembl.org:443 ssl:default [None]
2026-06-04 21:46:26.955 [ERROR] scripts.vep.client: VEP request error for https://rest.ensembl.org/vep/human/region/9:121073276-121073276:1/C?content-type=application/json: Cannot connect to host rest.ensembl.org:443 ssl:default [None]
2026-06-04 21:46:26.961 [ERROR] scripts.vep.client: VEP request error for https://rest.ensembl.org/vep/human/region/9:125752329-125752329:1/C?content-type=application/json: Cannot connect to host rest.ensembl.org:443 ssl:default [None]
2026-06-04 21:46:26.991 [ERROR] scripts.vep.client: VEP request error for https://rest.ensembl.org/vep/human/region/9:125754595-125754597:1/-?content-type=application/json: Cannot connect to host rest.ensembl.org:443 ssl:default [None]
2026-06-04 21:46:27.003 [ERROR] scripts.vep.client: VEP request error for https://rest.ensembl.org/vep/human/region/9:125749814-125749814:1/A?content-type=application/json: Cannot connect to host rest.ensembl.org:443 ssl:default [None]
2026-06-04 21:46:27.139 [ERROR] scripts.vep.client: VEP request error for https://rest.ensembl.org/vep/human/region/9:125751917-125751918:1/-?content-type=application/json: Cannot connect to host rest.ensembl.org:443 ssl:default [None]
2026-06-04 21:46:27.161 [ERROR] scripts.vep.client: VEP request error for https://rest.ensembl.org/vep/human/region/9:125752187-125752187:1/A?content-type=application/json: Cannot connect to host rest.ensembl.org:443 ssl:default [None]
2026-06-04 21:46:27.378 [ERROR] scripts.vep.client: VEP request error for https://rest.ensembl.org/vep/human/region/9:125749547-125749547:1/C?content-type=application/json: Cannot connect to host rest.ensembl.org:443 ssl:default [None]
2026-06-04 21:46:27.563 [ERROR] scripts.vep.client: VEP request error for https://rest.ensembl.org/vep/human/region/9:125761990-125761990:1/G?content-type=application/json: Cannot connect to host rest.ensembl.org:443 ssl:default [None]
2026-06-04 21:46:27.564 [ERROR] scripts.vep.client: VEP request error for https://rest.ensembl.org/vep/human/region/9:125756337-125756337:1/G?content-type=application/json: Cannot connect to host rest.ensembl.org:443 ssl:default [None]
2026-06-04 21:46:27.575 [ERROR] scripts.vep.client: VEP request error for https://rest.ensembl.org/vep/human/region/9:125749172-125749172:1/G?content-type=application/json: Cannot connect to host rest.ensembl.org:443 ssl:default [None]
2026-06-04 21:46:27.606 [ERROR] scripts.vep.client: VEP request error for https://rest.ensembl.org/vep/human/region/9:125747877-125747877:1/A?content-type=application/json: Cannot connect to host rest.ensembl.org:443 ssl:default [None]
2026-06-04 21:46:27.697 [ERROR] scripts.vep.client: VEP request error for https://rest.ensembl.org/vep/human/region/9:125754239-125754239:1/G?content-type=application/json: Cannot connect to host rest.ensembl.org:443 ssl:default [None]
2026-06-04 21:46:27.782 [ERROR] scripts.vep.client: VEP request error for https://rest.ensembl.org/vep/human/region/9:125762075-125762075:1/A?content-type=application/json: Cannot connect to host rest.ensembl.org:443 ssl:default [None]
2026-06-04 21:46:27.826 [ERROR] scripts.vep.client: VEP request error for https://rest.ensembl.org/vep/human/region/9:125755769-125755769:1/T?content-type=application/json: Cannot connect to host rest.ensembl.org:443 ssl:default [None]
2026-06-04 21:46:28.002 [ERROR] scripts.vep.client: VEP request error for https://rest.ensembl.org/vep/human/region/9:125749560-125749563:1/-?content-type=application/json: Cannot connect to host rest.ensembl.org:443 ssl:default [None]
2026-06-04 21:46:28.022 [ERROR] scripts.vep.client: VEP request error for https://rest.ensembl.org/vep/human/region/9:125756807-125756807:1/T?content-type=application/json: Cannot connect to host rest.ensembl.org:443 ssl:default [None]
2026-06-04 21:46:28.028 [ERROR] scripts.vep.client: VEP request error for https://rest.ensembl.org/vep/human/region/9:125752735-125752735:1/C?content-type=application/json: Cannot connect to host rest.ensembl.org:443 ssl:default [None]
2026-06-04 21:46:28.222 [ERROR] scripts.vep.client: VEP request error for https://rest.ensembl.org/vep/human/region/9:125757904-125757904:1/C?content-type=application/json: Cannot connect to host rest.ensembl.org:443 ssl:default [None]
2026-06-04 21:46:28.292 [ERROR] scripts.vep.client: VEP request error for https://rest.ensembl.org/vep/human/region/9:125757283-125757284:1/-?content-type=application/json: Cannot connect to host rest.ensembl.org:443 ssl:default [None]
2026-06-04 21:46:28.454 [ERROR] scripts.vep.client: VEP request error for https://rest.ensembl.org/vep/human/region/9:125752767-125752767:1/C?content-type=application/json: Cannot connect to host rest.ensembl.org:443 ssl:default [None]
2026-06-04 21:46:28.499 [ERROR] scripts.vep.client: VEP request error for https://rest.ensembl.org/vep/human/region/9:125754328-125754328:1/A?content-type=application/json: Cannot connect to host rest.ensembl.org:443 ssl:default [None]
2026-06-04 21:46:28.520 [ERROR] scripts.vep.client: VEP request error for https://rest.ensembl.org/vep/human/region/9:125756112-125756112:1/G?content-type=application/json: Cannot connect to host rest.ensembl.org:443 ssl:default [None]
2026-06-04 21:46:28.536 [ERROR] scripts.vep.client: VEP request error for https://rest.ensembl.org/vep/human/region/9:125760789-125760789:1/G?content-type=application/json: Cannot connect to host rest.ensembl.org:443 ssl:default [None]
2026-06-04 21:46:28.559 [ERROR] scripts.vep.client: VEP request error for https://rest.ensembl.org/vep/human/region/9:125773358-125773358:1/G?content-type=application/json: Cannot connect to host rest.ensembl.org:443 ssl:default [None]
2026-06-04 21:46:28.616 [ERROR] scripts.vep.client: VEP request error for https://rest.ensembl.org/vep/human/region/9:125765428-125765428:1/A?content-type=application/json: Cannot connect to host rest.ensembl.org:443 ssl:default [None]
2026-06-04 21:46:28.637 [ERROR] scripts.vep.client: VEP request error for https://rest.ensembl.org/vep/human/region/9:125757287-125757287:1/C?content-type=application/json: Cannot connect to host rest.ensembl.org:443 ssl:default [None]
2026-06-04 21:46:28.771 [ERROR] scripts.vep.client: VEP request error for https://rest.ensembl.org/vep/human/region/9:125758827-125758827:1/A?content-type=application/json: Cannot connect to host rest.ensembl.org:443 ssl:default [None]
2026-06-04 21:46:28.885 [ERROR] scripts.vep.client: VEP request error for https://rest.ensembl.org/vep/human/region/9:125759194-125759194:1/T?content-type=application/json: Cannot connect to host rest.ensembl.org:443 ssl:default [None]
2026-06-04 21:46:28.929 [ERROR] scripts.vep.client: VEP request error for https://rest.ensembl.org/vep/human/region/9:125760427-125760427:1/G?content-type=application/json: Cannot connect to host rest.ensembl.org:443 ssl:default [None]
2026-06-04 21:46:28.948 [ERROR] scripts.vep.client: VEP request error for https://rest.ensembl.org/vep/human/region/9:125758703-125758703:1/G?content-type=application/json: Cannot connect to host rest.ensembl.org:443 ssl:default [None]
2026-06-04 21:46:29.047 [ERROR] scripts.vep.client: VEP request error for https://rest.ensembl.org/vep/human/region/9:125765286-125765286:1/T?content-type=application/json: Cannot connect to host rest.ensembl.org:443 ssl:default [None]
2026-06-04 21:46:29.057 [ERROR] scripts.vep.client: VEP request error for https://rest.ensembl.org/vep/human/region/9:125772241-125772241:1/A?content-type=application/json: Cannot connect to host rest.ensembl.org:443 ssl:default [None]
2026-06-04 21:46:29.062 [ERROR] scripts.vep.client: VEP request error for https://rest.ensembl.org/vep/human/region/9:125767975-125767975:1/G?content-type=application/json: Cannot connect to host rest.ensembl.org:443 ssl:default [None]
2026-06-04 21:46:29.183 [ERROR] scripts.vep.client: VEP request error for https://rest.ensembl.org/vep/human/region/9:125766926-125766928:1/-?content-type=application/json: Cannot connect to host rest.ensembl.org:443 ssl:default [None]
2026-06-04 21:46:29.229 [ERROR] scripts.vep.client: VEP request error for https://rest.ensembl.org/vep/human/region/9:125765116-125765116:1/A?content-type=application/json: Cannot connect to host rest.ensembl.org:443 ssl:default [None]
2026-06-04 21:46:29.361 [ERROR] scripts.vep.client: VEP request error for https://rest.ensembl.org/vep/human/region/9:125766211-125766211:1/C?content-type=application/json: Cannot connect to host rest.ensembl.org:443 ssl:default [None]
2026-06-04 21:46:29.381 [ERROR] scripts.vep.client: VEP request error for https://rest.ensembl.org/vep/human/region/9:125762755-125762755:1/G?content-type=application/json: Cannot connect to host rest.ensembl.org:443 ssl:default [None]
2026-06-04 21:46:29.426 [ERROR] scripts.vep.client: VEP request error for https://rest.ensembl.org/vep/human/region/9:125769283-125769283:1/G?content-type=application/json: Cannot connect to host rest.ensembl.org:443 ssl:default [None]
2026-06-04 21:46:29.529 [ERROR] scripts.vep.client: VEP request error for https://rest.ensembl.org/vep/human/region/9:125770220-125770220:1/C?content-type=application/json: Cannot connect to host rest.ensembl.org:443 ssl:default [None]
2026-06-04 21:46:29.584 [ERROR] scripts.vep.client: VEP request error for https://rest.ensembl.org/vep/human/region/9:125767983-125767983:1/G?content-type=application/json: Cannot connect to host rest.ensembl.org:443 ssl:default [None]
2026-06-04 21:46:29.611 [ERROR] scripts.vep.client: VEP request error for https://rest.ensembl.org/vep/human/region/9:125770091-125770091:1/A?content-type=application/json: Cannot connect to host rest.ensembl.org:443 ssl:default [None]
2026-06-04 21:46:29.648 [ERROR] scripts.vep.client: VEP request error for https://rest.ensembl.org/vep/human/region/9:125775305-125775305:1/T?content-type=application/json: Cannot connect to host rest.ensembl.org:443 ssl:default [None]
2026-06-04 21:46:29.675 [ERROR] scripts.vep.client: VEP request error for https://rest.ensembl.org/vep/human/region/9:125768451-125768451:1/A?content-type=application/json: Cannot connect to host rest.ensembl.org:443 ssl:default [None]
2026-06-04 21:46:29.728 [ERROR] scripts.vep.client: VEP request error for https://rest.ensembl.org/vep/human/region/9:125773579-125773579:1/A?content-type=application/json: Cannot connect to host rest.ensembl.org:443 ssl:default [None]
2026-06-04 21:46:29.773 [ERROR] scripts.vep.client: VEP request error for https://rest.ensembl.org/vep/human/region/9:125766699-125766699:1/A?content-type=application/json: Cannot connect to host rest.ensembl.org:443 ssl:default [None]
2026-06-04 21:46:29.810 [ERROR] scripts.vep.client: VEP request error for https://rest.ensembl.org/vep/human/region/9:125765842-125765842:1/C?content-type=application/json: Cannot connect to host rest.ensembl.org:443 ssl:default [None]
2026-06-04 21:46:29.835 [ERROR] scripts.vep.client: VEP request error for https://rest.ensembl.org/vep/human/region/9:125775239-125775239:1/G?content-type=application/json: Cannot connect to host rest.ensembl.org:443 ssl:default [None]
2026-06-04 21:46:29.858 [ERROR] scripts.vep.client: VEP request error for https://rest.ensembl.org/vep/human/region/9:125774661-125774662:1/-?content-type=application/json: Cannot connect to host rest.ensembl.org:443 ssl:default [None]
2026-06-04 21:46:30.002 [ERROR] scripts.vep.client: VEP request error for https://rest.ensembl.org/vep/human/region/9:125772757-125772761:1/-?content-type=application/json: Cannot connect to host rest.ensembl.org:443 ssl:default [None]
2026-06-04 21:46:30.028 [ERROR] scripts.vep.client: VEP request error for https://rest.ensembl.org/vep/human/region/9:125764975-125764975:1/T?content-type=application/json: Cannot connect to host rest.ensembl.org:443 ssl:default [None]
2026-06-04 21:46:30.162 [ERROR] scripts.vep.client: VEP request error for https://rest.ensembl.org/vep/human/region/9:125766810-125766810:1/C?content-type=application/json: Cannot connect to host rest.ensembl.org:443 ssl:default [None]
2026-06-04 21:46:30.292 [ERROR] scripts.vep.client: VEP request error for https://rest.ensembl.org/vep/human/region/9:125774155-125774155:1/A?content-type=application/json: Cannot connect to host rest.ensembl.org:443 ssl:default [None]
2026-06-04 21:46:30.305 [ERROR] scripts.vep.client: VEP request error for https://rest.ensembl.org/vep/human/region/9:125765906-125765906:1/A?content-type=application/json: Cannot connect to host rest.ensembl.org:443 ssl:default [None]
2026-06-04 21:46:30.318 [ERROR] scripts.vep.client: VEP request error for https://rest.ensembl.org/vep/human/region/9:125768443-125768443:1/T?content-type=application/json: Cannot connect to host rest.ensembl.org:443 ssl:default [None]
2026-06-04 21:46:30.340 [ERROR] scripts.vep.client: VEP request error for https://rest.ensembl.org/vep/human/region/9:125774875-125774876:1/-?content-type=application/json: Cannot connect to host rest.ensembl.org:443 ssl:default [None]
2026-06-04 21:46:30.362 [ERROR] scripts.vep.client: VEP request error for https://rest.ensembl.org/vep/human/region/9:125770697-125770697:1/A?content-type=application/json: Cannot connect to host rest.ensembl.org:443 ssl:default [None]
2026-06-04 21:46:30.422 [ERROR] scripts.vep.client: VEP request error for https://rest.ensembl.org/vep/human/region/9:125772192-125772192:1/T?content-type=application/json: Cannot connect to host rest.ensembl.org:443 ssl:default [None]
2026-06-04 21:46:30.581 [ERROR] scripts.vep.client: VEP request error for https://rest.ensembl.org/vep/human/region/9:125773800-125773800:1/C?content-type=application/json: Cannot connect to host rest.ensembl.org:443 ssl:default [None]
2026-06-04 21:46:30.730 [ERROR] scripts.vep.client: VEP request error for https://rest.ensembl.org/vep/human/region/9:125775302-125775302:1/T?content-type=application/json: Cannot connect to host rest.ensembl.org:443 ssl:default [None]
2026-06-04 21:46:30.907 [ERROR] scripts.vep.client: VEP request error for https://rest.ensembl.org/vep/human/region/9:125775132-125775132:1/C?content-type=application/json: Cannot connect to host rest.ensembl.org:443 ssl:default [None]
2026-06-04 21:46:31.057 [ERROR] scripts.vep.client: VEP request error for https://rest.ensembl.org/vep/human/region/9:125775943-125775943:1/T?content-type=application/json: Cannot connect to host rest.ensembl.org:443 ssl:default [None]
2026-06-04 21:46:31.057 [INFO] scripts.vep.client: VEP batch 270/516 done
2026-06-04 22:04:04.595 [ERROR] scripts.vep.client: VEP request error for https://rest.ensembl.org/vep/human/region/9:125783616-125783616:1/G?content-type=application/json: Cannot connect to host rest.ensembl.org:443 ssl:default [None]
2026-06-04 22:04:04.604 [ERROR] scripts.vep.client: VEP request error for https://rest.ensembl.org/vep/human/region/9:125778029-125778029:1/C?content-type=application/json: Cannot connect to host rest.ensembl.org:443 ssl:default [None]
2026-06-04 22:04:04.619 [ERROR] scripts.vep.client: VEP request error for https://rest.ensembl.org/vep/human/region/9:125781600-125781600:1/C?content-type=application/json: Cannot connect to host rest.ensembl.org:443 ssl:default [None]
2026-06-04 22:04:04.961 [ERROR] scripts.vep.client: VEP request error for https://rest.ensembl.org/vep/human/region/9:125781019-125781019:1/C?content-type=application/json: Cannot connect to host rest.ensembl.org:443 ssl:default [None]
2026-06-04 22:04:05.015 [ERROR] scripts.vep.client: VEP request error for https://rest.ensembl.org/vep/human/region/9:125779411-125779411:1/T?content-type=application/json: Cannot connect to host rest.ensembl.org:443 ssl:default [None]
2026-06-04 22:04:05.039 [ERROR] scripts.vep.client: VEP request error for https://rest.ensembl.org/vep/human/region/9:125778439-125778439:1/G?content-type=application/json: Cannot connect to host rest.ensembl.org:443 ssl:default [None]
2026-06-04 22:04:05.285 [ERROR] scripts.vep.client: VEP request error for https://rest.ensembl.org/vep/human/region/9:125780821-125780821:1/A?content-type=application/json: Cannot connect to host rest.ensembl.org:443 ssl:default [None]
2026-06-04 22:04:05.290 [ERROR] scripts.vep.client: VEP request error for https://rest.ensembl.org/vep/human/region/9:125781576-125781577:1/-?content-type=application/json: Cannot connect to host rest.ensembl.org:443 ssl:default [None]
2026-06-04 22:04:05.300 [ERROR] scripts.vep.client: VEP request error for https://rest.ensembl.org/vep/human/region/9:125783953-125783953:1/A?content-type=application/json: Cannot connect to host rest.ensembl.org:443 ssl:default [None]
2026-06-04 22:04:05.359 [ERROR] scripts.vep.client: VEP request error for https://rest.ensembl.org/vep/human/region/9:125776617-125776617:1/C?content-type=application/json: Cannot connect to host rest.ensembl.org:443 ssl:default [None]
2026-06-04 22:04:05.454 [ERROR] scripts.vep.client: VEP request error for https://rest.ensembl.org/vep/human/region/9:125777665-125777665:1/G?content-type=application/json: Cannot connect to host rest.ensembl.org:443 ssl:default [None]
2026-06-04 22:04:05.473 [ERROR] scripts.vep.client: VEP request error for https://rest.ensembl.org/vep/human/region/9:125783490-125783490:1/A?content-type=application/json: Cannot connect to host rest.ensembl.org:443 ssl:default [None]
2026-06-04 22:04:05.521 [ERROR] scripts.vep.client: VEP request error for https://rest.ensembl.org/vep/human/region/9:125776638-125776638:1/C?content-type=application/json: Cannot connect to host rest.ensembl.org:443 ssl:default [None]
2026-06-04 22:04:05.523 [ERROR] scripts.vep.client: VEP request error for https://rest.ensembl.org/vep/human/region/9:125786303-125786303:1/T?content-type=application/json: Cannot connect to host rest.ensembl.org:443 ssl:default [None]
2026-06-04 22:04:05.675 [ERROR] scripts.vep.client: VEP request error for https://rest.ensembl.org/vep/human/region/9:125781565-125781565:1/G?content-type=application/json: Cannot connect to host rest.ensembl.org:443 ssl:default [None]
2026-06-04 22:04:05.701 [ERROR] scripts.vep.client: VEP request error for https://rest.ensembl.org/vep/human/region/9:125781124-125781124:1/C?content-type=application/json: Cannot connect to host rest.ensembl.org:443 ssl:default [None]
2026-06-04 22:04:05.702 [ERROR] scripts.vep.client: VEP request error for https://rest.ensembl.org/vep/human/region/9:125780391-125780391:1/A?content-type=application/json: Cannot connect to host rest.ensembl.org:443 ssl:default [None]
2026-06-04 22:04:05.713 [ERROR] scripts.vep.client: VEP request error for https://rest.ensembl.org/vep/human/region/9:125785943-125785944:1/-?content-type=application/json: Cannot connect to host rest.ensembl.org:443 ssl:default [None]
2026-06-04 22:04:05.741 [ERROR] scripts.vep.client: VEP request error for https://rest.ensembl.org/vep/human/region/9:125782768-125782768:1/C?content-type=application/json: Cannot connect to host rest.ensembl.org:443 ssl:default [None]
2026-06-04 22:04:05.749 [ERROR] scripts.vep.client: VEP request error for https://rest.ensembl.org/vep/human/region/9:125781457-125781457:1/C?content-type=application/json: Cannot connect to host rest.ensembl.org:443 ssl:default [None]
2026-06-04 22:04:05.771 [ERROR] scripts.vep.client: VEP request error for https://rest.ensembl.org/vep/human/region/9:125777522-125777523:1/-?content-type=application/json: Cannot connect to host rest.ensembl.org:443 ssl:default [None]
2026-06-04 22:04:05.808 [ERROR] scripts.vep.client: VEP request error for https://rest.ensembl.org/vep/human/region/9:125776562-125776562:1/A?content-type=application/json: Cannot connect to host rest.ensembl.org:443 ssl:default [None]
2026-06-04 22:04:05.926 [ERROR] scripts.vep.client: VEP request error for https://rest.ensembl.org/vep/human/region/9:125780139-125780139:1/T?content-type=application/json: Cannot connect to host rest.ensembl.org:443 ssl:default [None]
2026-06-04 22:04:05.931 [ERROR] scripts.vep.client: VEP request error for https://rest.ensembl.org/vep/human/region/9:125777983-125777983:1/C?content-type=application/json: Cannot connect to host rest.ensembl.org:443 ssl:default [None]
2026-06-04 22:04:05.933 [ERROR] scripts.vep.client: VEP request error for https://rest.ensembl.org/vep/human/region/9:125776786-125776786:1/C?content-type=application/json: Cannot connect to host rest.ensembl.org:443 ssl:default [None]
2026-06-04 22:04:05.940 [ERROR] scripts.vep.client: VEP request error for https://rest.ensembl.org/vep/human/region/9:125779861-125779861:1/T?content-type=application/json: Cannot connect to host rest.ensembl.org:443 ssl:default [None]
2026-06-04 22:04:05.956 [ERROR] scripts.vep.client: VEP request error for https://rest.ensembl.org/vep/human/region/9:125780395-125780395:1/A?content-type=application/json: Cannot connect to host rest.ensembl.org:443 ssl:default [None]
2026-06-04 22:04:06.044 [ERROR] scripts.vep.client: VEP request error for https://rest.ensembl.org/vep/human/region/9:125781593-125781594:1/-?content-type=application/json: Cannot connect to host rest.ensembl.org:443 ssl:default [None]
2026-06-04 22:04:06.085 [ERROR] scripts.vep.client: VEP request error for https://rest.ensembl.org/vep/human/region/9:125779220-125779220:1/C?content-type=application/json: Cannot connect to host rest.ensembl.org:443 ssl:default [None]
2026-06-04 22:04:06.090 [ERROR] scripts.vep.client: VEP request error for https://rest.ensembl.org/vep/human/region/9:125778146-125778146:1/C?content-type=application/json: Cannot connect to host rest.ensembl.org:443 ssl:default [None]
2026-06-04 22:04:06.093 [ERROR] scripts.vep.client: VEP request error for https://rest.ensembl.org/vep/human/region/9:125777989-125777989:1/A?content-type=application/json: Cannot connect to host rest.ensembl.org:443 ssl:default [None]
2026-06-04 22:04:06.104 [ERROR] scripts.vep.client: VEP request error for https://rest.ensembl.org/vep/human/region/9:125785504-125785504:1/G?content-type=application/json: Cannot connect to host rest.ensembl.org:443 ssl:default [None]
2026-06-04 22:04:06.145 [ERROR] scripts.vep.client: VEP request error for https://rest.ensembl.org/vep/human/region/9:125777010-125777010:1/TTTTTTT?content-type=application/json: Cannot connect to host rest.ensembl.org:443 ssl:default [None]
2026-06-04 22:04:06.229 [ERROR] scripts.vep.client: VEP request error for https://rest.ensembl.org/vep/human/region/9:125776222-125776222:1/A?content-type=application/json: Cannot connect to host rest.ensembl.org:443 ssl:default [None]
2026-06-04 22:04:06.239 [ERROR] scripts.vep.client: VEP request error for https://rest.ensembl.org/vep/human/region/9:125781585-125781586:1/-?content-type=application/json: Cannot connect to host rest.ensembl.org:443 ssl:default [None]
2026-06-04 22:04:06.245 [ERROR] scripts.vep.client: VEP request error for https://rest.ensembl.org/vep/human/region/9:125776789-125776789:1/T?content-type=application/json: Cannot connect to host rest.ensembl.org:443 ssl:default [None]
2026-06-04 22:04:06.278 [ERROR] scripts.vep.client: VEP request error for https://rest.ensembl.org/vep/human/region/9:125784888-125784888:1/C?content-type=application/json: Cannot connect to host rest.ensembl.org:443 ssl:default [None]
2026-06-04 22:04:06.298 [ERROR] scripts.vep.client: VEP request error for https://rest.ensembl.org/vep/human/region/9:125777121-125777121:1/C?content-type=application/json: Cannot connect to host rest.ensembl.org:443 ssl:default [None]
2026-06-04 22:04:06.308 [ERROR] scripts.vep.client: VEP request error for https://rest.ensembl.org/vep/human/region/9:125780663-125780663:1/T?content-type=application/json: Cannot connect to host rest.ensembl.org:443 ssl:default [None]
2026-06-04 22:04:06.310 [ERROR] scripts.vep.client: VEP request error for https://rest.ensembl.org/vep/human/region/9:125777246-125777246:1/G?content-type=application/json: Cannot connect to host rest.ensembl.org:443 ssl:default [None]
2026-06-04 22:04:06.313 [ERROR] scripts.vep.client: VEP request error for https://rest.ensembl.org/vep/human/region/9:125782806-125782806:1/A?content-type=application/json: Cannot connect to host rest.ensembl.org:443 ssl:default [None]
2026-06-04 22:04:06.352 [ERROR] scripts.vep.client: VEP request error for https://rest.ensembl.org/vep/human/region/9:125779245-125779245:1/TT?content-type=application/json: Cannot connect to host rest.ensembl.org:443 ssl:default [None]
2026-06-04 22:04:06.384 [ERROR] scripts.vep.client: VEP request error for https://rest.ensembl.org/vep/human/region/9:125781572-125781572:1/C?content-type=application/json: Cannot connect to host rest.ensembl.org:443 ssl:default [None]
2026-06-04 22:04:06.475 [ERROR] scripts.vep.client: VEP request error for https://rest.ensembl.org/vep/human/region/9:125777362-125777362:1/TT?content-type=application/json: Cannot connect to host rest.ensembl.org:443 ssl:default [None]
2026-06-04 22:04:06.503 [ERROR] scripts.vep.client: VEP request error for https://rest.ensembl.org/vep/human/region/9:125781261-125781261:1/C?content-type=application/json: Cannot connect to host rest.ensembl.org:443 ssl:default [None]
2026-06-04 22:04:06.675 [ERROR] scripts.vep.client: VEP request error for https://rest.ensembl.org/vep/human/region/9:125784080-125784080:1/T?content-type=application/json: Cannot connect to host rest.ensembl.org:443 ssl:default [None]
2026-06-04 22:04:06.749 [ERROR] scripts.vep.client: VEP request error for https://rest.ensembl.org/vep/human/region/9:125779729-125779729:1/T?content-type=application/json: Cannot connect to host rest.ensembl.org:443 ssl:default [None]
2026-06-04 22:04:06.768 [ERROR] scripts.vep.client: VEP request error for https://rest.ensembl.org/vep/human/region/9:125776641-125776641:1/C?content-type=application/json: Cannot connect to host rest.ensembl.org:443 ssl:default [None]
2026-06-04 22:04:06.772 [ERROR] scripts.vep.client: VEP request error for https://rest.ensembl.org/vep/human/region/9:125784838-125784839:1/-?content-type=application/json: Cannot connect to host rest.ensembl.org:443 ssl:default [None]
2026-06-04 22:04:06.812 [ERROR] scripts.vep.client: VEP request error for https://rest.ensembl.org/vep/human/region/9:125781527-125781527:1/A?content-type=application/json: Cannot connect to host rest.ensembl.org:443 ssl:default [None]
2026-06-04 22:04:07.143 [ERROR] scripts.vep.client: VEP request error for https://rest.ensembl.org/vep/human/region/9:125786767-125786767:1/A?content-type=application/json: Cannot connect to host rest.ensembl.org:443 ssl:default [None]
2026-06-04 22:04:07.767 [ERROR] scripts.vep.client: VEP request error for https://rest.ensembl.org/vep/human/region/9:125787677-125787677:1/A?content-type=application/json: Cannot connect to host rest.ensembl.org:443 ssl:default [None]
2026-06-04 22:04:07.847 [ERROR] scripts.vep.client: VEP request error for https://rest.ensembl.org/vep/human/region/9:125786753-125786753:1/C?content-type=application/json: Cannot connect to host rest.ensembl.org:443 ssl:default [None]
2026-06-04 22:04:07.876 [ERROR] scripts.vep.client: VEP request error for https://rest.ensembl.org/vep/human/region/9:125788575-125788575:1/T?content-type=application/json: Cannot connect to host rest.ensembl.org:443 ssl:default [None]
2026-06-04 22:04:07.938 [ERROR] scripts.vep.client: VEP request error for https://rest.ensembl.org/vep/human/region/9:125789703-125789703:1/G?content-type=application/json: Cannot connect to host rest.ensembl.org:443 ssl:default [None]
2026-06-04 22:04:07.941 [ERROR] scripts.vep.client: VEP request error for https://rest.ensembl.org/vep/human/region/9:125788389-125788389:1/T?content-type=application/json: Cannot connect to host rest.ensembl.org:443 ssl:default [None]
2026-06-04 22:04:08.000 [ERROR] scripts.vep.client: VEP request error for https://rest.ensembl.org/vep/human/region/9:125786342-125786342:1/A?content-type=application/json: Cannot connect to host rest.ensembl.org:443 ssl:default [None]
2026-06-04 22:04:08.155 [ERROR] scripts.vep.client: VEP request error for https://rest.ensembl.org/vep/human/region/9:125788814-125788814:1/G?content-type=application/json: Cannot connect to host rest.ensembl.org:443 ssl:default [None]
2026-06-04 22:04:08.186 [ERROR] scripts.vep.client: VEP request error for https://rest.ensembl.org/vep/human/region/9:125791364-125791364:1/ATCT?content-type=application/json: Cannot connect to host rest.ensembl.org:443 ssl:default [None]
2026-06-04 22:04:08.247 [ERROR] scripts.vep.client: VEP request error for https://rest.ensembl.org/vep/human/region/9:125795799-125795799:1/T?content-type=application/json: Cannot connect to host rest.ensembl.org:443 ssl:default [None]
2026-06-04 22:04:08.271 [ERROR] scripts.vep.client: VEP request error for https://rest.ensembl.org/vep/human/region/9:125787798-125787798:1/G?content-type=application/json: Cannot connect to host rest.ensembl.org:443 ssl:default [None]
2026-06-04 22:04:08.341 [ERROR] scripts.vep.client: VEP request error for https://rest.ensembl.org/vep/human/region/9:125793845-125793845:1/A?content-type=application/json: Cannot connect to host rest.ensembl.org:443 ssl:default [None]
2026-06-04 22:04:08.384 [ERROR] scripts.vep.client: VEP request error for https://rest.ensembl.org/vep/human/region/9:125790262-125790262:1/C?content-type=application/json: Cannot connect to host rest.ensembl.org:443 ssl:default [None]
2026-06-04 22:04:08.517 [ERROR] scripts.vep.client: VEP request error for https://rest.ensembl.org/vep/human/region/9:125790717-125790717:1/T?content-type=application/json: Cannot connect to host rest.ensembl.org:443 ssl:default [None]
2026-06-04 22:04:08.588 [ERROR] scripts.vep.client: VEP request error for https://rest.ensembl.org/vep/human/region/9:125791410-125791410:1/C?content-type=application/json: Cannot connect to host rest.ensembl.org:443 ssl:default [None]
2026-06-04 22:04:08.608 [ERROR] scripts.vep.client: VEP request error for https://rest.ensembl.org/vep/human/region/9:125787371-125787371:1/G?content-type=application/json: Cannot connect to host rest.ensembl.org:443 ssl:default [None]
2026-06-04 22:04:08.621 [ERROR] scripts.vep.client: VEP request error for https://rest.ensembl.org/vep/human/region/9:125798464-125798464:1/C?content-type=application/json: Cannot connect to host rest.ensembl.org:443 ssl:default [None]
2026-06-04 22:04:08.647 [ERROR] scripts.vep.client: VEP request error for https://rest.ensembl.org/vep/human/region/9:125788874-125788875:1/-?content-type=application/json: Cannot connect to host rest.ensembl.org:443 ssl:default [None]
2026-06-04 22:04:08.654 [ERROR] scripts.vep.client: VEP request error for https://rest.ensembl.org/vep/human/region/9:125795134-125795134:1/C?content-type=application/json: Cannot connect to host rest.ensembl.org:443 ssl:default [None]
2026-06-04 22:04:08.670 [ERROR] scripts.vep.client: VEP request error for https://rest.ensembl.org/vep/human/region/9:125791301-125791301:1/A?content-type=application/json: Cannot connect to host rest.ensembl.org:443 ssl:default [None]
2026-06-04 22:04:08.738 [ERROR] scripts.vep.client: VEP request error for https://rest.ensembl.org/vep/human/region/9:125788750-125788750:1/C?content-type=application/json: Cannot connect to host rest.ensembl.org:443 ssl:default [None]
2026-06-04 22:04:08.767 [ERROR] scripts.vep.client: VEP request error for https://rest.ensembl.org/vep/human/region/9:125787839-125787839:1/T?content-type=application/json: Cannot connect to host rest.ensembl.org:443 ssl:default [None]
2026-06-04 22:04:08.838 [ERROR] scripts.vep.client: VEP request error for https://rest.ensembl.org/vep/human/region/9:125791508-125791508:1/A?content-type=application/json: Cannot connect to host rest.ensembl.org:443 ssl:default [None]
2026-06-04 22:04:08.849 [ERROR] scripts.vep.client: VEP request error for https://rest.ensembl.org/vep/human/region/9:125798083-125798083:1/T?content-type=application/json: Cannot connect to host rest.ensembl.org:443 ssl:default [None]
2026-06-04 22:04:08.862 [ERROR] scripts.vep.client: VEP request error for https://rest.ensembl.org/vep/human/region/9:125788944-125788944:1/G?content-type=application/json: Cannot connect to host rest.ensembl.org:443 ssl:default [None]
2026-06-04 22:04:08.874 [ERROR] scripts.vep.client: VEP request error for https://rest.ensembl.org/vep/human/region/9:125795003-125795003:1/A?content-type=application/json: Cannot connect to host rest.ensembl.org:443 ssl:default [None]
2026-06-04 22:04:08.885 [ERROR] scripts.vep.client: VEP request error for https://rest.ensembl.org/vep/human/region/9:125791778-125791778:1/C?content-type=application/json: Cannot connect to host rest.ensembl.org:443 ssl:default [None]
2026-06-04 22:04:08.891 [ERROR] scripts.vep.client: VEP request error for https://rest.ensembl.org/vep/human/region/9:125790888-125790888:1/G?content-type=application/json: Cannot connect to host rest.ensembl.org:443 ssl:default [None]
2026-06-04 22:04:08.901 [ERROR] scripts.vep.client: VEP request error for https://rest.ensembl.org/vep/human/region/9:125790281-125790281:1/T?content-type=application/json: Cannot connect to host rest.ensembl.org:443 ssl:default [None]
2026-06-04 22:04:08.904 [ERROR] scripts.vep.client: VEP request error for https://rest.ensembl.org/vep/human/region/9:125792284-125792284:1/G?content-type=application/json: Cannot connect to host rest.ensembl.org:443 ssl:default [None]
2026-06-04 22:04:09.000 [ERROR] scripts.vep.client: VEP request error for https://rest.ensembl.org/vep/human/region/9:125790767-125790767:1/C?content-type=application/json: Cannot connect to host rest.ensembl.org:443 ssl:default [None]
2026-06-04 22:04:09.129 [ERROR] scripts.vep.client: VEP request error for https://rest.ensembl.org/vep/human/region/9:125793209-125793209:1/G?content-type=application/json: Cannot connect to host rest.ensembl.org:443 ssl:default [None]
2026-06-04 22:04:09.148 [ERROR] scripts.vep.client: VEP request error for https://rest.ensembl.org/vep/human/region/9:125790117-125790117:1/G?content-type=application/json: Cannot connect to host rest.ensembl.org:443 ssl:default [None]
2026-06-04 22:04:09.158 [ERROR] scripts.vep.client: VEP request error for https://rest.ensembl.org/vep/human/region/9:125792042-125792050:1/-?content-type=application/json: Cannot connect to host rest.ensembl.org:443 ssl:default [None]
2026-06-04 22:04:09.223 [ERROR] scripts.vep.client: VEP request error for https://rest.ensembl.org/vep/human/region/9:125797800-125797800:1/T?content-type=application/json: Cannot connect to host rest.ensembl.org:443 ssl:default [None]
2026-06-04 22:04:09.250 [ERROR] scripts.vep.client: VEP request error for https://rest.ensembl.org/vep/human/region/9:125791456-125791456:1/A?content-type=application/json: Cannot connect to host rest.ensembl.org:443 ssl:default [None]
2026-06-04 22:04:09.361 [ERROR] scripts.vep.client: VEP request error for https://rest.ensembl.org/vep/human/region/9:125791808-125791808:1/T?content-type=application/json: Cannot connect to host rest.ensembl.org:443 ssl:default [None]
2026-06-04 22:04:09.374 [ERROR] scripts.vep.client: VEP request error for https://rest.ensembl.org/vep/human/region/9:125797794-125797794:1/C?content-type=application/json: Cannot connect to host rest.ensembl.org:443 ssl:default [None]
2026-06-04 22:04:09.476 [ERROR] scripts.vep.client: VEP request error for https://rest.ensembl.org/vep/human/region/9:125794700-125794700:1/T?content-type=application/json: Cannot connect to host rest.ensembl.org:443 ssl:default [None]
2026-06-04 22:04:09.515 [ERROR] scripts.vep.client: VEP request error for https://rest.ensembl.org/vep/human/region/9:125799004-125799004:1/C?content-type=application/json: Cannot connect to host rest.ensembl.org:443 ssl:default [None]
2026-06-04 22:04:09.535 [ERROR] scripts.vep.client: VEP request error for https://rest.ensembl.org/vep/human/region/9:125791281-125791281:1/TCTGTCTG?content-type=application/json: Cannot connect to host rest.ensembl.org:443 ssl:default [None]
2026-06-04 22:04:09.552 [ERROR] scripts.vep.client: VEP request error for https://rest.ensembl.org/vep/human/region/9:125795442-125795442:1/A?content-type=application/json: Cannot connect to host rest.ensembl.org:443 ssl:default [None]
2026-06-04 22:17:50.180 [ERROR] scripts.vep.client: VEP request error for https://rest.ensembl.org/vep/human/region/9:125796648-125796648:1/G?content-type=application/json: Cannot connect to host rest.ensembl.org:443 ssl:default [None]
2026-06-04 22:17:50.181 [ERROR] scripts.vep.client: VEP request error for https://rest.ensembl.org/vep/human/region/9:125797561-125797561:1/A?content-type=application/json: Cannot connect to host rest.ensembl.org:443 ssl:default [None]
2026-06-04 22:17:50.322 [ERROR] scripts.vep.client: VEP request error for https://rest.ensembl.org/vep/human/region/9:125792743-125792743:1/C?content-type=application/json: Cannot connect to host rest.ensembl.org:443 ssl:default [None]
2026-06-04 22:17:50.358 [ERROR] scripts.vep.client: VEP request error for https://rest.ensembl.org/vep/human/region/9:125792701-125792701:1/T?content-type=application/json: Cannot connect to host rest.ensembl.org:443 ssl:default [None]
2026-06-04 22:17:50.377 [ERROR] scripts.vep.client: VEP request error for https://rest.ensembl.org/vep/human/region/9:125796066-125796068:1/-?content-type=application/json: Cannot connect to host rest.ensembl.org:443 ssl:default [None]
2026-06-04 22:17:50.406 [ERROR] scripts.vep.client: VEP request error for https://rest.ensembl.org/vep/human/region/9:125798036-125798036:1/G?content-type=application/json: Cannot connect to host rest.ensembl.org:443 ssl:default [None]
2026-06-04 22:17:50.414 [ERROR] scripts.vep.client: VEP request error for https://rest.ensembl.org/vep/human/region/9:125801868-125801868:1/G?content-type=application/json: Cannot connect to host rest.ensembl.org:443 ssl:default [None]
2026-06-04 22:17:50.415 [ERROR] scripts.vep.client: VEP request error for https://rest.ensembl.org/vep/human/region/9:125796771-125796771:1/G?content-type=application/json: Cannot connect to host rest.ensembl.org:443 ssl:default [None]
2026-06-04 22:17:50.642 [ERROR] scripts.vep.client: VEP request error for https://rest.ensembl.org/vep/human/region/9:125805271-125805271:1/G?content-type=application/json: Cannot connect to host rest.ensembl.org:443 ssl:default [None]
2026-06-04 22:17:50.817 [ERROR] scripts.vep.client: VEP request error for https://rest.ensembl.org/vep/human/region/9:125798514-125798514:1/T?content-type=application/json: Cannot connect to host rest.ensembl.org:443 ssl:default [None]
2026-06-04 22:17:51.174 [ERROR] scripts.vep.client: VEP request error for https://rest.ensembl.org/vep/human/region/9:125800750-125800750:1/TTTTT?content-type=application/json: Cannot connect to host rest.ensembl.org:443 ssl:default [None]
2026-06-04 22:17:51.175 [ERROR] scripts.vep.client: VEP request error for https://rest.ensembl.org/vep/human/region/9:125798485-125798485:1/T?content-type=application/json: Cannot connect to host rest.ensembl.org:443 ssl:default [None]
2026-06-04 22:17:51.175 [ERROR] scripts.vep.client: VEP request error for https://rest.ensembl.org/vep/human/region/9:125802674-125802675:1/-?content-type=application/json: Cannot connect to host rest.ensembl.org:443 ssl:default [None]
2026-06-04 22:17:51.471 [ERROR] scripts.vep.client: VEP request error for https://rest.ensembl.org/vep/human/region/9:125802301-125802301:1/T?content-type=application/json: Cannot connect to host rest.ensembl.org:443 ssl:default [None]
2026-06-04 22:17:51.657 [ERROR] scripts.vep.client: VEP request error for https://rest.ensembl.org/vep/human/region/9:125802046-125802046:1/G?content-type=application/json: Cannot connect to host rest.ensembl.org:443 ssl:default [None]
2026-06-04 22:17:51.671 [ERROR] scripts.vep.client: VEP request error for https://rest.ensembl.org/vep/human/region/9:125804135-125804135:1/G?content-type=application/json: Cannot connect to host rest.ensembl.org:443 ssl:default [None]
2026-06-04 22:17:51.730 [ERROR] scripts.vep.client: VEP request error for https://rest.ensembl.org/vep/human/region/9:125801930-125801930:1/T?content-type=application/json: Cannot connect to host rest.ensembl.org:443 ssl:default [None]
2026-06-04 22:17:51.796 [ERROR] scripts.vep.client: VEP request error for https://rest.ensembl.org/vep/human/region/9:125803091-125803091:1/T?content-type=application/json: Cannot connect to host rest.ensembl.org:443 ssl:default [None]
2026-06-04 22:17:51.813 [ERROR] scripts.vep.client: VEP request error for https://rest.ensembl.org/vep/human/region/9:125800568-125800568:1/T?content-type=application/json: Cannot connect to host rest.ensembl.org:443 ssl:default [None]
2026-06-04 22:17:51.814 [ERROR] scripts.vep.client: VEP request error for https://rest.ensembl.org/vep/human/region/9:125803548-125803549:1/-?content-type=application/json: Cannot connect to host rest.ensembl.org:443 ssl:default [None]
2026-06-04 22:17:51.816 [ERROR] scripts.vep.client: VEP request error for https://rest.ensembl.org/vep/human/region/9:125800552-125800552:1/C?content-type=application/json: Cannot connect to host rest.ensembl.org:443 ssl:default [None]
2026-06-04 22:17:51.836 [ERROR] scripts.vep.client: VEP request error for https://rest.ensembl.org/vep/human/region/9:125804966-125804967:1/-?content-type=application/json: Cannot connect to host rest.ensembl.org:443 ssl:default [None]
2026-06-04 22:17:51.838 [ERROR] scripts.vep.client: VEP request error for https://rest.ensembl.org/vep/human/region/9:125803977-125803977:1/G?content-type=application/json: Cannot connect to host rest.ensembl.org:443 ssl:default [None]
2026-06-04 22:17:51.870 [ERROR] scripts.vep.client: VEP request error for https://rest.ensembl.org/vep/human/region/9:125801669-125801670:1/-?content-type=application/json: Cannot connect to host rest.ensembl.org:443 ssl:default [None]
2026-06-04 22:17:51.962 [ERROR] scripts.vep.client: VEP request error for https://rest.ensembl.org/vep/human/region/9:125804914-125804914:1/GAGATCATG?content-type=application/json: Cannot connect to host rest.ensembl.org:443 ssl:default [None]
2026-06-04 22:17:51.996 [ERROR] scripts.vep.client: VEP request error for https://rest.ensembl.org/vep/human/region/9:125807337-125807338:1/-?content-type=application/json: Cannot connect to host rest.ensembl.org:443 ssl:default [None]
2026-06-04 22:17:52.065 [ERROR] scripts.vep.client: VEP request error for https://rest.ensembl.org/vep/human/region/9:125804916-125804916:1/TG?content-type=application/json: Cannot connect to host rest.ensembl.org:443 ssl:default [None]
2026-06-04 22:17:52.176 [ERROR] scripts.vep.client: VEP request error for https://rest.ensembl.org/vep/human/region/9:125807697-125807697:1/T?content-type=application/json: Cannot connect to host rest.ensembl.org:443 ssl:default [None]
2026-06-04 22:17:52.177 [ERROR] scripts.vep.client: VEP request error for https://rest.ensembl.org/vep/human/region/9:125802366-125802366:1/A?content-type=application/json: Cannot connect to host rest.ensembl.org:443 ssl:default [None]
2026-06-04 22:17:52.320 [ERROR] scripts.vep.client: VEP request error for https://rest.ensembl.org/vep/human/region/9:125812512-125812512:1/G?content-type=application/json: Cannot connect to host rest.ensembl.org:443 ssl:default [None]
2026-06-04 22:17:52.349 [ERROR] scripts.vep.client: VEP request error for https://rest.ensembl.org/vep/human/region/9:125805835-125805835:1/A?content-type=application/json: Cannot connect to host rest.ensembl.org:443 ssl:default [None]
2026-06-04 22:17:52.408 [ERROR] scripts.vep.client: VEP request error for https://rest.ensembl.org/vep/human/region/9:125802925-125802925:1/G?content-type=application/json: Cannot connect to host rest.ensembl.org:443 ssl:default [None]
2026-06-04 22:17:52.474 [ERROR] scripts.vep.client: VEP request error for https://rest.ensembl.org/vep/human/region/9:125807406-125807406:1/G?content-type=application/json: Cannot connect to host rest.ensembl.org:443 ssl:default [None]
2026-06-04 22:17:52.506 [ERROR] scripts.vep.client: VEP request error for https://rest.ensembl.org/vep/human/region/9:125812522-125812522:1/A?content-type=application/json: Cannot connect to host rest.ensembl.org:443 ssl:default [None]
2026-06-04 22:17:52.520 [ERROR] scripts.vep.client: VEP request error for https://rest.ensembl.org/vep/human/region/9:125810323-125810323:1/G?content-type=application/json: Cannot connect to host rest.ensembl.org:443 ssl:default [None]
2026-06-04 22:17:52.634 [ERROR] scripts.vep.client: VEP request error for https://rest.ensembl.org/vep/human/region/9:125813190-125813190:1/TTTTTTCT?content-type=application/json: Cannot connect to host rest.ensembl.org:443 ssl:default [None]
2026-06-04 22:17:52.653 [ERROR] scripts.vep.client: VEP request error for https://rest.ensembl.org/vep/human/region/9:125813272-125813272:1/A?content-type=application/json: Cannot connect to host rest.ensembl.org:443 ssl:default [None]
2026-06-04 22:17:52.661 [ERROR] scripts.vep.client: VEP request error for https://rest.ensembl.org/vep/human/region/9:125812952-125812952:1/G?content-type=application/json: Cannot connect to host rest.ensembl.org:443 ssl:default [None]
2026-06-04 22:17:52.725 [ERROR] scripts.vep.client: VEP request error for https://rest.ensembl.org/vep/human/region/9:125815260-125815260:1/G?content-type=application/json: Cannot connect to host rest.ensembl.org:443 ssl:default [None]
2026-06-04 22:17:52.781 [ERROR] scripts.vep.client: VEP request error for https://rest.ensembl.org/vep/human/region/9:125818226-125818226:1/A?content-type=application/json: Cannot connect to host rest.ensembl.org:443 ssl:default [None]
2026-06-04 22:17:52.783 [ERROR] scripts.vep.client: VEP request error for https://rest.ensembl.org/vep/human/region/9:125809428-125809428:1/T?content-type=application/json: Cannot connect to host rest.ensembl.org:443 ssl:default [None]
2026-06-04 22:17:52.818 [ERROR] scripts.vep.client: VEP request error for https://rest.ensembl.org/vep/human/region/9:125816285-125816285:1/A?content-type=application/json: Cannot connect to host rest.ensembl.org:443 ssl:default [None]
2026-06-04 22:17:52.820 [ERROR] scripts.vep.client: VEP request error for https://rest.ensembl.org/vep/human/region/9:125812908-125812908:1/C?content-type=application/json: Cannot connect to host rest.ensembl.org:443 ssl:default [None]
2026-06-04 22:17:52.855 [ERROR] scripts.vep.client: VEP request error for https://rest.ensembl.org/vep/human/region/9:125814162-125814164:1/-?content-type=application/json: Cannot connect to host rest.ensembl.org:443 ssl:default [None]
2026-06-04 22:17:52.881 [ERROR] scripts.vep.client: VEP request error for https://rest.ensembl.org/vep/human/region/9:125813257-125813258:1/-?content-type=application/json: Cannot connect to host rest.ensembl.org:443 ssl:default [None]
2026-06-04 22:17:52.937 [ERROR] scripts.vep.client: VEP request error for https://rest.ensembl.org/vep/human/region/9:125807350-125807350:1/AAG?content-type=application/json: Cannot connect to host rest.ensembl.org:443 ssl:default [None]
2026-06-04 22:17:52.956 [ERROR] scripts.vep.client: VEP request error for https://rest.ensembl.org/vep/human/region/9:125811907-125811907:1/A?content-type=application/json: Cannot connect to host rest.ensembl.org:443 ssl:default [None]
2026-06-04 22:17:52.964 [ERROR] scripts.vep.client: VEP request error for https://rest.ensembl.org/vep/human/region/9:125815519-125815519:1/A?content-type=application/json: Cannot connect to host rest.ensembl.org:443 ssl:default [None]
2026-06-04 22:17:52.999 [ERROR] scripts.vep.client: VEP request error for https://rest.ensembl.org/vep/human/region/9:125812397-125812397:1/G?content-type=application/json: Cannot connect to host rest.ensembl.org:443 ssl:default [None]
2026-06-04 22:17:53.096 [ERROR] scripts.vep.client: VEP request error for https://rest.ensembl.org/vep/human/region/9:125813944-125813944:1/C?content-type=application/json: Cannot connect to host rest.ensembl.org:443 ssl:default [None]
2026-06-04 22:17:53.178 [ERROR] scripts.vep.client: VEP request error for https://rest.ensembl.org/vep/human/region/9:125807498-125807498:1/A?content-type=application/json: Cannot connect to host rest.ensembl.org:443 ssl:default [None]
2026-06-04 22:17:53.231 [ERROR] scripts.vep.client: VEP request error for https://rest.ensembl.org/vep/human/region/9:125810576-125810576:1/C?content-type=application/json: Cannot connect to host rest.ensembl.org:443 ssl:default [None]
2026-06-04 22:17:53.237 [ERROR] scripts.vep.client: VEP request error for https://rest.ensembl.org/vep/human/region/9:125815610-125815610:1/A?content-type=application/json: Cannot connect to host rest.ensembl.org:443 ssl:default [None]
2026-06-04 22:17:53.410 [ERROR] scripts.vep.client: VEP request error for https://rest.ensembl.org/vep/human/region/9:125813219-125813220:1/-?content-type=application/json: Cannot connect to host rest.ensembl.org:443 ssl:default [None]
2026-06-04 22:17:53.539 [ERROR] scripts.vep.client: VEP request error for https://rest.ensembl.org/vep/human/region/9:125813165-125813165:1/G?content-type=application/json: Cannot connect to host rest.ensembl.org:443 ssl:default [None]
2026-06-04 22:17:53.550 [ERROR] scripts.vep.client: VEP request error for https://rest.ensembl.org/vep/human/region/9:125816437-125816437:1/A?content-type=application/json: Cannot connect to host rest.ensembl.org:443 ssl:default [None]
2026-06-04 22:17:53.558 [ERROR] scripts.vep.client: VEP request error for https://rest.ensembl.org/vep/human/region/9:125817800-125817801:1/-?content-type=application/json: Cannot connect to host rest.ensembl.org:443 ssl:default [None]
2026-06-04 22:17:53.683 [ERROR] scripts.vep.client: VEP request error for https://rest.ensembl.org/vep/human/region/9:125820281-125820281:1/G?content-type=application/json: Cannot connect to host rest.ensembl.org:443 ssl:default [None]
2026-06-04 22:17:53.766 [ERROR] scripts.vep.client: VEP request error for https://rest.ensembl.org/vep/human/region/9:125817000-125817000:1/T?content-type=application/json: Cannot connect to host rest.ensembl.org:443 ssl:default [None]
2026-06-04 22:17:53.812 [ERROR] scripts.vep.client: VEP request error for https://rest.ensembl.org/vep/human/region/9:125815290-125815290:1/G?content-type=application/json: Cannot connect to host rest.ensembl.org:443 ssl:default [None]
2026-06-04 22:17:54.003 [ERROR] scripts.vep.client: VEP request error for https://rest.ensembl.org/vep/human/region/9:125815229-125815229:1/T?content-type=application/json: Cannot connect to host rest.ensembl.org:443 ssl:default [None]
2026-06-04 22:17:54.113 [ERROR] scripts.vep.client: VEP request error for https://rest.ensembl.org/vep/human/region/9:125825052-125825052:1/G?content-type=application/json: Cannot connect to host rest.ensembl.org:443 ssl:default [None]
2026-06-04 22:17:54.130 [ERROR] scripts.vep.client: VEP request error for https://rest.ensembl.org/vep/human/region/9:125819952-125819952:1/A?content-type=application/json: Cannot connect to host rest.ensembl.org:443 ssl:default [None]
2026-06-04 22:17:54.239 [ERROR] scripts.vep.client: VEP request error for https://rest.ensembl.org/vep/human/region/9:125818207-125818207:1/A?content-type=application/json: Cannot connect to host rest.ensembl.org:443 ssl:default [None]
2026-06-04 22:17:54.283 [ERROR] scripts.vep.client: VEP request error for https://rest.ensembl.org/vep/human/region/9:125822228-125822228:1/G?content-type=application/json: Cannot connect to host rest.ensembl.org:443 ssl:default [None]
2026-06-04 22:17:54.303 [ERROR] scripts.vep.client: VEP request error for https://rest.ensembl.org/vep/human/region/9:125824075-125824076:1/-?content-type=application/json: Cannot connect to host rest.ensembl.org:443 ssl:default [None]
2026-06-04 22:17:54.341 [ERROR] scripts.vep.client: VEP request error for https://rest.ensembl.org/vep/human/region/9:125818541-125818541:1/G?content-type=application/json: Cannot connect to host rest.ensembl.org:443 ssl:default [None]
2026-06-04 22:17:54.357 [ERROR] scripts.vep.client: VEP request error for https://rest.ensembl.org/vep/human/region/9:125827412-125827412:1/T?content-type=application/json: Cannot connect to host rest.ensembl.org:443 ssl:default [None]
2026-06-04 22:17:54.506 [ERROR] scripts.vep.client: VEP request error for https://rest.ensembl.org/vep/human/region/9:125823102-125823102:1/A?content-type=application/json: Cannot connect to host rest.ensembl.org:443 ssl:default [None]
2026-06-04 22:17:54.575 [ERROR] scripts.vep.client: VEP request error for https://rest.ensembl.org/vep/human/region/9:125819820-125819820:1/G?content-type=application/json: Cannot connect to host rest.ensembl.org:443 ssl:default [None]
2026-06-04 22:17:54.590 [ERROR] scripts.vep.client: VEP request error for https://rest.ensembl.org/vep/human/region/9:125818190-125818191:1/-?content-type=application/json: Cannot connect to host rest.ensembl.org:443 ssl:default [None]
2026-06-04 22:17:54.615 [ERROR] scripts.vep.client: VEP request error for https://rest.ensembl.org/vep/human/region/9:125825926-125825926:1/T?content-type=application/json: Cannot connect to host rest.ensembl.org:443 ssl:default [None]
2026-06-04 22:17:54.630 [ERROR] scripts.vep.client: VEP request error for https://rest.ensembl.org/vep/human/region/9:125819519-125819519:1/G?content-type=application/json: Cannot connect to host rest.ensembl.org:443 ssl:default [None]
2026-06-04 22:17:54.726 [ERROR] scripts.vep.client: VEP request error for https://rest.ensembl.org/vep/human/region/9:125819953-125819953:1/T?content-type=application/json: Cannot connect to host rest.ensembl.org:443 ssl:default [None]
2026-06-04 22:17:54.803 [ERROR] scripts.vep.client: VEP request error for https://rest.ensembl.org/vep/human/region/9:125818837-125818837:1/T?content-type=application/json: Cannot connect to host rest.ensembl.org:443 ssl:default [None]
2026-06-04 22:17:54.865 [ERROR] scripts.vep.client: VEP request error for https://rest.ensembl.org/vep/human/region/9:125821620-125821620:1/G?content-type=application/json: Cannot connect to host rest.ensembl.org:443 ssl:default [None]
2026-06-04 22:17:54.990 [ERROR] scripts.vep.client: VEP request error for https://rest.ensembl.org/vep/human/region/9:125821157-125821157:1/A?content-type=application/json: Cannot connect to host rest.ensembl.org:443 ssl:default [None]
2026-06-04 22:17:55.014 [ERROR] scripts.vep.client: VEP request error for https://rest.ensembl.org/vep/human/region/9:125822983-125822984:1/-?content-type=application/json: Cannot connect to host rest.ensembl.org:443 ssl:default [None]
2026-06-04 22:17:55.030 [ERROR] scripts.vep.client: VEP request error for https://rest.ensembl.org/vep/human/region/9:125827192-125827192:1/G?content-type=application/json: Cannot connect to host rest.ensembl.org:443 ssl:default [None]
2026-06-04 22:17:55.038 [ERROR] scripts.vep.client: VEP request error for https://rest.ensembl.org/vep/human/region/9:125829922-125829922:1/G?content-type=application/json: Cannot connect to host rest.ensembl.org:443 ssl:default [None]
2026-06-04 22:17:55.112 [ERROR] scripts.vep.client: VEP request error for https://rest.ensembl.org/vep/human/region/9:125823940-125823940:1/T?content-type=application/json: Cannot connect to host rest.ensembl.org:443 ssl:default [None]
2026-06-04 22:17:55.115 [ERROR] scripts.vep.client: VEP request error for https://rest.ensembl.org/vep/human/region/9:125830853-125830853:1/T?content-type=application/json: Cannot connect to host rest.ensembl.org:443 ssl:default [None]
2026-06-04 22:17:55.124 [ERROR] scripts.vep.client: VEP request error for https://rest.ensembl.org/vep/human/region/9:125818208-125818209:1/-?content-type=application/json: Cannot connect to host rest.ensembl.org:443 ssl:default [None]
2026-06-04 22:17:55.146 [ERROR] scripts.vep.client: VEP request error for https://rest.ensembl.org/vep/human/region/9:125832425-125832425:1/G?content-type=application/json: Cannot connect to host rest.ensembl.org:443 ssl:default [None]
2026-06-04 22:17:55.153 [ERROR] scripts.vep.client: VEP request error for https://rest.ensembl.org/vep/human/region/9:125829563-125829563:1/C?content-type=application/json: Cannot connect to host rest.ensembl.org:443 ssl:default [None]
2026-06-04 22:17:55.180 [ERROR] scripts.vep.client: VEP request error for https://rest.ensembl.org/vep/human/region/9:125819332-125819332:1/C?content-type=application/json: Cannot connect to host rest.ensembl.org:443 ssl:default [None]
2026-06-04 22:17:55.233 [ERROR] scripts.vep.client: VEP request error for https://rest.ensembl.org/vep/human/region/9:125824208-125824208:1/A?content-type=application/json: Cannot connect to host rest.ensembl.org:443 ssl:default [None]
2026-06-04 22:17:55.263 [ERROR] scripts.vep.client: VEP request error for https://rest.ensembl.org/vep/human/region/9:125829251-125829251:1/T?content-type=application/json: Cannot connect to host rest.ensembl.org:443 ssl:default [None]
2026-06-04 22:17:55.290 [ERROR] scripts.vep.client: VEP request error for https://rest.ensembl.org/vep/human/region/9:125830806-125830806:1/A?content-type=application/json: Cannot connect to host rest.ensembl.org:443 ssl:default [None]
2026-06-04 22:17:55.315 [ERROR] scripts.vep.client: VEP request error for https://rest.ensembl.org/vep/human/region/9:125826411-125826411:1/T?content-type=application/json: Cannot connect to host rest.ensembl.org:443 ssl:default [None]
2026-06-04 22:17:55.342 [ERROR] scripts.vep.client: VEP request error for https://rest.ensembl.org/vep/human/region/9:125823568-125823568:1/G?content-type=application/json: Cannot connect to host rest.ensembl.org:443 ssl:default [None]
2026-06-04 22:17:55.526 [ERROR] scripts.vep.client: VEP request error for https://rest.ensembl.org/vep/human/region/9:125823850-125823850:1/A?content-type=application/json: Cannot connect to host rest.ensembl.org:443 ssl:default [None]
2026-06-04 22:17:55.686 [ERROR] scripts.vep.client: VEP request error for https://rest.ensembl.org/vep/human/region/9:125824709-125824709:1/T?content-type=application/json: Cannot connect to host rest.ensembl.org:443 ssl:default [None]
2026-06-04 22:17:55.687 [ERROR] scripts.vep.client: VEP request error for https://rest.ensembl.org/vep/human/region/9:125832202-125832202:1/T?content-type=application/json: Cannot connect to host rest.ensembl.org:443 ssl:default [None]
2026-06-04 22:17:55.824 [ERROR] scripts.vep.client: VEP request error for https://rest.ensembl.org/vep/human/region/9:125833221-125833221:1/T?content-type=application/json: Cannot connect to host rest.ensembl.org:443 ssl:default [None]
2026-06-04 22:17:55.964 [ERROR] scripts.vep.client: VEP request error for https://rest.ensembl.org/vep/human/region/9:125833157-125833157:1/T?content-type=application/json: Cannot connect to host rest.ensembl.org:443 ssl:default [None]
2026-06-04 22:17:56.018 [ERROR] scripts.vep.client: VEP request error for https://rest.ensembl.org/vep/human/region/9:125827015-125827015:1/G?content-type=application/json: Cannot connect to host rest.ensembl.org:443 ssl:default [None]
2026-06-04 22:17:56.125 [ERROR] scripts.vep.client: VEP request error for https://rest.ensembl.org/vep/human/region/9:125834164-125834164:1/T?content-type=application/json: Cannot connect to host rest.ensembl.org:443 ssl:default [None]
2026-06-04 22:17:56.148 [ERROR] scripts.vep.client: VEP request error for https://rest.ensembl.org/vep/human/region/9:125830783-125830783:1/G?content-type=application/json: Cannot connect to host rest.ensembl.org:443 ssl:default [None]
2026-06-04 22:17:56.149 [ERROR] scripts.vep.client: VEP request error for https://rest.ensembl.org/vep/human/region/9:125832356-125832356:1/C?content-type=application/json: Cannot connect to host rest.ensembl.org:443 ssl:default [None]
2026-06-04 22:17:56.342 [ERROR] scripts.vep.client: VEP request error for https://rest.ensembl.org/vep/human/region/9:125828388-125828388:1/G?content-type=application/json: Cannot connect to host rest.ensembl.org:443 ssl:default [None]
2026-06-04 22:17:56.354 [ERROR] scripts.vep.client: VEP request error for https://rest.ensembl.org/vep/human/region/9:125832269-125832269:1/C?content-type=application/json: Cannot connect to host rest.ensembl.org:443 ssl:default [None]
2026-06-04 22:17:56.387 [ERROR] scripts.vep.client: VEP request error for https://rest.ensembl.org/vep/human/region/9:125834491-125834491:1/G?content-type=application/json: Cannot connect to host rest.ensembl.org:443 ssl:default [None]
2026-06-04 22:17:56.407 [ERROR] scripts.vep.client: VEP request error for https://rest.ensembl.org/vep/human/region/9:125833218-125833218:1/G?content-type=application/json: Cannot connect to host rest.ensembl.org:443 ssl:default [None]
2026-06-04 22:17:56.786 [ERROR] scripts.vep.client: VEP request error for https://rest.ensembl.org/vep/human/region/9:125832989-125832989:1/A?content-type=application/json: Cannot connect to host rest.ensembl.org:443 ssl:default [None]
2026-06-04 22:17:56.787 [INFO] scripts.vep.client: VEP batch 271/516 done
2026-06-04 22:17:58.410 [WARNING] scripts.vep.client: VEP rate limited (429), retrying in 1s...
2026-06-04 22:17:58.415 [WARNING] scripts.vep.client: VEP rate limited (429), retrying in 1s...
2026-06-04 22:17:58.442 [WARNING] scripts.vep.client: VEP rate limited (429), retrying in 1s...
2026-06-04 22:17:58.448 [WARNING] scripts.vep.client: VEP rate limited (429), retrying in 1s...
2026-06-04 22:17:58.452 [WARNING] scripts.vep.client: VEP rate limited (429), retrying in 1s...
2026-06-04 22:17:58.669 [WARNING] scripts.vep.client: VEP rate limited (429), retrying in 1s...
2026-06-04 22:17:58.935 [WARNING] scripts.vep.client: VEP rate limited (429), retrying in 1s...
2026-06-04 22:17:58.998 [WARNING] scripts.vep.client: VEP rate limited (429), retrying in 1s...
2026-06-04 22:18:00.731 [WARNING] scripts.vep.client: VEP rate limited (429), retrying in 1s...
2026-06-04 22:18:00.732 [WARNING] scripts.vep.client: VEP rate limited (429), retrying in 1s...
2026-06-04 22:18:00.755 [WARNING] scripts.vep.client: VEP rate limited (429), retrying in 1s...
2026-06-04 22:18:00.806 [WARNING] scripts.vep.client: VEP rate limited (429), retrying in 1s...
2026-06-04 22:18:00.827 [WARNING] scripts.vep.client: VEP rate limited (429), retrying in 1s...
2026-06-04 22:18:00.930 [WARNING] scripts.vep.client: VEP rate limited (429), retrying in 1s...
2026-06-04 22:18:00.946 [WARNING] scripts.vep.client: VEP rate limited (429), retrying in 1s...
2026-06-04 22:18:01.003 [WARNING] scripts.vep.client: VEP rate limited (429), retrying in 1s...
2026-06-04 22:18:01.711 [WARNING] scripts.vep.client: VEP rate limited (429), retrying in 1s...
2026-06-04 22:18:01.732 [WARNING] scripts.vep.client: VEP rate limited (429), retrying in 1s...
2026-06-04 22:18:01.770 [WARNING] scripts.vep.client: VEP rate limited (429), retrying in 1s...
2026-06-04 22:18:01.812 [WARNING] scripts.vep.client: VEP rate limited (429), retrying in 1s...
2026-06-04 22:18:01.991 [WARNING] scripts.vep.client: VEP rate limited (429), retrying in 1s...
2026-06-04 22:18:02.085 [WARNING] scripts.vep.client: VEP rate limited (429), retrying in 1s...
2026-06-04 22:18:02.930 [WARNING] scripts.vep.client: VEP rate limited (429), retrying in 1s...
2026-06-04 22:18:02.954 [WARNING] scripts.vep.client: VEP rate limited (429), retrying in 1s...
2026-06-04 22:18:02.974 [WARNING] scripts.vep.client: VEP rate limited (429), retrying in 1s...
2026-06-04 22:18:03.925 [WARNING] scripts.vep.client: VEP rate limited (429), retrying in 1s...
2026-06-04 22:18:03.961 [WARNING] scripts.vep.client: VEP rate limited (429), retrying in 1s...
2026-06-04 22:18:03.978 [WARNING] scripts.vep.client: VEP rate limited (429), retrying in 1s...
2026-06-04 22:18:04.679 [WARNING] scripts.vep.client: VEP rate limited (429), retrying in 1s...
2026-06-04 22:18:04.736 [WARNING] scripts.vep.client: VEP rate limited (429), retrying in 1s...
2026-06-04 22:18:04.907 [WARNING] scripts.vep.client: VEP rate limited (429), retrying in 1s...
2026-06-04 22:18:05.085 [WARNING] scripts.vep.client: VEP rate limited (429), retrying in 1s...
2026-06-04 22:18:30.288 [INFO] scripts.vep.client: VEP batch 272/516 done
2026-06-04 22:23:59.432 [ERROR] scripts.vep.client: VEP request timeout for https://rest.ensembl.org/vep/human/region/9:125948260-125948260:1/A?content-type=application/json
2026-06-04 22:24:04.429 [ERROR] scripts.vep.client: VEP request timeout for https://rest.ensembl.org/vep/human/region/9:125962667-125962667:1/G?content-type=application/json
2026-06-04 22:24:04.431 [ERROR] scripts.vep.client: VEP request timeout for https://rest.ensembl.org/vep/human/region/9:125962025-125962025:1/C?content-type=application/json
2026-06-04 22:24:50.231 [INFO] scripts.vep.client: VEP batch 273/516 done
2026-06-04 22:25:50.427 [ERROR] scripts.vep.client: VEP request timeout for https://rest.ensembl.org/vep/human/region/9:130718178-130718178:1/T?content-type=application/json
2026-06-04 22:25:50.431 [INFO] scripts.vep.client: VEP batch 274/516 done
2026-06-04 22:26:43.396 [INFO] scripts.vep.client: VEP batch 275/516 done
2026-06-04 22:28:07.640 [INFO] scripts.vep.client: VEP batch 276/516 done
2026-06-04 22:29:01.990 [INFO] scripts.vep.client: VEP batch 277/516 done
2026-06-04 22:29:24.836 [WARNING] scripts.vep.client: VEP rate limited (429), retrying in 1s...
2026-06-04 22:29:24.847 [WARNING] scripts.vep.client: VEP rate limited (429), retrying in 1s...
2026-06-04 22:29:24.848 [WARNING] scripts.vep.client: VEP rate limited (429), retrying in 1s...
2026-06-04 22:29:24.954 [WARNING] scripts.vep.client: VEP rate limited (429), retrying in 1s...
2026-06-04 22:29:25.918 [WARNING] scripts.vep.client: VEP rate limited (429), retrying in 1s...
2026-06-04 22:29:25.931 [WARNING] scripts.vep.client: VEP rate limited (429), retrying in 1s...
2026-06-04 22:29:37.596 [INFO] scripts.vep.client: VEP batch 278/516 done
2026-06-04 22:30:09.734 [INFO] scripts.vep.client: VEP batch 279/516 done
2026-06-04 22:30:52.204 [INFO] scripts.vep.client: VEP batch 280/516 done
2026-06-04 22:31:39.595 [INFO] scripts.vep.client: VEP batch 281/516 done
2026-06-04 22:32:36.769 [INFO] scripts.vep.client: VEP batch 282/516 done
2026-06-04 22:33:37.318 [INFO] scripts.vep.client: VEP batch 283/516 done
2026-06-04 22:34:37.413 [ERROR] scripts.vep.client: VEP request timeout for https://rest.ensembl.org/vep/human/region/10:14950158-14950158:1/T?content-type=application/json
2026-06-04 22:34:40.412 [ERROR] scripts.vep.client: VEP request timeout for https://rest.ensembl.org/vep/human/region/10:21588259-21588259:1/T?content-type=application/json
2026-06-04 22:34:43.413 [ERROR] scripts.vep.client: VEP request timeout for https://rest.ensembl.org/vep/human/region/10:21600368-21600368:1/ACAC?content-type=application/json
2026-06-04 22:34:43.413 [ERROR] scripts.vep.client: VEP request timeout for https://rest.ensembl.org/vep/human/region/10:21603219-21603219:1/T?content-type=application/json
2026-06-04 22:34:44.412 [ERROR] scripts.vep.client: VEP request timeout for https://rest.ensembl.org/vep/human/region/10:21607318-21607319:1/-?content-type=application/json
2026-06-04 22:34:44.413 [ERROR] scripts.vep.client: VEP request timeout for https://rest.ensembl.org/vep/human/region/10:21605086-21605087:1/-?content-type=application/json
2026-06-04 22:34:53.916 [INFO] scripts.vep.client: VEP batch 284/516 done
2026-06-04 22:35:46.809 [INFO] scripts.vep.client: VEP batch 285/516 done
2026-06-04 22:36:40.239 [INFO] scripts.vep.client: VEP batch 286/516 done
2026-06-04 22:38:09.459 [ERROR] scripts.vep.client: VEP request timeout for https://rest.ensembl.org/vep/human/region/10:43100388-43100389:1/-?content-type=application/json
2026-06-04 22:38:09.463 [INFO] scripts.vep.client: VEP batch 287/516 done
2026-06-04 22:38:39.905 [WARNING] scripts.vep.client: VEP rate limited (429), retrying in 1s...
2026-06-04 22:38:39.971 [WARNING] scripts.vep.client: VEP rate limited (429), retrying in 1s...
2026-06-04 22:39:16.802 [INFO] scripts.vep.client: VEP batch 288/516 done
2026-06-04 22:39:37.865 [WARNING] scripts.vep.client: VEP rate limited (429), retrying in 1s...
2026-06-04 22:39:37.866 [WARNING] scripts.vep.client: VEP rate limited (429), retrying in 1s...
2026-06-04 22:39:39.986 [WARNING] scripts.vep.client: VEP rate limited (429), retrying in 1s...
2026-06-04 22:39:58.523 [INFO] scripts.vep.client: VEP batch 289/516 done
2026-06-04 22:41:27.456 [ERROR] scripts.vep.client: VEP request timeout for https://rest.ensembl.org/vep/human/region/10:69294557-69294557:1/G?content-type=application/json
2026-06-04 22:41:27.458 [INFO] scripts.vep.client: VEP batch 290/516 done
2026-06-04 22:42:25.407 [INFO] scripts.vep.client: VEP batch 291/516 done
2026-06-04 22:43:25.453 [ERROR] scripts.vep.client: VEP request timeout for https://rest.ensembl.org/vep/human/region/10:74939215-74939215:1/C?content-type=application/json
2026-06-04 22:43:25.455 [ERROR] scripts.vep.client: VEP request timeout for https://rest.ensembl.org/vep/human/region/10:74935280-74935282:1/-?content-type=application/json
2026-06-04 22:43:25.456 [ERROR] scripts.vep.client: VEP request timeout for https://rest.ensembl.org/vep/human/region/10:74943294-74943294:1/A?content-type=application/json
2026-06-04 22:43:25.456 [ERROR] scripts.vep.client: VEP request timeout for https://rest.ensembl.org/vep/human/region/10:74942167-74942167:1/T?content-type=application/json
2026-06-04 22:43:25.456 [ERROR] scripts.vep.client: VEP request timeout for https://rest.ensembl.org/vep/human/region/10:74980170-74980170:1/G?content-type=application/json
2026-06-04 22:43:25.457 [ERROR] scripts.vep.client: VEP request timeout for https://rest.ensembl.org/vep/human/region/10:74989481-74989481:1/A?content-type=application/json
2026-06-04 22:43:25.457 [ERROR] scripts.vep.client: VEP request timeout for https://rest.ensembl.org/vep/human/region/10:74959035-74959035:1/ATAA?content-type=application/json
2026-06-04 22:43:25.458 [ERROR] scripts.vep.client: VEP request timeout for https://rest.ensembl.org/vep/human/region/10:74976942-74976942:1/A?content-type=application/json
2026-06-04 22:43:25.458 [ERROR] scripts.vep.client: VEP request timeout for https://rest.ensembl.org/vep/human/region/10:74960998-74960998:1/T?content-type=application/json
2026-06-04 22:43:25.459 [ERROR] scripts.vep.client: VEP request timeout for https://rest.ensembl.org/vep/human/region/10:74955803-74955803:1/G?content-type=application/json
2026-06-04 22:43:25.459 [ERROR] scripts.vep.client: VEP request timeout for https://rest.ensembl.org/vep/human/region/10:74991677-74991677:1/G?content-type=application/json
2026-06-04 22:43:25.460 [ERROR] scripts.vep.client: VEP request timeout for https://rest.ensembl.org/vep/human/region/10:74967329-74967331:1/-?content-type=application/json
2026-06-04 22:43:29.452 [ERROR] scripts.vep.client: VEP request timeout for https://rest.ensembl.org/vep/human/region/10:75015660-75015660:1/A?content-type=application/json
2026-06-04 22:43:29.454 [INFO] scripts.vep.client: VEP batch 292/516 done
2026-06-04 22:43:35.821 [WARNING] scripts.vep.client: VEP rate limited (429), retrying in 1s...
2026-06-04 22:43:35.844 [WARNING] scripts.vep.client: VEP rate limited (429), retrying in 1s...
2026-06-04 22:43:35.890 [WARNING] scripts.vep.client: VEP rate limited (429), retrying in 1s...
2026-06-04 22:43:36.819 [WARNING] scripts.vep.client: VEP rate limited (429), retrying in 1s...
2026-06-04 22:44:30.451 [ERROR] scripts.vep.client: VEP request timeout for https://rest.ensembl.org/vep/human/region/10:86797735-86797735:1/T?content-type=application/json
2026-06-04 22:44:30.453 [ERROR] scripts.vep.client: VEP request timeout for https://rest.ensembl.org/vep/human/region/10:86799428-86799428:1/A?content-type=application/json
2026-06-04 22:44:30.453 [ERROR] scripts.vep.client: VEP request timeout for https://rest.ensembl.org/vep/human/region/10:86797068-86797069:1/-?content-type=application/json
2026-06-04 22:44:30.453 [INFO] scripts.vep.client: VEP batch 293/516 done
2026-06-04 22:44:31.936 [WARNING] scripts.vep.client: VEP rate limited (429), retrying in 1s...
2026-06-04 22:45:16.860 [INFO] scripts.vep.client: VEP batch 294/516 done
2026-06-04 22:45:45.809 [ERROR] scripts.vep.client: VEP HTTP 503 for https://rest.ensembl.org/vep/human/region/10:100184568-100184568:1/A?content-type=application/json: <html><body><h1>503 Service Unavailable</h1>
No server is available to handle this request.
</body></html>

2026-06-04 22:45:46.854 [ERROR] scripts.vep.client: VEP HTTP 503 for https://rest.ensembl.org/vep/human/region/10:100193948-100193948:1/C?content-type=application/json: <html><body><h1>503 Service Unavailable</h1>
No server is available to handle this request.
</body></html>

2026-06-04 22:45:46.936 [ERROR] scripts.vep.client: VEP HTTP 503 for https://rest.ensembl.org/vep/human/region/10:100201209-100201209:1/T?content-type=application/json: <html><body><h1>503 Service Unavailable</h1>
No server is available to handle this request.
</body></html>

2026-06-04 22:45:58.724 [INFO] scripts.vep.client: VEP batch 295/516 done
2026-06-04 22:47:10.449 [ERROR] scripts.vep.client: VEP request timeout for https://rest.ensembl.org/vep/human/region/10:103184987-103184987:1/G?content-type=application/json
2026-06-04 22:47:10.451 [ERROR] scripts.vep.client: VEP request timeout for https://rest.ensembl.org/vep/human/region/10:103179526-103179526:1/G?content-type=application/json
2026-06-04 22:47:11.449 [ERROR] scripts.vep.client: VEP request timeout for https://rest.ensembl.org/vep/human/region/10:103185456-103185456:1/G?content-type=application/json
2026-06-04 22:47:11.450 [ERROR] scripts.vep.client: VEP request timeout for https://rest.ensembl.org/vep/human/region/10:103186912-103186913:1/-?content-type=application/json
2026-06-04 22:47:12.449 [ERROR] scripts.vep.client: VEP request timeout for https://rest.ensembl.org/vep/human/region/10:103193250-103193250:1/G?content-type=application/json
2026-06-04 22:47:14.449 [ERROR] scripts.vep.client: VEP request timeout for https://rest.ensembl.org/vep/human/region/10:103200095-103200095:1/A?content-type=application/json
2026-06-04 22:47:15.449 [ERROR] scripts.vep.client: VEP request timeout for https://rest.ensembl.org/vep/human/region/10:103202896-103202896:1/A?content-type=application/json
2026-06-04 22:47:15.450 [ERROR] scripts.vep.client: VEP request timeout for https://rest.ensembl.org/vep/human/region/10:103200715-103200715:1/A?content-type=application/json
2026-06-04 22:47:16.448 [ERROR] scripts.vep.client: VEP request timeout for https://rest.ensembl.org/vep/human/region/10:103205609-103205609:1/A?content-type=application/json
2026-06-04 22:47:18.448 [ERROR] scripts.vep.client: VEP request timeout for https://rest.ensembl.org/vep/human/region/10:103208242-103208242:1/A?content-type=application/json
2026-06-04 22:47:19.449 [ERROR] scripts.vep.client: VEP request timeout for https://rest.ensembl.org/vep/human/region/10:103208392-103208392:1/T?content-type=application/json
2026-06-04 22:47:20.449 [ERROR] scripts.vep.client: VEP request timeout for https://rest.ensembl.org/vep/human/region/10:103208559-103208559:1/A?content-type=application/json
2026-06-04 22:47:20.451 [INFO] scripts.vep.client: VEP batch 296/516 done
2026-06-04 22:48:34.091 [INFO] scripts.vep.client: VEP batch 297/516 done
2026-06-04 22:50:04.990 [INFO] scripts.vep.client: VEP batch 298/516 done
2026-06-04 22:50:52.615 [INFO] scripts.vep.client: VEP batch 299/516 done
2026-06-04 22:52:06.525 [INFO] scripts.vep.client: VEP batch 300/516 done
2026-06-04 22:53:13.497 [INFO] scripts.vep.client: VEP batch 301/516 done
2026-06-04 22:53:14.742 [WARNING] scripts.vep.client: VEP rate limited (429), retrying in 1s...
2026-06-04 22:53:16.865 [WARNING] scripts.vep.client: VEP rate limited (429), retrying in 1s...
2026-06-04 22:53:16.870 [WARNING] scripts.vep.client: VEP rate limited (429), retrying in 1s...
2026-06-04 22:53:16.934 [WARNING] scripts.vep.client: VEP rate limited (429), retrying in 1s...
2026-06-04 22:54:28.519 [ERROR] scripts.vep.client: VEP request timeout for https://rest.ensembl.org/vep/human/region/11:2631997-2631997:1/G?content-type=application/json
2026-06-04 22:54:28.523 [INFO] scripts.vep.client: VEP batch 302/516 done
2026-06-04 22:55:22.386 [INFO] scripts.vep.client: VEP batch 303/516 done
2026-06-04 22:55:46.954 [WARNING] scripts.vep.client: VEP rate limited (429), retrying in 1s...
2026-06-04 22:55:46.966 [WARNING] scripts.vep.client: VEP rate limited (429), retrying in 1s...
2026-06-04 22:56:13.428 [INFO] scripts.vep.client: VEP batch 304/516 done
2026-06-04 22:56:39.236 [ERROR] scripts.vep.client: VEP HTTP 503 for https://rest.ensembl.org/vep/human/region/11:4140326-4140326:1/C?content-type=application/json: <html><body><h1>503 Service Unavailable</h1>
No server is available to handle this request.
</body></html>

2026-06-04 22:56:39.672 [ERROR] scripts.vep.client: VEP HTTP 503 for https://rest.ensembl.org/vep/human/region/11:4140913-4140915:1/-?content-type=application/json: <html><body><h1>503 Service Unavailable</h1>
No server is available to handle this request.
</body></html>

2026-06-04 22:56:39.789 [ERROR] scripts.vep.client: VEP HTTP 503 for https://rest.ensembl.org/vep/human/region/11:4141560-4141560:1/G?content-type=application/json: <html><body><h1>503 Service Unavailable</h1>
No server is available to handle this request.
</body></html>

2026-06-04 22:56:39.877 [ERROR] scripts.vep.client: VEP HTTP 503 for https://rest.ensembl.org/vep/human/region/11:4141645-4141645:1/A?content-type=application/json: <html><body><h1>503 Service Unavailable</h1>
No server is available to handle this request.
</body></html>

2026-06-04 22:56:40.115 [ERROR] scripts.vep.client: VEP HTTP 503 for https://rest.ensembl.org/vep/human/region/11:4142265-4142265:1/T?content-type=application/json: <html><body><h1>503 Service Unavailable</h1>
No server is available to handle this request.
</body></html>

2026-06-04 22:56:43.731 [ERROR] scripts.vep.client: VEP HTTP 503 for https://rest.ensembl.org/vep/human/region/11:8225650-8225650:1/T?content-type=application/json: <html><body><h1>503 Service Unavailable</h1>
No server is available to handle this request.
</body></html>

2026-06-04 22:56:49.283 [ERROR] scripts.vep.client: VEP HTTP 503 for https://rest.ensembl.org/vep/human/region/11:8242978-8242978:1/C?content-type=application/json: <html><body><h1>503 Service Unavailable</h1>
No server is available to handle this request.
</body></html>

2026-06-04 22:57:41.519 [ERROR] scripts.vep.client: VEP request timeout for https://rest.ensembl.org/vep/human/region/11:8254702-8254702:1/A?content-type=application/json
2026-06-04 22:57:42.518 [ERROR] scripts.vep.client: VEP request timeout for https://rest.ensembl.org/vep/human/region/11:8255151-8255151:1/A?content-type=application/json
2026-06-04 22:57:43.518 [ERROR] scripts.vep.client: VEP request timeout for https://rest.ensembl.org/vep/human/region/11:8255233-8255233:1/A?content-type=application/json
2026-06-04 22:57:46.518 [ERROR] scripts.vep.client: VEP request timeout for https://rest.ensembl.org/vep/human/region/11:8258492-8258492:1/T?content-type=application/json
2026-06-04 22:57:47.518 [ERROR] scripts.vep.client: VEP request timeout for https://rest.ensembl.org/vep/human/region/11:8260989-8260989:1/G?content-type=application/json
2026-06-04 22:57:47.521 [INFO] scripts.vep.client: VEP batch 305/516 done
2026-06-04 22:57:58.883 [WARNING] scripts.vep.client: VEP rate limited (429), retrying in 1s...
2026-06-04 22:58:31.400 [INFO] scripts.vep.client: VEP batch 306/516 done
2026-06-04 22:59:30.046 [INFO] scripts.vep.client: VEP batch 307/516 done
2026-06-04 22:59:59.365 [ERROR] scripts.vep.client: VEP HTTP 503 for https://rest.ensembl.org/vep/human/region/11:10746122-10746122:1/G?content-type=application/json: <html><body><h1>503 Service Unavailable</h1>
No server is available to handle this request.
</body></html>

2026-06-04 22:59:59.526 [ERROR] scripts.vep.client: VEP HTTP 503 for https://rest.ensembl.org/vep/human/region/11:10496704-10496704:1/C?content-type=application/json: <html><body><h1>503 Service Unavailable</h1>
No server is available to handle this request.
</body></html>

2026-06-04 22:59:59.651 [ERROR] scripts.vep.client: VEP HTTP 503 for https://rest.ensembl.org/vep/human/region/11:10500573-10500573:1/T?content-type=application/json: <html><body><h1>503 Service Unavailable</h1>
No server is available to handle this request.
</body></html>

2026-06-04 22:59:59.653 [ERROR] scripts.vep.client: VEP HTTP 503 for https://rest.ensembl.org/vep/human/region/11:10499025-10499029:1/-?content-type=application/json: <html><body><h1>503 Service Unavailable</h1>
No server is available to handle this request.
</body></html>

2026-06-04 22:59:59.763 [ERROR] scripts.vep.client: VEP HTTP 503 for https://rest.ensembl.org/vep/human/region/11:10501954-10501954:1/G?content-type=application/json: <html><body><h1>503 Service Unavailable</h1>
No server is available to handle this request.
</body></html>

2026-06-04 22:59:59.852 [ERROR] scripts.vep.client: VEP HTTP 503 for https://rest.ensembl.org/vep/human/region/11:10488499-10488499:1/G?content-type=application/json: <html><body><h1>503 Service Unavailable</h1>
No server is available to handle this request.
</body></html>

2026-06-04 23:00:00.005 [ERROR] scripts.vep.client: VEP HTTP 503 for https://rest.ensembl.org/vep/human/region/11:10510897-10510897:1/T?content-type=application/json: <html><body><h1>503 Service Unavailable</h1>
No server is available to handle this request.
</body></html>

2026-06-04 23:00:00.059 [ERROR] scripts.vep.client: VEP HTTP 503 for https://rest.ensembl.org/vep/human/region/11:10506936-10506936:1/G?content-type=application/json: <html><body><h1>503 Service Unavailable</h1>
No server is available to handle this request.
</body></html>

2026-06-04 23:00:01.393 [ERROR] scripts.vep.client: VEP HTTP 503 for https://rest.ensembl.org/vep/human/region/11:10500401-10500401:1/T?content-type=application/json: <html><body><h1>503 Service Unavailable</h1>
No server is available to handle this request.
</body></html>

2026-06-04 23:00:02.759 [ERROR] scripts.vep.client: VEP HTTP 503 for https://rest.ensembl.org/vep/human/region/11:10507469-10507469:1/A?content-type=application/json: <html><body><h1>503 Service Unavailable</h1>
No server is available to handle this request.
</body></html>

2026-06-04 23:00:02.760 [ERROR] scripts.vep.client: VEP HTTP 503 for https://rest.ensembl.org/vep/human/region/11:10501209-10501209:1/A?content-type=application/json: <html><body><h1>503 Service Unavailable</h1>
No server is available to handle this request.
</body></html>

2026-06-04 23:00:02.937 [ERROR] scripts.vep.client: VEP HTTP 503 for https://rest.ensembl.org/vep/human/region/11:10500217-10500217:1/C?content-type=application/json: <html><body><h1>503 Service Unavailable</h1>
No server is available to handle this request.
</body></html>

2026-06-04 23:00:03.472 [ERROR] scripts.vep.client: VEP HTTP 503 for https://rest.ensembl.org/vep/human/region/11:10488725-10488725:1/C?content-type=application/json: <html><body><h1>503 Service Unavailable</h1>
No server is available to handle this request.
</body></html>

2026-06-04 23:00:04.061 [ERROR] scripts.vep.client: VEP HTTP 503 for https://rest.ensembl.org/vep/human/region/11:10510001-10510005:1/-?content-type=application/json: <html><body><h1>503 Service Unavailable</h1>
No server is available to handle this request.
</body></html>

2026-06-04 23:00:04.467 [ERROR] scripts.vep.client: VEP HTTP 503 for https://rest.ensembl.org/vep/human/region/11:10505378-10505378:1/A?content-type=application/json: <html><body><h1>503 Service Unavailable</h1>
No server is available to handle this request.
</body></html>

2026-06-04 23:00:39.768 [INFO] scripts.vep.client: VEP batch 308/516 done
2026-06-04 23:01:40.518 [ERROR] scripts.vep.client: VEP request timeout for https://rest.ensembl.org/vep/human/region/11:32389694-32389694:1/A?content-type=application/json
2026-06-04 23:01:40.519 [ERROR] scripts.vep.client: VEP request timeout for https://rest.ensembl.org/vep/human/region/11:32395477-32395478:1/-?content-type=application/json
2026-06-04 23:01:40.519 [ERROR] scripts.vep.client: VEP request timeout for https://rest.ensembl.org/vep/human/region/11:32397806-32397806:1/T?content-type=application/json
2026-06-04 23:01:40.520 [ERROR] scripts.vep.client: VEP request timeout for https://rest.ensembl.org/vep/human/region/11:32400431-32400431:1/A?content-type=application/json
2026-06-04 23:01:40.520 [ERROR] scripts.vep.client: VEP request timeout for https://rest.ensembl.org/vep/human/region/11:32383379-32383379:1/G?content-type=application/json
2026-06-04 23:01:40.520 [ERROR] scripts.vep.client: VEP request timeout for https://rest.ensembl.org/vep/human/region/11:32388079-32388079:1/T?content-type=application/json
2026-06-04 23:01:51.517 [ERROR] scripts.vep.client: VEP request timeout for https://rest.ensembl.org/vep/human/region/11:32418278-32418278:1/T?content-type=application/json
2026-06-04 23:01:54.517 [ERROR] scripts.vep.client: VEP request timeout for https://rest.ensembl.org/vep/human/region/11:32427023-32427023:1/C?content-type=application/json
2026-06-04 23:01:54.518 [INFO] scripts.vep.client: VEP batch 309/516 done
2026-06-04 23:03:02.016 [INFO] scripts.vep.client: VEP batch 310/516 done
2026-06-04 23:03:59.409 [INFO] scripts.vep.client: VEP batch 311/516 done
2026-06-04 23:05:26.518 [ERROR] scripts.vep.client: VEP request timeout for https://rest.ensembl.org/vep/human/region/11:62599514-62599514:1/A?content-type=application/json
2026-06-04 23:05:26.520 [INFO] scripts.vep.client: VEP batch 312/516 done
2026-06-04 23:05:47.653 [ERROR] scripts.vep.client: VEP HTTP 503 for https://rest.ensembl.org/vep/human/region/11:64238994-64238994:1/G?content-type=application/json: <html><body><h1>503 Service Unavailable</h1>
No server is available to handle this request.
</body></html>

2026-06-04 23:05:47.661 [ERROR] scripts.vep.client: VEP HTTP 503 for https://rest.ensembl.org/vep/human/region/11:64230410-64230411:1/-?content-type=application/json: <html><body><h1>503 Service Unavailable</h1>
No server is available to handle this request.
</body></html>

2026-06-04 23:05:47.696 [ERROR] scripts.vep.client: VEP HTTP 503 for https://rest.ensembl.org/vep/human/region/11:64237171-64237171:1/G?content-type=application/json: <html><body><h1>503 Service Unavailable</h1>
No server is available to handle this request.
</body></html>

2026-06-04 23:05:47.743 [ERROR] scripts.vep.client: VEP HTTP 503 for https://rest.ensembl.org/vep/human/region/11:64321418-64321418:1/T?content-type=application/json: <html><body><h1>503 Service Unavailable</h1>
No server is available to handle this request.
</body></html>

2026-06-04 23:05:47.744 [ERROR] scripts.vep.client: VEP HTTP 503 for https://rest.ensembl.org/vep/human/region/11:64318466-64318466:1/C?content-type=application/json: <html><body><h1>503 Service Unavailable</h1>
No server is available to handle this request.
</body></html>

2026-06-04 23:05:49.007 [ERROR] scripts.vep.client: VEP HTTP 503 for https://rest.ensembl.org/vep/human/region/11:64326251-64326251:1/T?content-type=application/json: <html><body><h1>503 Service Unavailable</h1>
No server is available to handle this request.
</body></html>

2026-06-04 23:06:27.517 [ERROR] scripts.vep.client: VEP request timeout for https://rest.ensembl.org/vep/human/region/11:64239437-64239437:1/G?content-type=application/json
2026-06-04 23:06:27.520 [ERROR] scripts.vep.client: VEP request timeout for https://rest.ensembl.org/vep/human/region/11:64318313-64318313:1/G?content-type=application/json
2026-06-04 23:06:27.520 [ERROR] scripts.vep.client: VEP request timeout for https://rest.ensembl.org/vep/human/region/11:64244142-64244144:1/-?content-type=application/json
2026-06-04 23:06:27.521 [ERROR] scripts.vep.client: VEP request timeout for https://rest.ensembl.org/vep/human/region/11:64272526-64272526:1/T?content-type=application/json
2026-06-04 23:06:27.521 [ERROR] scripts.vep.client: VEP request timeout for https://rest.ensembl.org/vep/human/region/11:64276306-64276306:1/TATGTA?content-type=application/json
2026-06-04 23:06:27.521 [ERROR] scripts.vep.client: VEP request timeout for https://rest.ensembl.org/vep/human/region/11:64234705-64234705:1/C?content-type=application/json
2026-06-04 23:06:27.521 [ERROR] scripts.vep.client: VEP request timeout for https://rest.ensembl.org/vep/human/region/11:62606856-62606857:1/-?content-type=application/json
2026-06-04 23:06:27.522 [ERROR] scripts.vep.client: VEP request timeout for https://rest.ensembl.org/vep/human/region/11:64244084-64244084:1/G?content-type=application/json
2026-06-04 23:06:44.899 [INFO] scripts.vep.client: VEP batch 313/516 done
2026-06-04 23:07:45.520 [ERROR] scripts.vep.client: VEP request timeout for https://rest.ensembl.org/vep/human/region/11:67588531-67588531:1/T?content-type=application/json
2026-06-04 23:07:45.522 [ERROR] scripts.vep.client: VEP request timeout for https://rest.ensembl.org/vep/human/region/11:67583625-67583625:1/G?content-type=application/json
2026-06-04 23:07:45.523 [ERROR] scripts.vep.client: VEP request timeout for https://rest.ensembl.org/vep/human/region/11:67584069-67584069:1/G?content-type=application/json
2026-06-04 23:07:45.523 [ERROR] scripts.vep.client: VEP request timeout for https://rest.ensembl.org/vep/human/region/11:67378143-67378145:1/-?content-type=application/json
2026-06-04 23:07:45.524 [ERROR] scripts.vep.client: VEP request timeout for https://rest.ensembl.org/vep/human/region/11:67586499-67586499:1/C?content-type=application/json
2026-06-04 23:07:45.529 [ERROR] scripts.vep.client: VEP request timeout for https://rest.ensembl.org/vep/human/region/11:68314935-68314935:1/T?content-type=application/json
2026-06-04 23:07:45.529 [ERROR] scripts.vep.client: VEP request timeout for https://rest.ensembl.org/vep/human/region/11:67583375-67583375:1/T?content-type=application/json
2026-06-04 23:07:45.530 [ERROR] scripts.vep.client: VEP request timeout for https://rest.ensembl.org/vep/human/region/11:67586373-67586373:1/T?content-type=application/json
2026-06-04 23:07:45.530 [ERROR] scripts.vep.client: VEP request timeout for https://rest.ensembl.org/vep/human/region/11:68308398-68308398:1/A?content-type=application/json
2026-06-04 23:07:45.530 [ERROR] scripts.vep.client: VEP request timeout for https://rest.ensembl.org/vep/human/region/11:68317494-68317494:1/C?content-type=application/json
2026-06-04 23:07:45.531 [ERROR] scripts.vep.client: VEP request timeout for https://rest.ensembl.org/vep/human/region/11:67580441-67580447:1/-?content-type=application/json
2026-06-04 23:07:45.531 [ERROR] scripts.vep.client: VEP request timeout for https://rest.ensembl.org/vep/human/region/11:67579816-67579816:1/A?content-type=application/json
2026-06-04 23:07:57.054 [INFO] scripts.vep.client: VEP batch 314/516 done
2026-06-04 23:08:57.517 [ERROR] scripts.vep.client: VEP request timeout for https://rest.ensembl.org/vep/human/region/11:69644152-69644152:1/G?content-type=application/json
2026-06-04 23:08:57.519 [ERROR] scripts.vep.client: VEP request timeout for https://rest.ensembl.org/vep/human/region/11:68453841-68453841:1/A?content-type=application/json
2026-06-04 23:08:57.519 [ERROR] scripts.vep.client: VEP request timeout for https://rest.ensembl.org/vep/human/region/11:68453636-68453636:1/G?content-type=application/json
2026-06-04 23:08:57.520 [ERROR] scripts.vep.client: VEP request timeout for https://rest.ensembl.org/vep/human/region/11:69651969-69651969:1/G?content-type=application/json
2026-06-04 23:08:57.520 [ERROR] scripts.vep.client: VEP request timeout for https://rest.ensembl.org/vep/human/region/11:69646606-69646606:1/C?content-type=application/json
2026-06-04 23:08:57.520 [ERROR] scripts.vep.client: VEP request timeout for https://rest.ensembl.org/vep/human/region/11:69650913-69650913:1/G?content-type=application/json
2026-06-04 23:08:57.521 [ERROR] scripts.vep.client: VEP request timeout for https://rest.ensembl.org/vep/human/region/11:68450711-68450711:1/A?content-type=application/json
2026-06-04 23:08:57.521 [ERROR] scripts.vep.client: VEP request timeout for https://rest.ensembl.org/vep/human/region/11:69650739-69650739:1/A?content-type=application/json
2026-06-04 23:08:57.521 [ERROR] scripts.vep.client: VEP request timeout for https://rest.ensembl.org/vep/human/region/11:68444551-68444551:1/G?content-type=application/json
2026-06-04 23:08:57.522 [ERROR] scripts.vep.client: VEP request timeout for https://rest.ensembl.org/vep/human/region/11:68444553-68444553:1/GG?content-type=application/json
2026-06-04 23:09:00.517 [ERROR] scripts.vep.client: VEP request timeout for https://rest.ensembl.org/vep/human/region/11:71450017-71450017:1/G?content-type=application/json
2026-06-04 23:09:00.518 [ERROR] scripts.vep.client: VEP request timeout for https://rest.ensembl.org/vep/human/region/11:71450610-71450610:1/A?content-type=application/json
2026-06-04 23:09:08.517 [ERROR] scripts.vep.client: VEP request timeout for https://rest.ensembl.org/vep/human/region/11:71456631-71456631:1/T?content-type=application/json
2026-06-04 23:09:08.518 [INFO] scripts.vep.client: VEP batch 315/516 done
2026-06-04 23:09:49.437 [ERROR] scripts.vep.client: VEP HTTP 503 for https://rest.ensembl.org/vep/human/region/11:74556142-74556142:1/C?content-type=application/json: <html><body><h1>503 Service Unavailable</h1>
No server is available to handle this request.
</body></html>

2026-06-04 23:09:52.441 [ERROR] scripts.vep.client: VEP HTTP 503 for https://rest.ensembl.org/vep/human/region/11:74563714-74563716:1/-?content-type=application/json: <html><body><h1>503 Service Unavailable</h1>
No server is available to handle this request.
</body></html>

2026-06-04 23:10:11.752 [ERROR] scripts.vep.client: VEP HTTP 503 for https://rest.ensembl.org/vep/human/region/11:74583580-74583580:1/C?content-type=application/json: <html><body><h1>503 Service Unavailable</h1>
No server is available to handle this request.
</body></html>

2026-06-04 23:10:19.030 [ERROR] scripts.vep.client: VEP HTTP 503 for https://rest.ensembl.org/vep/human/region/11:74590147-74590147:1/C?content-type=application/json: <html><body><h1>503 Service Unavailable</h1>
No server is available to handle this request.
</body></html>

2026-06-04 23:10:22.289 [ERROR] scripts.vep.client: VEP HTTP 503 for https://rest.ensembl.org/vep/human/region/11:74591225-74591225:1/C?content-type=application/json: <html><body><h1>503 Service Unavailable</h1>
No server is available to handle this request.
</body></html>

2026-06-04 23:10:26.516 [ERROR] scripts.vep.client: VEP request timeout for https://rest.ensembl.org/vep/human/region/11:74525110-74525111:1/-?content-type=application/json
2026-06-04 23:10:29.517 [ERROR] scripts.vep.client: VEP request timeout for https://rest.ensembl.org/vep/human/region/11:74554981-74554981:1/A?content-type=application/json
2026-06-04 23:10:32.516 [ERROR] scripts.vep.client: VEP request timeout for https://rest.ensembl.org/vep/human/region/11:74563003-74563003:1/C?content-type=application/json
2026-06-04 23:10:50.516 [ERROR] scripts.vep.client: VEP request timeout for https://rest.ensembl.org/vep/human/region/11:74580514-74580518:1/-?content-type=application/json
2026-06-04 23:10:51.897 [INFO] scripts.vep.client: VEP batch 316/516 done
2026-06-04 23:11:55.740 [INFO] scripts.vep.client: VEP batch 317/516 done
2026-06-04 23:13:21.913 [INFO] scripts.vep.client: VEP batch 318/516 done
2026-06-04 23:14:23.824 [INFO] scripts.vep.client: VEP batch 319/516 done
2026-06-04 23:15:48.065 [INFO] scripts.vep.client: VEP batch 320/516 done
2026-06-04 23:16:48.516 [ERROR] scripts.vep.client: VEP request timeout for https://rest.ensembl.org/vep/human/region/11:108294680-108294680:1/G?content-type=application/json
2026-06-04 23:16:48.519 [ERROR] scripts.vep.client: VEP request timeout for https://rest.ensembl.org/vep/human/region/11:108288629-108288629:1/A?content-type=application/json
2026-06-04 23:16:48.520 [ERROR] scripts.vep.client: VEP request timeout for https://rest.ensembl.org/vep/human/region/11:108293919-108293919:1/TG?content-type=application/json
2026-06-04 23:16:48.520 [ERROR] scripts.vep.client: VEP request timeout for https://rest.ensembl.org/vep/human/region/11:108314296-108314296:1/A?content-type=application/json
2026-06-04 23:16:58.967 [INFO] scripts.vep.client: VEP batch 321/516 done
2026-06-04 23:18:12.501 [INFO] scripts.vep.client: VEP batch 322/516 done
2026-06-04 23:19:25.099 [INFO] scripts.vep.client: VEP batch 323/516 done
2026-06-04 23:19:57.028 [ERROR] scripts.vep.client: VEP HTTP 503 for https://rest.ensembl.org/vep/human/region/11:128741733-128741733:1/C?content-type=application/json: <html><body><h1>503 Service Unavailable</h1>
No server is available to handle this request.
</body></html>

2026-06-04 23:19:59.221 [ERROR] scripts.vep.client: VEP HTTP 503 for https://rest.ensembl.org/vep/human/region/11:128747336-128747336:1/A?content-type=application/json: <html><body><h1>503 Service Unavailable</h1>
No server is available to handle this request.
</body></html>

2026-06-04 23:20:00.111 [ERROR] scripts.vep.client: VEP HTTP 503 for https://rest.ensembl.org/vep/human/region/11:128750169-128750169:1/T?content-type=application/json: <html><body><h1>503 Service Unavailable</h1>
No server is available to handle this request.
</body></html>

2026-06-04 23:20:32.454 [INFO] scripts.vep.client: VEP batch 324/516 done
2026-06-04 23:20:52.814 [WARNING] scripts.vep.client: VEP rate limited (429), retrying in 1s...
2026-06-04 23:21:17.384 [INFO] scripts.vep.client: VEP batch 325/516 done
2026-06-04 23:22:23.524 [INFO] scripts.vep.client: VEP batch 326/516 done
2026-06-04 23:22:26.877 [WARNING] scripts.vep.client: VEP rate limited (429), retrying in 1s...
2026-06-04 23:22:26.921 [WARNING] scripts.vep.client: VEP rate limited (429), retrying in 1s...
2026-06-04 23:22:26.950 [WARNING] scripts.vep.client: VEP rate limited (429), retrying in 1s...
2026-06-04 23:22:27.926 [WARNING] scripts.vep.client: VEP rate limited (429), retrying in 1s...
2026-06-04 23:22:27.994 [WARNING] scripts.vep.client: VEP rate limited (429), retrying in 1s...
2026-06-04 23:23:23.184 [INFO] scripts.vep.client: VEP batch 327/516 done
2026-06-04 23:23:29.074 [WARNING] scripts.vep.client: VEP rate limited (429), retrying in 1s...
2026-06-04 23:23:29.075 [WARNING] scripts.vep.client: VEP rate limited (429), retrying in 1s...
2026-06-04 23:23:31.039 [WARNING] scripts.vep.client: VEP rate limited (429), retrying in 1s...
2026-06-04 23:23:52.470 [INFO] scripts.vep.client: VEP batch 328/516 done
2026-06-04 23:23:58.797 [WARNING] scripts.vep.client: VEP rate limited (429), retrying in 1s...
2026-06-04 23:23:58.900 [WARNING] scripts.vep.client: VEP rate limited (429), retrying in 1s...
2026-06-04 23:23:58.907 [WARNING] scripts.vep.client: VEP rate limited (429), retrying in 1s...
2026-06-04 23:23:58.911 [WARNING] scripts.vep.client: VEP rate limited (429), retrying in 1s...
2026-06-04 23:23:58.911 [WARNING] scripts.vep.client: VEP rate limited (429), retrying in 1s...
2026-06-04 23:23:59.820 [WARNING] scripts.vep.client: VEP rate limited (429), retrying in 1s...
2026-06-04 23:24:19.417 [ERROR] scripts.vep.client: VEP HTTP 503 for https://rest.ensembl.org/vep/human/region/12:8458833-8458833:1/C?content-type=application/json: <html><body><h1>503 Service Unavailable</h1>
No server is available to handle this request.
</body></html>

2026-06-04 23:24:21.506 [ERROR] scripts.vep.client: VEP HTTP 503 for https://rest.ensembl.org/vep/human/region/12:8463330-8463330:1/TA?content-type=application/json: <html><body><h1>503 Service Unavailable</h1>
No server is available to handle this request.
</body></html>

2026-06-04 23:24:21.519 [ERROR] scripts.vep.client: VEP HTTP 503 for https://rest.ensembl.org/vep/human/region/12:8463796-8463796:1/T?content-type=application/json: <html><body><h1>503 Service Unavailable</h1>
No server is available to handle this request.
</body></html>

2026-06-04 23:24:21.828 [ERROR] scripts.vep.client: VEP HTTP 503 for https://rest.ensembl.org/vep/human/region/12:8463806-8463806:1/T?content-type=application/json: <html><body><h1>503 Service Unavailable</h1>
No server is available to handle this request.
</body></html>

2026-06-04 23:24:21.981 [ERROR] scripts.vep.client: VEP HTTP 503 for https://rest.ensembl.org/vep/human/region/12:8463840-8463840:1/T?content-type=application/json: <html><body><h1>503 Service Unavailable</h1>
No server is available to handle this request.
</body></html>

2026-06-04 23:24:22.086 [ERROR] scripts.vep.client: VEP HTTP 503 for https://rest.ensembl.org/vep/human/region/12:8464335-8464335:1/TC?content-type=application/json: <html><body><h1>503 Service Unavailable</h1>
No server is available to handle this request.
</body></html>

2026-06-04 23:24:22.779 [ERROR] scripts.vep.client: VEP HTTP 503 for https://rest.ensembl.org/vep/human/region/12:8464361-8464361:1/G?content-type=application/json: <html><body><h1>503 Service Unavailable</h1>
No server is available to handle this request.
</body></html>

2026-06-04 23:24:23.006 [ERROR] scripts.vep.client: VEP HTTP 503 for https://rest.ensembl.org/vep/human/region/12:8464422-8464422:1/C?content-type=application/json: <html><body><h1>503 Service Unavailable</h1>
No server is available to handle this request.
</body></html>

2026-06-04 23:24:24.063 [ERROR] scripts.vep.client: VEP HTTP 503 for https://rest.ensembl.org/vep/human/region/12:8464475-8464475:1/C?content-type=application/json: <html><body><h1>503 Service Unavailable</h1>
No server is available to handle this request.
</body></html>

2026-06-04 23:24:24.190 [ERROR] scripts.vep.client: VEP HTTP 503 for https://rest.ensembl.org/vep/human/region/12:8465161-8465161:1/T?content-type=application/json: <html><body><h1>503 Service Unavailable</h1>
No server is available to handle this request.
</body></html>

2026-06-04 23:24:24.320 [ERROR] scripts.vep.client: VEP HTTP 503 for https://rest.ensembl.org/vep/human/region/12:8465243-8465243:1/T?content-type=application/json: <html><body><h1>503 Service Unavailable</h1>
No server is available to handle this request.
</body></html>

2026-06-04 23:24:24.515 [ERROR] scripts.vep.client: VEP HTTP 503 for https://rest.ensembl.org/vep/human/region/12:8465380-8465380:1/T?content-type=application/json: <html><body><h1>503 Service Unavailable</h1>
No server is available to handle this request.
</body></html>

2026-06-04 23:24:24.835 [ERROR] scripts.vep.client: VEP HTTP 503 for https://rest.ensembl.org/vep/human/region/12:8465386-8465386:1/A?content-type=application/json: <html><body><h1>503 Service Unavailable</h1>
No server is available to handle this request.
</body></html>

2026-06-04 23:24:25.829 [ERROR] scripts.vep.client: VEP HTTP 503 for https://rest.ensembl.org/vep/human/region/12:8465892-8465892:1/T?content-type=application/json: <html><body><h1>503 Service Unavailable</h1>
No server is available to handle this request.
</body></html>

2026-06-04 23:24:27.274 [ERROR] scripts.vep.client: VEP HTTP 503 for https://rest.ensembl.org/vep/human/region/12:8466375-8466375:1/C?content-type=application/json: <html><body><h1>503 Service Unavailable</h1>
No server is available to handle this request.
</body></html>

2026-06-04 23:24:28.326 [ERROR] scripts.vep.client: VEP HTTP 503 for https://rest.ensembl.org/vep/human/region/12:8466509-8466509:1/C?content-type=application/json: <html><body><h1>503 Service Unavailable</h1>
No server is available to handle this request.
</body></html>

2026-06-04 23:24:30.993 [ERROR] scripts.vep.client: VEP HTTP 503 for https://rest.ensembl.org/vep/human/region/12:8466441-8466441:1/C?content-type=application/json: <html><body><h1>503 Service Unavailable</h1>
No server is available to handle this request.
</body></html>

2026-06-04 23:24:32.081 [ERROR] scripts.vep.client: VEP HTTP 503 for https://rest.ensembl.org/vep/human/region/12:8466741-8466741:1/C?content-type=application/json: <html><body><h1>503 Service Unavailable</h1>
No server is available to handle this request.
</body></html>

2026-06-04 23:24:36.388 [ERROR] scripts.vep.client: VEP HTTP 503 for https://rest.ensembl.org/vep/human/region/12:8467954-8467954:1/C?content-type=application/json: <html><body><h1>503 Service Unavailable</h1>
No server is available to handle this request.
</body></html>

2026-06-04 23:24:42.289 [ERROR] scripts.vep.client: VEP HTTP 503 for https://rest.ensembl.org/vep/human/region/12:8470505-8470505:1/G?content-type=application/json: <html><body><h1>503 Service Unavailable</h1>
No server is available to handle this request.
</body></html>

2026-06-04 23:24:43.968 [ERROR] scripts.vep.client: VEP HTTP 503 for https://rest.ensembl.org/vep/human/region/12:8475786-8475786:1/G?content-type=application/json: <html><body><h1>503 Service Unavailable</h1>
No server is available to handle this request.
</body></html>

2026-06-04 23:24:50.428 [INFO] scripts.vep.client: VEP batch 329/516 done
2026-06-04 23:25:42.817 [INFO] scripts.vep.client: VEP batch 330/516 done
2026-06-04 23:25:43.861 [WARNING] scripts.vep.client: VEP rate limited (429), retrying in 1s...
2026-06-04 23:25:43.865 [WARNING] scripts.vep.client: VEP rate limited (429), retrying in 1s...
2026-06-04 23:25:43.884 [WARNING] scripts.vep.client: VEP rate limited (429), retrying in 1s...
2026-06-04 23:25:43.932 [WARNING] scripts.vep.client: VEP rate limited (429), retrying in 1s...
2026-06-04 23:25:43.952 [WARNING] scripts.vep.client: VEP rate limited (429), retrying in 1s...
2026-06-04 23:25:50.884 [WARNING] scripts.vep.client: VEP rate limited (429), retrying in 1s...
2026-06-04 23:25:50.910 [WARNING] scripts.vep.client: VEP rate limited (429), retrying in 1s...
2026-06-04 23:25:50.965 [WARNING] scripts.vep.client: VEP rate limited (429), retrying in 1s...
2026-06-04 23:25:51.013 [WARNING] scripts.vep.client: VEP rate limited (429), retrying in 1s...
2026-06-04 23:26:11.204 [INFO] scripts.vep.client: VEP batch 331/516 done
2026-06-04 23:26:20.690 [WARNING] scripts.vep.client: VEP rate limited (429), retrying in 1s...
2026-06-04 23:26:20.778 [WARNING] scripts.vep.client: VEP rate limited (429), retrying in 1s...
2026-06-04 23:26:20.841 [WARNING] scripts.vep.client: VEP rate limited (429), retrying in 1s...
2026-06-04 23:26:20.957 [WARNING] scripts.vep.client: VEP rate limited (429), retrying in 1s...
2026-06-04 23:26:22.012 [WARNING] scripts.vep.client: VEP rate limited (429), retrying in 1s...
2026-06-04 23:26:58.577 [INFO] scripts.vep.client: VEP batch 332/516 done
2026-06-04 23:27:52.524 [INFO] scripts.vep.client: VEP batch 333/516 done
2026-06-04 23:28:34.591 [ERROR] scripts.vep.client: VEP HTTP 503 for https://rest.ensembl.org/vep/human/region/12:12704449-12704449:1/T?content-type=application/json: <html><body><h1>503 Service Unavailable</h1>
No server is available to handle this request.
</body></html>

2026-06-04 23:29:22.515 [ERROR] scripts.vep.client: VEP request timeout for https://rest.ensembl.org/vep/human/region/12:12725745-12725746:1/-?content-type=application/json
2026-06-04 23:29:31.071 [INFO] scripts.vep.client: VEP batch 334/516 done
2026-06-04 23:29:36.105 [ERROR] scripts.vep.client: VEP request error for https://rest.ensembl.org/vep/human/region/12:16368510-16368510:1/A?content-type=application/json: Cannot connect to host rest.ensembl.org:443 ssl:default [None]
2026-06-04 23:29:36.105 [ERROR] scripts.vep.client: VEP request error for https://rest.ensembl.org/vep/human/region/12:16378145-16378145:1/G?content-type=application/json: Cannot connect to host rest.ensembl.org:443 ssl:default [None]
2026-06-04 23:29:36.106 [ERROR] scripts.vep.client: VEP request error for https://rest.ensembl.org/vep/human/region/12:16378323-16378323:1/G?content-type=application/json: Cannot connect to host rest.ensembl.org:443 ssl:default [None]
2026-06-04 23:29:36.107 [ERROR] scripts.vep.client: VEP request error for https://rest.ensembl.org/vep/human/region/12:16372694-16372694:1/T?content-type=application/json: Cannot connect to host rest.ensembl.org:443 ssl:default [None]
2026-06-04 23:30:21.546 [INFO] scripts.vep.client: VEP batch 335/516 done
2026-06-04 23:30:36.899 [WARNING] scripts.vep.client: VEP rate limited (429), retrying in 1s...
2026-06-04 23:30:56.544 [ERROR] scripts.vep.client: VEP HTTP 503 for https://rest.ensembl.org/vep/human/region/12:16506217-16506217:1/T?content-type=application/json: <html><body><h1>503 Service Unavailable</h1>
No server is available to handle this request.
</body></html>

2026-06-04 23:30:57.806 [ERROR] scripts.vep.client: VEP HTTP 503 for https://rest.ensembl.org/vep/human/region/12:16514196-16514196:1/A?content-type=application/json: <html><body><h1>503 Service Unavailable</h1>
No server is available to handle this request.
</body></html>

2026-06-04 23:30:58.574 [ERROR] scripts.vep.client: VEP HTTP 503 for https://rest.ensembl.org/vep/human/region/12:16517057-16517057:1/C?content-type=application/json: <html><body><h1>503 Service Unavailable</h1>
No server is available to handle this request.
</body></html>

2026-06-04 23:31:20.541 [INFO] scripts.vep.client: VEP batch 336/516 done
2026-06-04 23:31:25.908 [WARNING] scripts.vep.client: VEP rate limited (429), retrying in 1s...
2026-06-04 23:31:25.909 [WARNING] scripts.vep.client: VEP rate limited (429), retrying in 1s...
2026-06-04 23:31:25.909 [WARNING] scripts.vep.client: VEP rate limited (429), retrying in 1s...
2026-06-04 23:32:24.897 [INFO] scripts.vep.client: VEP batch 337/516 done
2026-06-04 23:32:26.820 [WARNING] scripts.vep.client: VEP rate limited (429), retrying in 1s...
2026-06-04 23:32:26.939 [WARNING] scripts.vep.client: VEP rate limited (429), retrying in 1s...
2026-06-04 23:33:09.044 [INFO] scripts.vep.client: VEP batch 338/516 done
2026-06-04 23:33:39.606 [ERROR] scripts.vep.client: VEP HTTP 503 for https://rest.ensembl.org/vep/human/region/12:45886731-45886731:1/A?content-type=application/json: <html><body><h1>503 Service Unavailable</h1>
No server is available to handle this request.
</body></html>

2026-06-04 23:33:51.748 [ERROR] scripts.vep.client: VEP HTTP 503 for https://rest.ensembl.org/vep/human/region/12:48064366-48064366:1/T?content-type=application/json: <html><body><h1>503 Service Unavailable</h1>
No server is available to handle this request.
</body></html>

2026-06-04 23:34:19.765 [INFO] scripts.vep.client: VEP batch 339/516 done
2026-06-04 23:34:43.978 [WARNING] scripts.vep.client: VEP rate limited (429), retrying in 1s...
2026-06-04 23:35:04.674 [INFO] scripts.vep.client: VEP batch 340/516 done
2026-06-04 23:35:28.392 [ERROR] scripts.vep.client: VEP HTTP 503 for https://rest.ensembl.org/vep/human/region/12:51919363-51919363:1/TG?content-type=application/json: <html><body><h1>503 Service Unavailable</h1>
No server is available to handle this request.
</body></html>

2026-06-04 23:35:29.032 [ERROR] scripts.vep.client: VEP HTTP 503 for https://rest.ensembl.org/vep/human/region/12:49048573-49048573:1/A?content-type=application/json: <html><body><h1>503 Service Unavailable</h1>
No server is available to handle this request.
</body></html>

2026-06-04 23:35:29.969 [ERROR] scripts.vep.client: VEP HTTP 503 for https://rest.ensembl.org/vep/human/region/12:51925467-51925467:1/G?content-type=application/json: <html><body><h1>503 Service Unavailable</h1>
No server is available to handle this request.
</body></html>

2026-06-04 23:35:37.153 [ERROR] scripts.vep.client: VEP HTTP 503 for https://rest.ensembl.org/vep/human/region/12:51993765-51993772:1/-?content-type=application/json: <html><body><h1>503 Service Unavailable</h1>
No server is available to handle this request.
</body></html>

2026-06-04 23:35:39.759 [ERROR] scripts.vep.client: VEP HTTP 503 for https://rest.ensembl.org/vep/human/region/12:53943197-53943197:1/G?content-type=application/json: <html><body><h1>503 Service Unavailable</h1>
No server is available to handle this request.
</body></html>

2026-06-04 23:36:09.485 [INFO] scripts.vep.client: VEP batch 341/516 done
2026-06-04 23:36:14.521 [ERROR] scripts.vep.client: VEP request error for https://rest.ensembl.org/vep/human/region/12:54035601-54035601:1/A?content-type=application/json: Cannot connect to host rest.ensembl.org:443 ssl:default [None]
2026-06-04 23:36:14.522 [ERROR] scripts.vep.client: VEP request error for https://rest.ensembl.org/vep/human/region/12:54057461-54057461:1/A?content-type=application/json: Cannot connect to host rest.ensembl.org:443 ssl:default [None]
2026-06-04 23:37:00.487 [INFO] scripts.vep.client: VEP batch 342/516 done
2026-06-04 23:37:05.523 [ERROR] scripts.vep.client: VEP request error for https://rest.ensembl.org/vep/human/region/12:56475793-56475793:1/T?content-type=application/json: Cannot connect to host rest.ensembl.org:443 ssl:default [None]
2026-06-04 23:37:05.525 [ERROR] scripts.vep.client: VEP request error for https://rest.ensembl.org/vep/human/region/12:56488744-56488744:1/C?content-type=application/json: Cannot connect to host rest.ensembl.org:443 ssl:default [None]
2026-06-04 23:37:05.526 [ERROR] scripts.vep.client: VEP request error for https://rest.ensembl.org/vep/human/region/12:56478986-56478988:1/-?content-type=application/json: Cannot connect to host rest.ensembl.org:443 ssl:default [None]
2026-06-04 23:37:35.492 [ERROR] scripts.vep.client: VEP HTTP 503 for https://rest.ensembl.org/vep/human/region/12:64502227-64502227:1/G?content-type=application/json: <html><body><h1>503 Service Unavailable</h1>
No server is available to handle this request.
</body></html>

2026-06-04 23:37:35.493 [ERROR] scripts.vep.client: VEP HTTP 503 for https://rest.ensembl.org/vep/human/region/12:64498356-64498356:1/C?content-type=application/json: <html><body><h1>503 Service Unavailable</h1>
No server is available to handle this request.
</body></html>

2026-06-04 23:37:36.108 [ERROR] scripts.vep.client: VEP HTTP 503 for https://rest.ensembl.org/vep/human/region/12:64503322-64503322:1/G?content-type=application/json: <html><body><h1>503 Service Unavailable</h1>
No server is available to handle this request.
</body></html>

2026-06-04 23:37:38.047 [ERROR] scripts.vep.client: VEP HTTP 503 for https://rest.ensembl.org/vep/human/region/12:66187836-66187836:1/A?content-type=application/json: <html><body><h1>503 Service Unavailable</h1>
No server is available to handle this request.
</body></html>

2026-06-04 23:37:43.630 [ERROR] scripts.vep.client: VEP HTTP 503 for https://rest.ensembl.org/vep/human/region/12:66200896-66200896:1/C?content-type=application/json: <html><body><h1>503 Service Unavailable</h1>
No server is available to handle this request.
</body></html>

2026-06-04 23:37:48.883 [INFO] scripts.vep.client: VEP batch 343/516 done
2026-06-04 23:38:24.797 [INFO] scripts.vep.client: VEP batch 344/516 done
2026-06-04 23:39:42.030 [INFO] scripts.vep.client: VEP batch 345/516 done
2026-06-04 23:40:38.260 [INFO] scripts.vep.client: VEP batch 346/516 done
2026-06-04 23:41:41.362 [INFO] scripts.vep.client: VEP batch 347/516 done
2026-06-04 23:42:24.443 [INFO] scripts.vep.client: VEP batch 348/516 done
2026-06-04 23:43:34.079 [INFO] scripts.vep.client: VEP batch 349/516 done
2026-06-04 23:44:47.196 [INFO] scripts.vep.client: VEP batch 350/516 done
2026-06-04 23:44:50.046 [WARNING] scripts.vep.client: VEP rate limited (429), retrying in 1s...
2026-06-04 23:44:50.053 [WARNING] scripts.vep.client: VEP rate limited (429), retrying in 1s...
2026-06-04 23:44:50.055 [WARNING] scripts.vep.client: VEP rate limited (429), retrying in 1s...
2026-06-04 23:45:22.460 [INFO] scripts.vep.client: VEP batch 351/516 done
2026-06-04 23:45:22.892 [WARNING] scripts.vep.client: VEP rate limited (429), retrying in 1s...
2026-06-04 23:45:22.895 [WARNING] scripts.vep.client: VEP rate limited (429), retrying in 1s...
2026-06-04 23:45:22.903 [WARNING] scripts.vep.client: VEP rate limited (429), retrying in 1s...
2026-06-04 23:45:22.908 [WARNING] scripts.vep.client: VEP rate limited (429), retrying in 1s...
2026-06-04 23:45:24.707 [WARNING] scripts.vep.client: VEP rate limited (429), retrying in 1s...
2026-06-04 23:45:24.711 [WARNING] scripts.vep.client: VEP rate limited (429), retrying in 1s...
2026-06-04 23:45:24.829 [WARNING] scripts.vep.client: VEP rate limited (429), retrying in 1s...
2026-06-04 23:45:24.937 [WARNING] scripts.vep.client: VEP rate limited (429), retrying in 1s...
2026-06-04 23:45:25.016 [WARNING] scripts.vep.client: VEP rate limited (429), retrying in 1s...
2026-06-04 23:45:25.910 [WARNING] scripts.vep.client: VEP rate limited (429), retrying in 1s...
2026-06-04 23:45:25.973 [WARNING] scripts.vep.client: VEP rate limited (429), retrying in 1s...
2026-06-04 23:45:26.030 [WARNING] scripts.vep.client: VEP rate limited (429), retrying in 1s...
2026-06-04 23:45:26.263 [WARNING] scripts.vep.client: VEP rate limited (429), retrying in 1s...
2026-06-04 23:45:27.974 [WARNING] scripts.vep.client: VEP rate limited (429), retrying in 1s...
2026-06-04 23:46:34.458 [INFO] scripts.vep.client: VEP batch 352/516 done
2026-06-04 23:47:22.558 [INFO] scripts.vep.client: VEP batch 353/516 done
2026-06-04 23:48:15.248 [INFO] scripts.vep.client: VEP batch 354/516 done
2026-06-04 23:49:05.265 [INFO] scripts.vep.client: VEP batch 355/516 done
2026-06-04 23:49:26.726 [ERROR] scripts.vep.client: VEP HTTP 503 for https://rest.ensembl.org/vep/human/region/13:33815312-33815314:1/-?content-type=application/json: <html><body><h1>503 Service Unavailable</h1>
No server is available to handle this request.
</body></html>

2026-06-04 23:49:26.738 [ERROR] scripts.vep.client: VEP HTTP 503 for https://rest.ensembl.org/vep/human/region/13:32692413-32692414:1/-?content-type=application/json: <html><body><h1>503 Service Unavailable</h1>
No server is available to handle this request.
</body></html>

2026-06-04 23:49:26.740 [ERROR] scripts.vep.client: VEP HTTP 503 for https://rest.ensembl.org/vep/human/region/13:32741051-32741051:1/T?content-type=application/json: <html><body><h1>503 Service Unavailable</h1>
No server is available to handle this request.
</body></html>

2026-06-04 23:49:26.748 [ERROR] scripts.vep.client: VEP HTTP 503 for https://rest.ensembl.org/vep/human/region/13:33813697-33813697:1/G?content-type=application/json: <html><body><h1>503 Service Unavailable</h1>
No server is available to handle this request.
</body></html>

2026-06-04 23:49:26.752 [ERROR] scripts.vep.client: VEP HTTP 503 for https://rest.ensembl.org/vep/human/region/13:33816499-33816499:1/G?content-type=application/json: <html><body><h1>503 Service Unavailable</h1>
No server is available to handle this request.
</body></html>

2026-06-04 23:49:26.762 [ERROR] scripts.vep.client: VEP HTTP 503 for https://rest.ensembl.org/vep/human/region/13:32745166-32745167:1/-?content-type=application/json: <html><body><h1>503 Service Unavailable</h1>
No server is available to handle this request.
</body></html>

2026-06-04 23:49:26.804 [ERROR] scripts.vep.client: VEP HTTP 503 for https://rest.ensembl.org/vep/human/region/13:32750847-32750851:1/-?content-type=application/json: <html><body><h1>503 Service Unavailable</h1>
No server is available to handle this request.
</body></html>

2026-06-04 23:49:26.805 [ERROR] scripts.vep.client: VEP HTTP 503 for https://rest.ensembl.org/vep/human/region/13:32708086-32708087:1/-?content-type=application/json: <html><body><h1>503 Service Unavailable</h1>
No server is available to handle this request.
</body></html>

2026-06-04 23:49:26.841 [ERROR] scripts.vep.client: VEP HTTP 503 for https://rest.ensembl.org/vep/human/region/13:32741699-32741701:1/-?content-type=application/json: <html><body><h1>503 Service Unavailable</h1>
No server is available to handle this request.
</body></html>

2026-06-04 23:49:26.882 [ERROR] scripts.vep.client: VEP HTTP 503 for https://rest.ensembl.org/vep/human/region/13:33815315-33815323:1/-?content-type=application/json: <html><body><h1>503 Service Unavailable</h1>
No server is available to handle this request.
</body></html>

2026-06-04 23:49:26.889 [ERROR] scripts.vep.client: VEP HTTP 503 for https://rest.ensembl.org/vep/human/region/13:32672315-32672315:1/G?content-type=application/json: <html><body><h1>503 Service Unavailable</h1>
No server is available to handle this request.
</body></html>

2026-06-04 23:49:27.139 [ERROR] scripts.vep.client: VEP HTTP 503 for https://rest.ensembl.org/vep/human/region/13:32665588-32665589:1/-?content-type=application/json: <html><body><h1>503 Service Unavailable</h1>
No server is available to handle this request.
</body></html>

2026-06-04 23:49:27.263 [ERROR] scripts.vep.client: VEP HTTP 503 for https://rest.ensembl.org/vep/human/region/13:32686736-32686736:1/C?content-type=application/json: <html><body><h1>503 Service Unavailable</h1>
No server is available to handle this request.
</body></html>

2026-06-04 23:49:27.264 [ERROR] scripts.vep.client: VEP HTTP 503 for https://rest.ensembl.org/vep/human/region/13:32704175-32704175:1/T?content-type=application/json: <html><body><h1>503 Service Unavailable</h1>
No server is available to handle this request.
</body></html>

2026-06-04 23:49:27.264 [ERROR] scripts.vep.client: VEP HTTP 503 for https://rest.ensembl.org/vep/human/region/13:33815137-33815137:1/C?content-type=application/json: <html><body><h1>503 Service Unavailable</h1>
No server is available to handle this request.
</body></html>

2026-06-04 23:49:28.052 [ERROR] scripts.vep.client: VEP HTTP 503 for https://rest.ensembl.org/vep/human/region/13:32673960-32673960:1/G?content-type=application/json: <html><body><h1>503 Service Unavailable</h1>
No server is available to handle this request.
</body></html>

2026-06-04 23:49:28.862 [WARNING] scripts.vep.client: VEP rate limited (429), retrying in 1s...
2026-06-04 23:49:28.875 [WARNING] scripts.vep.client: VEP rate limited (429), retrying in 1s...
2026-06-04 23:49:28.883 [WARNING] scripts.vep.client: VEP rate limited (429), retrying in 1s...
2026-06-04 23:49:28.888 [WARNING] scripts.vep.client: VEP rate limited (429), retrying in 1s...
2026-06-04 23:49:28.889 [WARNING] scripts.vep.client: VEP rate limited (429), retrying in 1s...
2026-06-04 23:49:28.924 [WARNING] scripts.vep.client: VEP rate limited (429), retrying in 1s...
2026-06-04 23:49:28.940 [WARNING] scripts.vep.client: VEP rate limited (429), retrying in 1s...
2026-06-04 23:49:28.948 [WARNING] scripts.vep.client: VEP rate limited (429), retrying in 1s...
2026-06-04 23:50:15.175 [INFO] scripts.vep.client: VEP batch 356/516 done
2026-06-04 23:51:07.894 [INFO] scripts.vep.client: VEP batch 357/516 done
2026-06-04 23:51:43.809 [ERROR] scripts.vep.client: VEP HTTP 503 for https://rest.ensembl.org/vep/human/region/13:47848774-47848774:1/A?content-type=application/json: <html><body><h1>503 Service Unavailable</h1>
No server is available to handle this request.
</body></html>

2026-06-04 23:51:54.713 [ERROR] scripts.vep.client: VEP HTTP 503 for https://rest.ensembl.org/vep/human/region/13:47874310-47874310:1/A?content-type=application/json: <html><body><h1>503 Service Unavailable</h1>
No server is available to handle this request.
</body></html>

2026-06-04 23:51:57.447 [ERROR] scripts.vep.client: VEP HTTP 503 for https://rest.ensembl.org/vep/human/region/13:47884707-47884707:1/T?content-type=application/json: <html><body><h1>503 Service Unavailable</h1>
No server is available to handle this request.
</body></html>

2026-06-04 23:51:58.719 [ERROR] scripts.vep.client: VEP HTTP 503 for https://rest.ensembl.org/vep/human/region/13:47890040-47890040:1/G?content-type=application/json: <html><body><h1>503 Service Unavailable</h1>
No server is available to handle this request.
</body></html>

2026-06-04 23:51:59.316 [ERROR] scripts.vep.client: VEP HTTP 503 for https://rest.ensembl.org/vep/human/region/13:47891148-47891148:1/G?content-type=application/json: <html><body><h1>503 Service Unavailable</h1>
No server is available to handle this request.
</body></html>

2026-06-04 23:52:14.883 [INFO] scripts.vep.client: VEP batch 358/516 done
2026-06-04 23:53:04.652 [ERROR] scripts.vep.client: VEP HTTP 503 for https://rest.ensembl.org/vep/human/region/13:47959512-47959513:1/-?content-type=application/json: <html><body><h1>503 Service Unavailable</h1>
No server is available to handle this request.
</body></html>

2026-06-04 23:53:18.181 [INFO] scripts.vep.client: VEP batch 359/516 done
2026-06-04 23:53:27.854 [WARNING] scripts.vep.client: VEP rate limited (429), retrying in 1s...
2026-06-04 23:53:28.039 [WARNING] scripts.vep.client: VEP rate limited (429), retrying in 1s...
2026-06-04 23:53:53.917 [INFO] scripts.vep.client: VEP batch 360/516 done
2026-06-04 23:54:54.513 [ERROR] scripts.vep.client: VEP request timeout for https://rest.ensembl.org/vep/human/region/13:48024987-48024987:1/A?content-type=application/json
2026-06-04 23:54:54.516 [ERROR] scripts.vep.client: VEP request timeout for https://rest.ensembl.org/vep/human/region/13:48024698-48024698:1/G?content-type=application/json
2026-06-04 23:54:54.516 [ERROR] scripts.vep.client: VEP request timeout for https://rest.ensembl.org/vep/human/region/13:48032658-48032658:1/G?content-type=application/json
2026-06-04 23:54:54.517 [ERROR] scripts.vep.client: VEP request timeout for https://rest.ensembl.org/vep/human/region/13:48029004-48029004:1/A?content-type=application/json
2026-06-04 23:54:54.517 [ERROR] scripts.vep.client: VEP request timeout for https://rest.ensembl.org/vep/human/region/13:48024301-48024301:1/A?content-type=application/json
2026-06-04 23:54:55.512 [ERROR] scripts.vep.client: VEP request timeout for https://rest.ensembl.org/vep/human/region/13:48304156-48304156:1/A?content-type=application/json
2026-06-04 23:54:57.513 [ERROR] scripts.vep.client: VEP request timeout for https://rest.ensembl.org/vep/human/region/13:48311746-48311746:1/G?content-type=application/json
2026-06-04 23:54:58.512 [ERROR] scripts.vep.client: VEP request timeout for https://rest.ensembl.org/vep/human/region/13:48321371-48321372:1/-?content-type=application/json
2026-06-04 23:55:00.512 [ERROR] scripts.vep.client: VEP request timeout for https://rest.ensembl.org/vep/human/region/13:48332107-48332107:1/A?content-type=application/json
2026-06-04 23:55:01.313 [INFO] scripts.vep.client: VEP batch 361/516 done
2026-06-04 23:55:36.828 [ERROR] scripts.vep.client: VEP HTTP 503 for https://rest.ensembl.org/vep/human/region/13:73079239-73079239:1/A?content-type=application/json: <html><body><h1>503 Service Unavailable</h1>
No server is available to handle this request.
</body></html>

2026-06-04 23:56:00.419 [INFO] scripts.vep.client: VEP batch 362/516 done
2026-06-04 23:57:16.249 [INFO] scripts.vep.client: VEP batch 363/516 done
2026-06-04 23:58:13.693 [INFO] scripts.vep.client: VEP batch 364/516 done
2026-06-04 23:59:10.311 [INFO] scripts.vep.client: VEP batch 365/516 done
2026-06-05 00:00:10.538 [ERROR] scripts.vep.client: VEP request timeout for https://rest.ensembl.org/vep/human/region/14:49676785-49676785:1/G?content-type=application/json
2026-06-05 00:00:10.539 [ERROR] scripts.vep.client: VEP request timeout for https://rest.ensembl.org/vep/human/region/14:49675636-49675636:1/A?content-type=application/json
2026-06-05 00:00:10.540 [ERROR] scripts.vep.client: VEP request timeout for https://rest.ensembl.org/vep/human/region/14:49675088-49675088:1/T?content-type=application/json
2026-06-05 00:00:10.540 [ERROR] scripts.vep.client: VEP request timeout for https://rest.ensembl.org/vep/human/region/14:49661214-49661215:1/-?content-type=application/json
2026-06-05 00:00:10.541 [ERROR] scripts.vep.client: VEP request timeout for https://rest.ensembl.org/vep/human/region/14:49684410-49684410:1/C?content-type=application/json
2026-06-05 00:00:10.541 [ERROR] scripts.vep.client: VEP request timeout for https://rest.ensembl.org/vep/human/region/14:49669781-49669781:1/A?content-type=application/json
2026-06-05 00:00:10.542 [ERROR] scripts.vep.client: VEP request timeout for https://rest.ensembl.org/vep/human/region/14:49671618-49671618:1/AA?content-type=application/json
2026-06-05 00:00:10.542 [ERROR] scripts.vep.client: VEP request timeout for https://rest.ensembl.org/vep/human/region/14:49672284-49672284:1/G?content-type=application/json
2026-06-05 00:00:10.543 [ERROR] scripts.vep.client: VEP request timeout for https://rest.ensembl.org/vep/human/region/14:49672040-49672040:1/C?content-type=application/json
2026-06-05 00:00:10.543 [ERROR] scripts.vep.client: VEP request timeout for https://rest.ensembl.org/vep/human/region/14:49678846-49678846:1/G?content-type=application/json
2026-06-05 00:00:12.537 [ERROR] scripts.vep.client: VEP request timeout for https://rest.ensembl.org/vep/human/region/14:49686471-49686471:1/G?content-type=application/json
2026-06-05 00:00:12.538 [ERROR] scripts.vep.client: VEP request timeout for https://rest.ensembl.org/vep/human/region/14:49684490-49684490:1/G?content-type=application/json
2026-06-05 00:00:12.539 [INFO] scripts.vep.client: VEP batch 366/516 done
2026-06-05 00:00:13.963 [WARNING] scripts.vep.client: VEP rate limited (429), retrying in 1s...
2026-06-05 00:00:13.965 [WARNING] scripts.vep.client: VEP rate limited (429), retrying in 1s...
2026-06-05 00:00:13.999 [WARNING] scripts.vep.client: VEP rate limited (429), retrying in 1s...
2026-06-05 00:00:16.752 [WARNING] scripts.vep.client: VEP rate limited (429), retrying in 1s...
2026-06-05 00:00:16.815 [WARNING] scripts.vep.client: VEP rate limited (429), retrying in 1s...
2026-06-05 00:00:16.843 [WARNING] scripts.vep.client: VEP rate limited (429), retrying in 1s...
2026-06-05 00:00:16.889 [WARNING] scripts.vep.client: VEP rate limited (429), retrying in 1s...
2026-06-05 00:00:17.649 [WARNING] scripts.vep.client: VEP rate limited (429), retrying in 1s...
2026-06-05 00:00:17.714 [WARNING] scripts.vep.client: VEP rate limited (429), retrying in 1s...
2026-06-05 00:00:17.771 [WARNING] scripts.vep.client: VEP rate limited (429), retrying in 1s...
2026-06-05 00:00:17.787 [WARNING] scripts.vep.client: VEP rate limited (429), retrying in 1s...
2026-06-05 00:00:17.809 [WARNING] scripts.vep.client: VEP rate limited (429), retrying in 1s...
2026-06-05 00:00:17.913 [WARNING] scripts.vep.client: VEP rate limited (429), retrying in 1s...
2026-06-05 00:00:17.923 [WARNING] scripts.vep.client: VEP rate limited (429), retrying in 1s...
2026-06-05 00:00:18.981 [WARNING] scripts.vep.client: VEP rate limited (429), retrying in 1s...
2026-06-05 00:00:18.985 [WARNING] scripts.vep.client: VEP rate limited (429), retrying in 1s...
2026-06-05 00:00:20.805 [WARNING] scripts.vep.client: VEP rate limited (429), retrying in 1s...
2026-06-05 00:00:20.903 [WARNING] scripts.vep.client: VEP rate limited (429), retrying in 1s...
2026-06-05 00:00:20.948 [WARNING] scripts.vep.client: VEP rate limited (429), retrying in 1s...
2026-06-05 00:00:21.004 [WARNING] scripts.vep.client: VEP rate limited (429), retrying in 1s...
2026-06-05 00:00:44.474 [INFO] scripts.vep.client: VEP batch 367/516 done
2026-06-05 00:01:05.615 [ERROR] scripts.vep.client: VEP HTTP 503 for https://rest.ensembl.org/vep/human/region/14:67922310-67922310:1/G?content-type=application/json: <html><body><h1>503 Service Unavailable</h1>
No server is available to handle this request.
</body></html>

2026-06-05 00:01:05.619 [ERROR] scripts.vep.client: VEP HTTP 503 for https://rest.ensembl.org/vep/human/region/14:67910393-67910393:1/A?content-type=application/json: <html><body><h1>503 Service Unavailable</h1>
No server is available to handle this request.
</body></html>

2026-06-05 00:01:05.629 [ERROR] scripts.vep.client: VEP HTTP 503 for https://rest.ensembl.org/vep/human/region/14:67906059-67906059:1/T?content-type=application/json: <html><body><h1>503 Service Unavailable</h1>
No server is available to handle this request.
</body></html>

2026-06-05 00:01:05.644 [ERROR] scripts.vep.client: VEP HTTP 503 for https://rest.ensembl.org/vep/human/region/14:67967428-67967428:1/C?content-type=application/json: <html><body><h1>503 Service Unavailable</h1>
No server is available to handle this request.
</body></html>

2026-06-05 00:01:05.652 [ERROR] scripts.vep.client: VEP HTTP 503 for https://rest.ensembl.org/vep/human/region/14:67849782-67849782:1/G?content-type=application/json: <html><body><h1>503 Service Unavailable</h1>
No server is available to handle this request.
</body></html>

2026-06-05 00:01:05.662 [ERROR] scripts.vep.client: VEP HTTP 503 for https://rest.ensembl.org/vep/human/region/14:67864958-67864958:1/T?content-type=application/json: <html><body><h1>503 Service Unavailable</h1>
No server is available to handle this request.
</body></html>

2026-06-05 00:01:05.679 [ERROR] scripts.vep.client: VEP HTTP 503 for https://rest.ensembl.org/vep/human/region/14:67918496-67918496:1/C?content-type=application/json: <html><body><h1>503 Service Unavailable</h1>
No server is available to handle this request.
</body></html>

2026-06-05 00:01:05.683 [ERROR] scripts.vep.client: VEP HTTP 503 for https://rest.ensembl.org/vep/human/region/14:67901591-67901591:1/G?content-type=application/json: <html><body><h1>503 Service Unavailable</h1>
No server is available to handle this request.
</body></html>

2026-06-05 00:01:05.697 [ERROR] scripts.vep.client: VEP HTTP 503 for https://rest.ensembl.org/vep/human/region/14:67852057-67852057:1/T?content-type=application/json: <html><body><h1>503 Service Unavailable</h1>
No server is available to handle this request.
</body></html>

2026-06-05 00:01:05.702 [ERROR] scripts.vep.client: VEP HTTP 503 for https://rest.ensembl.org/vep/human/region/14:67854045-67854045:1/T?content-type=application/json: <html><body><h1>503 Service Unavailable</h1>
No server is available to handle this request.
</body></html>

2026-06-05 00:01:05.731 [ERROR] scripts.vep.client: VEP HTTP 503 for https://rest.ensembl.org/vep/human/region/14:67850795-67850795:1/A?content-type=application/json: <html><body><h1>503 Service Unavailable</h1>
No server is available to handle this request.
</body></html>

2026-06-05 00:01:05.879 [ERROR] scripts.vep.client: VEP HTTP 503 for https://rest.ensembl.org/vep/human/region/14:67944201-67944202:1/-?content-type=application/json: <html><body><h1>503 Service Unavailable</h1>
No server is available to handle this request.
</body></html>

2026-06-05 00:01:05.887 [ERROR] scripts.vep.client: VEP HTTP 503 for https://rest.ensembl.org/vep/human/region/14:67849691-67849691:1/A?content-type=application/json: <html><body><h1>503 Service Unavailable</h1>
No server is available to handle this request.
</body></html>

2026-06-05 00:01:05.892 [ERROR] scripts.vep.client: VEP HTTP 503 for https://rest.ensembl.org/vep/human/region/14:67865535-67865536:1/-?content-type=application/json: <html><body><h1>503 Service Unavailable</h1>
No server is available to handle this request.
</body></html>

2026-06-05 00:01:05.893 [ERROR] scripts.vep.client: VEP HTTP 503 for https://rest.ensembl.org/vep/human/region/14:67909692-67909692:1/A?content-type=application/json: <html><body><h1>503 Service Unavailable</h1>
No server is available to handle this request.
</body></html>

2026-06-05 00:01:05.898 [ERROR] scripts.vep.client: VEP HTTP 503 for https://rest.ensembl.org/vep/human/region/14:67925462-67925462:1/A?content-type=application/json: <html><body><h1>503 Service Unavailable</h1>
No server is available to handle this request.
</body></html>

2026-06-05 00:01:05.900 [ERROR] scripts.vep.client: VEP HTTP 503 for https://rest.ensembl.org/vep/human/region/14:67932674-67932674:1/G?content-type=application/json: <html><body><h1>503 Service Unavailable</h1>
No server is available to handle this request.
</body></html>

2026-06-05 00:01:05.908 [ERROR] scripts.vep.client: VEP HTTP 503 for https://rest.ensembl.org/vep/human/region/14:67852807-67852807:1/T?content-type=application/json: <html><body><h1>503 Service Unavailable</h1>
No server is available to handle this request.
</body></html>

2026-06-05 00:01:05.911 [ERROR] scripts.vep.client: VEP HTTP 503 for https://rest.ensembl.org/vep/human/region/14:67900598-67900600:1/-?content-type=application/json: <html><body><h1>503 Service Unavailable</h1>
No server is available to handle this request.
</body></html>

2026-06-05 00:01:05.914 [ERROR] scripts.vep.client: VEP HTTP 503 for https://rest.ensembl.org/vep/human/region/14:67901698-67901698:1/A?content-type=application/json: <html><body><h1>503 Service Unavailable</h1>
No server is available to handle this request.
</body></html>

2026-06-05 00:01:56.590 [INFO] scripts.vep.client: VEP batch 368/516 done
2026-06-05 00:03:07.779 [INFO] scripts.vep.client: VEP batch 369/516 done
2026-06-05 00:03:21.992 [WARNING] scripts.vep.client: VEP rate limited (429), retrying in 1s...
2026-06-05 00:03:22.834 [WARNING] scripts.vep.client: VEP rate limited (429), retrying in 1s...
2026-06-05 00:03:23.085 [WARNING] scripts.vep.client: VEP rate limited (429), retrying in 1s...
2026-06-05 00:03:23.085 [WARNING] scripts.vep.client: VEP rate limited (429), retrying in 1s...
2026-06-05 00:03:53.956 [INFO] scripts.vep.client: VEP batch 370/516 done
2026-06-05 00:04:42.807 [ERROR] scripts.vep.client: VEP HTTP 503 for https://rest.ensembl.org/vep/human/region/14:68648050-68648050:1/T?content-type=application/json: <html><body><h1>503 Service Unavailable</h1>
No server is available to handle this request.
</body></html>

2026-06-05 00:04:44.252 [ERROR] scripts.vep.client: VEP HTTP 503 for https://rest.ensembl.org/vep/human/region/14:68649867-68649867:1/T?content-type=application/json: <html><body><h1>503 Service Unavailable</h1>
No server is available to handle this request.
</body></html>

2026-06-05 00:05:18.541 [ERROR] scripts.vep.client: VEP request timeout for https://rest.ensembl.org/vep/human/region/14:68639425-68639426:1/-?content-type=application/json
2026-06-05 00:05:18.542 [INFO] scripts.vep.client: VEP batch 371/516 done
2026-06-05 00:05:54.146 [WARNING] scripts.vep.client: VEP rate limited (429), retrying in 1s...
2026-06-05 00:06:32.834 [ERROR] scripts.vep.client: VEP HTTP 503 for https://rest.ensembl.org/vep/human/region/14:68727624-68727624:1/G?content-type=application/json: <html><body><h1>503 Service Unavailable</h1>
No server is available to handle this request.
</body></html>

2026-06-05 00:06:34.038 [ERROR] scripts.vep.client: VEP HTTP 503 for https://rest.ensembl.org/vep/human/region/14:68734601-68734601:1/T?content-type=application/json: <html><body><h1>503 Service Unavailable</h1>
No server is available to handle this request.
</body></html>

2026-06-05 00:06:34.970 [ERROR] scripts.vep.client: VEP HTTP 503 for https://rest.ensembl.org/vep/human/region/14:73278641-73278641:1/G?content-type=application/json: <html><body><h1>503 Service Unavailable</h1>
No server is available to handle this request.
</body></html>

2026-06-05 00:06:41.034 [INFO] scripts.vep.client: VEP batch 372/516 done
2026-06-05 00:07:18.990 [ERROR] scripts.vep.client: VEP HTTP 503 for https://rest.ensembl.org/vep/human/region/14:73360999-73360999:1/C?content-type=application/json: <html><body><h1>503 Service Unavailable</h1>
No server is available to handle this request.
</body></html>

2026-06-05 00:07:19.423 [ERROR] scripts.vep.client: VEP HTTP 503 for https://rest.ensembl.org/vep/human/region/14:73362388-73362388:1/AGA?content-type=application/json: <html><body><h1>503 Service Unavailable</h1>
No server is available to handle this request.
</body></html>

2026-06-05 00:07:20.244 [ERROR] scripts.vep.client: VEP HTTP 503 for https://rest.ensembl.org/vep/human/region/14:73365610-73365610:1/A?content-type=application/json: <html><body><h1>503 Service Unavailable</h1>
No server is available to handle this request.
</body></html>

2026-06-05 00:07:22.653 [ERROR] scripts.vep.client: VEP HTTP 503 for https://rest.ensembl.org/vep/human/region/14:73367296-73367296:1/C?content-type=application/json: <html><body><h1>503 Service Unavailable</h1>
No server is available to handle this request.
</body></html>

2026-06-05 00:08:18.231 [INFO] scripts.vep.client: VEP batch 373/516 done
2026-06-05 00:08:49.695 [ERROR] scripts.vep.client: VEP HTTP 503 for https://rest.ensembl.org/vep/human/region/14:89984959-89984959:1/G?content-type=application/json: <html><body><h1>503 Service Unavailable</h1>
No server is available to handle this request.
</body></html>

2026-06-05 00:08:51.663 [ERROR] scripts.vep.client: VEP HTTP 503 for https://rest.ensembl.org/vep/human/region/14:90035733-90035734:1/-?content-type=application/json: <html><body><h1>503 Service Unavailable</h1>
No server is available to handle this request.
</body></html>

2026-06-05 00:09:18.539 [ERROR] scripts.vep.client: VEP request timeout for https://rest.ensembl.org/vep/human/region/14:73451175-73451175:1/A?content-type=application/json
2026-06-05 00:09:18.541 [ERROR] scripts.vep.client: VEP request timeout for https://rest.ensembl.org/vep/human/region/14:73431684-73431684:1/T?content-type=application/json
2026-06-05 00:09:18.541 [ERROR] scripts.vep.client: VEP request timeout for https://rest.ensembl.org/vep/human/region/14:73454221-73454221:1/T?content-type=application/json
2026-06-05 00:09:18.542 [ERROR] scripts.vep.client: VEP request timeout for https://rest.ensembl.org/vep/human/region/14:73455868-73455868:1/A?content-type=application/json
2026-06-05 00:09:59.542 [ERROR] scripts.vep.client: VEP request timeout for https://rest.ensembl.org/vep/human/region/14:99234880-99234880:1/G?content-type=application/json
2026-06-05 00:09:59.543 [INFO] scripts.vep.client: VEP batch 374/516 done
2026-06-05 00:11:16.542 [ERROR] scripts.vep.client: VEP request timeout for https://rest.ensembl.org/vep/human/region/14:100809613-100809613:1/A?content-type=application/json
2026-06-05 00:11:19.542 [ERROR] scripts.vep.client: VEP request timeout for https://rest.ensembl.org/vep/human/region/14:100820394-100820394:1/C?content-type=application/json
2026-06-05 00:11:20.542 [ERROR] scripts.vep.client: VEP request timeout for https://rest.ensembl.org/vep/human/region/14:100823082-100823082:1/A?content-type=application/json
2026-06-05 00:11:20.544 [INFO] scripts.vep.client: VEP batch 375/516 done
2026-06-05 00:12:41.541 [ERROR] scripts.vep.client: VEP request timeout for https://rest.ensembl.org/vep/human/region/14:104782748-104782749:1/-?content-type=application/json
2026-06-05 00:12:49.541 [ERROR] scripts.vep.client: VEP request timeout for https://rest.ensembl.org/vep/human/region/14:105162671-105162671:1/G?content-type=application/json
2026-06-05 00:12:49.543 [INFO] scripts.vep.client: VEP batch 376/516 done
2026-06-05 00:12:54.292 [WARNING] scripts.vep.client: VEP rate limited (429), retrying in 1s...
2026-06-05 00:12:55.644 [WARNING] scripts.vep.client: VEP rate limited (429), retrying in 1s...
2026-06-05 00:12:55.714 [WARNING] scripts.vep.client: VEP rate limited (429), retrying in 1s...
2026-06-05 00:12:55.740 [WARNING] scripts.vep.client: VEP rate limited (429), retrying in 1s...
2026-06-05 00:12:55.910 [WARNING] scripts.vep.client: VEP rate limited (429), retrying in 1s...
2026-06-05 00:12:55.917 [WARNING] scripts.vep.client: VEP rate limited (429), retrying in 1s...
2026-06-05 00:12:56.989 [WARNING] scripts.vep.client: VEP rate limited (429), retrying in 1s...
2026-06-05 00:13:31.993 [INFO] scripts.vep.client: VEP batch 377/516 done
2026-06-05 00:13:46.927 [WARNING] scripts.vep.client: VEP rate limited (429), retrying in 1s...
2026-06-05 00:13:46.980 [WARNING] scripts.vep.client: VEP rate limited (429), retrying in 1s...
2026-06-05 00:14:59.542 [ERROR] scripts.vep.client: VEP request timeout for https://rest.ensembl.org/vep/human/region/15:24896708-24896708:1/T?content-type=application/json
2026-06-05 00:14:59.546 [INFO] scripts.vep.client: VEP batch 378/516 done
2026-06-05 00:15:17.681 [WARNING] scripts.vep.client: VEP rate limited (429), retrying in 1s...
2026-06-05 00:15:17.805 [WARNING] scripts.vep.client: VEP rate limited (429), retrying in 1s...
2026-06-05 00:15:17.844 [WARNING] scripts.vep.client: VEP rate limited (429), retrying in 1s...
2026-06-05 00:15:17.850 [WARNING] scripts.vep.client: VEP rate limited (429), retrying in 1s...
2026-06-05 00:15:17.924 [WARNING] scripts.vep.client: VEP rate limited (429), retrying in 1s...
2026-06-05 00:15:17.928 [WARNING] scripts.vep.client: VEP rate limited (429), retrying in 1s...
2026-06-05 00:15:17.986 [WARNING] scripts.vep.client: VEP rate limited (429), retrying in 1s...
2026-06-05 00:15:18.931 [WARNING] scripts.vep.client: VEP rate limited (429), retrying in 1s...
2026-06-05 00:15:18.983 [WARNING] scripts.vep.client: VEP rate limited (429), retrying in 1s...
2026-06-05 00:15:21.548 [WARNING] scripts.vep.client: VEP rate limited (429), retrying in 1s...
2026-06-05 00:15:21.718 [WARNING] scripts.vep.client: VEP rate limited (429), retrying in 1s...
2026-06-05 00:15:21.919 [WARNING] scripts.vep.client: VEP rate limited (429), retrying in 1s...
2026-06-05 00:15:21.967 [WARNING] scripts.vep.client: VEP rate limited (429), retrying in 1s...
2026-06-05 00:15:21.981 [WARNING] scripts.vep.client: VEP rate limited (429), retrying in 1s...
2026-06-05 00:15:46.050 [INFO] scripts.vep.client: VEP batch 379/516 done
2026-06-05 00:15:58.868 [WARNING] scripts.vep.client: VEP rate limited (429), retrying in 1s...
2026-06-05 00:15:58.914 [WARNING] scripts.vep.client: VEP rate limited (429), retrying in 1s...
2026-06-05 00:15:59.015 [WARNING] scripts.vep.client: VEP rate limited (429), retrying in 1s...
2026-06-05 00:15:59.035 [WARNING] scripts.vep.client: VEP rate limited (429), retrying in 1s...
2026-06-05 00:16:35.538 [INFO] scripts.vep.client: VEP batch 380/516 done
2026-06-05 00:17:15.538 [INFO] scripts.vep.client: VEP batch 381/516 done
2026-06-05 00:17:38.698 [WARNING] scripts.vep.client: VEP rate limited (429), retrying in 1s...
2026-06-05 00:17:38.771 [WARNING] scripts.vep.client: VEP rate limited (429), retrying in 1s...
2026-06-05 00:17:38.830 [WARNING] scripts.vep.client: VEP rate limited (429), retrying in 1s...
2026-06-05 00:17:38.947 [WARNING] scripts.vep.client: VEP rate limited (429), retrying in 1s...
2026-06-05 00:17:38.959 [WARNING] scripts.vep.client: VEP rate limited (429), retrying in 1s...
2026-06-05 00:17:59.337 [INFO] scripts.vep.client: VEP batch 382/516 done
2026-06-05 00:18:26.989 [WARNING] scripts.vep.client: VEP rate limited (429), retrying in 1s...
2026-06-05 00:18:27.092 [WARNING] scripts.vep.client: VEP rate limited (429), retrying in 1s...
2026-06-05 00:18:27.899 [WARNING] scripts.vep.client: VEP rate limited (429), retrying in 1s...
2026-06-05 00:18:27.918 [WARNING] scripts.vep.client: VEP rate limited (429), retrying in 1s...
2026-06-05 00:18:27.988 [WARNING] scripts.vep.client: VEP rate limited (429), retrying in 1s...
2026-06-05 00:18:28.019 [WARNING] scripts.vep.client: VEP rate limited (429), retrying in 1s...
2026-06-05 00:19:07.708 [INFO] scripts.vep.client: VEP batch 383/516 done
2026-06-05 00:20:01.000 [INFO] scripts.vep.client: VEP batch 384/516 done
2026-06-05 00:21:07.109 [INFO] scripts.vep.client: VEP batch 385/516 done
2026-06-05 00:21:37.792 [WARNING] scripts.vep.client: VEP rate limited (429), retrying in 1s...
2026-06-05 00:21:38.008 [WARNING] scripts.vep.client: VEP rate limited (429), retrying in 1s...
2026-06-05 00:21:38.035 [WARNING] scripts.vep.client: VEP rate limited (429), retrying in 1s...
2026-06-05 00:21:38.389 [WARNING] scripts.vep.client: VEP rate limited (429), retrying in 1s...
2026-06-05 00:21:38.872 [WARNING] scripts.vep.client: VEP rate limited (429), retrying in 1s...
2026-06-05 00:21:39.002 [WARNING] scripts.vep.client: VEP rate limited (429), retrying in 1s...
2026-06-05 00:21:39.031 [WARNING] scripts.vep.client: VEP rate limited (429), retrying in 1s...
2026-06-05 00:21:39.051 [WARNING] scripts.vep.client: VEP rate limited (429), retrying in 1s...
2026-06-05 00:22:02.954 [INFO] scripts.vep.client: VEP batch 386/516 done
2026-06-05 00:22:57.408 [INFO] scripts.vep.client: VEP batch 387/516 done
2026-06-05 00:24:14.464 [INFO] scripts.vep.client: VEP batch 388/516 done
2026-06-05 00:24:53.552 [INFO] scripts.vep.client: VEP batch 389/516 done
2026-06-05 00:25:46.621 [INFO] scripts.vep.client: VEP batch 390/516 done
2026-06-05 00:26:30.017 [INFO] scripts.vep.client: VEP batch 391/516 done
2026-06-05 00:27:23.314 [INFO] scripts.vep.client: VEP batch 392/516 done
2026-06-05 00:28:19.202 [INFO] scripts.vep.client: VEP batch 393/516 done
2026-06-05 00:29:08.555 [INFO] scripts.vep.client: VEP batch 394/516 done
2026-06-05 00:29:52.005 [INFO] scripts.vep.client: VEP batch 395/516 done
2026-06-05 00:30:52.590 [ERROR] scripts.vep.client: VEP request timeout for https://rest.ensembl.org/vep/human/region/16:15856617-15856619:1/-?content-type=application/json
2026-06-05 00:30:52.592 [ERROR] scripts.vep.client: VEP request timeout for https://rest.ensembl.org/vep/human/region/16:15846078-15846078:1/A?content-type=application/json
2026-06-05 00:30:52.593 [ERROR] scripts.vep.client: VEP request timeout for https://rest.ensembl.org/vep/human/region/16:15858558-15858558:1/C?content-type=application/json
2026-06-05 00:30:52.593 [ERROR] scripts.vep.client: VEP request timeout for https://rest.ensembl.org/vep/human/region/16:15847703-15847703:1/A?content-type=application/json
2026-06-05 00:30:52.593 [ERROR] scripts.vep.client: VEP request timeout for https://rest.ensembl.org/vep/human/region/16:15857037-15857038:1/-?content-type=application/json
2026-06-05 00:30:52.594 [ERROR] scripts.vep.client: VEP request timeout for https://rest.ensembl.org/vep/human/region/16:15857353-15857353:1/G?content-type=application/json
2026-06-05 00:30:52.594 [ERROR] scripts.vep.client: VEP request timeout for https://rest.ensembl.org/vep/human/region/16:15834997-15834997:1/C?content-type=application/json
2026-06-05 00:31:05.590 [ERROR] scripts.vep.client: VEP request timeout for https://rest.ensembl.org/vep/human/region/16:16026432-16026433:1/-?content-type=application/json
2026-06-05 00:31:06.589 [ERROR] scripts.vep.client: VEP request timeout for https://rest.ensembl.org/vep/human/region/16:16034627-16034627:1/G?content-type=application/json
2026-06-05 00:31:11.741 [INFO] scripts.vep.client: VEP batch 396/516 done
2026-06-05 00:32:04.513 [INFO] scripts.vep.client: VEP batch 397/516 done
2026-06-05 00:33:00.653 [INFO] scripts.vep.client: VEP batch 398/516 done
2026-06-05 00:34:24.592 [ERROR] scripts.vep.client: VEP request timeout for https://rest.ensembl.org/vep/human/region/16:53800849-53800849:1/TT?content-type=application/json
2026-06-05 00:34:24.595 [INFO] scripts.vep.client: VEP batch 399/516 done
2026-06-05 00:35:04.948 [INFO] scripts.vep.client: VEP batch 400/516 done
2026-06-05 00:35:25.880 [WARNING] scripts.vep.client: VEP rate limited (429), retrying in 1s...
2026-06-05 00:35:25.883 [WARNING] scripts.vep.client: VEP rate limited (429), retrying in 1s...
2026-06-05 00:35:25.892 [WARNING] scripts.vep.client: VEP rate limited (429), retrying in 1s...
2026-06-05 00:35:25.974 [WARNING] scripts.vep.client: VEP rate limited (429), retrying in 1s...
2026-06-05 00:35:26.019 [WARNING] scripts.vep.client: VEP rate limited (429), retrying in 1s...
2026-06-05 00:35:26.362 [WARNING] scripts.vep.client: VEP rate limited (429), retrying in 1s...
2026-06-05 00:35:26.495 [WARNING] scripts.vep.client: VEP rate limited (429), retrying in 1s...
2026-06-05 00:35:26.966 [WARNING] scripts.vep.client: VEP rate limited (429), retrying in 1s...
2026-06-05 00:35:26.972 [WARNING] scripts.vep.client: VEP rate limited (429), retrying in 1s...
2026-06-05 00:35:26.990 [WARNING] scripts.vep.client: VEP rate limited (429), retrying in 1s...
2026-06-05 00:35:27.002 [WARNING] scripts.vep.client: VEP rate limited (429), retrying in 1s...
2026-06-05 00:35:27.063 [WARNING] scripts.vep.client: VEP rate limited (429), retrying in 1s...
2026-06-05 00:35:28.000 [WARNING] scripts.vep.client: VEP rate limited (429), retrying in 1s...
2026-06-05 00:35:28.295 [WARNING] scripts.vep.client: VEP rate limited (429), retrying in 1s...
2026-06-05 00:35:41.515 [INFO] scripts.vep.client: VEP batch 401/516 done
2026-06-05 00:35:51.984 [WARNING] scripts.vep.client: VEP rate limited (429), retrying in 1s...
2026-06-05 00:35:52.073 [WARNING] scripts.vep.client: VEP rate limited (429), retrying in 1s...
2026-06-05 00:35:52.945 [WARNING] scripts.vep.client: VEP rate limited (429), retrying in 1s...
2026-06-05 00:35:52.977 [WARNING] scripts.vep.client: VEP rate limited (429), retrying in 1s...
2026-06-05 00:35:53.052 [WARNING] scripts.vep.client: VEP rate limited (429), retrying in 1s...
2026-06-05 00:35:53.060 [WARNING] scripts.vep.client: VEP rate limited (429), retrying in 1s...
2026-06-05 00:35:53.112 [WARNING] scripts.vep.client: VEP rate limited (429), retrying in 1s...
2026-06-05 00:36:21.005 [INFO] scripts.vep.client: VEP batch 402/516 done
2026-06-05 00:37:21.593 [ERROR] scripts.vep.client: VEP request timeout for https://rest.ensembl.org/vep/human/region/16:54146703-54146703:1/A?content-type=application/json
2026-06-05 00:37:21.594 [ERROR] scripts.vep.client: VEP request timeout for https://rest.ensembl.org/vep/human/region/16:55403427-55403427:1/A?content-type=application/json
2026-06-05 00:37:21.594 [ERROR] scripts.vep.client: VEP request timeout for https://rest.ensembl.org/vep/human/region/16:54153294-54153294:1/C?content-type=application/json
2026-06-05 00:37:21.594 [ERROR] scripts.vep.client: VEP request timeout for https://rest.ensembl.org/vep/human/region/16:55402432-55402432:1/C?content-type=application/json
2026-06-05 00:37:21.774 [INFO] scripts.vep.client: VEP batch 403/516 done
2026-06-05 00:38:01.307 [INFO] scripts.vep.client: VEP batch 404/516 done
2026-06-05 00:38:45.322 [INFO] scripts.vep.client: VEP batch 405/516 done
2026-06-05 00:39:03.056 [WARNING] scripts.vep.client: VEP rate limited (429), retrying in 1s...
2026-06-05 00:39:34.939 [INFO] scripts.vep.client: VEP batch 406/516 done
2026-06-05 00:40:25.865 [INFO] scripts.vep.client: VEP batch 407/516 done
2026-06-05 00:40:47.005 [WARNING] scripts.vep.client: VEP rate limited (429), retrying in 1s...
2026-06-05 00:40:47.018 [WARNING] scripts.vep.client: VEP rate limited (429), retrying in 1s...
2026-06-05 00:41:26.148 [INFO] scripts.vep.client: VEP batch 408/516 done
2026-06-05 00:42:21.684 [INFO] scripts.vep.client: VEP batch 409/516 done
2026-06-05 00:43:20.721 [INFO] scripts.vep.client: VEP batch 410/516 done
2026-06-05 00:43:31.033 [WARNING] scripts.vep.client: VEP rate limited (429), retrying in 1s...
2026-06-05 00:43:31.066 [WARNING] scripts.vep.client: VEP rate limited (429), retrying in 1s...
2026-06-05 00:43:31.140 [WARNING] scripts.vep.client: VEP rate limited (429), retrying in 1s...
2026-06-05 00:43:32.305 [WARNING] scripts.vep.client: VEP rate limited (429), retrying in 1s...
2026-06-05 00:44:14.595 [INFO] scripts.vep.client: VEP batch 411/516 done
2026-06-05 00:44:53.274 [INFO] scripts.vep.client: VEP batch 412/516 done
2026-06-05 00:45:05.941 [WARNING] scripts.vep.client: VEP rate limited (429), retrying in 1s...
2026-06-05 00:45:06.038 [WARNING] scripts.vep.client: VEP rate limited (429), retrying in 1s...
2026-06-05 00:45:24.296 [INFO] scripts.vep.client: VEP batch 413/516 done
2026-06-05 00:45:43.155 [WARNING] scripts.vep.client: VEP rate limited (429), retrying in 1s...
2026-06-05 00:46:13.270 [INFO] scripts.vep.client: VEP batch 414/516 done
2026-06-05 00:46:14.555 [WARNING] scripts.vep.client: VEP rate limited (429), retrying in 1s...
2026-06-05 00:46:14.568 [WARNING] scripts.vep.client: VEP rate limited (429), retrying in 1s...
2026-06-05 00:46:14.604 [WARNING] scripts.vep.client: VEP rate limited (429), retrying in 1s...
2026-06-05 00:46:14.876 [WARNING] scripts.vep.client: VEP rate limited (429), retrying in 1s...
2026-06-05 00:46:14.943 [WARNING] scripts.vep.client: VEP rate limited (429), retrying in 1s...
2026-06-05 00:46:15.082 [WARNING] scripts.vep.client: VEP rate limited (429), retrying in 1s...
2026-06-05 00:46:15.117 [WARNING] scripts.vep.client: VEP rate limited (429), retrying in 1s...
2026-06-05 00:46:15.891 [WARNING] scripts.vep.client: VEP rate limited (429), retrying in 1s...
2026-06-05 00:46:15.943 [WARNING] scripts.vep.client: VEP rate limited (429), retrying in 1s...
2026-06-05 00:46:15.944 [WARNING] scripts.vep.client: VEP rate limited (429), retrying in 1s...
2026-06-05 00:46:15.975 [WARNING] scripts.vep.client: VEP rate limited (429), retrying in 1s...
2026-06-05 00:46:15.991 [WARNING] scripts.vep.client: VEP rate limited (429), retrying in 1s...
2026-06-05 00:46:15.995 [WARNING] scripts.vep.client: VEP rate limited (429), retrying in 1s...
2026-06-05 00:46:17.032 [WARNING] scripts.vep.client: VEP rate limited (429), retrying in 1s...
2026-06-05 00:47:03.207 [INFO] scripts.vep.client: VEP batch 415/516 done
2026-06-05 00:48:15.646 [INFO] scripts.vep.client: VEP batch 416/516 done
2026-06-05 00:49:27.707 [INFO] scripts.vep.client: VEP batch 417/516 done
2026-06-05 00:50:28.601 [ERROR] scripts.vep.client: VEP request timeout for https://rest.ensembl.org/vep/human/region/17:37274982-37274982:1/A?content-type=application/json
2026-06-05 00:50:28.603 [ERROR] scripts.vep.client: VEP request timeout for https://rest.ensembl.org/vep/human/region/17:37254055-37254055:1/T?content-type=application/json
2026-06-05 00:50:28.604 [ERROR] scripts.vep.client: VEP request timeout for https://rest.ensembl.org/vep/human/region/17:37280886-37280886:1/C?content-type=application/json
2026-06-05 00:50:28.604 [ERROR] scripts.vep.client: VEP request timeout for https://rest.ensembl.org/vep/human/region/17:37268683-37268683:1/G?content-type=application/json
2026-06-05 00:50:28.604 [ERROR] scripts.vep.client: VEP request timeout for https://rest.ensembl.org/vep/human/region/17:37278644-37278644:1/C?content-type=application/json
2026-06-05 00:50:28.605 [ERROR] scripts.vep.client: VEP request timeout for https://rest.ensembl.org/vep/human/region/17:37251740-37251740:1/T?content-type=application/json
2026-06-05 00:50:28.605 [INFO] scripts.vep.client: VEP batch 418/516 done
2026-06-05 00:50:35.744 [WARNING] scripts.vep.client: VEP rate limited (429), retrying in 1s...
2026-06-05 00:50:35.795 [WARNING] scripts.vep.client: VEP rate limited (429), retrying in 1s...
2026-06-05 00:50:35.833 [WARNING] scripts.vep.client: VEP rate limited (429), retrying in 1s...
2026-06-05 00:50:35.838 [WARNING] scripts.vep.client: VEP rate limited (429), retrying in 1s...
2026-06-05 00:50:36.308 [WARNING] scripts.vep.client: VEP rate limited (429), retrying in 1s...
2026-06-05 00:50:36.313 [WARNING] scripts.vep.client: VEP rate limited (429), retrying in 1s...
2026-06-05 00:50:36.318 [WARNING] scripts.vep.client: VEP rate limited (429), retrying in 1s...
2026-06-05 00:50:36.340 [WARNING] scripts.vep.client: VEP rate limited (429), retrying in 1s...
2026-06-05 00:50:38.150 [WARNING] scripts.vep.client: VEP rate limited (429), retrying in 1s...
2026-06-05 00:50:38.402 [WARNING] scripts.vep.client: VEP rate limited (429), retrying in 1s...
2026-06-05 00:51:29.602 [ERROR] scripts.vep.client: VEP request timeout for https://rest.ensembl.org/vep/human/region/17:37398281-37398281:1/T?content-type=application/json
2026-06-05 00:51:29.604 [ERROR] scripts.vep.client: VEP request timeout for https://rest.ensembl.org/vep/human/region/17:37393220-37393220:1/C?content-type=application/json
2026-06-05 00:51:29.604 [ERROR] scripts.vep.client: VEP request timeout for https://rest.ensembl.org/vep/human/region/17:37394271-37394271:1/C?content-type=application/json
2026-06-05 00:51:29.605 [ERROR] scripts.vep.client: VEP request timeout for https://rest.ensembl.org/vep/human/region/17:37398242-37398246:1/-?content-type=application/json
2026-06-05 00:51:29.606 [INFO] scripts.vep.client: VEP batch 419/516 done
2026-06-05 00:51:31.989 [WARNING] scripts.vep.client: VEP rate limited (429), retrying in 1s...
2026-06-05 00:51:32.216 [WARNING] scripts.vep.client: VEP rate limited (429), retrying in 1s...
2026-06-05 00:51:32.221 [WARNING] scripts.vep.client: VEP rate limited (429), retrying in 1s...
2026-06-05 00:51:32.373 [WARNING] scripts.vep.client: VEP rate limited (429), retrying in 1s...
2026-06-05 00:51:32.530 [WARNING] scripts.vep.client: VEP rate limited (429), retrying in 1s...
2026-06-05 00:51:33.079 [WARNING] scripts.vep.client: VEP rate limited (429), retrying in 1s...
2026-06-05 00:52:07.655 [INFO] scripts.vep.client: VEP batch 420/516 done
2026-06-05 00:53:29.603 [ERROR] scripts.vep.client: VEP request timeout for https://rest.ensembl.org/vep/human/region/17:43052360-43052360:1/G?content-type=application/json
2026-06-05 00:53:30.603 [ERROR] scripts.vep.client: VEP request timeout for https://rest.ensembl.org/vep/human/region/17:43052821-43052825:1/-?content-type=application/json
2026-06-05 00:53:31.603 [ERROR] scripts.vep.client: VEP request timeout for https://rest.ensembl.org/vep/human/region/17:43056174-43056174:1/T?content-type=application/json
2026-06-05 00:53:31.604 [ERROR] scripts.vep.client: VEP request timeout for https://rest.ensembl.org/vep/human/region/17:43053924-43053924:1/G?content-type=application/json
2026-06-05 00:53:31.605 [ERROR] scripts.vep.client: VEP request timeout for https://rest.ensembl.org/vep/human/region/17:43054744-43054745:1/-?content-type=application/json
2026-06-05 00:53:32.603 [ERROR] scripts.vep.client: VEP request timeout for https://rest.ensembl.org/vep/human/region/17:43058379-43058379:1/C?content-type=application/json
2026-06-05 00:53:34.602 [ERROR] scripts.vep.client: VEP request timeout for https://rest.ensembl.org/vep/human/region/17:43060530-43060530:1/T?content-type=application/json
2026-06-05 00:53:34.603 [ERROR] scripts.vep.client: VEP request timeout for https://rest.ensembl.org/vep/human/region/17:43061643-43061643:1/C?content-type=application/json
2026-06-05 00:53:34.604 [INFO] scripts.vep.client: VEP batch 421/516 done
2026-06-05 00:54:30.752 [INFO] scripts.vep.client: VEP batch 422/516 done
2026-06-05 00:55:06.149 [INFO] scripts.vep.client: VEP batch 423/516 done
2026-06-05 00:55:48.570 [ERROR] scripts.vep.client: VEP HTTP 503 for https://rest.ensembl.org/vep/human/region/17:47263055-47263055:1/A?content-type=application/json: <html><body><h1>503 Service Unavailable</h1>
No server is available to handle this request.
</body></html>

2026-06-05 00:55:48.923 [ERROR] scripts.vep.client: VEP HTTP 503 for https://rest.ensembl.org/vep/human/region/17:47263475-47263476:1/-?content-type=application/json: <html><body><h1>503 Service Unavailable</h1>
No server is available to handle this request.
</body></html>

2026-06-05 00:55:49.472 [ERROR] scripts.vep.client: VEP HTTP 503 for https://rest.ensembl.org/vep/human/region/17:47263900-47263900:1/T?content-type=application/json: <html><body><h1>503 Service Unavailable</h1>
No server is available to handle this request.
</body></html>

2026-06-05 00:55:49.847 [ERROR] scripts.vep.client: VEP HTTP 503 for https://rest.ensembl.org/vep/human/region/17:47266401-47266401:1/T?content-type=application/json: <html><body><h1>503 Service Unavailable</h1>
No server is available to handle this request.
</body></html>

2026-06-05 00:55:58.673 [INFO] scripts.vep.client: VEP batch 424/516 done
2026-06-05 00:56:35.668 [INFO] scripts.vep.client: VEP batch 425/516 done
2026-06-05 00:56:40.702 [ERROR] scripts.vep.client: VEP request error for https://rest.ensembl.org/vep/human/region/17:49009411-49009411:1/A?content-type=application/json: Cannot connect to host rest.ensembl.org:443 ssl:default [None]
2026-06-05 00:58:07.604 [ERROR] scripts.vep.client: VEP request timeout for https://rest.ensembl.org/vep/human/region/17:50653306-50653306:1/G?content-type=application/json
2026-06-05 00:58:07.606 [ERROR] scripts.vep.client: VEP request timeout for https://rest.ensembl.org/vep/human/region/17:50653283-50653283:1/C?content-type=application/json
2026-06-05 00:58:08.604 [ERROR] scripts.vep.client: VEP request timeout for https://rest.ensembl.org/vep/human/region/17:50655099-50655100:1/-?content-type=application/json
2026-06-05 00:58:09.604 [ERROR] scripts.vep.client: VEP request timeout for https://rest.ensembl.org/vep/human/region/17:50655422-50655422:1/A?content-type=application/json
2026-06-05 00:58:09.605 [INFO] scripts.vep.client: VEP batch 426/516 done
2026-06-05 00:59:26.027 [INFO] scripts.vep.client: VEP batch 427/516 done
2026-06-05 01:00:11.764 [INFO] scripts.vep.client: VEP batch 428/516 done
2026-06-05 01:00:59.407 [INFO] scripts.vep.client: VEP batch 429/516 done
2026-06-05 01:01:48.602 [INFO] scripts.vep.client: VEP batch 430/516 done
2026-06-05 01:01:50.070 [WARNING] scripts.vep.client: VEP rate limited (429), retrying in 1s...
2026-06-05 01:01:50.074 [WARNING] scripts.vep.client: VEP rate limited (429), retrying in 1s...
2026-06-05 01:01:50.095 [WARNING] scripts.vep.client: VEP rate limited (429), retrying in 1s...
2026-06-05 01:02:03.887 [WARNING] scripts.vep.client: VEP rate limited (429), retrying in 1s...
2026-06-05 01:02:04.010 [WARNING] scripts.vep.client: VEP rate limited (429), retrying in 1s...
2026-06-05 01:02:04.055 [WARNING] scripts.vep.client: VEP rate limited (429), retrying in 1s...
2026-06-05 01:02:23.679 [INFO] scripts.vep.client: VEP batch 431/516 done
2026-06-05 01:03:28.823 [INFO] scripts.vep.client: VEP batch 432/516 done
2026-06-05 01:04:31.280 [INFO] scripts.vep.client: VEP batch 433/516 done
2026-06-05 01:05:44.535 [INFO] scripts.vep.client: VEP batch 434/516 done
2026-06-05 01:07:04.615 [INFO] scripts.vep.client: VEP batch 435/516 done
2026-06-05 01:08:18.007 [INFO] scripts.vep.client: VEP batch 436/516 done
2026-06-05 01:08:19.548 [WARNING] scripts.vep.client: VEP rate limited (429), retrying in 1s...
2026-06-05 01:08:19.561 [WARNING] scripts.vep.client: VEP rate limited (429), retrying in 1s...
2026-06-05 01:08:19.653 [WARNING] scripts.vep.client: VEP rate limited (429), retrying in 1s...
2026-06-05 01:08:19.654 [WARNING] scripts.vep.client: VEP rate limited (429), retrying in 1s...
2026-06-05 01:08:19.705 [WARNING] scripts.vep.client: VEP rate limited (429), retrying in 1s...
2026-06-05 01:08:19.726 [WARNING] scripts.vep.client: VEP rate limited (429), retrying in 1s...
2026-06-05 01:08:19.835 [WARNING] scripts.vep.client: VEP rate limited (429), retrying in 1s...
2026-06-05 01:08:19.905 [WARNING] scripts.vep.client: VEP rate limited (429), retrying in 1s...
2026-06-05 01:08:19.968 [WARNING] scripts.vep.client: VEP rate limited (429), retrying in 1s...
2026-06-05 01:08:20.122 [WARNING] scripts.vep.client: VEP rate limited (429), retrying in 1s...
2026-06-05 01:08:20.442 [WARNING] scripts.vep.client: VEP rate limited (429), retrying in 1s...
2026-06-05 01:08:21.902 [WARNING] scripts.vep.client: VEP rate limited (429), retrying in 1s...
2026-06-05 01:08:21.921 [WARNING] scripts.vep.client: VEP rate limited (429), retrying in 1s...
2026-06-05 01:08:21.924 [WARNING] scripts.vep.client: VEP rate limited (429), retrying in 1s...
2026-06-05 01:08:21.926 [WARNING] scripts.vep.client: VEP rate limited (429), retrying in 1s...
2026-06-05 01:08:21.954 [WARNING] scripts.vep.client: VEP rate limited (429), retrying in 1s...
2026-06-05 01:08:21.956 [WARNING] scripts.vep.client: VEP rate limited (429), retrying in 1s...
2026-06-05 01:08:22.733 [WARNING] scripts.vep.client: VEP rate limited (429), retrying in 1s...
2026-06-05 01:08:22.807 [WARNING] scripts.vep.client: VEP rate limited (429), retrying in 1s...
2026-06-05 01:08:23.031 [WARNING] scripts.vep.client: VEP rate limited (429), retrying in 1s...
2026-06-05 01:08:23.031 [WARNING] scripts.vep.client: VEP rate limited (429), retrying in 1s...
2026-06-05 01:08:23.031 [WARNING] scripts.vep.client: VEP rate limited (429), retrying in 1s...
2026-06-05 01:08:23.031 [WARNING] scripts.vep.client: VEP rate limited (429), retrying in 1s...
2026-06-05 01:08:43.395 [INFO] scripts.vep.client: VEP batch 437/516 done
2026-06-05 01:09:07.963 [WARNING] scripts.vep.client: VEP rate limited (429), retrying in 1s...
2026-06-05 01:09:46.509 [INFO] scripts.vep.client: VEP batch 438/516 done
2026-06-05 01:10:47.512 [ERROR] scripts.vep.client: VEP request timeout for https://rest.ensembl.org/vep/human/region/18:44885842-44885842:1/AAAAA?content-type=application/json
2026-06-05 01:10:47.514 [ERROR] scripts.vep.client: VEP request timeout for https://rest.ensembl.org/vep/human/region/18:44887932-44887932:1/A?content-type=application/json
2026-06-05 01:10:47.515 [ERROR] scripts.vep.client: VEP request timeout for https://rest.ensembl.org/vep/human/region/18:44861229-44861237:1/-?content-type=application/json
2026-06-05 01:10:47.515 [ERROR] scripts.vep.client: VEP request timeout for https://rest.ensembl.org/vep/human/region/18:44870926-44870926:1/G?content-type=application/json
2026-06-05 01:10:47.516 [ERROR] scripts.vep.client: VEP request timeout for https://rest.ensembl.org/vep/human/region/18:44866482-44866482:1/G?content-type=application/json
2026-06-05 01:10:47.516 [ERROR] scripts.vep.client: VEP request timeout for https://rest.ensembl.org/vep/human/region/18:44880471-44880471:1/G?content-type=application/json
2026-06-05 01:10:47.517 [ERROR] scripts.vep.client: VEP request timeout for https://rest.ensembl.org/vep/human/region/18:44887077-44887077:1/C?content-type=application/json
2026-06-05 01:10:47.517 [ERROR] scripts.vep.client: VEP request timeout for https://rest.ensembl.org/vep/human/region/18:44870551-44870551:1/T?content-type=application/json
2026-06-05 01:10:47.518 [ERROR] scripts.vep.client: VEP request timeout for https://rest.ensembl.org/vep/human/region/18:44890577-44890577:1/G?content-type=application/json
2026-06-05 01:10:47.518 [ERROR] scripts.vep.client: VEP request timeout for https://rest.ensembl.org/vep/human/region/18:44869633-44869633:1/T?content-type=application/json
2026-06-05 01:10:47.519 [ERROR] scripts.vep.client: VEP request timeout for https://rest.ensembl.org/vep/human/region/18:44867567-44867567:1/T?content-type=application/json
2026-06-05 01:10:47.519 [ERROR] scripts.vep.client: VEP request timeout for https://rest.ensembl.org/vep/human/region/18:44876705-44876705:1/TCTT?content-type=application/json
2026-06-05 01:10:47.519 [ERROR] scripts.vep.client: VEP request timeout for https://rest.ensembl.org/vep/human/region/18:44883475-44883475:1/A?content-type=application/json
2026-06-05 01:10:47.519 [ERROR] scripts.vep.client: VEP request timeout for https://rest.ensembl.org/vep/human/region/18:44868667-44868673:1/-?content-type=application/json
2026-06-05 01:10:47.520 [ERROR] scripts.vep.client: VEP request timeout for https://rest.ensembl.org/vep/human/region/18:44878469-44878469:1/T?content-type=application/json
2026-06-05 01:10:48.511 [ERROR] scripts.vep.client: VEP request timeout for https://rest.ensembl.org/vep/human/region/18:44891441-44891441:1/C?content-type=application/json
2026-06-05 01:10:49.511 [ERROR] scripts.vep.client: VEP request timeout for https://rest.ensembl.org/vep/human/region/18:44893607-44893607:1/C?content-type=application/json
2026-06-05 01:10:49.512 [ERROR] scripts.vep.client: VEP request timeout for https://rest.ensembl.org/vep/human/region/18:44895811-44895811:1/A?content-type=application/json
2026-06-05 01:10:49.512 [ERROR] scripts.vep.client: VEP request timeout for https://rest.ensembl.org/vep/human/region/18:44894956-44894956:1/A?content-type=application/json
2026-06-05 01:10:50.510 [ERROR] scripts.vep.client: VEP request timeout for https://rest.ensembl.org/vep/human/region/18:44900637-44900637:1/T?content-type=application/json
2026-06-05 01:10:50.511 [ERROR] scripts.vep.client: VEP request timeout for https://rest.ensembl.org/vep/human/region/18:44898527-44898527:1/A?content-type=application/json
2026-06-05 01:10:50.511 [ERROR] scripts.vep.client: VEP request timeout for https://rest.ensembl.org/vep/human/region/18:44898404-44898404:1/T?content-type=application/json
2026-06-05 01:10:52.509 [ERROR] scripts.vep.client: VEP request timeout for https://rest.ensembl.org/vep/human/region/18:44910647-44910647:1/T?content-type=application/json
2026-06-05 01:11:05.427 [INFO] scripts.vep.client: VEP batch 439/516 done
2026-06-05 01:11:07.559 [WARNING] scripts.vep.client: VEP rate limited (429), retrying in 1s...
2026-06-05 01:11:07.578 [WARNING] scripts.vep.client: VEP rate limited (429), retrying in 1s...
2026-06-05 01:11:07.639 [WARNING] scripts.vep.client: VEP rate limited (429), retrying in 1s...
2026-06-05 01:11:07.660 [WARNING] scripts.vep.client: VEP rate limited (429), retrying in 1s...
2026-06-05 01:11:08.177 [WARNING] scripts.vep.client: VEP rate limited (429), retrying in 1s...
2026-06-05 01:11:09.916 [WARNING] scripts.vep.client: VEP rate limited (429), retrying in 1s...
2026-06-05 01:11:09.939 [WARNING] scripts.vep.client: VEP rate limited (429), retrying in 1s...
2026-06-05 01:11:09.940 [WARNING] scripts.vep.client: VEP rate limited (429), retrying in 1s...
2026-06-05 01:11:09.946 [WARNING] scripts.vep.client: VEP rate limited (429), retrying in 1s...
2026-06-05 01:11:09.974 [WARNING] scripts.vep.client: VEP rate limited (429), retrying in 1s...
2026-06-05 01:11:12.564 [ERROR] scripts.vep.client: VEP HTTP 400 for https://rest.ensembl.org/vep/human/region/18:45055441-45055444:1/-?content-type=application/json: {"error":"ERROR: Cannot allocate memory"}
2026-06-05 01:11:12.569 [ERROR] scripts.vep.client: VEP HTTP 400 for https://rest.ensembl.org/vep/human/region/18:46804066-46804066:1/C?content-type=application/json: {"error":"ERROR: Cannot allocate memory"}
2026-06-05 01:11:12.573 [ERROR] scripts.vep.client: VEP HTTP 400 for https://rest.ensembl.org/vep/human/region/18:45043363-45043363:1/CTCTCACA?content-type=application/json: {"error":"ERROR: Cannot allocate memory"}
2026-06-05 01:11:12.576 [ERROR] scripts.vep.client: VEP HTTP 400 for https://rest.ensembl.org/vep/human/region/18:45048978-45048979:1/-?content-type=application/json: {"error":"ERROR: Cannot allocate memory"}
2026-06-05 01:11:13.193 [ERROR] scripts.vep.client: VEP HTTP 400 for https://rest.ensembl.org/vep/human/region/18:46924751-46924751:1/A?content-type=application/json: {"error":"ERROR: Cannot allocate memory"}
2026-06-05 01:11:13.810 [ERROR] scripts.vep.client: VEP HTTP 400 for https://rest.ensembl.org/vep/human/region/18:46848970-46848970:1/C?content-type=application/json: {"error":"ERROR: Cannot allocate memory"}
2026-06-05 01:11:14.857 [ERROR] scripts.vep.client: VEP HTTP 400 for https://rest.ensembl.org/vep/human/region/18:46851869-46851869:1/C?content-type=application/json: {"error":"ERROR: Cannot allocate memory"}
2026-06-05 01:11:16.346 [ERROR] scripts.vep.client: VEP HTTP 400 for https://rest.ensembl.org/vep/human/region/18:46878770-46878770:1/T?content-type=application/json: {"error":"ERROR: Cannot allocate memory"}
2026-06-05 01:11:43.443 [INFO] scripts.vep.client: VEP batch 440/516 done
2026-06-05 01:12:26.274 [INFO] scripts.vep.client: VEP batch 441/516 done
2026-06-05 01:13:55.510 [ERROR] scripts.vep.client: VEP request timeout for https://rest.ensembl.org/vep/human/region/18:54205591-54205592:1/-?content-type=application/json
2026-06-05 01:13:57.508 [ERROR] scripts.vep.client: VEP request timeout for https://rest.ensembl.org/vep/human/region/18:54215817-54215817:1/T?content-type=application/json
2026-06-05 01:13:57.510 [ERROR] scripts.vep.client: VEP request timeout for https://rest.ensembl.org/vep/human/region/18:54217681-54217681:1/C?content-type=application/json
2026-06-05 01:13:58.509 [ERROR] scripts.vep.client: VEP request timeout for https://rest.ensembl.org/vep/human/region/18:54219204-54219204:1/A?content-type=application/json
2026-06-05 01:13:59.510 [ERROR] scripts.vep.client: VEP request timeout for https://rest.ensembl.org/vep/human/region/18:54220886-54220886:1/A?content-type=application/json
2026-06-05 01:13:59.511 [INFO] scripts.vep.client: VEP batch 442/516 done
2026-06-05 01:14:00.849 [WARNING] scripts.vep.client: VEP rate limited (429), retrying in 1s...
2026-06-05 01:14:00.850 [WARNING] scripts.vep.client: VEP rate limited (429), retrying in 1s...
2026-06-05 01:14:02.883 [WARNING] scripts.vep.client: VEP rate limited (429), retrying in 1s...
2026-06-05 01:14:02.947 [WARNING] scripts.vep.client: VEP rate limited (429), retrying in 1s...
2026-06-05 01:14:51.603 [INFO] scripts.vep.client: VEP batch 443/516 done
2026-06-05 01:15:02.902 [WARNING] scripts.vep.client: VEP rate limited (429), retrying in 1s...
2026-06-05 01:15:02.947 [WARNING] scripts.vep.client: VEP rate limited (429), retrying in 1s...
2026-06-05 01:15:02.952 [WARNING] scripts.vep.client: VEP rate limited (429), retrying in 1s...
2026-06-05 01:15:02.960 [WARNING] scripts.vep.client: VEP rate limited (429), retrying in 1s...
2026-06-05 01:15:02.971 [WARNING] scripts.vep.client: VEP rate limited (429), retrying in 1s...
2026-06-05 01:15:03.017 [WARNING] scripts.vep.client: VEP rate limited (429), retrying in 1s...
2026-06-05 01:15:03.146 [WARNING] scripts.vep.client: VEP rate limited (429), retrying in 1s...
2026-06-05 01:15:03.837 [WARNING] scripts.vep.client: VEP rate limited (429), retrying in 1s...
2026-06-05 01:15:04.168 [WARNING] scripts.vep.client: VEP rate limited (429), retrying in 1s...
2026-06-05 01:15:04.170 [WARNING] scripts.vep.client: VEP rate limited (429), retrying in 1s...
2026-06-05 01:15:04.355 [WARNING] scripts.vep.client: VEP rate limited (429), retrying in 1s...
2026-06-05 01:15:05.902 [WARNING] scripts.vep.client: VEP rate limited (429), retrying in 1s...
2026-06-05 01:15:05.902 [WARNING] scripts.vep.client: VEP rate limited (429), retrying in 1s...
2026-06-05 01:15:05.903 [WARNING] scripts.vep.client: VEP rate limited (429), retrying in 1s...
2026-06-05 01:15:05.903 [WARNING] scripts.vep.client: VEP rate limited (429), retrying in 1s...
2026-06-05 01:15:05.904 [WARNING] scripts.vep.client: VEP rate limited (429), retrying in 1s...
2026-06-05 01:15:05.904 [WARNING] scripts.vep.client: VEP rate limited (429), retrying in 1s...
2026-06-05 01:15:05.912 [WARNING] scripts.vep.client: VEP rate limited (429), retrying in 1s...
2026-06-05 01:15:06.010 [WARNING] scripts.vep.client: VEP rate limited (429), retrying in 1s...
2026-06-05 01:15:06.938 [WARNING] scripts.vep.client: VEP rate limited (429), retrying in 1s...
2026-06-05 01:15:06.950 [WARNING] scripts.vep.client: VEP rate limited (429), retrying in 1s...
2026-06-05 01:15:06.962 [WARNING] scripts.vep.client: VEP rate limited (429), retrying in 1s...
2026-06-05 01:15:06.976 [WARNING] scripts.vep.client: VEP rate limited (429), retrying in 1s...
2026-06-05 01:15:06.979 [WARNING] scripts.vep.client: VEP rate limited (429), retrying in 1s...
2026-06-05 01:15:52.510 [ERROR] scripts.vep.client: VEP request timeout for https://rest.ensembl.org/vep/human/region/18:63263288-63263288:1/C?content-type=application/json
2026-06-05 01:15:52.513 [ERROR] scripts.vep.client: VEP request timeout for https://rest.ensembl.org/vep/human/region/18:63254542-63254542:1/G?content-type=application/json
2026-06-05 01:15:52.514 [ERROR] scripts.vep.client: VEP request timeout for https://rest.ensembl.org/vep/human/region/18:63239739-63239740:1/-?content-type=application/json
2026-06-05 01:15:52.515 [INFO] scripts.vep.client: VEP batch 444/516 done
2026-06-05 01:15:53.617 [WARNING] scripts.vep.client: VEP rate limited (429), retrying in 1s...
2026-06-05 01:15:53.618 [WARNING] scripts.vep.client: VEP rate limited (429), retrying in 1s...
2026-06-05 01:15:53.626 [WARNING] scripts.vep.client: VEP rate limited (429), retrying in 1s...
2026-06-05 01:15:53.681 [WARNING] scripts.vep.client: VEP rate limited (429), retrying in 1s...
2026-06-05 01:15:53.687 [WARNING] scripts.vep.client: VEP rate limited (429), retrying in 1s...
2026-06-05 01:15:53.694 [WARNING] scripts.vep.client: VEP rate limited (429), retrying in 1s...
2026-06-05 01:15:53.695 [WARNING] scripts.vep.client: VEP rate limited (429), retrying in 1s...
2026-06-05 01:15:53.695 [WARNING] scripts.vep.client: VEP rate limited (429), retrying in 1s...
2026-06-05 01:15:53.758 [WARNING] scripts.vep.client: VEP rate limited (429), retrying in 1s...
2026-06-05 01:15:53.841 [WARNING] scripts.vep.client: VEP rate limited (429), retrying in 1s...
2026-06-05 01:15:53.972 [WARNING] scripts.vep.client: VEP rate limited (429), retrying in 1s...
2026-06-05 01:15:54.928 [WARNING] scripts.vep.client: VEP rate limited (429), retrying in 1s...
2026-06-05 01:15:54.948 [WARNING] scripts.vep.client: VEP rate limited (429), retrying in 1s...
2026-06-05 01:15:54.970 [WARNING] scripts.vep.client: VEP rate limited (429), retrying in 1s...
2026-06-05 01:15:54.982 [WARNING] scripts.vep.client: VEP rate limited (429), retrying in 1s...
2026-06-05 01:15:55.016 [WARNING] scripts.vep.client: VEP rate limited (429), retrying in 1s...
2026-06-05 01:15:55.579 [WARNING] scripts.vep.client: VEP rate limited (429), retrying in 1s...
2026-06-05 01:15:55.582 [WARNING] scripts.vep.client: VEP rate limited (429), retrying in 1s...
2026-06-05 01:15:55.607 [WARNING] scripts.vep.client: VEP rate limited (429), retrying in 1s...
2026-06-05 01:15:55.660 [WARNING] scripts.vep.client: VEP rate limited (429), retrying in 1s...
2026-06-05 01:15:55.972 [WARNING] scripts.vep.client: VEP rate limited (429), retrying in 1s...
2026-06-05 01:15:55.973 [WARNING] scripts.vep.client: VEP rate limited (429), retrying in 1s...
2026-06-05 01:15:55.974 [WARNING] scripts.vep.client: VEP rate limited (429), retrying in 1s...
2026-06-05 01:15:55.975 [WARNING] scripts.vep.client: VEP rate limited (429), retrying in 1s...
2026-06-05 01:15:56.696 [WARNING] scripts.vep.client: VEP rate limited (429), retrying in 1s...
2026-06-05 01:15:56.726 [WARNING] scripts.vep.client: VEP rate limited (429), retrying in 1s...
2026-06-05 01:15:56.738 [WARNING] scripts.vep.client: VEP rate limited (429), retrying in 1s...
2026-06-05 01:15:56.897 [WARNING] scripts.vep.client: VEP rate limited (429), retrying in 1s...
2026-06-05 01:15:56.901 [WARNING] scripts.vep.client: VEP rate limited (429), retrying in 1s...
2026-06-05 01:15:56.932 [WARNING] scripts.vep.client: VEP rate limited (429), retrying in 1s...
2026-06-05 01:15:56.951 [WARNING] scripts.vep.client: VEP rate limited (429), retrying in 1s...
2026-06-05 01:15:56.977 [WARNING] scripts.vep.client: VEP rate limited (429), retrying in 1s...
2026-06-05 01:15:57.871 [WARNING] scripts.vep.client: VEP rate limited (429), retrying in 1s...
2026-06-05 01:15:57.898 [WARNING] scripts.vep.client: VEP rate limited (429), retrying in 1s...
2026-06-05 01:15:57.916 [WARNING] scripts.vep.client: VEP rate limited (429), retrying in 1s...
2026-06-05 01:15:57.935 [WARNING] scripts.vep.client: VEP rate limited (429), retrying in 1s...
2026-06-05 01:15:57.996 [WARNING] scripts.vep.client: VEP rate limited (429), retrying in 1s...
2026-06-05 01:15:58.127 [WARNING] scripts.vep.client: VEP rate limited (429), retrying in 1s...
2026-06-05 01:15:58.943 [WARNING] scripts.vep.client: VEP rate limited (429), retrying in 1s...
2026-06-05 01:15:58.982 [WARNING] scripts.vep.client: VEP rate limited (429), retrying in 1s...
2026-06-05 01:16:00.001 [WARNING] scripts.vep.client: VEP rate limited (429), retrying in 1s...
2026-06-05 01:16:00.084 [WARNING] scripts.vep.client: VEP rate limited (429), retrying in 1s...
2026-06-05 01:16:28.869 [INFO] scripts.vep.client: VEP batch 445/516 done
2026-06-05 01:16:44.937 [WARNING] scripts.vep.client: VEP rate limited (429), retrying in 1s...
2026-06-05 01:17:09.535 [INFO] scripts.vep.client: VEP batch 446/516 done
2026-06-05 01:18:14.808 [INFO] scripts.vep.client: VEP batch 447/516 done
2026-06-05 01:18:53.228 [INFO] scripts.vep.client: VEP batch 448/516 done
2026-06-05 01:19:53.762 [INFO] scripts.vep.client: VEP batch 449/516 done
2026-06-05 01:20:39.108 [INFO] scripts.vep.client: VEP batch 450/516 done
2026-06-05 01:21:45.778 [INFO] scripts.vep.client: VEP batch 451/516 done
2026-06-05 01:22:46.506 [ERROR] scripts.vep.client: VEP request timeout for https://rest.ensembl.org/vep/human/region/19:7245079-7245079:1/T?content-type=application/json
2026-06-05 01:22:46.508 [ERROR] scripts.vep.client: VEP request timeout for https://rest.ensembl.org/vep/human/region/19:7244261-7244261:1/G?content-type=application/json
2026-06-05 01:22:46.508 [ERROR] scripts.vep.client: VEP request timeout for https://rest.ensembl.org/vep/human/region/19:7238818-7238818:1/G?content-type=application/json
2026-06-05 01:22:46.508 [ERROR] scripts.vep.client: VEP request timeout for https://rest.ensembl.org/vep/human/region/19:7238926-7238926:1/A?content-type=application/json
2026-06-05 01:22:46.508 [ERROR] scripts.vep.client: VEP request timeout for https://rest.ensembl.org/vep/human/region/19:7245197-7245197:1/C?content-type=application/json
2026-06-05 01:22:46.509 [ERROR] scripts.vep.client: VEP request timeout for https://rest.ensembl.org/vep/human/region/19:7244222-7244222:1/C?content-type=application/json
2026-06-05 01:22:48.505 [ERROR] scripts.vep.client: VEP request timeout for https://rest.ensembl.org/vep/human/region/19:7248485-7248485:1/A?content-type=application/json
2026-06-05 01:22:48.506 [ERROR] scripts.vep.client: VEP request timeout for https://rest.ensembl.org/vep/human/region/19:7247616-7247616:1/C?content-type=application/json
2026-06-05 01:22:50.504 [ERROR] scripts.vep.client: VEP request timeout for https://rest.ensembl.org/vep/human/region/19:7249510-7249510:1/C?content-type=application/json
2026-06-05 01:22:50.505 [ERROR] scripts.vep.client: VEP request timeout for https://rest.ensembl.org/vep/human/region/19:7249586-7249586:1/T?content-type=application/json
2026-06-05 01:22:52.506 [ERROR] scripts.vep.client: VEP request timeout for https://rest.ensembl.org/vep/human/region/19:7249864-7249864:1/C?content-type=application/json
2026-06-05 01:22:53.506 [ERROR] scripts.vep.client: VEP request timeout for https://rest.ensembl.org/vep/human/region/19:7249991-7249991:1/A?content-type=application/json
2026-06-05 01:22:54.506 [ERROR] scripts.vep.client: VEP request timeout for https://rest.ensembl.org/vep/human/region/19:7251090-7251090:1/A?content-type=application/json
2026-06-05 01:22:54.507 [INFO] scripts.vep.client: VEP batch 452/516 done
2026-06-05 01:23:44.177 [INFO] scripts.vep.client: VEP batch 453/516 done
2026-06-05 01:24:04.917 [WARNING] scripts.vep.client: VEP rate limited (429), retrying in 1s...
2026-06-05 01:24:04.937 [WARNING] scripts.vep.client: VEP rate limited (429), retrying in 1s...
2026-06-05 01:24:04.986 [WARNING] scripts.vep.client: VEP rate limited (429), retrying in 1s...
2026-06-05 01:24:40.485 [INFO] scripts.vep.client: VEP batch 454/516 done
2026-06-05 01:25:40.230 [INFO] scripts.vep.client: VEP batch 455/516 done
2026-06-05 01:26:40.505 [ERROR] scripts.vep.client: VEP request timeout for https://rest.ensembl.org/vep/human/region/19:10974689-10974690:1/-?content-type=application/json
2026-06-05 01:26:40.507 [ERROR] scripts.vep.client: VEP request timeout for https://rest.ensembl.org/vep/human/region/19:11028960-11028960:1/T?content-type=application/json
2026-06-05 01:26:40.507 [ERROR] scripts.vep.client: VEP request timeout for https://rest.ensembl.org/vep/human/region/19:11035662-11035662:1/C?content-type=application/json
2026-06-05 01:26:40.508 [ERROR] scripts.vep.client: VEP request timeout for https://rest.ensembl.org/vep/human/region/19:11008596-11008596:1/C?content-type=application/json
2026-06-05 01:26:44.452 [INFO] scripts.vep.client: VEP batch 456/516 done
2026-06-05 01:27:44.504 [ERROR] scripts.vep.client: VEP request timeout for https://rest.ensembl.org/vep/human/region/19:17825450-17825450:1/A?content-type=application/json
2026-06-05 01:27:44.506 [ERROR] scripts.vep.client: VEP request timeout for https://rest.ensembl.org/vep/human/region/19:16331385-16331385:1/T?content-type=application/json
2026-06-05 01:27:44.506 [ERROR] scripts.vep.client: VEP request timeout for https://rest.ensembl.org/vep/human/region/19:17827378-17827378:1/C?content-type=application/json
2026-06-05 01:27:44.507 [ERROR] scripts.vep.client: VEP request timeout for https://rest.ensembl.org/vep/human/region/19:17826949-17826949:1/T?content-type=application/json
2026-06-05 01:27:44.507 [ERROR] scripts.vep.client: VEP request timeout for https://rest.ensembl.org/vep/human/region/19:17821902-17821902:1/T?content-type=application/json
2026-06-05 01:27:44.507 [ERROR] scripts.vep.client: VEP request timeout for https://rest.ensembl.org/vep/human/region/19:17821480-17821480:1/T?content-type=application/json
2026-06-05 01:27:44.507 [ERROR] scripts.vep.client: VEP request timeout for https://rest.ensembl.org/vep/human/region/19:17826088-17826088:1/AAA?content-type=application/json
2026-06-05 01:27:44.508 [ERROR] scripts.vep.client: VEP request timeout for https://rest.ensembl.org/vep/human/region/19:17826620-17826620:1/G?content-type=application/json
2026-06-05 01:27:44.508 [ERROR] scripts.vep.client: VEP request timeout for https://rest.ensembl.org/vep/human/region/19:17821909-17821909:1/T?content-type=application/json
2026-06-05 01:27:44.508 [ERROR] scripts.vep.client: VEP request timeout for https://rest.ensembl.org/vep/human/region/19:17821329-17821329:1/C?content-type=application/json
2026-06-05 01:27:51.504 [ERROR] scripts.vep.client: VEP request timeout for https://rest.ensembl.org/vep/human/region/19:17828590-17828590:1/T?content-type=application/json
2026-06-05 01:28:13.504 [ERROR] scripts.vep.client: VEP request timeout for https://rest.ensembl.org/vep/human/region/19:18165362-18165362:1/AA?content-type=application/json
2026-06-05 01:28:20.556 [INFO] scripts.vep.client: VEP batch 457/516 done
2026-06-05 01:28:22.437 [WARNING] scripts.vep.client: VEP rate limited (429), retrying in 1s...
2026-06-05 01:28:22.447 [WARNING] scripts.vep.client: VEP rate limited (429), retrying in 1s...
2026-06-05 01:28:22.452 [WARNING] scripts.vep.client: VEP rate limited (429), retrying in 1s...
2026-06-05 01:28:22.472 [WARNING] scripts.vep.client: VEP rate limited (429), retrying in 1s...
2026-06-05 01:28:22.477 [WARNING] scripts.vep.client: VEP rate limited (429), retrying in 1s...
2026-06-05 01:28:22.480 [WARNING] scripts.vep.client: VEP rate limited (429), retrying in 1s...
2026-06-05 01:28:22.493 [WARNING] scripts.vep.client: VEP rate limited (429), retrying in 1s...
2026-06-05 01:28:22.943 [WARNING] scripts.vep.client: VEP rate limited (429), retrying in 1s...
2026-06-05 01:28:23.901 [WARNING] scripts.vep.client: VEP rate limited (429), retrying in 1s...
2026-06-05 01:28:23.924 [WARNING] scripts.vep.client: VEP rate limited (429), retrying in 1s...
2026-06-05 01:28:23.975 [WARNING] scripts.vep.client: VEP rate limited (429), retrying in 1s...
2026-06-05 01:28:23.976 [WARNING] scripts.vep.client: VEP rate limited (429), retrying in 1s...
2026-06-05 01:28:23.983 [WARNING] scripts.vep.client: VEP rate limited (429), retrying in 1s...
2026-06-05 01:28:24.001 [WARNING] scripts.vep.client: VEP rate limited (429), retrying in 1s...
2026-06-05 01:28:25.849 [WARNING] scripts.vep.client: VEP rate limited (429), retrying in 1s...
2026-06-05 01:28:25.879 [WARNING] scripts.vep.client: VEP rate limited (429), retrying in 1s...
2026-06-05 01:28:25.924 [WARNING] scripts.vep.client: VEP rate limited (429), retrying in 1s...
2026-06-05 01:28:26.764 [WARNING] scripts.vep.client: VEP rate limited (429), retrying in 1s...
2026-06-05 01:28:26.794 [WARNING] scripts.vep.client: VEP rate limited (429), retrying in 1s...
2026-06-05 01:28:26.880 [WARNING] scripts.vep.client: VEP rate limited (429), retrying in 1s...
2026-06-05 01:28:26.987 [WARNING] scripts.vep.client: VEP rate limited (429), retrying in 1s...
2026-06-05 01:28:32.944 [WARNING] scripts.vep.client: VEP rate limited (429), retrying in 1s...
2026-06-05 01:28:50.539 [INFO] scripts.vep.client: VEP batch 458/516 done
2026-06-05 01:28:51.812 [WARNING] scripts.vep.client: VEP rate limited (429), retrying in 1s...
2026-06-05 01:28:51.837 [WARNING] scripts.vep.client: VEP rate limited (429), retrying in 1s...
2026-06-05 01:28:51.869 [WARNING] scripts.vep.client: VEP rate limited (429), retrying in 1s...
2026-06-05 01:28:51.885 [WARNING] scripts.vep.client: VEP rate limited (429), retrying in 1s...
2026-06-05 01:28:51.912 [WARNING] scripts.vep.client: VEP rate limited (429), retrying in 1s...
2026-06-05 01:28:51.945 [WARNING] scripts.vep.client: VEP rate limited (429), retrying in 1s...
2026-06-05 01:28:52.001 [WARNING] scripts.vep.client: VEP rate limited (429), retrying in 1s...
2026-06-05 01:28:52.773 [WARNING] scripts.vep.client: VEP rate limited (429), retrying in 1s...
2026-06-05 01:28:52.835 [WARNING] scripts.vep.client: VEP rate limited (429), retrying in 1s...
2026-06-05 01:28:52.848 [WARNING] scripts.vep.client: VEP rate limited (429), retrying in 1s...
2026-06-05 01:28:52.899 [WARNING] scripts.vep.client: VEP rate limited (429), retrying in 1s...
2026-06-05 01:28:52.906 [WARNING] scripts.vep.client: VEP rate limited (429), retrying in 1s...
2026-06-05 01:28:52.907 [WARNING] scripts.vep.client: VEP rate limited (429), retrying in 1s...
2026-06-05 01:28:52.908 [WARNING] scripts.vep.client: VEP rate limited (429), retrying in 1s...
2026-06-05 01:28:52.968 [WARNING] scripts.vep.client: VEP rate limited (429), retrying in 1s...
2026-06-05 01:28:52.979 [WARNING] scripts.vep.client: VEP rate limited (429), retrying in 1s...
2026-06-05 01:28:52.985 [WARNING] scripts.vep.client: VEP rate limited (429), retrying in 1s...
2026-06-05 01:28:53.908 [WARNING] scripts.vep.client: VEP rate limited (429), retrying in 1s...
2026-06-05 01:28:53.921 [WARNING] scripts.vep.client: VEP rate limited (429), retrying in 1s...
2026-06-05 01:28:53.926 [WARNING] scripts.vep.client: VEP rate limited (429), retrying in 1s...
2026-06-05 01:28:53.949 [WARNING] scripts.vep.client: VEP rate limited (429), retrying in 1s...
2026-06-05 01:28:53.950 [WARNING] scripts.vep.client: VEP rate limited (429), retrying in 1s...
2026-06-05 01:28:53.951 [WARNING] scripts.vep.client: VEP rate limited (429), retrying in 1s...
2026-06-05 01:28:53.965 [WARNING] scripts.vep.client: VEP rate limited (429), retrying in 1s...
2026-06-05 01:28:54.108 [WARNING] scripts.vep.client: VEP rate limited (429), retrying in 1s...
2026-06-05 01:28:56.855 [WARNING] scripts.vep.client: VEP rate limited (429), retrying in 1s...
2026-06-05 01:28:56.957 [WARNING] scripts.vep.client: VEP rate limited (429), retrying in 1s...
2026-06-05 01:28:56.962 [WARNING] scripts.vep.client: VEP rate limited (429), retrying in 1s...
2026-06-05 01:29:03.244 [INFO] scripts.vep.client: VEP batch 459/516 done
2026-06-05 01:30:17.502 [ERROR] scripts.vep.client: VEP request timeout for https://rest.ensembl.org/vep/human/region/19:29824109-29824109:1/T?content-type=application/json
2026-06-05 01:30:17.505 [INFO] scripts.vep.client: VEP batch 460/516 done
2026-06-05 01:30:57.043 [INFO] scripts.vep.client: VEP batch 461/516 done
2026-06-05 01:31:04.917 [WARNING] scripts.vep.client: VEP rate limited (429), retrying in 1s...
2026-06-05 01:31:04.922 [WARNING] scripts.vep.client: VEP rate limited (429), retrying in 1s...
2026-06-05 01:31:04.959 [WARNING] scripts.vep.client: VEP rate limited (429), retrying in 1s...
2026-06-05 01:31:05.974 [WARNING] scripts.vep.client: VEP rate limited (429), retrying in 1s...
2026-06-05 01:31:57.147 [INFO] scripts.vep.client: VEP batch 462/516 done
2026-06-05 01:32:06.945 [WARNING] scripts.vep.client: VEP rate limited (429), retrying in 1s...
2026-06-05 01:32:06.976 [WARNING] scripts.vep.client: VEP rate limited (429), retrying in 1s...
2026-06-05 01:32:08.693 [WARNING] scripts.vep.client: VEP rate limited (429), retrying in 1s...
2026-06-05 01:32:08.736 [WARNING] scripts.vep.client: VEP rate limited (429), retrying in 1s...
2026-06-05 01:32:08.743 [WARNING] scripts.vep.client: VEP rate limited (429), retrying in 1s...
2026-06-05 01:32:08.759 [WARNING] scripts.vep.client: VEP rate limited (429), retrying in 1s...
2026-06-05 01:32:08.763 [WARNING] scripts.vep.client: VEP rate limited (429), retrying in 1s...
2026-06-05 01:32:08.789 [WARNING] scripts.vep.client: VEP rate limited (429), retrying in 1s...
2026-06-05 01:32:08.935 [WARNING] scripts.vep.client: VEP rate limited (429), retrying in 1s...
2026-06-05 01:32:10.928 [WARNING] scripts.vep.client: VEP rate limited (429), retrying in 1s...
2026-06-05 01:32:43.811 [INFO] scripts.vep.client: VEP batch 463/516 done
2026-06-05 01:33:44.502 [ERROR] scripts.vep.client: VEP request timeout for https://rest.ensembl.org/vep/human/region/19:48163662-48163662:1/T?content-type=application/json
2026-06-05 01:33:48.502 [ERROR] scripts.vep.client: VEP request timeout for https://rest.ensembl.org/vep/human/region/19:48167840-48167840:1/C?content-type=application/json
2026-06-05 01:33:50.502 [ERROR] scripts.vep.client: VEP request timeout for https://rest.ensembl.org/vep/human/region/19:48169911-48169911:1/TC?content-type=application/json
2026-06-05 01:33:50.503 [ERROR] scripts.vep.client: VEP request timeout for https://rest.ensembl.org/vep/human/region/19:48168885-48168885:1/A?content-type=application/json
2026-06-05 01:33:50.503 [ERROR] scripts.vep.client: VEP request timeout for https://rest.ensembl.org/vep/human/region/19:48168346-48168346:1/G?content-type=application/json
2026-06-05 01:33:52.501 [ERROR] scripts.vep.client: VEP request timeout for https://rest.ensembl.org/vep/human/region/19:48170201-48170201:1/A?content-type=application/json
2026-06-05 01:33:53.501 [ERROR] scripts.vep.client: VEP request timeout for https://rest.ensembl.org/vep/human/region/19:48174463-48174463:1/C?content-type=application/json
2026-06-05 01:33:53.501 [ERROR] scripts.vep.client: VEP request timeout for https://rest.ensembl.org/vep/human/region/19:48171470-48171470:1/A?content-type=application/json
2026-06-05 01:33:53.502 [INFO] scripts.vep.client: VEP batch 464/516 done
2026-06-05 01:34:12.964 [WARNING] scripts.vep.client: VEP rate limited (429), retrying in 1s...
2026-06-05 01:34:14.917 [WARNING] scripts.vep.client: VEP rate limited (429), retrying in 1s...
2026-06-05 01:34:54.501 [ERROR] scripts.vep.client: VEP request timeout for https://rest.ensembl.org/vep/human/region/19:54755169-54755169:1/A?content-type=application/json
2026-06-05 01:34:54.503 [ERROR] scripts.vep.client: VEP request timeout for https://rest.ensembl.org/vep/human/region/19:51149410-51149410:1/T?content-type=application/json
2026-06-05 01:34:54.503 [ERROR] scripts.vep.client: VEP request timeout for https://rest.ensembl.org/vep/human/region/19:54812145-54812145:1/C?content-type=application/json
2026-06-05 01:35:00.501 [ERROR] scripts.vep.client: VEP request timeout for https://rest.ensembl.org/vep/human/region/19:54813019-54813019:1/C?content-type=application/json
2026-06-05 01:35:00.501 [INFO] scripts.vep.client: VEP batch 465/516 done
2026-06-05 01:35:05.542 [ERROR] scripts.vep.client: VEP request error for https://rest.ensembl.org/vep/human/region/19:54906411-54906411:1/A?content-type=application/json: Cannot connect to host rest.ensembl.org:443 ssl:default [None]
2026-06-05 01:35:08.830 [WARNING] scripts.vep.client: VEP rate limited (429), retrying in 1s...
2026-06-05 01:35:08.947 [WARNING] scripts.vep.client: VEP rate limited (429), retrying in 1s...
2026-06-05 01:35:08.949 [WARNING] scripts.vep.client: VEP rate limited (429), retrying in 1s...
2026-06-05 01:35:08.949 [WARNING] scripts.vep.client: VEP rate limited (429), retrying in 1s...
2026-06-05 01:35:08.955 [WARNING] scripts.vep.client: VEP rate limited (429), retrying in 1s...
2026-06-05 01:35:10.828 [WARNING] scripts.vep.client: VEP rate limited (429), retrying in 1s...
2026-06-05 01:35:10.829 [WARNING] scripts.vep.client: VEP rate limited (429), retrying in 1s...
2026-06-05 01:35:10.893 [WARNING] scripts.vep.client: VEP rate limited (429), retrying in 1s...
2026-06-05 01:35:10.959 [WARNING] scripts.vep.client: VEP rate limited (429), retrying in 1s...
2026-06-05 01:35:11.850 [WARNING] scripts.vep.client: VEP rate limited (429), retrying in 1s...
2026-06-05 01:35:11.873 [WARNING] scripts.vep.client: VEP rate limited (429), retrying in 1s...
2026-06-05 01:35:11.904 [WARNING] scripts.vep.client: VEP rate limited (429), retrying in 1s...
2026-06-05 01:35:11.919 [WARNING] scripts.vep.client: VEP rate limited (429), retrying in 1s...
2026-06-05 01:35:50.248 [INFO] scripts.vep.client: VEP batch 466/516 done
2026-06-05 01:36:44.894 [INFO] scripts.vep.client: VEP batch 467/516 done
2026-06-05 01:37:38.990 [INFO] scripts.vep.client: VEP batch 468/516 done
2026-06-05 01:37:40.605 [WARNING] scripts.vep.client: VEP rate limited (429), retrying in 1s...
2026-06-05 01:37:40.809 [WARNING] scripts.vep.client: VEP rate limited (429), retrying in 1s...
2026-06-05 01:38:30.972 [INFO] scripts.vep.client: VEP batch 469/516 done
2026-06-05 01:38:32.191 [ERROR] scripts.vep.client: VEP HTTP 400 for https://rest.ensembl.org/vep/human/region/20:34384988-34384988:1/G?content-type=application/json: {"error":"ERROR: Cannot allocate memory"}
2026-06-05 01:38:33.299 [ERROR] scripts.vep.client: VEP HTTP 400 for https://rest.ensembl.org/vep/human/region/20:34384147-34384148:1/-?content-type=application/json: {"error":"ERROR: Cannot allocate memory"}
2026-06-05 01:38:38.350 [ERROR] scripts.vep.client: VEP HTTP 400 for https://rest.ensembl.org/vep/human/region/20:34396908-34396908:1/A?content-type=application/json: {"error":"ERROR: Cannot allocate memory"}
2026-06-05 01:38:39.310 [ERROR] scripts.vep.client: VEP HTTP 400 for https://rest.ensembl.org/vep/human/region/20:34381837-34381837:1/C?content-type=application/json: {"error":"ERROR: Cannot allocate memory"}
2026-06-05 01:38:40.384 [ERROR] scripts.vep.client: VEP HTTP 400 for https://rest.ensembl.org/vep/human/region/20:34399330-34399330:1/T?content-type=application/json: {"error":"ERROR: Cannot allocate memory"}
2026-06-05 01:38:41.529 [ERROR] scripts.vep.client: VEP HTTP 400 for https://rest.ensembl.org/vep/human/region/20:34397349-34397349:1/G?content-type=application/json: {"error":"ERROR: Cannot allocate memory"}
2026-06-05 01:38:42.507 [ERROR] scripts.vep.client: VEP HTTP 400 for https://rest.ensembl.org/vep/human/region/20:34394209-34394209:1/A?content-type=application/json: {"error":"ERROR: Cannot allocate memory"}
2026-06-05 01:38:43.563 [ERROR] scripts.vep.client: VEP HTTP 400 for https://rest.ensembl.org/vep/human/region/20:34383836-34383837:1/-?content-type=application/json: {"error":"ERROR: Cannot allocate memory"}
2026-06-05 01:38:44.827 [ERROR] scripts.vep.client: VEP HTTP 400 for https://rest.ensembl.org/vep/human/region/20:34390119-34390119:1/A?content-type=application/json: {"error":"ERROR: Cannot allocate memory"}
2026-06-05 01:38:45.883 [ERROR] scripts.vep.client: VEP HTTP 400 for https://rest.ensembl.org/vep/human/region/20:34383930-34383930:1/C?content-type=application/json: {"error":"ERROR: Cannot allocate memory"}
2026-06-05 01:38:47.087 [ERROR] scripts.vep.client: VEP HTTP 400 for https://rest.ensembl.org/vep/human/region/20:34404518-34404518:1/C?content-type=application/json: {"error":"ERROR: Cannot allocate memory"}
2026-06-05 01:38:48.173 [ERROR] scripts.vep.client: VEP HTTP 400 for https://rest.ensembl.org/vep/human/region/20:34380506-34380506:1/T?content-type=application/json: {"error":"ERROR: Cannot allocate memory"}
2026-06-05 01:38:49.174 [ERROR] scripts.vep.client: VEP HTTP 400 for https://rest.ensembl.org/vep/human/region/20:34395813-34395813:1/A?content-type=application/json: {"error":"ERROR: Cannot allocate memory"}
2026-06-05 01:38:50.229 [ERROR] scripts.vep.client: VEP HTTP 400 for https://rest.ensembl.org/vep/human/region/20:34404786-34404786:1/G?content-type=application/json: {"error":"ERROR: Cannot allocate memory"}
2026-06-05 01:38:56.457 [ERROR] scripts.vep.client: VEP HTTP 400 for https://rest.ensembl.org/vep/human/region/20:34375696-34375697:1/-?content-type=application/json: {"error":"ERROR: Cannot allocate memory"}
2026-06-05 01:38:57.543 [ERROR] scripts.vep.client: VEP HTTP 400 for https://rest.ensembl.org/vep/human/region/20:34406040-34406040:1/T?content-type=application/json: {"error":"ERROR: Cannot allocate memory"}
2026-06-05 01:39:03.438 [ERROR] scripts.vep.client: VEP HTTP 400 for https://rest.ensembl.org/vep/human/region/20:34408295-34408295:1/A?content-type=application/json: {"error":"ERROR: Cannot allocate memory"}
2026-06-05 01:39:04.466 [ERROR] scripts.vep.client: VEP HTTP 400 for https://rest.ensembl.org/vep/human/region/20:34408213-34408213:1/TAT?content-type=application/json: {"error":"ERROR: Cannot allocate memory"}
2026-06-05 01:39:05.812 [ERROR] scripts.vep.client: VEP HTTP 400 for https://rest.ensembl.org/vep/human/region/20:34409024-34409024:1/A?content-type=application/json: {"error":"ERROR: Cannot allocate memory"}
2026-06-05 01:39:07.146 [ERROR] scripts.vep.client: VEP HTTP 400 for https://rest.ensembl.org/vep/human/region/20:34409139-34409140:1/-?content-type=application/json: {"error":"ERROR: Cannot allocate memory"}
2026-06-05 01:39:09.194 [ERROR] scripts.vep.client: VEP HTTP 400 for https://rest.ensembl.org/vep/human/region/20:34408883-34408883:1/T?content-type=application/json: {"error":"ERROR: Cannot allocate memory"}
2026-06-05 01:39:15.488 [ERROR] scripts.vep.client: VEP HTTP 400 for https://rest.ensembl.org/vep/human/region/20:34410848-34410848:1/C?content-type=application/json: {"error":"ERROR: Cannot allocate memory"}
2026-06-05 01:39:18.413 [ERROR] scripts.vep.client: VEP HTTP 400 for https://rest.ensembl.org/vep/human/region/20:34411142-34411142:1/C?content-type=application/json: {"error":"ERROR: Cannot allocate memory"}
2026-06-05 01:39:22.462 [ERROR] scripts.vep.client: VEP HTTP 400 for https://rest.ensembl.org/vep/human/region/20:34411580-34411580:1/A?content-type=application/json: {"error":"ERROR: Cannot allocate memory"}
2026-06-05 01:39:28.947 [ERROR] scripts.vep.client: VEP HTTP 400 for https://rest.ensembl.org/vep/human/region/20:34416196-34416196:1/C?content-type=application/json: {"error":"ERROR: Cannot allocate memory"}
2026-06-05 01:39:42.412 [INFO] scripts.vep.client: VEP batch 470/516 done
2026-06-05 01:40:49.091 [INFO] scripts.vep.client: VEP batch 471/516 done
2026-06-05 01:41:55.575 [INFO] scripts.vep.client: VEP batch 472/516 done
2026-06-05 01:43:00.789 [INFO] scripts.vep.client: VEP batch 473/516 done
2026-06-05 01:43:55.047 [INFO] scripts.vep.client: VEP batch 474/516 done
2026-06-05 01:44:04.572 [WARNING] scripts.vep.client: VEP rate limited (429), retrying in 1s...
2026-06-05 01:44:04.665 [WARNING] scripts.vep.client: VEP rate limited (429), retrying in 1s...
2026-06-05 01:44:04.678 [WARNING] scripts.vep.client: VEP rate limited (429), retrying in 1s...
2026-06-05 01:44:04.686 [WARNING] scripts.vep.client: VEP rate limited (429), retrying in 1s...
2026-06-05 01:44:04.733 [WARNING] scripts.vep.client: VEP rate limited (429), retrying in 1s...
2026-06-05 01:44:04.804 [WARNING] scripts.vep.client: VEP rate limited (429), retrying in 1s...
2026-06-05 01:44:04.896 [WARNING] scripts.vep.client: VEP rate limited (429), retrying in 1s...
2026-06-05 01:44:56.913 [INFO] scripts.vep.client: VEP batch 475/516 done
2026-06-05 01:45:57.506 [ERROR] scripts.vep.client: VEP request timeout for https://rest.ensembl.org/vep/human/region/21:35070737-35070737:1/A?content-type=application/json
2026-06-05 01:45:57.509 [ERROR] scripts.vep.client: VEP request timeout for https://rest.ensembl.org/vep/human/region/21:35075592-35075592:1/A?content-type=application/json
2026-06-05 01:45:57.509 [ERROR] scripts.vep.client: VEP request timeout for https://rest.ensembl.org/vep/human/region/21:35072824-35072824:1/G?content-type=application/json
2026-06-05 01:45:57.510 [ERROR] scripts.vep.client: VEP request timeout for https://rest.ensembl.org/vep/human/region/21:35089128-35089128:1/G?content-type=application/json
2026-06-05 01:45:57.510 [ERROR] scripts.vep.client: VEP request timeout for https://rest.ensembl.org/vep/human/region/21:35086345-35086345:1/T?content-type=application/json
2026-06-05 01:45:57.510 [ERROR] scripts.vep.client: VEP request timeout for https://rest.ensembl.org/vep/human/region/21:35083523-35083523:1/C?content-type=application/json
2026-06-05 01:45:57.511 [ERROR] scripts.vep.client: VEP request timeout for https://rest.ensembl.org/vep/human/region/21:35085746-35085746:1/G?content-type=application/json
2026-06-05 01:45:57.511 [ERROR] scripts.vep.client: VEP request timeout for https://rest.ensembl.org/vep/human/region/21:35070721-35070721:1/A?content-type=application/json
2026-06-05 01:45:57.511 [ERROR] scripts.vep.client: VEP request timeout for https://rest.ensembl.org/vep/human/region/21:35079628-35079628:1/G?content-type=application/json
2026-06-05 01:45:57.511 [ERROR] scripts.vep.client: VEP request timeout for https://rest.ensembl.org/vep/human/region/21:35066867-35066867:1/A?content-type=application/json
2026-06-05 01:45:57.512 [ERROR] scripts.vep.client: VEP request timeout for https://rest.ensembl.org/vep/human/region/21:35079959-35079959:1/C?content-type=application/json
2026-06-05 01:45:57.512 [ERROR] scripts.vep.client: VEP request timeout for https://rest.ensembl.org/vep/human/region/21:35087596-35087596:1/A?content-type=application/json
2026-06-05 01:45:57.512 [ERROR] scripts.vep.client: VEP request timeout for https://rest.ensembl.org/vep/human/region/21:35086991-35086991:1/A?content-type=application/json
2026-06-05 01:45:57.513 [ERROR] scripts.vep.client: VEP request timeout for https://rest.ensembl.org/vep/human/region/21:35067034-35067034:1/A?content-type=application/json
2026-06-05 01:45:57.513 [ERROR] scripts.vep.client: VEP request timeout for https://rest.ensembl.org/vep/human/region/21:35090437-35090437:1/T?content-type=application/json
2026-06-05 01:45:57.513 [ERROR] scripts.vep.client: VEP request timeout for https://rest.ensembl.org/vep/human/region/21:35069088-35069088:1/C?content-type=application/json
2026-06-05 01:45:57.514 [ERROR] scripts.vep.client: VEP request timeout for https://rest.ensembl.org/vep/human/region/21:35069074-35069074:1/T?content-type=application/json
2026-06-05 01:45:57.514 [ERROR] scripts.vep.client: VEP request timeout for https://rest.ensembl.org/vep/human/region/21:35079554-35079554:1/C?content-type=application/json
2026-06-05 01:45:57.514 [ERROR] scripts.vep.client: VEP request timeout for https://rest.ensembl.org/vep/human/region/21:35090363-35090363:1/C?content-type=application/json
2026-06-05 01:45:57.515 [ERROR] scripts.vep.client: VEP request timeout for https://rest.ensembl.org/vep/human/region/21:35071540-35071540:1/T?content-type=application/json
2026-06-05 01:45:57.515 [ERROR] scripts.vep.client: VEP request timeout for https://rest.ensembl.org/vep/human/region/21:35076788-35076788:1/T?content-type=application/json
2026-06-05 01:45:57.515 [ERROR] scripts.vep.client: VEP request timeout for https://rest.ensembl.org/vep/human/region/21:35079623-35079623:1/G?content-type=application/json
2026-06-05 01:45:57.515 [ERROR] scripts.vep.client: VEP request timeout for https://rest.ensembl.org/vep/human/region/21:35075859-35075859:1/T?content-type=application/json
2026-06-05 01:45:57.516 [ERROR] scripts.vep.client: VEP request timeout for https://rest.ensembl.org/vep/human/region/21:35076742-35076750:1/-?content-type=application/json
2026-06-05 01:45:57.516 [ERROR] scripts.vep.client: VEP request timeout for https://rest.ensembl.org/vep/human/region/21:35068403-35068403:1/A?content-type=application/json
2026-06-05 01:46:10.833 [INFO] scripts.vep.client: VEP batch 476/516 done
2026-06-05 01:47:09.259 [INFO] scripts.vep.client: VEP batch 477/516 done
2026-06-05 01:47:34.984 [WARNING] scripts.vep.client: VEP rate limited (429), retrying in 1s...
2026-06-05 01:48:09.504 [ERROR] scripts.vep.client: VEP request timeout for https://rest.ensembl.org/vep/human/region/21:35254563-35254563:1/TG?content-type=application/json
2026-06-05 01:48:09.506 [ERROR] scripts.vep.client: VEP request timeout for https://rest.ensembl.org/vep/human/region/21:35247723-35247723:1/C?content-type=application/json
2026-06-05 01:48:09.506 [ERROR] scripts.vep.client: VEP request timeout for https://rest.ensembl.org/vep/human/region/21:35259533-35259533:1/G?content-type=application/json
2026-06-05 01:48:09.507 [ERROR] scripts.vep.client: VEP request timeout for https://rest.ensembl.org/vep/human/region/21:35240415-35240415:1/C?content-type=application/json
2026-06-05 01:48:09.507 [ERROR] scripts.vep.client: VEP request timeout for https://rest.ensembl.org/vep/human/region/21:35243346-35243346:1/A?content-type=application/json
2026-06-05 01:48:09.508 [ERROR] scripts.vep.client: VEP request timeout for https://rest.ensembl.org/vep/human/region/21:35253774-35253774:1/T?content-type=application/json
2026-06-05 01:48:09.508 [ERROR] scripts.vep.client: VEP request timeout for https://rest.ensembl.org/vep/human/region/21:35259743-35259743:1/T?content-type=application/json
2026-06-05 01:48:09.509 [ERROR] scripts.vep.client: VEP request timeout for https://rest.ensembl.org/vep/human/region/21:35247514-35247514:1/C?content-type=application/json
2026-06-05 01:48:09.509 [ERROR] scripts.vep.client: VEP request timeout for https://rest.ensembl.org/vep/human/region/21:35247619-35247619:1/C?content-type=application/json
2026-06-05 01:48:09.510 [ERROR] scripts.vep.client: VEP request timeout for https://rest.ensembl.org/vep/human/region/21:35242298-35242298:1/G?content-type=application/json
2026-06-05 01:48:09.510 [ERROR] scripts.vep.client: VEP request timeout for https://rest.ensembl.org/vep/human/region/21:35242692-35242692:1/TTA?content-type=application/json
2026-06-05 01:48:17.504 [ERROR] scripts.vep.client: VEP request timeout for https://rest.ensembl.org/vep/human/region/21:35270718-35270718:1/A?content-type=application/json
2026-06-05 01:48:17.505 [INFO] scripts.vep.client: VEP batch 478/516 done
2026-06-05 01:48:29.979 [WARNING] scripts.vep.client: VEP rate limited (429), retrying in 1s...
2026-06-05 01:48:33.853 [WARNING] scripts.vep.client: VEP rate limited (429), retrying in 1s...
2026-06-05 01:48:33.938 [WARNING] scripts.vep.client: VEP rate limited (429), retrying in 1s...
2026-06-05 01:49:16.268 [INFO] scripts.vep.client: VEP batch 479/516 done
2026-06-05 01:50:25.025 [INFO] scripts.vep.client: VEP batch 480/516 done
2026-06-05 01:51:03.982 [INFO] scripts.vep.client: VEP batch 481/516 done
2026-06-05 01:52:03.628 [INFO] scripts.vep.client: VEP batch 482/516 done
2026-06-05 01:52:15.971 [WARNING] scripts.vep.client: VEP rate limited (429), retrying in 1s...
2026-06-05 01:52:43.129 [INFO] scripts.vep.client: VEP batch 483/516 done
2026-06-05 01:53:37.647 [INFO] scripts.vep.client: VEP batch 484/516 done
2026-06-05 01:54:26.287 [INFO] scripts.vep.client: VEP batch 485/516 done
2026-06-05 01:54:51.819 [WARNING] scripts.vep.client: VEP rate limited (429), retrying in 1s...
2026-06-05 01:54:52.083 [WARNING] scripts.vep.client: VEP rate limited (429), retrying in 1s...
2026-06-05 01:55:15.565 [INFO] scripts.vep.client: VEP batch 486/516 done
2026-06-05 01:56:00.682 [ERROR] scripts.vep.client: VEP HTTP 500 for https://rest.ensembl.org/vep/human/region/21:38641730-38641731:1/-?content-type=application/json: <!doctype html>
<html lang="en" class="vf-no-js">
  <head>
    <script>
// Detect if JS is on and swap vf-no-js for vf-js on the html element
(function(H){H.className=H.className.replace(/\bvf-no-js\b
2026-06-05 01:56:26.502 [ERROR] scripts.vep.client: VEP request timeout for https://rest.ensembl.org/vep/human/region/21:38643354-38643354:1/T?content-type=application/json
2026-06-05 01:56:26.503 [INFO] scripts.vep.client: VEP batch 487/516 done
2026-06-05 01:57:21.471 [INFO] scripts.vep.client: VEP batch 488/516 done
2026-06-05 01:57:52.973 [WARNING] scripts.vep.client: VEP rate limited (429), retrying in 1s...
2026-06-05 01:57:53.017 [WARNING] scripts.vep.client: VEP rate limited (429), retrying in 1s...
2026-06-05 01:58:30.913 [INFO] scripts.vep.client: VEP batch 489/516 done
2026-06-05 01:59:11.523 [INFO] scripts.vep.client: VEP batch 490/516 done
2026-06-05 01:59:23.850 [WARNING] scripts.vep.client: VEP rate limited (429), retrying in 1s...
2026-06-05 01:59:51.971 [INFO] scripts.vep.client: VEP batch 491/516 done
2026-06-05 02:00:39.150 [INFO] scripts.vep.client: VEP batch 492/516 done
2026-06-05 02:00:42.568 [WARNING] scripts.vep.client: VEP rate limited (429), retrying in 1s...
2026-06-05 02:00:42.590 [WARNING] scripts.vep.client: VEP rate limited (429), retrying in 1s...
2026-06-05 02:00:42.594 [WARNING] scripts.vep.client: VEP rate limited (429), retrying in 1s...
2026-06-05 02:00:42.595 [WARNING] scripts.vep.client: VEP rate limited (429), retrying in 1s...
2026-06-05 02:00:42.624 [WARNING] scripts.vep.client: VEP rate limited (429), retrying in 1s...
2026-06-05 02:00:42.668 [WARNING] scripts.vep.client: VEP rate limited (429), retrying in 1s...
2026-06-05 02:00:42.739 [WARNING] scripts.vep.client: VEP rate limited (429), retrying in 1s...
2026-06-05 02:00:42.796 [WARNING] scripts.vep.client: VEP rate limited (429), retrying in 1s...
2026-06-05 02:00:42.893 [WARNING] scripts.vep.client: VEP rate limited (429), retrying in 1s...
2026-06-05 02:00:42.913 [WARNING] scripts.vep.client: VEP rate limited (429), retrying in 1s...
2026-06-05 02:01:30.841 [INFO] scripts.vep.client: VEP batch 493/516 done
2026-06-05 02:02:51.500 [ERROR] scripts.vep.client: VEP request timeout for https://rest.ensembl.org/vep/human/region/22:27754121-27754121:1/G?content-type=application/json
2026-06-05 02:02:51.502 [ERROR] scripts.vep.client: VEP request timeout for https://rest.ensembl.org/vep/human/region/22:27753172-27753172:1/C?content-type=application/json
2026-06-05 02:02:51.503 [ERROR] scripts.vep.client: VEP request timeout for https://rest.ensembl.org/vep/human/region/22:27754827-27754827:1/A?content-type=application/json
2026-06-05 02:02:52.500 [ERROR] scripts.vep.client: VEP request timeout for https://rest.ensembl.org/vep/human/region/22:27757868-27757868:1/C?content-type=application/json
2026-06-05 02:02:52.501 [ERROR] scripts.vep.client: VEP request timeout for https://rest.ensembl.org/vep/human/region/22:27764086-27764086:1/C?content-type=application/json
2026-06-05 02:02:52.502 [ERROR] scripts.vep.client: VEP request timeout for https://rest.ensembl.org/vep/human/region/22:27758630-27758630:1/T?content-type=application/json
2026-06-05 02:02:53.500 [ERROR] scripts.vep.client: VEP request timeout for https://rest.ensembl.org/vep/human/region/22:27772264-27772264:1/T?content-type=application/json
2026-06-05 02:02:53.501 [INFO] scripts.vep.client: VEP batch 494/516 done
2026-06-05 02:03:32.160 [INFO] scripts.vep.client: VEP batch 495/516 done
2026-06-05 02:04:02.266 [ERROR] scripts.vep.client: VEP request error for https://rest.ensembl.org/vep/human/region/22:36934737-36934737:1/C?content-type=application/json: Server disconnected
2026-06-05 02:04:23.610 [INFO] scripts.vep.client: VEP batch 496/516 done
2026-06-05 02:04:28.650 [ERROR] scripts.vep.client: VEP request error for https://rest.ensembl.org/vep/human/region/22:41112079-41112079:1/A?content-type=application/json: Cannot connect to host rest.ensembl.org:443 ssl:default [None]
2026-06-05 02:04:51.925 [WARNING] scripts.vep.client: VEP rate limited (429), retrying in 1s...
2026-06-05 02:05:20.387 [INFO] scripts.vep.client: VEP batch 497/516 done
2026-06-05 02:06:00.671 [INFO] scripts.vep.client: VEP batch 498/516 done
2026-06-05 02:06:44.462 [INFO] scripts.vep.client: VEP batch 499/516 done
2026-06-05 02:06:59.778 [WARNING] scripts.vep.client: VEP rate limited (429), retrying in 1s...
2026-06-05 02:06:59.852 [WARNING] scripts.vep.client: VEP rate limited (429), retrying in 1s...
2026-06-05 02:06:59.909 [WARNING] scripts.vep.client: VEP rate limited (429), retrying in 1s...
2026-06-05 02:07:32.099 [INFO] scripts.vep.client: VEP batch 500/516 done
2026-06-05 02:07:55.911 [WARNING] scripts.vep.client: VEP rate limited (429), retrying in 1s...
2026-06-05 02:07:55.912 [WARNING] scripts.vep.client: VEP rate limited (429), retrying in 1s...
2026-06-05 02:07:55.921 [WARNING] scripts.vep.client: VEP rate limited (429), retrying in 1s...
2026-06-05 02:07:55.968 [WARNING] scripts.vep.client: VEP rate limited (429), retrying in 1s...
2026-06-05 02:07:56.171 [WARNING] scripts.vep.client: VEP rate limited (429), retrying in 1s...
2026-06-05 02:07:56.201 [WARNING] scripts.vep.client: VEP rate limited (429), retrying in 1s...
2026-06-05 02:07:56.330 [WARNING] scripts.vep.client: VEP rate limited (429), retrying in 1s...
2026-06-05 02:08:14.081 [INFO] scripts.vep.client: VEP batch 501/516 done
2026-06-05 02:09:02.010 [INFO] scripts.vep.client: VEP batch 502/516 done
2026-06-05 02:10:07.635 [INFO] scripts.vep.client: VEP batch 503/516 done
2026-06-05 02:10:40.984 [INFO] scripts.vep.client: VEP batch 504/516 done
2026-06-05 02:11:21.996 [INFO] scripts.vep.client: VEP batch 505/516 done
2026-06-05 02:12:29.709 [INFO] scripts.vep.client: VEP batch 506/516 done
2026-06-05 02:13:00.811 [WARNING] scripts.vep.client: VEP rate limited (429), retrying in 1s...
2026-06-05 02:13:00.814 [WARNING] scripts.vep.client: VEP rate limited (429), retrying in 1s...
2026-06-05 02:13:00.827 [WARNING] scripts.vep.client: VEP rate limited (429), retrying in 1s...
2026-06-05 02:13:00.952 [WARNING] scripts.vep.client: VEP rate limited (429), retrying in 1s...
2026-06-05 02:13:00.952 [WARNING] scripts.vep.client: VEP rate limited (429), retrying in 1s...
2026-06-05 02:13:01.862 [WARNING] scripts.vep.client: VEP rate limited (429), retrying in 1s...
2026-06-05 02:13:01.871 [WARNING] scripts.vep.client: VEP rate limited (429), retrying in 1s...
2026-06-05 02:13:01.875 [WARNING] scripts.vep.client: VEP rate limited (429), retrying in 1s...
2026-06-05 02:13:01.879 [WARNING] scripts.vep.client: VEP rate limited (429), retrying in 1s...
2026-06-05 02:13:01.880 [WARNING] scripts.vep.client: VEP rate limited (429), retrying in 1s...
2026-06-05 02:13:01.901 [WARNING] scripts.vep.client: VEP rate limited (429), retrying in 1s...
2026-06-05 02:13:01.943 [WARNING] scripts.vep.client: VEP rate limited (429), retrying in 1s...
2026-06-05 02:13:02.894 [WARNING] scripts.vep.client: VEP rate limited (429), retrying in 1s...
2026-06-05 02:13:02.985 [WARNING] scripts.vep.client: VEP rate limited (429), retrying in 1s...
2026-06-05 02:13:56.495 [ERROR] scripts.vep.client: VEP request timeout for https://rest.ensembl.org/vep/human/region/X:53419527-53419528:1/-?content-type=application/json
2026-06-05 02:14:00.124 [INFO] scripts.vep.client: VEP batch 507/516 done
2026-06-05 02:14:27.328 [INFO] scripts.vep.client: VEP batch 508/516 done
2026-06-05 02:14:27.938 [WARNING] scripts.vep.client: VEP rate limited (429), retrying in 1s...
2026-06-05 02:14:27.939 [WARNING] scripts.vep.client: VEP rate limited (429), retrying in 1s...
2026-06-05 02:14:27.940 [WARNING] scripts.vep.client: VEP rate limited (429), retrying in 1s...
2026-06-05 02:14:27.940 [WARNING] scripts.vep.client: VEP rate limited (429), retrying in 1s...
2026-06-05 02:14:27.940 [WARNING] scripts.vep.client: VEP rate limited (429), retrying in 1s...
2026-06-05 02:14:27.940 [WARNING] scripts.vep.client: VEP rate limited (429), retrying in 1s...
2026-06-05 02:14:27.941 [WARNING] scripts.vep.client: VEP rate limited (429), retrying in 1s...
2026-06-05 02:14:27.941 [WARNING] scripts.vep.client: VEP rate limited (429), retrying in 1s...
2026-06-05 02:14:27.941 [WARNING] scripts.vep.client: VEP rate limited (429), retrying in 1s...
2026-06-05 02:14:27.942 [WARNING] scripts.vep.client: VEP rate limited (429), retrying in 1s...
2026-06-05 02:14:27.942 [WARNING] scripts.vep.client: VEP rate limited (429), retrying in 1s...
2026-06-05 02:14:27.942 [WARNING] scripts.vep.client: VEP rate limited (429), retrying in 1s...
2026-06-05 02:14:27.944 [WARNING] scripts.vep.client: VEP rate limited (429), retrying in 1s...
2026-06-05 02:14:27.944 [WARNING] scripts.vep.client: VEP rate limited (429), retrying in 1s...
2026-06-05 02:14:27.945 [WARNING] scripts.vep.client: VEP rate limited (429), retrying in 1s...
2026-06-05 02:14:27.945 [WARNING] scripts.vep.client: VEP rate limited (429), retrying in 1s...
2026-06-05 02:14:27.946 [WARNING] scripts.vep.client: VEP rate limited (429), retrying in 1s...
2026-06-05 02:14:27.951 [WARNING] scripts.vep.client: VEP rate limited (429), retrying in 1s...
2026-06-05 02:14:28.939 [WARNING] scripts.vep.client: VEP rate limited (429), retrying in 1s...
2026-06-05 02:14:28.962 [WARNING] scripts.vep.client: VEP rate limited (429), retrying in 1s...
2026-06-05 02:14:28.963 [WARNING] scripts.vep.client: VEP rate limited (429), retrying in 1s...
2026-06-05 02:14:29.460 [WARNING] scripts.vep.client: VEP rate limited (429), retrying in 1s...
2026-06-05 02:14:29.467 [WARNING] scripts.vep.client: VEP rate limited (429), retrying in 1s...
2026-06-05 02:14:29.476 [WARNING] scripts.vep.client: VEP rate limited (429), retrying in 1s...
2026-06-05 02:14:29.489 [WARNING] scripts.vep.client: VEP rate limited (429), retrying in 1s...
2026-06-05 02:14:29.506 [WARNING] scripts.vep.client: VEP rate limited (429), retrying in 1s...
2026-06-05 02:14:29.551 [WARNING] scripts.vep.client: VEP rate limited (429), retrying in 1s...
2026-06-05 02:14:29.554 [WARNING] scripts.vep.client: VEP rate limited (429), retrying in 1s...
2026-06-05 02:14:29.562 [WARNING] scripts.vep.client: VEP rate limited (429), retrying in 1s...
2026-06-05 02:14:29.585 [WARNING] scripts.vep.client: VEP rate limited (429), retrying in 1s...
2026-06-05 02:14:29.590 [WARNING] scripts.vep.client: VEP rate limited (429), retrying in 1s...
2026-06-05 02:14:29.709 [WARNING] scripts.vep.client: VEP rate limited (429), retrying in 1s...
2026-06-05 02:14:29.730 [WARNING] scripts.vep.client: VEP rate limited (429), retrying in 1s...
2026-06-05 02:14:29.751 [WARNING] scripts.vep.client: VEP rate limited (429), retrying in 1s...
2026-06-05 02:14:29.859 [WARNING] scripts.vep.client: VEP rate limited (429), retrying in 1s...
2026-06-05 02:14:29.860 [WARNING] scripts.vep.client: VEP rate limited (429), retrying in 1s...
2026-06-05 02:14:29.860 [WARNING] scripts.vep.client: VEP rate limited (429), retrying in 1s...
2026-06-05 02:14:29.903 [WARNING] scripts.vep.client: VEP rate limited (429), retrying in 1s...
2026-06-05 02:14:29.927 [WARNING] scripts.vep.client: VEP rate limited (429), retrying in 1s...
2026-06-05 02:14:29.946 [WARNING] scripts.vep.client: VEP rate limited (429), retrying in 1s...
2026-06-05 02:14:29.970 [WARNING] scripts.vep.client: VEP rate limited (429), retrying in 1s...
2026-06-05 02:14:30.559 [WARNING] scripts.vep.client: VEP rate limited (429), retrying in 1s...
2026-06-05 02:14:30.578 [WARNING] scripts.vep.client: VEP rate limited (429), retrying in 1s...
2026-06-05 02:14:30.608 [WARNING] scripts.vep.client: VEP rate limited (429), retrying in 1s...
2026-06-05 02:14:30.737 [WARNING] scripts.vep.client: VEP rate limited (429), retrying in 1s...
2026-06-05 02:14:30.738 [WARNING] scripts.vep.client: VEP rate limited (429), retrying in 1s...
2026-06-05 02:14:30.747 [WARNING] scripts.vep.client: VEP rate limited (429), retrying in 1s...
2026-06-05 02:14:30.768 [WARNING] scripts.vep.client: VEP rate limited (429), retrying in 1s...
2026-06-05 02:14:30.834 [WARNING] scripts.vep.client: VEP rate limited (429), retrying in 1s...
2026-06-05 02:14:30.932 [WARNING] scripts.vep.client: VEP rate limited (429), retrying in 1s...
2026-06-05 02:14:30.933 [WARNING] scripts.vep.client: VEP rate limited (429), retrying in 1s...
2026-06-05 02:14:30.934 [WARNING] scripts.vep.client: VEP rate limited (429), retrying in 1s...
2026-06-05 02:14:30.964 [WARNING] scripts.vep.client: VEP rate limited (429), retrying in 1s...
2026-06-05 02:14:31.803 [WARNING] scripts.vep.client: VEP rate limited (429), retrying in 1s...
2026-06-05 02:14:31.831 [WARNING] scripts.vep.client: VEP rate limited (429), retrying in 1s...
2026-06-05 02:14:31.848 [WARNING] scripts.vep.client: VEP rate limited (429), retrying in 1s...
2026-06-05 02:14:31.889 [WARNING] scripts.vep.client: VEP rate limited (429), retrying in 1s...
2026-06-05 02:14:31.891 [WARNING] scripts.vep.client: VEP rate limited (429), retrying in 1s...
2026-06-05 02:14:31.907 [WARNING] scripts.vep.client: VEP rate limited (429), retrying in 1s...
2026-06-05 02:14:31.972 [WARNING] scripts.vep.client: VEP rate limited (429), retrying in 1s...
2026-06-05 02:14:31.973 [WARNING] scripts.vep.client: VEP rate limited (429), retrying in 1s...
2026-06-05 02:14:32.673 [WARNING] scripts.vep.client: VEP rate limited (429), retrying in 1s...
2026-06-05 02:14:32.725 [WARNING] scripts.vep.client: VEP rate limited (429), retrying in 1s...
2026-06-05 02:14:32.732 [WARNING] scripts.vep.client: VEP rate limited (429), retrying in 1s...
2026-06-05 02:14:32.758 [WARNING] scripts.vep.client: VEP rate limited (429), retrying in 1s...
2026-06-05 02:14:32.864 [WARNING] scripts.vep.client: VEP rate limited (429), retrying in 1s...
2026-06-05 02:14:32.940 [WARNING] scripts.vep.client: VEP rate limited (429), retrying in 1s...
2026-06-05 02:14:32.941 [WARNING] scripts.vep.client: VEP rate limited (429), retrying in 1s...
2026-06-05 02:14:32.956 [WARNING] scripts.vep.client: VEP rate limited (429), retrying in 1s...
2026-06-05 02:14:32.962 [WARNING] scripts.vep.client: VEP rate limited (429), retrying in 1s...
2026-06-05 02:14:32.984 [WARNING] scripts.vep.client: VEP rate limited (429), retrying in 1s...
2026-06-05 02:14:32.986 [WARNING] scripts.vep.client: VEP rate limited (429), retrying in 1s...
2026-06-05 02:14:36.932 [INFO] scripts.vep.client: VEP batch 509/516 done
2026-06-05 02:15:29.569 [INFO] scripts.vep.client: VEP batch 510/516 done
2026-06-05 02:16:08.075 [INFO] scripts.vep.client: VEP batch 511/516 done
2026-06-05 02:16:35.941 [WARNING] scripts.vep.client: VEP rate limited (429), retrying in 1s...
2026-06-05 02:16:35.962 [WARNING] scripts.vep.client: VEP rate limited (429), retrying in 1s...
2026-06-05 02:16:59.872 [INFO] scripts.vep.client: VEP batch 512/516 done
2026-06-05 02:17:49.642 [INFO] scripts.vep.client: VEP batch 513/516 done
2026-06-05 02:18:01.740 [WARNING] scripts.vep.client: VEP rate limited (429), retrying in 1s...
2026-06-05 02:18:01.877 [WARNING] scripts.vep.client: VEP rate limited (429), retrying in 1s...
2026-06-05 02:18:01.970 [WARNING] scripts.vep.client: VEP rate limited (429), retrying in 1s...
2026-06-05 02:18:02.961 [WARNING] scripts.vep.client: VEP rate limited (429), retrying in 1s...
2026-06-05 02:18:37.941 [INFO] scripts.vep.client: VEP batch 514/516 done
2026-06-05 02:19:36.688 [INFO] scripts.vep.client: VEP batch 515/516 done
2026-06-05 02:19:56.418 [INFO] scripts.vep.client: VEP batch 516/516 done
2026-06-05 02:19:56.419 [INFO] scripts.vep.client: VEP annotation completed: 103045 results
