2026-06-04 22:35:28.436 [INFO] __main__: Logger initialized. Log file: /Users/zhaorongli/.workbuddy/skills/sensory-genomics/logs/sensory_genomics_20260604_223528.log
2026-06-04 22:35:28.448 [INFO] __main__: Loaded 6705 BED intervals, merged to 1149 regions
2026-06-04 22:35:28.448 [INFO] __main__: Processing region 1/1149: 1:65419-65573
2026-06-04 22:35:29.379 [INFO] __main__:   gnomAD: 37, AF>=0.0010: 5
2026-06-04 22:35:30.652 [INFO] __main__: Saved 5 records to database
2026-06-04 22:35:30.652 [INFO] __main__: Processing region 2/1149: 1:69037-71585
2026-06-04 22:35:31.001 [INFO] __main__:   gnomAD: 1501, AF>=0.0010: 38
2026-06-04 22:35:47.389 [INFO] __main__: Saved 38 records to database
2026-06-04 22:35:47.390 [INFO] __main__: Processing region 3/1149: 1:1331280-1336515
2026-06-04 22:35:48.312 [INFO] __main__:   gnomAD: 7927, AF>=0.0010: 72
2026-06-04 22:36:01.211 [INFO] __main__: Saved 72 records to database
2026-06-04 22:36:01.212 [INFO] __main__: Processing region 4/1149: 1:6555307-6555564
2026-06-04 22:36:01.500 [INFO] __main__:   gnomAD: 357, AF>=0.0010: 3
2026-06-04 22:36:15.288 [INFO] __main__: Saved 3 records to database
2026-06-04 22:36:15.289 [INFO] __main__: Processing region 5/1149: 1:6570909-6571215
2026-06-04 22:36:15.537 [INFO] __main__:   gnomAD: 226, AF>=0.0010: 5
2026-06-04 22:36:58.372 [INFO] __main__: Saved 5 records to database
2026-06-04 22:36:58.373 [INFO] __main__: Processing region 6/1149: 1:6574631-6575392
2026-06-04 22:37:00.106 [INFO] __main__:   gnomAD: 645, AF>=0.0010: 13
2026-06-04 22:37:09.514 [INFO] __main__: Saved 13 records to database
2026-06-04 22:37:09.515 [INFO] __main__: Processing region 7/1149: 1:6576415-6577070
2026-06-04 22:37:09.824 [INFO] __main__:   gnomAD: 519, AF>=0.0010: 6
2026-06-04 22:37:15.436 [INFO] __main__: Saved 6 records to database
2026-06-04 22:37:15.437 [INFO] __main__: Processing region 8/1149: 1:6578653-6579755
2026-06-04 22:37:15.882 [INFO] __main__:   gnomAD: 945, AF>=0.0010: 8
2026-06-04 22:37:23.234 [INFO] __main__: Saved 8 records to database
2026-06-04 22:37:23.234 [INFO] __main__: Processing region 9/1149: 1:18839599-18840527
2026-06-04 22:37:23.598 [INFO] __main__:   gnomAD: 708, AF>=0.0010: 13
2026-06-04 22:37:24.351 [INFO] __main__: Saved 13 records to database
2026-06-04 22:37:24.352 [INFO] __main__: Processing region 10/1149: 1:18841729-18841852
2026-06-04 22:37:24.720 [INFO] __main__:   gnomAD: 103, AF>=0.0010: 0
2026-06-04 22:37:24.721 [INFO] __main__: Processing region 11/1149: 1:18849341-18849550
2026-06-04 22:37:25.141 [INFO] __main__:   gnomAD: 153, AF>=0.0010: 6
2026-06-04 22:37:35.447 [INFO] __main__: Saved 6 records to database
2026-06-04 22:37:35.447 [INFO] __main__: Processing region 12/1149: 1:18854213-18854986
2026-06-04 22:37:36.234 [INFO] __main__:   gnomAD: 724, AF>=0.0010: 11
2026-06-04 22:38:36.458 [ERROR] __main__: VEP batch error: 
2026-06-04 22:38:36.459 [INFO] __main__: Processing region 13/1149: 1:18857331-18857631
2026-06-04 22:38:37.554 [INFO] __main__:   gnomAD: 186, AF>=0.0010: 1
2026-06-04 22:38:46.903 [INFO] __main__: Saved 1 records to database
2026-06-04 22:38:46.903 [INFO] __main__: Processing region 14/1149: 1:18859479-18859660
2026-06-04 22:38:47.238 [INFO] __main__:   gnomAD: 138, AF>=0.0010: 3
2026-06-04 22:39:00.235 [INFO] __main__: Saved 3 records to database
2026-06-04 22:39:00.236 [INFO] __main__: Processing region 15/1149: 1:40783675-40784407
2026-06-04 22:39:03.122 [INFO] __main__:   gnomAD: 1354, AF>=0.0010: 6
2026-06-04 22:39:23.835 [INFO] __main__: Saved 6 records to database
2026-06-04 22:39:23.835 [INFO] __main__: Processing region 16/1149: 1:40804846-40805141
2026-06-04 22:39:25.811 [INFO] __main__:   gnomAD: 251, AF>=0.0010: 4
2026-06-04 22:39:29.514 [INFO] __main__: Saved 4 records to database
2026-06-04 22:39:29.514 [INFO] __main__: Processing region 17/1149: 1:40817265-40820260
2026-06-04 22:39:30.877 [INFO] __main__:   gnomAD: 3018, AF>=0.0010: 42
2026-06-04 22:39:51.406 [INFO] __main__: Saved 42 records to database
2026-06-04 22:39:51.406 [INFO] __main__: Processing region 18/1149: 1:40822314-40822402
2026-06-04 22:39:52.789 [INFO] __main__:   gnomAD: 83, AF>=0.0010: 1
2026-06-04 22:39:56.123 [INFO] __main__: Saved 1 records to database
2026-06-04 22:39:56.123 [INFO] __main__: Processing region 19/1149: 1:40824097-40824651
2026-06-04 22:39:57.062 [INFO] __main__:   gnomAD: 538, AF>=0.0010: 7
2026-06-04 22:40:31.917 [INFO] __main__: Saved 7 records to database
2026-06-04 22:40:31.918 [INFO] __main__: Processing region 20/1149: 1:40826371-40826694
2026-06-04 22:40:32.703 [INFO] __main__:   gnomAD: 231, AF>=0.0010: 0
2026-06-04 22:40:32.703 [INFO] __main__: Processing region 21/1149: 1:40831084-40831304
2026-06-04 22:40:33.206 [INFO] __main__:   gnomAD: 207, AF>=0.0010: 1
2026-06-04 22:40:39.589 [INFO] __main__: Saved 1 records to database
2026-06-04 22:40:39.589 [INFO] __main__: Processing region 22/1149: 1:40833014-40833113
2026-06-04 22:40:39.918 [INFO] __main__:   gnomAD: 62, AF>=0.0010: 0
2026-06-04 22:40:39.918 [INFO] __main__: Processing region 23/1149: 1:40834967-40835098
2026-06-04 22:40:40.253 [INFO] __main__:   gnomAD: 76, AF>=0.0010: 2
2026-06-04 22:40:47.428 [INFO] __main__: Saved 2 records to database
2026-06-04 22:40:47.428 [INFO] __main__: Processing region 24/1149: 1:40837665-40840452
2026-06-04 22:40:48.702 [INFO] __main__:   gnomAD: 3096, AF>=0.0010: 18
2026-06-04 22:40:51.017 [INFO] __main__: Saved 18 records to database
2026-06-04 22:40:51.017 [INFO] __main__: Processing region 25/1149: 1:93992834-93993242
2026-06-04 22:40:51.440 [INFO] __main__:   gnomAD: 429, AF>=0.0010: 7
2026-06-04 22:41:14.587 [INFO] __main__: Saved 7 records to database
2026-06-04 22:41:14.589 [INFO] __main__: Processing region 26/1149: 1:93996109-93996195
2026-06-04 22:41:15.375 [INFO] __main__:   gnomAD: 48, AF>=0.0010: 2
2026-06-04 22:41:35.953 [INFO] __main__: Saved 2 records to database
2026-06-04 22:41:35.953 [INFO] __main__: Processing region 27/1149: 1:93997861-93998110
2026-06-04 22:41:36.702 [INFO] __main__:   gnomAD: 189, AF>=0.0010: 2
2026-06-04 22:41:44.356 [INFO] __main__: Saved 2 records to database
2026-06-04 22:41:44.356 [INFO] __main__: Processing region 28/1149: 1:94000836-94001992
2026-06-04 22:41:44.984 [INFO] __main__:   gnomAD: 1071, AF>=0.0010: 17
2026-06-04 22:41:46.656 [INFO] __main__: Saved 17 records to database
2026-06-04 22:41:46.656 [INFO] __main__: Processing region 29/1149: 1:94005375-94005582
2026-06-04 22:41:48.184 [INFO] __main__:   gnomAD: 131, AF>=0.0010: 2
2026-06-04 22:42:19.276 [INFO] __main__: Saved 2 records to database
2026-06-04 22:42:19.276 [INFO] __main__: Processing region 30/1149: 1:94007634-94008871
2026-06-04 22:42:20.471 [INFO] __main__:   gnomAD: 810, AF>=0.0010: 20
2026-06-04 22:42:36.693 [INFO] __main__: Saved 20 records to database
2026-06-04 22:42:36.694 [INFO] __main__: Processing region 31/1149: 1:94010800-94011385
2026-06-04 22:42:37.849 [INFO] __main__:   gnomAD: 464, AF>=0.0010: 7
2026-06-04 22:42:43.885 [INFO] __main__: Saved 7 records to database
2026-06-04 22:42:43.886 [INFO] __main__: Processing region 32/1149: 1:94014543-94014690
2026-06-04 22:42:44.353 [INFO] __main__:   gnomAD: 102, AF>=0.0010: 0
2026-06-04 22:42:44.353 [INFO] __main__: Processing region 33/1149: 1:94015739-94015854
2026-06-04 22:42:44.753 [INFO] __main__:   gnomAD: 76, AF>=0.0010: 0
2026-06-04 22:42:44.753 [INFO] __main__: Processing region 34/1149: 1:94017537-94019759
2026-06-04 22:42:45.793 [INFO] __main__:   gnomAD: 1166, AF>=0.0010: 35
2026-06-04 22:43:01.393 [INFO] __main__: Saved 35 records to database
2026-06-04 22:43:01.393 [INFO] __main__: Processing region 35/1149: 1:94021240-94021951
2026-06-04 22:43:02.478 [INFO] __main__:   gnomAD: 549, AF>=0.0010: 7
2026-06-04 22:43:05.591 [INFO] __main__: Saved 7 records to database
2026-06-04 22:43:05.592 [INFO] __main__: Processing region 36/1149: 1:94023386-94023418
2026-06-04 22:43:06.328 [INFO] __main__:   gnomAD: 25, AF>=0.0010: 0
2026-06-04 22:43:06.329 [INFO] __main__: Processing region 37/1149: 1:94024954-94025595
2026-06-04 22:43:06.823 [INFO] __main__:   gnomAD: 420, AF>=0.0010: 6
2026-06-04 22:43:14.146 [INFO] __main__: Saved 6 records to database
2026-06-04 22:43:14.147 [INFO] __main__: Processing region 38/1149: 1:94029445-94032043
2026-06-04 22:43:15.077 [INFO] __main__:   gnomAD: 1602, AF>=0.0010: 33
2026-06-04 22:44:04.385 [INFO] __main__: Saved 33 records to database
2026-06-04 22:44:04.386 [INFO] __main__: Processing region 39/1149: 1:94036740-94037350
2026-06-04 22:44:05.911 [INFO] __main__:   gnomAD: 410, AF>=0.0010: 5
2026-06-04 22:45:06.451 [ERROR] __main__: VEP batch error: 
2026-06-04 22:45:06.452 [INFO] __main__: Processing region 40/1149: 1:94040043-94040127
2026-06-04 22:45:06.920 [INFO] __main__:   gnomAD: 78, AF>=0.0010: 1
2026-06-04 22:45:09.519 [INFO] __main__: Saved 1 records to database
2026-06-04 22:45:09.519 [INFO] __main__: Processing region 41/1149: 1:94041209-94041402
2026-06-04 22:45:09.914 [INFO] __main__:   gnomAD: 136, AF>=0.0010: 0
2026-06-04 22:45:09.914 [INFO] __main__: Processing region 42/1149: 1:94042761-94043475
2026-06-04 22:45:10.552 [INFO] __main__:   gnomAD: 491, AF>=0.0010: 3
2026-06-04 22:45:19.170 [INFO] __main__: Saved 3 records to database
2026-06-04 22:45:19.171 [INFO] __main__: Processing region 43/1149: 1:94044613-94047093
2026-06-04 22:45:20.023 [INFO] __main__:   gnomAD: 1592, AF>=0.0010: 71
2026-06-04 22:45:26.210 [INFO] __main__: Saved 71 records to database
2026-06-04 22:45:26.211 [INFO] __main__: Processing region 44/1149: 1:94048868-94048957
2026-06-04 22:45:26.546 [INFO] __main__:   gnomAD: 65, AF>=0.0010: 2
2026-06-04 22:45:27.022 [INFO] __main__: Saved 2 records to database
2026-06-04 22:45:27.023 [INFO] __main__: Processing region 45/1149: 1:94051633-94051698
2026-06-04 22:45:27.356 [INFO] __main__:   gnomAD: 41, AF>=0.0010: 1
2026-06-04 22:45:32.882 [INFO] __main__: Saved 1 records to database
2026-06-04 22:45:32.882 [INFO] __main__: Processing region 46/1149: 1:94055111-94055315
2026-06-04 22:45:33.598 [INFO] __main__:   gnomAD: 128, AF>=0.0010: 1
2026-06-04 22:45:34.105 [INFO] __main__: Saved 1 records to database
2026-06-04 22:45:34.105 [INFO] __main__: Processing region 47/1149: 1:94056601-94056822
2026-06-04 22:45:34.462 [INFO] __main__:   gnomAD: 138, AF>=0.0010: 0
2026-06-04 22:45:34.462 [INFO] __main__: Processing region 48/1149: 1:94059469-94061439
2026-06-04 22:45:35.054 [INFO] __main__:   gnomAD: 1036, AF>=0.0010: 13
2026-06-04 22:45:47.988 [INFO] __main__: Saved 13 records to database
2026-06-04 22:45:47.989 [INFO] __main__: Processing region 49/1149: 1:94062577-94063317
2026-06-04 22:45:48.503 [INFO] __main__:   gnomAD: 531, AF>=0.0010: 12
2026-06-04 22:46:11.718 [INFO] __main__: Saved 12 records to database
2026-06-04 22:46:11.719 [INFO] __main__: Processing region 50/1149: 1:94077690-94079461
2026-06-04 22:46:12.703 [INFO] __main__:   gnomAD: 1277, AF>=0.0010: 37
2026-06-04 22:46:24.347 [INFO] __main__: Saved 37 records to database
2026-06-04 22:46:24.348 [INFO] __main__: Processing region 51/1149: 1:94080478-94080718
2026-06-04 22:46:24.728 [INFO] __main__:   gnomAD: 182, AF>=0.0010: 1
2026-06-04 22:46:35.663 [INFO] __main__: Saved 1 records to database
2026-06-04 22:46:35.663 [INFO] __main__: Processing region 52/1149: 1:94083352-94083441
2026-06-04 22:46:35.995 [INFO] __main__:   gnomAD: 60, AF>=0.0010: 1
2026-06-04 22:46:38.892 [INFO] __main__: Saved 1 records to database
2026-06-04 22:46:38.892 [INFO] __main__: Processing region 53/1149: 1:94098794-94098991
2026-06-04 22:46:39.243 [INFO] __main__:   gnomAD: 156, AF>=0.0010: 5
2026-06-04 22:47:07.458 [INFO] __main__: Saved 5 records to database
2026-06-04 22:47:07.458 [INFO] __main__: Processing region 54/1149: 1:94103015-94103142
2026-06-04 22:47:07.950 [INFO] __main__:   gnomAD: 95, AF>=0.0010: 3
2026-06-04 22:47:20.037 [INFO] __main__: Saved 3 records to database
2026-06-04 22:47:20.037 [INFO] __main__: Processing region 55/1149: 1:94108577-94108716
2026-06-04 22:47:20.376 [INFO] __main__:   gnomAD: 84, AF>=0.0010: 1
2026-06-04 22:47:28.401 [INFO] __main__: Saved 1 records to database
2026-06-04 22:47:28.401 [INFO] __main__: Processing region 56/1149: 1:94111438-94111579
2026-06-04 22:47:28.782 [INFO] __main__:   gnomAD: 104, AF>=0.0010: 1
2026-06-04 22:47:34.021 [INFO] __main__: Saved 1 records to database
2026-06-04 22:47:34.022 [INFO] __main__: Processing region 57/1149: 1:94112973-94113066
2026-06-04 22:47:34.397 [INFO] __main__:   gnomAD: 65, AF>=0.0010: 1
2026-06-04 22:47:35.177 [INFO] __main__: Saved 1 records to database
2026-06-04 22:47:35.178 [INFO] __main__: Processing region 58/1149: 1:94120980-94121148
2026-06-04 22:47:35.547 [INFO] __main__:   gnomAD: 160, AF>=0.0010: 2
2026-06-04 22:47:36.696 [INFO] __main__: Saved 2 records to database
2026-06-04 22:47:36.696 [INFO] __main__: Processing region 59/1149: 1:115285904-115289021
2026-06-04 22:47:37.770 [INFO] __main__:   gnomAD: 1187, AF>=0.0010: 22
2026-06-04 22:47:39.074 [INFO] __main__: Saved 22 records to database
2026-06-04 22:47:39.074 [INFO] __main__: Processing region 60/1149: 1:115291755-115292224
2026-06-04 22:47:39.446 [INFO] __main__:   gnomAD: 102, AF>=0.0010: 8
2026-06-04 22:47:43.378 [INFO] __main__: Saved 8 records to database
2026-06-04 22:47:43.378 [INFO] __main__: Processing region 61/1149: 1:115293627-115293768
2026-06-04 22:47:45.009 [INFO] __main__:   gnomAD: 135, AF>=0.0010: 2
2026-06-04 22:48:16.637 [INFO] __main__: Saved 2 records to database
2026-06-04 22:48:16.638 [INFO] __main__: Processing region 62/1149: 1:115300397-115300483
2026-06-04 22:48:19.705 [INFO] __main__:   gnomAD: 12, AF>=0.0010: 1
2026-06-04 22:48:20.464 [INFO] __main__: Saved 1 records to database
2026-06-04 22:48:20.464 [INFO] __main__: Processing region 63/1149: 1:115308116-115308378
2026-06-04 22:48:20.828 [INFO] __main__:   gnomAD: 50, AF>=0.0010: 1
2026-06-04 22:48:22.326 [INFO] __main__: Saved 1 records to database
2026-06-04 22:48:22.326 [INFO] __main__: Processing region 64/1149: 1:115316366-115316442
2026-06-04 22:48:22.640 [INFO] __main__:   gnomAD: 17, AF>=0.0010: 1
2026-06-04 22:48:34.995 [INFO] __main__: Saved 1 records to database
2026-06-04 22:48:34.995 [INFO] __main__: Processing region 65/1149: 1:115323899-115324247
2026-06-04 22:48:35.361 [INFO] __main__:   gnomAD: 64, AF>=0.0010: 0
2026-06-04 22:48:35.361 [INFO] __main__: Processing region 66/1149: 1:115327725-115327884
2026-06-04 22:48:36.936 [INFO] __main__:   gnomAD: 24, AF>=0.0010: 1
2026-06-04 22:49:04.225 [INFO] __main__: Saved 1 records to database
2026-06-04 22:49:04.225 [INFO] __main__: Processing region 67/1149: 1:115335105-115336639
2026-06-04 22:49:06.312 [INFO] __main__:   gnomAD: 291, AF>=0.0010: 9
2026-06-04 22:49:16.834 [INFO] __main__: Saved 9 records to database
2026-06-04 22:49:16.834 [INFO] __main__: Processing region 68/1149: 1:115338204-115338770
2026-06-04 22:49:17.291 [INFO] __main__:   gnomAD: 353, AF>=0.0010: 4
2026-06-04 22:49:34.352 [INFO] __main__: Saved 4 records to database
2026-06-04 22:49:34.353 [INFO] __main__: Processing region 69/1149: 1:147902795-147902861
2026-06-04 22:49:35.902 [INFO] __main__:   gnomAD: 12, AF>=0.0010: 1
2026-06-04 22:49:42.111 [INFO] __main__: Saved 1 records to database
2026-06-04 22:49:42.111 [INFO] __main__: Processing region 70/1149: 1:147907945-147909269
2026-06-04 22:49:42.812 [INFO] __main__:   gnomAD: 1188, AF>=0.0010: 6
2026-06-04 22:49:53.336 [INFO] __main__: Saved 6 records to database
2026-06-04 22:49:53.337 [INFO] __main__: Processing region 71/1149: 1:156815636-156817014
2026-06-04 22:49:54.376 [INFO] __main__:   gnomAD: 1343, AF>=0.0010: 25
2026-06-04 22:50:06.269 [INFO] __main__: Saved 25 records to database
2026-06-04 22:50:06.269 [INFO] __main__: Processing region 72/1149: 1:156837209-156837865
2026-06-04 22:50:06.725 [INFO] __main__:   gnomAD: 472, AF>=0.0010: 13
2026-06-04 22:50:17.536 [INFO] __main__: Saved 13 records to database
2026-06-04 22:50:17.536 [INFO] __main__: Processing region 73/1149: 1:156840063-156846757
2026-06-04 22:50:19.940 [INFO] __main__:   gnomAD: 6436, AF>=0.0010: 73
2026-06-04 22:50:29.203 [INFO] __main__: Saved 73 records to database
2026-06-04 22:50:29.203 [INFO] __main__: Processing region 74/1149: 1:156848921-156849460
2026-06-04 22:50:29.743 [INFO] __main__:   gnomAD: 490, AF>=0.0010: 4
2026-06-04 22:50:49.894 [INFO] __main__: Saved 4 records to database
2026-06-04 22:50:49.894 [INFO] __main__: Processing region 75/1149: 1:156851290-156852191
2026-06-04 22:50:51.919 [INFO] __main__:   gnomAD: 688, AF>=0.0010: 7
2026-06-04 22:50:52.598 [INFO] __main__: Saved 7 records to database
2026-06-04 22:50:52.599 [INFO] __main__: Processing region 76/1149: 1:156853752-156854303
2026-06-04 22:50:53.061 [INFO] __main__:   gnomAD: 399, AF>=0.0010: 1
2026-06-04 22:50:54.682 [INFO] __main__: Saved 1 records to database
2026-06-04 22:50:54.683 [INFO] __main__: Processing region 77/1149: 1:156858537-156859117
2026-06-04 22:50:55.225 [INFO] __main__:   gnomAD: 671, AF>=0.0010: 4
2026-06-04 22:51:08.110 [INFO] __main__: Saved 4 records to database
2026-06-04 22:51:08.110 [INFO] __main__: Processing region 78/1149: 1:156860815-156861146
2026-06-04 22:51:08.716 [INFO] __main__:   gnomAD: 657, AF>=0.0010: 5
2026-06-04 22:51:14.808 [INFO] __main__: Saved 5 records to database
2026-06-04 22:51:14.810 [INFO] __main__: Processing region 79/1149: 1:156864354-156866978
2026-06-04 22:51:16.021 [INFO] __main__:   gnomAD: 1495, AF>=0.0010: 24
2026-06-04 22:51:21.726 [INFO] __main__: Saved 24 records to database
2026-06-04 22:51:21.726 [INFO] __main__: Processing region 80/1149: 1:156868104-156868647
2026-06-04 22:51:22.280 [INFO] __main__:   gnomAD: 733, AF>=0.0010: 6
2026-06-04 22:51:26.479 [INFO] __main__: Saved 6 records to database
2026-06-04 22:51:26.479 [INFO] __main__: Processing region 81/1149: 1:156871623-156871755
2026-06-04 22:51:26.848 [INFO] __main__:   gnomAD: 83, AF>=0.0010: 0
2026-06-04 22:51:26.848 [INFO] __main__: Processing region 82/1149: 1:156873633-156876572
2026-06-04 22:51:28.226 [INFO] __main__:   gnomAD: 2747, AF>=0.0010: 38
2026-06-04 22:51:34.843 [INFO] __main__: Saved 38 records to database
2026-06-04 22:51:34.843 [INFO] __main__: Processing region 83/1149: 1:156879122-156881850
2026-06-04 22:51:36.057 [INFO] __main__:   gnomAD: 2463, AF>=0.0010: 30
2026-06-04 22:51:53.831 [INFO] __main__: Saved 30 records to database
2026-06-04 22:51:53.831 [INFO] __main__: Processing region 84/1149: 1:158398522-158399466
2026-06-04 22:51:54.901 [INFO] __main__:   gnomAD: 717, AF>=0.0010: 18
2026-06-04 22:52:04.847 [INFO] __main__: Saved 18 records to database
2026-06-04 22:52:04.847 [INFO] __main__: Processing region 85/1149: 1:158418210-158420927
2026-06-04 22:52:05.721 [INFO] __main__:   gnomAD: 2000, AF>=0.0010: 42
2026-06-04 22:52:06.336 [INFO] __main__: Saved 42 records to database
2026-06-04 22:52:06.336 [INFO] __main__: Processing region 86/1149: 1:158425933-158426237
2026-06-04 22:52:06.741 [INFO] __main__:   gnomAD: 193, AF>=0.0010: 2
2026-06-04 22:52:09.112 [INFO] __main__: Saved 2 records to database
2026-06-04 22:52:09.112 [INFO] __main__: Processing region 87/1149: 1:158461574-158461904
2026-06-04 22:52:09.398 [INFO] __main__:   gnomAD: 261, AF>=0.0010: 2
2026-06-04 22:52:17.469 [INFO] __main__: Saved 2 records to database
2026-06-04 22:52:17.470 [INFO] __main__: Processing region 88/1149: 1:158465406-158468979
2026-06-04 22:52:17.874 [INFO] __main__:   gnomAD: 2603, AF>=0.0010: 65
2026-06-04 22:52:24.342 [INFO] __main__: Saved 65 records to database
2026-06-04 22:52:24.343 [INFO] __main__: Processing region 89/1149: 1:158470768-158470857
2026-06-04 22:52:24.660 [INFO] __main__:   gnomAD: 48, AF>=0.0010: 0
2026-06-04 22:52:24.661 [INFO] __main__: Processing region 90/1149: 1:158472220-158472352
2026-06-04 22:52:25.002 [INFO] __main__:   gnomAD: 98, AF>=0.0010: 2
2026-06-04 22:52:34.789 [INFO] __main__: Saved 2 records to database
2026-06-04 22:52:34.791 [INFO] __main__: Processing region 91/1149: 1:158474454-158474667
2026-06-04 22:52:35.150 [INFO] __main__:   gnomAD: 124, AF>=0.0010: 5
2026-06-04 22:52:45.151 [INFO] __main__: Saved 5 records to database
2026-06-04 22:52:45.151 [INFO] __main__: Processing region 92/1149: 1:158479905-158481802
2026-06-04 22:52:45.910 [INFO] __main__:   gnomAD: 1406, AF>=0.0010: 20
2026-06-04 22:53:14.730 [INFO] __main__: Saved 20 records to database
2026-06-04 22:53:14.730 [INFO] __main__: Processing region 93/1149: 1:158544550-158549537
2026-06-04 22:53:16.452 [INFO] __main__:   gnomAD: 3455, AF>=0.0010: 71
2026-06-04 22:53:17.802 [INFO] __main__: Saved 71 records to database
2026-06-04 22:53:17.802 [INFO] __main__: Processing region 94/1149: 1:158554266-158554405
2026-06-04 22:53:18.218 [INFO] __main__:   gnomAD: 66, AF>=0.0010: 1
2026-06-04 22:53:18.809 [INFO] __main__: Saved 1 records to database
2026-06-04 22:53:18.809 [INFO] __main__: Processing region 95/1149: 1:158560606-158563626
2026-06-04 22:53:19.883 [INFO] __main__:   gnomAD: 2333, AF>=0.0010: 49
2026-06-04 22:53:20.669 [INFO] __main__: Saved 49 records to database
2026-06-04 22:53:20.669 [INFO] __main__: Processing region 96/1149: 1:158566764-158566858
2026-06-04 22:53:21.126 [INFO] __main__:   gnomAD: 68, AF>=0.0010: 3
2026-06-04 22:53:21.653 [INFO] __main__: Saved 3 records to database
2026-06-04 22:53:21.653 [INFO] __main__: Processing region 97/1149: 1:158570442-158570580
2026-06-04 22:53:22.335 [INFO] __main__:   gnomAD: 71, AF>=0.0010: 1
2026-06-04 22:53:29.684 [INFO] __main__: Saved 1 records to database
2026-06-04 22:53:29.684 [INFO] __main__: Processing region 98/1149: 1:158578919-158579899
2026-06-04 22:53:30.804 [INFO] __main__:   gnomAD: 786, AF>=0.0010: 15
2026-06-04 22:53:32.249 [INFO] __main__: Saved 15 records to database
2026-06-04 22:53:32.249 [INFO] __main__: Processing region 99/1149: 1:158605268-158612514
2026-06-04 22:53:36.392 [INFO] __main__:   gnomAD: 5250, AF>=0.0010: 81
2026-06-04 22:53:44.981 [INFO] __main__: Saved 81 records to database
2026-06-04 22:53:44.982 [INFO] __main__: Processing region 100/1149: 1:158699678-158700652
2026-06-04 22:53:45.563 [INFO] __main__:   gnomAD: 738, AF>=0.0010: 13
2026-06-04 22:54:43.445 [INFO] __main__: Saved 13 records to database
2026-06-04 22:54:43.446 [INFO] __main__: Processing region 101/1149: 1:158716327-158718163
2026-06-04 22:54:45.416 [INFO] __main__:   gnomAD: 1378, AF>=0.0010: 25
2026-06-04 22:54:46.715 [INFO] __main__: Saved 25 records to database
2026-06-04 22:54:46.715 [INFO] __main__: Processing region 102/1149: 1:158720683-158720720
2026-06-04 22:54:47.075 [INFO] __main__:   gnomAD: 26, AF>=0.0010: 0
2026-06-04 22:54:47.076 [INFO] __main__: Processing region 103/1149: 1:158747814-158747899
2026-06-04 22:54:47.502 [INFO] __main__:   gnomAD: 76, AF>=0.0010: 5
2026-06-04 22:54:47.997 [INFO] __main__: Saved 5 records to database
2026-06-04 22:54:47.997 [INFO] __main__: Processing region 104/1149: 1:158754720-158755891
2026-06-04 22:54:48.678 [INFO] __main__:   gnomAD: 878, AF>=0.0010: 25
2026-06-04 22:54:49.379 [INFO] __main__: Saved 25 records to database
2026-06-04 22:54:49.379 [INFO] __main__: Processing region 105/1149: 1:158764236-158766700
2026-06-04 22:54:50.437 [INFO] __main__:   gnomAD: 1765, AF>=0.0010: 41
2026-06-04 22:55:04.782 [INFO] __main__: Saved 41 records to database
2026-06-04 22:55:04.782 [INFO] __main__: Processing region 106/1149: 1:158772021-158772195
2026-06-04 22:55:05.172 [INFO] __main__:   gnomAD: 116, AF>=0.0010: 2
2026-06-04 22:55:38.942 [INFO] __main__: Saved 2 records to database
2026-06-04 22:55:38.943 [INFO] __main__: Processing region 107/1149: 1:158774222-158777641
2026-06-04 22:55:41.458 [INFO] __main__:   gnomAD: 2113, AF>=0.0010: 46
2026-06-04 22:55:46.065 [INFO] __main__: Saved 46 records to database
2026-06-04 22:55:46.065 [INFO] __main__: Processing region 108/1149: 1:158781170-158781204
2026-06-04 22:55:46.677 [INFO] __main__:   gnomAD: 20, AF>=0.0010: 0
2026-06-04 22:55:46.678 [INFO] __main__: Processing region 109/1149: 1:159313720-159314659
2026-06-04 22:55:47.169 [INFO] __main__:   gnomAD: 740, AF>=0.0010: 4
2026-06-04 22:55:50.983 [INFO] __main__: Saved 4 records to database
2026-06-04 22:55:50.983 [INFO] __main__: Processing region 110/1149: 1:159432204-159433138
2026-06-04 22:55:51.669 [INFO] __main__:   gnomAD: 1434, AF>=0.0010: 10
2026-06-04 22:56:05.546 [INFO] __main__: Saved 10 records to database
2026-06-04 22:56:05.547 [INFO] __main__: Processing region 111/1149: 1:159437845-159438044
2026-06-04 22:56:06.026 [INFO] __main__:   gnomAD: 227, AF>=0.0010: 6
2026-06-04 22:56:21.049 [INFO] __main__: Saved 6 records to database
2026-06-04 22:56:21.049 [INFO] __main__: Processing region 112/1149: 1:159439722-159443078
2026-06-04 22:56:25.250 [INFO] __main__:   gnomAD: 2805, AF>=0.0010: 38
2026-06-04 22:56:30.646 [INFO] __main__: Saved 38 records to database
2026-06-04 22:56:30.647 [INFO] __main__: Processing region 113/1149: 1:159535078-159536007
2026-06-04 22:56:31.461 [INFO] __main__:   gnomAD: 679, AF>=0.0010: 4
2026-06-04 22:56:49.425 [INFO] __main__: Saved 4 records to database
2026-06-04 22:56:49.426 [INFO] __main__: Processing region 114/1149: 1:247448405-247455064
2026-06-04 22:56:52.159 [INFO] __main__:   gnomAD: 6319, AF>=0.0010: 162
2026-06-04 22:56:55.039 [INFO] __main__: Saved 162 records to database
2026-06-04 22:56:55.039 [INFO] __main__: Processing region 115/1149: 1:247457639-247458105
2026-06-04 22:56:55.487 [INFO] __main__:   gnomAD: 413, AF>=0.0010: 7
2026-06-04 22:57:02.822 [INFO] __main__: Saved 7 records to database
2026-06-04 22:57:02.822 [INFO] __main__: Processing region 116/1149: 1:247588360-247589313
2026-06-04 22:57:03.338 [INFO] __main__:   gnomAD: 782, AF>=0.0010: 9
2026-06-04 22:57:04.051 [INFO] __main__: Saved 9 records to database
2026-06-04 22:57:04.051 [INFO] __main__: Processing region 117/1149: 1:247617143-247617400
2026-06-04 22:57:04.392 [INFO] __main__:   gnomAD: 81, AF>=0.0010: 5
2026-06-04 22:57:04.987 [INFO] __main__: Saved 5 records to database
2026-06-04 22:57:04.987 [INFO] __main__: Processing region 118/1149: 1:247619622-247622372
2026-06-04 22:57:05.651 [INFO] __main__:   gnomAD: 1354, AF>=0.0010: 36
2026-06-04 22:57:10.362 [INFO] __main__: Saved 36 records to database
2026-06-04 22:57:10.362 [INFO] __main__: Processing region 119/1149: 1:247670812-247673279
2026-06-04 22:57:11.245 [INFO] __main__:   gnomAD: 1827, AF>=0.0010: 26
2026-06-04 22:57:16.336 [INFO] __main__: Saved 26 records to database
2026-06-04 22:57:16.336 [INFO] __main__: Processing region 120/1149: 1:247679640-247679739
2026-06-04 22:57:16.732 [INFO] __main__:   gnomAD: 31, AF>=0.0010: 0
2026-06-04 22:57:16.732 [INFO] __main__: Processing region 121/1149: 1:247722957-247724062
2026-06-04 22:57:17.372 [INFO] __main__:   gnomAD: 705, AF>=0.0010: 17
2026-06-04 22:57:22.704 [INFO] __main__: Saved 17 records to database
2026-06-04 22:57:22.704 [INFO] __main__: Processing region 122/1149: 1:247733283-247734425
2026-06-04 22:57:26.591 [INFO] __main__:   gnomAD: 234, AF>=0.0010: 7
2026-06-04 22:57:34.748 [INFO] __main__: Saved 7 records to database
2026-06-04 22:57:34.748 [INFO] __main__: Processing region 123/1149: 1:247735484-247735556
2026-06-04 22:57:35.079 [INFO] __main__:   gnomAD: 9, AF>=0.0010: 0
2026-06-04 22:57:35.079 [INFO] __main__: Processing region 124/1149: 1:247738615-247739989
2026-06-04 22:57:35.601 [INFO] __main__:   gnomAD: 623, AF>=0.0010: 11
2026-06-04 22:57:42.589 [INFO] __main__: Saved 11 records to database
2026-06-04 22:57:42.589 [INFO] __main__: Processing region 125/1149: 1:247746203-247748141
2026-06-04 22:57:43.106 [INFO] __main__:   gnomAD: 762, AF>=0.0010: 26
2026-06-04 22:57:47.488 [INFO] __main__: Saved 26 records to database
2026-06-04 22:57:47.489 [INFO] __main__: Processing region 126/1149: 1:247814660-247815744
2026-06-04 22:57:48.184 [INFO] __main__:   gnomAD: 834, AF>=0.0010: 13
2026-06-04 22:58:23.909 [INFO] __main__: Saved 13 records to database
2026-06-04 22:58:23.914 [INFO] __main__: Processing region 127/1149: 1:247819063-247819177
2026-06-04 22:58:25.363 [INFO] __main__:   gnomAD: 47, AF>=0.0010: 0
2026-06-04 22:58:25.363 [INFO] __main__: Processing region 128/1149: 1:247823953-247824119
2026-06-04 22:58:27.434 [INFO] __main__:   gnomAD: 83, AF>=0.0010: 1
2026-06-04 22:58:30.062 [INFO] __main__: Saved 1 records to database
2026-06-04 22:58:30.062 [INFO] __main__: Processing region 129/1149: 1:247840928-247841896
2026-06-04 22:58:30.579 [INFO] __main__:   gnomAD: 691, AF>=0.0010: 14
2026-06-04 22:59:13.741 [INFO] __main__: Saved 14 records to database
2026-06-04 22:59:13.742 [INFO] __main__: Processing region 130/1149: 1:247895587-247896531
2026-06-04 22:59:14.525 [INFO] __main__:   gnomAD: 814, AF>=0.0010: 20
2026-06-04 22:59:30.447 [INFO] __main__: Saved 20 records to database
2026-06-04 22:59:30.447 [INFO] __main__: Processing region 131/1149: 1:247920252-247923152
2026-06-04 22:59:31.746 [INFO] __main__:   gnomAD: 2346, AF>=0.0010: 91
2026-06-04 22:59:43.033 [INFO] __main__: Saved 91 records to database
2026-06-04 22:59:43.034 [INFO] __main__: Processing region 132/1149: 1:247948858-247949796
2026-06-04 22:59:43.566 [INFO] __main__:   gnomAD: 758, AF>=0.0010: 26
2026-06-04 22:59:49.186 [INFO] __main__: Saved 26 records to database
2026-06-04 22:59:49.186 [INFO] __main__: Processing region 133/1149: 1:248013660-248013738
2026-06-04 22:59:49.500 [INFO] __main__:   gnomAD: 37, AF>=0.0010: 0
2026-06-04 22:59:49.500 [INFO] __main__: Processing region 134/1149: 1:248021927-248024276
2026-06-04 22:59:50.569 [INFO] __main__:   gnomAD: 1606, AF>=0.0010: 32
2026-06-04 22:59:53.597 [INFO] __main__: Saved 32 records to database
2026-06-04 22:59:53.597 [INFO] __main__: Processing region 135/1149: 1:248030070-248030235
2026-06-04 22:59:54.003 [INFO] __main__:   gnomAD: 49, AF>=0.0010: 1
2026-06-04 22:59:59.810 [INFO] __main__: Saved 1 records to database
2026-06-04 22:59:59.810 [INFO] __main__: Processing region 136/1149: 1:248035550-248035624
2026-06-04 23:00:00.177 [INFO] __main__:   gnomAD: 37, AF>=0.0010: 2
2026-06-04 23:00:12.347 [INFO] __main__: Saved 2 records to database
2026-06-04 23:00:12.347 [INFO] __main__: Processing region 137/1149: 1:248038172-248042305
2026-06-04 23:00:13.753 [INFO] __main__:   gnomAD: 2449, AF>=0.0010: 59
2026-06-04 23:00:26.850 [INFO] __main__: Saved 59 records to database
2026-06-04 23:00:26.851 [INFO] __main__: Processing region 138/1149: 1:248046836-248046880
2026-06-04 23:00:29.691 [INFO] __main__:   gnomAD: 16, AF>=0.0010: 0
2026-06-04 23:00:29.691 [INFO] __main__: Processing region 139/1149: 1:248051188-248051241
2026-06-04 23:00:30.534 [INFO] __main__:   gnomAD: 37, AF>=0.0010: 0
2026-06-04 23:00:30.535 [INFO] __main__: Processing region 140/1149: 1:248055834-248055916
2026-06-04 23:00:30.888 [INFO] __main__:   gnomAD: 36, AF>=0.0010: 2
2026-06-04 23:01:31.518 [ERROR] __main__: VEP batch error: 
2026-06-04 23:01:31.518 [INFO] __main__: Processing region 141/1149: 1:248060661-248063407
2026-06-04 23:01:32.957 [INFO] __main__:   gnomAD: 1887, AF>=0.0010: 34
2026-06-04 23:01:35.129 [INFO] __main__: Saved 34 records to database
2026-06-04 23:01:35.129 [INFO] __main__: Processing region 142/1149: 1:248095184-248095254
2026-06-04 23:01:35.610 [INFO] __main__:   gnomAD: 35, AF>=0.0010: 2
2026-06-04 23:01:36.900 [INFO] __main__: Saved 2 records to database
2026-06-04 23:01:36.900 [INFO] __main__: Processing region 143/1149: 1:248097276-248097352
2026-06-04 23:01:37.280 [INFO] __main__:   gnomAD: 45, AF>=0.0010: 1
2026-06-04 23:01:38.736 [INFO] __main__: Saved 1 records to database
2026-06-04 23:01:38.736 [INFO] __main__: Processing region 144/1149: 1:248098651-248101163
2026-06-04 23:01:39.859 [INFO] __main__:   gnomAD: 1526, AF>=0.0010: 23
2026-06-04 23:01:59.283 [INFO] __main__: Saved 23 records to database
2026-06-04 23:01:59.284 [INFO] __main__: Processing region 145/1149: 1:248145148-248146086
2026-06-04 23:02:00.111 [INFO] __main__:   gnomAD: 786, AF>=0.0010: 28
2026-06-04 23:02:24.571 [INFO] __main__: Saved 28 records to database
2026-06-04 23:02:24.571 [INFO] __main__: Processing region 146/1149: 1:248174821-248174871
2026-06-04 23:02:25.072 [INFO] __main__:   gnomAD: 14, AF>=0.0010: 0
2026-06-04 23:02:25.073 [INFO] __main__: Processing region 147/1149: 1:248177918-248177995
2026-06-04 23:02:25.405 [INFO] __main__:   gnomAD: 36, AF>=0.0010: 1
2026-06-04 23:02:29.491 [INFO] __main__: Saved 1 records to database
2026-06-04 23:02:29.491 [INFO] __main__: Processing region 148/1149: 1:248179968-248181067
2026-06-04 23:02:30.162 [INFO] __main__:   gnomAD: 884, AF>=0.0010: 12
2026-06-04 23:02:45.614 [INFO] __main__: Saved 12 records to database
2026-06-04 23:02:45.614 [INFO] __main__: Processing region 149/1149: 1:248197265-248197301
2026-06-04 23:02:46.201 [INFO] __main__:   gnomAD: 14, AF>=0.0010: 0
2026-06-04 23:02:46.201 [INFO] __main__: Processing region 150/1149: 1:248203030-248212925
2026-06-04 23:02:48.342 [INFO] __main__:   gnomAD: 5723, AF>=0.0010: 249
2026-06-04 23:03:08.530 [INFO] __main__: Saved 200 records to database
2026-06-04 23:03:23.474 [INFO] __main__: Saved 49 records to database
2026-06-04 23:03:23.474 [INFO] __main__: Processing region 151/1149: 1:248231417-248231580
2026-06-04 23:03:24.225 [INFO] __main__:   gnomAD: 82, AF>=0.0010: 3
2026-06-04 23:03:40.790 [INFO] __main__: Saved 3 records to database
2026-06-04 23:03:40.790 [INFO] __main__: Processing region 152/1149: 1:248238910-248244679
2026-06-04 23:03:42.072 [INFO] __main__:   gnomAD: 3358, AF>=0.0010: 55
2026-06-04 23:03:49.992 [INFO] __main__: Saved 55 records to database
2026-06-04 23:03:49.993 [INFO] __main__: Processing region 153/1149: 1:248269917-248273836
2026-06-04 23:03:51.158 [INFO] __main__:   gnomAD: 2708, AF>=0.0010: 80
2026-06-04 23:04:23.364 [INFO] __main__: Saved 80 records to database
2026-06-04 23:04:23.364 [INFO] __main__: Processing region 154/1149: 1:248277765-248277976
2026-06-04 23:04:24.141 [INFO] __main__:   gnomAD: 100, AF>=0.0010: 2
2026-06-04 23:04:32.654 [INFO] __main__: Saved 2 records to database
2026-06-04 23:04:32.654 [INFO] __main__: Processing region 155/1149: 1:248290139-248295586
2026-06-04 23:04:34.222 [INFO] __main__:   gnomAD: 3443, AF>=0.0010: 91
2026-06-04 23:04:37.660 [INFO] __main__: Saved 91 records to database
2026-06-04 23:04:37.660 [INFO] __main__: Processing region 156/1149: 1:248301373-248301553
2026-06-04 23:04:38.059 [INFO] __main__:   gnomAD: 51, AF>=0.0010: 1
2026-06-04 23:04:44.215 [INFO] __main__: Saved 1 records to database
2026-06-04 23:04:44.216 [INFO] __main__: Processing region 157/1149: 1:248303346-248303424
2026-06-04 23:04:44.591 [INFO] __main__:   gnomAD: 33, AF>=0.0010: 1
2026-06-04 23:05:00.245 [INFO] __main__: Saved 1 records to database
2026-06-04 23:05:00.246 [INFO] __main__: Processing region 158/1149: 1:248323630-248324568
2026-06-04 23:05:01.364 [INFO] __main__:   gnomAD: 719, AF>=0.0010: 17
2026-06-04 23:05:50.310 [INFO] __main__: Saved 17 records to database
2026-06-04 23:05:50.310 [INFO] __main__: Processing region 159/1149: 1:248348775-248349713
2026-06-04 23:05:51.225 [INFO] __main__:   gnomAD: 689, AF>=0.0010: 9
2026-06-04 23:06:20.793 [INFO] __main__: Saved 9 records to database
2026-06-04 23:06:20.793 [INFO] __main__: Processing region 160/1149: 1:248361665-248362627
2026-06-04 23:06:21.463 [INFO] __main__:   gnomAD: 758, AF>=0.0010: 32
2026-06-04 23:06:30.227 [INFO] __main__: Saved 32 records to database
2026-06-04 23:06:30.227 [INFO] __main__: Processing region 161/1149: 1:248375746-248376054
2026-06-04 23:06:30.587 [INFO] __main__:   gnomAD: 138, AF>=0.0010: 6
2026-06-04 23:07:19.802 [INFO] __main__: Saved 6 records to database
2026-06-04 23:07:19.803 [INFO] __main__: Processing region 162/1149: 1:248384711-248384864
2026-06-04 23:07:20.615 [INFO] __main__:   gnomAD: 124, AF>=0.0010: 9
2026-06-04 23:07:26.066 [INFO] __main__: Saved 9 records to database
2026-06-04 23:07:26.066 [INFO] __main__: Processing region 163/1149: 1:248387605-248391811
2026-06-04 23:07:27.121 [INFO] __main__:   gnomAD: 2616, AF>=0.0010: 73
2026-06-04 23:07:28.038 [INFO] __main__: Saved 73 records to database
2026-06-04 23:07:28.038 [INFO] __main__: Processing region 164/1149: 1:248403048-248403245
2026-06-04 23:07:29.940 [INFO] __main__:   gnomAD: 84, AF>=0.0010: 2
2026-06-04 23:07:34.685 [INFO] __main__: Saved 2 records to database
2026-06-04 23:07:34.685 [INFO] __main__: Processing region 165/1149: 1:248406115-248408020
2026-06-04 23:07:35.517 [INFO] __main__:   gnomAD: 1985, AF>=0.0010: 32
2026-06-04 23:07:38.498 [INFO] __main__: Saved 32 records to database
2026-06-04 23:07:38.498 [INFO] __main__: Processing region 166/1149: 1:248445512-248446811
2026-06-04 23:07:39.210 [INFO] __main__:   gnomAD: 1032, AF>=0.0010: 56
2026-06-04 23:07:47.283 [INFO] __main__: Saved 56 records to database
2026-06-04 23:07:47.284 [INFO] __main__: Processing region 167/1149: 1:248449194-248449392
2026-06-04 23:07:47.683 [INFO] __main__:   gnomAD: 166, AF>=0.0010: 9
2026-06-04 23:08:22.046 [INFO] __main__: Saved 9 records to database
2026-06-04 23:08:22.047 [INFO] __main__: Processing region 168/1149: 1:248452776-248455725
2026-06-04 23:08:23.620 [INFO] __main__:   gnomAD: 2748, AF>=0.0010: 105
2026-06-04 23:08:26.312 [INFO] __main__: Saved 105 records to database
2026-06-04 23:08:26.313 [INFO] __main__: Processing region 169/1149: 1:248473351-248474307
2026-06-04 23:08:26.937 [INFO] __main__:   gnomAD: 1067, AF>=0.0010: 31
2026-06-04 23:08:30.704 [INFO] __main__: Saved 31 records to database
2026-06-04 23:08:30.704 [INFO] __main__: Processing region 170/1149: 1:248488589-248491113
2026-06-04 23:08:31.328 [INFO] __main__:   gnomAD: 954, AF>=0.0010: 27
2026-06-04 23:08:48.014 [INFO] __main__: Saved 27 records to database
2026-06-04 23:08:48.015 [INFO] __main__: Processing region 171/1149: 1:248556912-248559516
2026-06-04 23:08:49.370 [INFO] __main__:   gnomAD: 1876, AF>=0.0010: 79
2026-06-04 23:09:19.369 [INFO] __main__: Saved 79 records to database
2026-06-04 23:09:19.369 [INFO] __main__: Processing region 172/1149: 1:248562600-248563494
2026-06-04 23:09:19.930 [INFO] __main__:   gnomAD: 374, AF>=0.0010: 14
2026-06-04 23:09:29.570 [INFO] __main__: Saved 14 records to database
2026-06-04 23:09:29.570 [INFO] __main__: Processing region 173/1149: 1:248573801-248574757
2026-06-04 23:09:30.247 [INFO] __main__:   gnomAD: 1128, AF>=0.0010: 32
2026-06-04 23:09:57.769 [INFO] __main__: Saved 32 records to database
2026-06-04 23:09:57.769 [INFO] __main__: Processing region 174/1149: 1:248590487-248593799
2026-06-04 23:09:58.989 [INFO] __main__:   gnomAD: 2020, AF>=0.0010: 51
2026-06-04 23:10:27.851 [INFO] __main__: Saved 51 records to database
2026-06-04 23:10:27.851 [INFO] __main__: Processing region 175/1149: 1:248594925-248595033
2026-06-04 23:10:28.462 [INFO] __main__:   gnomAD: 58, AF>=0.0010: 1
2026-06-04 23:10:29.744 [INFO] __main__: Saved 1 records to database
2026-06-04 23:10:29.744 [INFO] __main__: Processing region 176/1149: 1:248597492-248597700
2026-06-04 23:10:30.187 [INFO] __main__:   gnomAD: 87, AF>=0.0010: 3
2026-06-04 23:10:48.390 [INFO] __main__: Saved 3 records to database
2026-06-04 23:10:48.390 [INFO] __main__: Processing region 177/1149: 1:248623557-248627272
2026-06-04 23:10:49.548 [INFO] __main__:   gnomAD: 2766, AF>=0.0010: 50
2026-06-04 23:10:54.256 [INFO] __main__: Saved 50 records to database
2026-06-04 23:10:54.256 [INFO] __main__: Processing region 178/1149: 1:248635038-248635091
2026-06-04 23:10:54.606 [INFO] __main__:   gnomAD: 22, AF>=0.0010: 2
2026-06-04 23:11:28.431 [INFO] __main__: Saved 2 records to database
2026-06-04 23:11:28.432 [INFO] __main__: Processing region 179/1149: 1:248636356-248639280
2026-06-04 23:11:30.088 [INFO] __main__:   gnomAD: 3068, AF>=0.0010: 117
2026-06-04 23:11:43.999 [INFO] __main__: Saved 117 records to database
2026-06-04 23:11:44.000 [INFO] __main__: Processing region 180/1149: 1:248642666-248642974
2026-06-04 23:11:44.367 [INFO] __main__:   gnomAD: 116, AF>=0.0010: 13
2026-06-04 23:11:52.430 [INFO] __main__: Saved 13 records to database
2026-06-04 23:11:52.430 [INFO] __main__: Processing region 181/1149: 1:248645247-248645278
2026-06-04 23:11:52.770 [INFO] __main__:   gnomAD: 20, AF>=0.0010: 1
2026-06-04 23:11:53.355 [INFO] __main__: Saved 1 records to database
2026-06-04 23:11:53.355 [INFO] __main__: Processing region 182/1149: 1:248678138-248682328
2026-06-04 23:11:54.081 [INFO] __main__:   gnomAD: 1422, AF>=0.0010: 75
2026-06-04 23:11:57.905 [INFO] __main__: Saved 75 records to database
2026-06-04 23:11:57.905 [INFO] __main__: Processing region 183/1149: 1:248685452-248685566
2026-06-04 23:11:58.239 [INFO] __main__:   gnomAD: 36, AF>=0.0010: 4
2026-06-04 23:11:58.771 [INFO] __main__: Saved 4 records to database
2026-06-04 23:11:58.771 [INFO] __main__: Processing region 184/1149: 1:248691721-248692770
2026-06-04 23:11:59.405 [INFO] __main__:   gnomAD: 1191, AF>=0.0010: 21
2026-06-04 23:12:14.490 [INFO] __main__: Saved 21 records to database
2026-06-04 23:12:14.491 [INFO] __main__: Processing region 185/1149: 1:248695857-248697502
2026-06-04 23:12:18.333 [INFO] __main__:   gnomAD: 567, AF>=0.0010: 20
2026-06-04 23:12:28.671 [INFO] __main__: Saved 20 records to database
2026-06-04 23:12:28.672 [INFO] __main__: Processing region 186/1149: 1:248698847-248699117
2026-06-04 23:12:29.050 [INFO] __main__:   gnomAD: 129, AF>=0.0010: 2
2026-06-04 23:12:29.700 [INFO] __main__: Saved 2 records to database
2026-06-04 23:12:29.701 [INFO] __main__: Processing region 187/1149: 1:248701911-248702766
2026-06-04 23:12:30.084 [INFO] __main__:   gnomAD: 202, AF>=0.0010: 15
2026-06-04 23:12:33.469 [INFO] __main__: Saved 15 records to database
2026-06-04 23:12:33.469 [INFO] __main__: Processing region 188/1149: 10:45302298-45304500
2026-06-04 23:12:35.350 [INFO] __main__:   gnomAD: 1952, AF>=0.0010: 26
2026-06-04 23:12:53.076 [INFO] __main__: Saved 26 records to database
2026-06-04 23:12:53.077 [INFO] __main__: Processing region 189/1149: 10:45305688-45305919
2026-06-04 23:12:53.684 [INFO] __main__:   gnomAD: 47, AF>=0.0010: 4
2026-06-04 23:12:55.364 [INFO] __main__: Saved 4 records to database
2026-06-04 23:12:55.364 [INFO] __main__: Processing region 190/1149: 10:45307426-45310448
2026-06-04 23:12:56.150 [INFO] __main__:   gnomAD: 1026, AF>=0.0010: 26
2026-06-04 23:13:04.284 [INFO] __main__: Saved 26 records to database
2026-06-04 23:13:04.284 [INFO] __main__: Processing region 191/1149: 10:45315524-45315608
2026-06-04 23:13:04.609 [INFO] __main__:   gnomAD: 37, AF>=0.0010: 0
2026-06-04 23:13:04.609 [INFO] __main__: Processing region 192/1149: 10:71396920-71397318
2026-06-04 23:13:05.245 [INFO] __main__:   gnomAD: 905, AF>=0.0010: 9
2026-06-04 23:13:18.457 [INFO] __main__: Saved 9 records to database
2026-06-04 23:13:18.457 [INFO] __main__: Processing region 193/1149: 10:71439827-71439898
2026-06-04 23:13:18.829 [INFO] __main__:   gnomAD: 138, AF>=0.0010: 2
2026-06-04 23:13:24.304 [INFO] __main__: Saved 2 records to database
2026-06-04 23:13:24.304 [INFO] __main__: Processing region 194/1149: 10:71446318-71446395
2026-06-04 23:13:24.671 [INFO] __main__:   gnomAD: 49, AF>=0.0010: 0
2026-06-04 23:13:24.672 [INFO] __main__: Processing region 195/1149: 10:71472878-71474189
2026-06-04 23:13:25.164 [INFO] __main__:   gnomAD: 265, AF>=0.0010: 10
2026-06-04 23:13:48.891 [INFO] __main__: Saved 10 records to database
2026-06-04 23:13:48.892 [INFO] __main__: Processing region 196/1149: 10:71508153-71508338
2026-06-04 23:13:49.509 [INFO] __main__:   gnomAD: 88, AF>=0.0010: 0
2026-06-04 23:13:49.510 [INFO] __main__: Processing region 197/1149: 10:71509915-71512317
2026-06-04 23:13:50.597 [INFO] __main__:   gnomAD: 1832, AF>=0.0010: 42
2026-06-04 23:13:57.071 [INFO] __main__: Saved 42 records to database
2026-06-04 23:13:57.072 [INFO] __main__: Processing region 198/1149: 10:71551029-71551536
2026-06-04 23:13:57.440 [INFO] __main__:   gnomAD: 112, AF>=0.0010: 5
2026-06-04 23:13:58.257 [INFO] __main__: Saved 5 records to database
2026-06-04 23:13:58.258 [INFO] __main__: Processing region 199/1149: 10:71553558-71553709
2026-06-04 23:13:58.590 [INFO] __main__:   gnomAD: 36, AF>=0.0010: 0
2026-06-04 23:13:58.591 [INFO] __main__: Processing region 200/1149: 10:71566742-71566936
2026-06-04 23:13:58.973 [INFO] __main__:   gnomAD: 166, AF>=0.0010: 1
2026-06-04 23:14:45.262 [INFO] __main__: Saved 1 records to database
2026-06-04 23:14:45.262 [INFO] __main__: Processing region 201/1149: 10:71570790-71570918
2026-06-04 23:14:46.547 [INFO] __main__:   gnomAD: 67, AF>=0.0010: 0
2026-06-04 23:14:46.547 [INFO] __main__: Processing region 202/1149: 10:71577914-71577992
2026-06-04 23:14:46.889 [INFO] __main__:   gnomAD: 104, AF>=0.0010: 0
2026-06-04 23:14:46.889 [INFO] __main__: Processing region 203/1149: 10:71615504-71615616
2026-06-04 23:14:47.215 [INFO] __main__:   gnomAD: 71, AF>=0.0010: 1
2026-06-04 23:15:03.617 [INFO] __main__: Saved 1 records to database
2026-06-04 23:15:03.617 [INFO] __main__: Processing region 204/1149: 10:71617205-71617393
2026-06-04 23:15:04.364 [INFO] __main__:   gnomAD: 113, AF>=0.0010: 4
2026-06-04 23:15:13.721 [INFO] __main__: Saved 4 records to database
2026-06-04 23:15:13.721 [INFO] __main__: Processing region 205/1149: 10:71635238-71635297
2026-06-04 23:15:14.205 [INFO] __main__:   gnomAD: 56, AF>=0.0010: 0
2026-06-04 23:15:14.206 [INFO] __main__: Processing region 206/1149: 10:71638429-71638525
2026-06-04 23:15:14.671 [INFO] __main__:   gnomAD: 26, AF>=0.0010: 1
2026-06-04 23:15:18.363 [INFO] __main__: Saved 1 records to database
2026-06-04 23:15:18.363 [INFO] __main__: Processing region 207/1149: 10:71641145-71641520
2026-06-04 23:15:18.844 [INFO] __main__:   gnomAD: 97, AF>=0.0010: 5
2026-06-04 23:15:30.539 [INFO] __main__: Saved 5 records to database
2026-06-04 23:15:30.539 [INFO] __main__: Processing region 208/1149: 10:71643861-71643866
2026-06-04 23:15:30.887 [INFO] __main__:   gnomAD: 2, AF>=0.0010: 0
2026-06-04 23:15:30.888 [INFO] __main__: Processing region 209/1149: 10:71645831-71647908
2026-06-04 23:15:35.127 [INFO] __main__:   gnomAD: 1440, AF>=0.0010: 32
2026-06-04 23:15:46.797 [INFO] __main__: Saved 32 records to database
2026-06-04 23:15:46.798 [INFO] __main__: Processing region 210/1149: 10:71675112-71675176
2026-06-04 23:15:47.129 [INFO] __main__:   gnomAD: 39, AF>=0.0010: 2
2026-06-04 23:15:51.629 [INFO] __main__: Saved 2 records to database
2026-06-04 23:15:51.630 [INFO] __main__: Processing region 211/1149: 10:71677456-71677693
2026-06-04 23:15:52.030 [INFO] __main__:   gnomAD: 224, AF>=0.0010: 0
2026-06-04 23:15:52.030 [INFO] __main__: Processing region 212/1149: 10:71679387-71679492
2026-06-04 23:15:52.400 [INFO] __main__:   gnomAD: 67, AF>=0.0010: 0
2026-06-04 23:15:52.401 [INFO] __main__: Processing region 213/1149: 10:71682445-71682572
2026-06-04 23:15:52.739 [INFO] __main__:   gnomAD: 89, AF>=0.0010: 0
2026-06-04 23:15:52.739 [INFO] __main__: Processing region 214/1149: 10:71687647-71687719
2026-06-04 23:15:53.080 [INFO] __main__:   gnomAD: 48, AF>=0.0010: 0
2026-06-04 23:15:53.080 [INFO] __main__: Processing region 215/1149: 10:71690468-71690584
2026-06-04 23:15:53.437 [WARNING] __main__: gnomAD 429 for 10:71690468-71690584 (attempt 1/4)
2026-06-04 23:15:53.437 [INFO] __main__: Retrying gnomAD 10:71690468-71690584 in 2s...
2026-06-04 23:15:55.807 [WARNING] __main__: gnomAD 429 for 10:71690468-71690584 (attempt 2/4)
2026-06-04 23:15:55.808 [INFO] __main__: Retrying gnomAD 10:71690468-71690584 in 3s...
2026-06-04 23:15:59.180 [WARNING] __main__: gnomAD 429 for 10:71690468-71690584 (attempt 3/4)
2026-06-04 23:15:59.181 [INFO] __main__: Retrying gnomAD 10:71690468-71690584 in 5s...
2026-06-04 23:16:04.586 [WARNING] __main__: gnomAD 429 for 10:71690468-71690584 (attempt 4/4)
2026-06-04 23:16:04.587 [INFO] __main__:   gnomAD: 0, AF>=0.0010: 0
2026-06-04 23:16:04.587 [INFO] __main__: Processing region 216/1149: 10:71694147-71694259
2026-06-04 23:16:04.959 [WARNING] __main__: gnomAD 429 for 10:71694147-71694259 (attempt 1/4)
2026-06-04 23:16:04.960 [INFO] __main__: Retrying gnomAD 10:71694147-71694259 in 2s...
2026-06-04 23:16:07.334 [INFO] __main__:   gnomAD: 86, AF>=0.0010: 2
2026-06-04 23:16:37.562 [INFO] __main__: Saved 2 records to database
2026-06-04 23:16:37.562 [INFO] __main__: Processing region 217/1149: 10:71695418-71695525
2026-06-04 23:16:38.696 [INFO] __main__:   gnomAD: 90, AF>=0.0010: 3
2026-06-04 23:16:42.782 [INFO] __main__: Saved 3 records to database
2026-06-04 23:16:42.782 [INFO] __main__: Processing region 218/1149: 10:71702022-71702694
2026-06-04 23:16:43.317 [INFO] __main__:   gnomAD: 554, AF>=0.0010: 5
2026-06-04 23:16:45.037 [INFO] __main__: Saved 5 records to database
2026-06-04 23:16:45.038 [INFO] __main__: Processing region 219/1149: 10:71704424-71705130
2026-06-04 23:16:47.539 [INFO] __main__:   gnomAD: 482, AF>=0.0010: 9
2026-06-04 23:17:12.688 [INFO] __main__: Saved 9 records to database
2026-06-04 23:17:12.688 [INFO] __main__: Processing region 220/1149: 10:71706897-71707510
2026-06-04 23:17:16.646 [INFO] __main__:   gnomAD: 666, AF>=0.0010: 10
2026-06-04 23:17:25.520 [INFO] __main__: Saved 10 records to database
2026-06-04 23:17:25.520 [INFO] __main__: Processing region 221/1149: 10:71709006-71709248
2026-06-04 23:17:25.895 [INFO] __main__:   gnomAD: 220, AF>=0.0010: 2
2026-06-04 23:17:27.612 [INFO] __main__: Saved 2 records to database
2026-06-04 23:17:27.613 [INFO] __main__: Processing region 222/1149: 10:71711701-71718308
2026-06-04 23:17:30.127 [INFO] __main__:   gnomAD: 6477, AF>=0.0010: 58
2026-06-04 23:17:54.001 [INFO] __main__: Saved 58 records to database
2026-06-04 23:17:54.001 [INFO] __main__: Processing region 223/1149: 10:71719627-71719778
2026-06-04 23:17:54.789 [INFO] __main__:   gnomAD: 211, AF>=0.0010: 6
2026-06-04 23:17:56.823 [INFO] __main__: Saved 6 records to database
2026-06-04 23:17:56.823 [INFO] __main__: Processing region 224/1149: 10:71724045-71724105
2026-06-04 23:17:57.229 [INFO] __main__:   gnomAD: 116, AF>=0.0010: 0
2026-06-04 23:17:57.229 [INFO] __main__: Processing region 225/1149: 10:71725372-71725520
2026-06-04 23:17:57.598 [INFO] __main__:   gnomAD: 107, AF>=0.0010: 2
2026-06-04 23:18:04.130 [INFO] __main__: Saved 2 records to database
2026-06-04 23:18:04.131 [INFO] __main__: Processing region 226/1149: 10:71730469-71730604
2026-06-04 23:18:04.536 [INFO] __main__:   gnomAD: 93, AF>=0.0010: 3
2026-06-04 23:18:07.308 [INFO] __main__: Saved 3 records to database
2026-06-04 23:18:07.309 [INFO] __main__: Processing region 227/1149: 10:71731987-71732723
2026-06-04 23:18:08.536 [INFO] __main__:   gnomAD: 677, AF>=0.0010: 9
2026-06-04 23:18:23.392 [INFO] __main__: Saved 9 records to database
2026-06-04 23:18:23.392 [INFO] __main__: Processing region 228/1149: 10:71734240-71734658
2026-06-04 23:18:23.822 [INFO] __main__:   gnomAD: 445, AF>=0.0010: 8
2026-06-04 23:18:54.432 [INFO] __main__: Saved 8 records to database
2026-06-04 23:18:54.432 [INFO] __main__: Processing region 229/1149: 10:71737728-71739772
2026-06-04 23:18:55.323 [INFO] __main__:   gnomAD: 1255, AF>=0.0010: 38
2026-06-04 23:19:22.353 [INFO] __main__: Saved 38 records to database
2026-06-04 23:19:22.354 [INFO] __main__: Processing region 230/1149: 10:71740822-71742036
2026-06-04 23:19:23.578 [INFO] __main__:   gnomAD: 884, AF>=0.0010: 14
2026-06-04 23:19:32.545 [INFO] __main__: Saved 14 records to database
2026-06-04 23:19:32.545 [INFO] __main__: Processing region 231/1149: 10:71747556-71751861
2026-06-04 23:19:33.965 [INFO] __main__:   gnomAD: 4510, AF>=0.0010: 58
2026-06-04 23:19:55.999 [INFO] __main__: Saved 58 records to database
2026-06-04 23:19:56.000 [INFO] __main__: Processing region 232/1149: 10:71752975-71753002
2026-06-04 23:19:56.556 [INFO] __main__:   gnomAD: 20, AF>=0.0010: 0
2026-06-04 23:19:56.557 [INFO] __main__: Processing region 233/1149: 10:71755359-71755466
2026-06-04 23:19:56.897 [INFO] __main__:   gnomAD: 94, AF>=0.0010: 1
2026-06-04 23:20:10.169 [INFO] __main__: Saved 1 records to database
2026-06-04 23:20:10.169 [INFO] __main__: Processing region 234/1149: 10:71757578-71757630
2026-06-04 23:20:10.506 [INFO] __main__:   gnomAD: 45, AF>=0.0010: 0
2026-06-04 23:20:10.506 [INFO] __main__: Processing region 235/1149: 10:71760482-71762738
2026-06-04 23:20:11.303 [INFO] __main__:   gnomAD: 1630, AF>=0.0010: 18
2026-06-04 23:20:19.570 [INFO] __main__: Saved 18 records to database
2026-06-04 23:20:19.570 [INFO] __main__: Processing region 236/1149: 10:71770102-71770137
2026-06-04 23:20:19.876 [INFO] __main__:   gnomAD: 10, AF>=0.0010: 0
2026-06-04 23:20:19.877 [INFO] __main__: Processing region 237/1149: 10:71773353-71773608
2026-06-04 23:20:20.326 [INFO] __main__:   gnomAD: 445, AF>=0.0010: 6
2026-06-04 23:20:26.581 [INFO] __main__: Saved 6 records to database
2026-06-04 23:20:26.581 [INFO] __main__: Processing region 238/1149: 10:71776544-71779447
2026-06-04 23:20:27.342 [INFO] __main__:   gnomAD: 1670, AF>=0.0010: 40
2026-06-04 23:20:31.657 [INFO] __main__: Saved 40 records to database
2026-06-04 23:20:31.657 [INFO] __main__: Processing region 239/1149: 10:71783135-71785738
2026-06-04 23:20:32.501 [INFO] __main__:   gnomAD: 1647, AF>=0.0010: 28
2026-06-04 23:20:37.736 [INFO] __main__: Saved 28 records to database
2026-06-04 23:20:37.737 [INFO] __main__: Processing region 240/1149: 10:71788940-71789042
2026-06-04 23:20:38.104 [INFO] __main__:   gnomAD: 128, AF>=0.0010: 1
2026-06-04 23:20:47.532 [INFO] __main__: Saved 1 records to database
2026-06-04 23:20:47.533 [INFO] __main__: Processing region 241/1149: 10:71790288-71791335
2026-06-04 23:20:48.276 [INFO] __main__:   gnomAD: 1140, AF>=0.0010: 11
2026-06-04 23:20:53.341 [INFO] __main__: Saved 11 records to database
2026-06-04 23:20:53.342 [INFO] __main__: Processing region 242/1149: 10:71793182-71797220
2026-06-04 23:20:56.661 [INFO] __main__:   gnomAD: 3357, AF>=0.0010: 48
2026-06-04 23:21:02.208 [INFO] __main__: Saved 48 records to database
2026-06-04 23:21:02.208 [INFO] __main__: Processing region 243/1149: 10:71798354-71799629
2026-06-04 23:21:02.980 [INFO] __main__:   gnomAD: 929, AF>=0.0010: 15
2026-06-04 23:21:03.690 [INFO] __main__: Saved 15 records to database
2026-06-04 23:21:03.690 [INFO] __main__: Processing region 244/1149: 10:71800636-71800755
2026-06-04 23:21:04.032 [INFO] __main__:   gnomAD: 81, AF>=0.0010: 1
2026-06-04 23:21:09.592 [INFO] __main__: Saved 1 records to database
2026-06-04 23:21:09.592 [INFO] __main__: Processing region 245/1149: 10:71802898-71803420
2026-06-04 23:21:10.531 [INFO] __main__:   gnomAD: 518, AF>=0.0010: 5
2026-06-04 23:21:12.695 [INFO] __main__: Saved 5 records to database
2026-06-04 23:21:12.695 [INFO] __main__: Processing region 246/1149: 10:71805806-71808007
2026-06-04 23:21:13.604 [INFO] __main__:   gnomAD: 1998, AF>=0.0010: 29
2026-06-04 23:21:23.604 [INFO] __main__: Saved 29 records to database
2026-06-04 23:21:23.605 [INFO] __main__: Processing region 247/1149: 10:71809820-71813348
2026-06-04 23:21:36.842 [INFO] __main__:   gnomAD: 3271, AF>=0.0010: 45
2026-06-04 23:21:36.964 [ERROR] __main__: VEP batch error: Server disconnected
2026-06-04 23:21:36.965 [INFO] __main__: Processing region 248/1149: 10:71814952-71815947
2026-06-04 23:21:39.078 [INFO] __main__:   gnomAD: 1310, AF>=0.0010: 17
2026-06-04 23:21:42.802 [INFO] __main__: Saved 17 records to database
2026-06-04 23:21:42.802 [INFO] __main__: Processing region 249/1149: 11:4367263-4368386
2026-06-04 23:21:43.958 [INFO] __main__:   gnomAD: 1040, AF>=0.0010: 9
2026-06-04 23:22:05.658 [INFO] __main__: Saved 9 records to database
2026-06-04 23:22:05.659 [INFO] __main__: Processing region 250/1149: 11:4449295-4450361
2026-06-04 23:22:06.886 [INFO] __main__:   gnomAD: 1026, AF>=0.0010: 18
2026-06-04 23:22:07.849 [INFO] __main__: Saved 18 records to database
2026-06-04 23:22:07.849 [INFO] __main__: Processing region 251/1149: 11:4482646-4483176
2026-06-04 23:22:08.336 [INFO] __main__:   gnomAD: 533, AF>=0.0010: 6
2026-06-04 23:22:11.153 [INFO] __main__: Saved 6 records to database
2026-06-04 23:22:11.153 [INFO] __main__: Processing region 252/1149: 11:4484530-4484638
2026-06-04 23:22:11.853 [INFO] __main__:   gnomAD: 24, AF>=0.0010: 1
2026-06-04 23:22:26.253 [INFO] __main__: Saved 1 records to database
2026-06-04 23:22:26.254 [INFO] __main__: Processing region 253/1149: 11:4488573-4493497
2026-06-04 23:22:29.610 [INFO] __main__:   gnomAD: 4016, AF>=0.0010: 68
2026-06-04 23:22:38.565 [INFO] __main__: Saved 68 records to database
2026-06-04 23:22:38.566 [INFO] __main__: Processing region 254/1149: 11:4545191-4546144
2026-06-04 23:22:40.506 [INFO] __main__:   gnomAD: 1082, AF>=0.0010: 23
2026-06-04 23:22:52.103 [INFO] __main__: Saved 23 records to database
2026-06-04 23:22:52.104 [INFO] __main__: Processing region 255/1149: 11:4581743-4581864
2026-06-04 23:22:54.922 [INFO] __main__:   gnomAD: 79, AF>=0.0010: 2
2026-06-04 23:22:58.214 [INFO] __main__: Saved 2 records to database
2026-06-04 23:22:58.214 [INFO] __main__: Processing region 256/1149: 11:4586791-4595013
2026-06-04 23:23:02.839 [INFO] __main__:   gnomAD: 5336, AF>=0.0010: 126
2026-06-04 23:23:12.539 [INFO] __main__: Saved 126 records to database
2026-06-04 23:23:12.540 [INFO] __main__: Processing region 257/1149: 11:4643420-4644030
2026-06-04 23:23:13.037 [INFO] __main__:   gnomAD: 576, AF>=0.0010: 10
2026-06-04 23:23:34.260 [INFO] __main__: Saved 10 records to database
2026-06-04 23:23:34.261 [INFO] __main__: Processing region 258/1149: 11:4652488-4655488
2026-06-04 23:23:36.226 [INFO] __main__:   gnomAD: 2023, AF>=0.0010: 37
2026-06-04 23:23:36.860 [INFO] __main__: Saved 37 records to database
2026-06-04 23:23:36.861 [INFO] __main__: Processing region 259/1149: 11:4680171-4682761
2026-06-04 23:23:40.566 [INFO] __main__:   gnomAD: 2163, AF>=0.0010: 42
2026-06-04 23:23:49.205 [INFO] __main__: Saved 42 records to database
2026-06-04 23:23:49.205 [INFO] __main__: Processing region 260/1149: 11:4685058-4685856
2026-06-04 23:23:50.026 [INFO] __main__:   gnomAD: 327, AF>=0.0010: 8
2026-06-04 23:23:51.358 [INFO] __main__: Saved 8 records to database
2026-06-04 23:23:51.358 [INFO] __main__: Processing region 261/1149: 11:4690423-4691687
2026-06-04 23:23:51.903 [INFO] __main__:   gnomAD: 815, AF>=0.0010: 12
2026-06-04 23:23:53.174 [INFO] __main__: Saved 12 records to database
2026-06-04 23:23:53.175 [INFO] __main__: Processing region 262/1149: 11:4697653-4697854
2026-06-04 23:23:53.526 [INFO] __main__:   gnomAD: 157, AF>=0.0010: 2
2026-06-04 23:23:54.780 [INFO] __main__: Saved 2 records to database
2026-06-04 23:23:54.780 [INFO] __main__: Processing region 263/1149: 11:4768979-4769938
2026-06-04 23:23:55.391 [INFO] __main__:   gnomAD: 829, AF>=0.0010: 25
2026-06-04 23:24:00.427 [INFO] __main__: Saved 25 records to database
2026-06-04 23:24:00.427 [INFO] __main__: Processing region 264/1149: 11:4803433-4804380
2026-06-04 23:24:01.020 [INFO] __main__:   gnomAD: 708, AF>=0.0010: 17
2026-06-04 23:24:35.603 [INFO] __main__: Saved 17 records to database
2026-06-04 23:24:35.604 [INFO] __main__: Processing region 265/1149: 11:4821321-4822456
2026-06-04 23:24:36.795 [INFO] __main__:   gnomAD: 912, AF>=0.0010: 10
2026-06-04 23:24:48.574 [INFO] __main__: Saved 10 records to database
2026-06-04 23:24:48.574 [INFO] __main__: Processing region 266/1149: 11:4848237-4849208
2026-06-04 23:24:49.208 [INFO] __main__:   gnomAD: 811, AF>=0.0010: 14
2026-06-04 23:24:59.105 [INFO] __main__: Saved 14 records to database
2026-06-04 23:24:59.106 [INFO] __main__: Processing region 267/1149: 11:4859617-4860615
2026-06-04 23:24:59.645 [INFO] __main__:   gnomAD: 696, AF>=0.0010: 14
2026-06-04 23:25:01.314 [INFO] __main__: Saved 14 records to database
2026-06-04 23:25:01.314 [INFO] __main__: Processing region 268/1149: 11:4881819-4882883
2026-06-04 23:25:02.156 [INFO] __main__:   gnomAD: 843, AF>=0.0010: 11
2026-06-04 23:25:11.793 [INFO] __main__: Saved 11 records to database
2026-06-04 23:25:11.793 [INFO] __main__: Processing region 269/1149: 11:4903783-4903844
2026-06-04 23:25:12.362 [INFO] __main__:   gnomAD: 26, AF>=0.0010: 0
2026-06-04 23:25:12.362 [INFO] __main__: Processing region 270/1149: 11:4907333-4909462
2026-06-04 23:25:13.152 [INFO] __main__:   gnomAD: 1612, AF>=0.0010: 20
2026-06-04 23:25:26.674 [INFO] __main__: Saved 20 records to database
2026-06-04 23:25:26.674 [INFO] __main__: Processing region 271/1149: 11:4912588-4915739
2026-06-04 23:25:27.820 [INFO] __main__:   gnomAD: 2372, AF>=0.0010: 34
2026-06-04 23:25:52.625 [INFO] __main__: Saved 34 records to database
2026-06-04 23:25:52.626 [INFO] __main__: Processing region 272/1149: 11:4919177-4919350
2026-06-04 23:25:53.442 [INFO] __main__:   gnomAD: 117, AF>=0.0010: 2
2026-06-04 23:26:00.138 [INFO] __main__: Saved 2 records to database
2026-06-04 23:26:00.138 [INFO] __main__: Processing region 273/1149: 11:4923374-4924339
2026-06-04 23:26:04.038 [INFO] __main__:   gnomAD: 748, AF>=0.0010: 17
2026-06-04 23:26:15.752 [INFO] __main__: Saved 17 records to database
2026-06-04 23:26:15.752 [INFO] __main__: Processing region 274/1149: 11:4942831-4947605
2026-06-04 23:26:17.255 [INFO] __main__:   gnomAD: 4124, AF>=0.0010: 92
2026-06-04 23:26:18.769 [INFO] __main__: Saved 92 records to database
2026-06-04 23:26:18.769 [INFO] __main__: Processing region 275/1149: 11:4954772-4955713
2026-06-04 23:26:19.454 [INFO] __main__:   gnomAD: 1097, AF>=0.0010: 27
2026-06-04 23:26:20.186 [INFO] __main__: Saved 27 records to database
2026-06-04 23:26:20.187 [INFO] __main__: Processing region 276/1149: 11:4994851-4995335
2026-06-04 23:26:20.555 [INFO] __main__:   gnomAD: 233, AF>=0.0010: 10
2026-06-04 23:26:22.831 [INFO] __main__: Saved 10 records to database
2026-06-04 23:26:22.831 [INFO] __main__: Processing region 277/1149: 11:4997482-4997583
2026-06-04 23:26:23.164 [INFO] __main__:   gnomAD: 76, AF>=0.0010: 1
2026-06-04 23:26:35.501 [INFO] __main__: Saved 1 records to database
2026-06-04 23:26:35.501 [INFO] __main__: Processing region 278/1149: 11:4998824-5005536
2026-06-04 23:26:39.009 [INFO] __main__:   gnomAD: 4182, AF>=0.0010: 86
2026-06-04 23:26:48.501 [INFO] __main__: Saved 86 records to database
2026-06-04 23:26:48.501 [INFO] __main__: Processing region 279/1149: 11:5046526-5047461
2026-06-04 23:26:49.133 [INFO] __main__:   gnomAD: 778, AF>=0.0010: 13
2026-06-04 23:27:14.121 [INFO] __main__: Saved 13 records to database
2026-06-04 23:27:14.121 [INFO] __main__: Processing region 280/1149: 11:5058650-5059627
2026-06-04 23:27:16.597 [INFO] __main__:   gnomAD: 912, AF>=0.0010: 17
2026-06-04 23:27:29.692 [INFO] __main__: Saved 17 records to database
2026-06-04 23:27:29.693 [INFO] __main__: Processing region 281/1149: 11:5128776-5132702
2026-06-04 23:27:30.536 [INFO] __main__:   gnomAD: 2134, AF>=0.0010: 36
2026-06-04 23:27:45.920 [INFO] __main__: Saved 36 records to database
2026-06-04 23:27:45.921 [INFO] __main__: Processing region 282/1149: 11:5138186-5138356
2026-06-04 23:27:48.460 [INFO] __main__:   gnomAD: 78, AF>=0.0010: 2
2026-06-04 23:27:59.503 [INFO] __main__: Saved 2 records to database
2026-06-04 23:27:59.504 [INFO] __main__: Processing region 283/1149: 11:5146824-5152690
2026-06-04 23:28:00.700 [INFO] __main__:   gnomAD: 3565, AF>=0.0010: 75
2026-06-04 23:28:21.643 [INFO] __main__: Saved 75 records to database
2026-06-04 23:28:21.644 [INFO] __main__: Processing region 284/1149: 11:5154447-5154757
2026-06-04 23:28:25.583 [INFO] __main__:   gnomAD: 178, AF>=0.0010: 2
2026-06-04 23:28:38.354 [INFO] __main__: Saved 2 records to database
2026-06-04 23:28:38.355 [INFO] __main__: Processing region 285/1149: 11:5199735-5200682
2026-06-04 23:28:39.319 [INFO] __main__:   gnomAD: 827, AF>=0.0010: 16
2026-06-04 23:28:43.576 [INFO] __main__: Saved 16 records to database
2026-06-04 23:28:43.576 [INFO] __main__: Processing region 286/1149: 11:5301014-5301946
2026-06-04 23:28:44.930 [INFO] __main__:   gnomAD: 697, AF>=0.0010: 15
2026-06-04 23:28:47.403 [INFO] __main__: Saved 15 records to database
2026-06-04 23:28:47.403 [INFO] __main__: Processing region 287/1149: 11:5303444-5305677
2026-06-04 23:28:48.423 [INFO] __main__:   gnomAD: 1264, AF>=0.0010: 31
2026-06-04 23:29:00.575 [INFO] __main__: Saved 31 records to database
2026-06-04 23:29:00.575 [INFO] __main__: Processing region 288/1149: 11:5314772-5315684
2026-06-04 23:29:01.250 [INFO] __main__:   gnomAD: 1222, AF>=0.0010: 17
2026-06-04 23:29:02.555 [INFO] __main__: Saved 17 records to database
2026-06-04 23:29:02.556 [INFO] __main__: Processing region 289/1149: 11:5323359-5324297
2026-06-04 23:29:03.145 [INFO] __main__:   gnomAD: 788, AF>=0.0010: 11
2026-06-04 23:29:03.993 [INFO] __main__: Saved 11 records to database
2026-06-04 23:29:03.994 [INFO] __main__: Processing region 290/1149: 11:5328356-5328413
2026-06-04 23:29:04.301 [INFO] __main__:   gnomAD: 32, AF>=0.0010: 1
2026-06-04 23:29:08.076 [INFO] __main__: Saved 1 records to database
2026-06-04 23:29:08.076 [INFO] __main__: Processing region 291/1149: 11:5330592-5331360
2026-06-04 23:29:08.602 [INFO] __main__:   gnomAD: 837, AF>=0.0010: 11
2026-06-04 23:29:18.532 [INFO] __main__: Saved 11 records to database
2026-06-04 23:29:18.533 [INFO] __main__: Processing region 292/1149: 11:5340325-5341362
2026-06-04 23:29:19.065 [INFO] __main__:   gnomAD: 553, AF>=0.0010: 17
2026-06-04 23:29:20.261 [INFO] __main__: Saved 17 records to database
2026-06-04 23:29:20.261 [INFO] __main__: Processing region 293/1149: 11:5342586-5343629
2026-06-04 23:29:20.939 [INFO] __main__:   gnomAD: 1125, AF>=0.0010: 21
2026-06-04 23:29:27.174 [INFO] __main__: Saved 21 records to database
2026-06-04 23:29:27.175 [INFO] __main__: Processing region 294/1149: 11:5345773-5346910
2026-06-04 23:29:27.639 [INFO] __main__:   gnomAD: 562, AF>=0.0010: 27
2026-06-04 23:29:28.477 [INFO] __main__: Saved 27 records to database
2026-06-04 23:29:28.477 [INFO] __main__: Processing region 295/1149: 11:5351508-5352446
2026-06-04 23:29:29.122 [INFO] __main__:   gnomAD: 907, AF>=0.0010: 26
2026-06-04 23:29:34.995 [INFO] __main__: Saved 26 records to database
2026-06-04 23:29:34.995 [INFO] __main__: Processing region 296/1149: 11:5354692-5355578
2026-06-04 23:29:35.752 [INFO] __main__:   gnomAD: 1493, AF>=0.0010: 23
2026-06-04 23:29:48.252 [INFO] __main__: Saved 23 records to database
2026-06-04 23:29:48.252 [INFO] __main__: Processing region 297/1149: 11:5362615-5362849
2026-06-04 23:29:49.209 [INFO] __main__:   gnomAD: 638, AF>=0.0010: 11
2026-06-04 23:30:02.695 [INFO] __main__: Saved 11 records to database
2026-06-04 23:30:02.695 [INFO] __main__: Processing region 298/1149: 11:5383812-5383917
2026-06-04 23:30:03.047 [INFO] __main__:   gnomAD: 93, AF>=0.0010: 4
2026-06-04 23:30:15.800 [INFO] __main__: Saved 4 records to database
2026-06-04 23:30:15.800 [INFO] __main__: Processing region 299/1149: 11:5385353-5385458
2026-06-04 23:30:16.132 [INFO] __main__:   gnomAD: 59, AF>=0.0010: 3
2026-06-04 23:30:19.411 [INFO] __main__: Saved 3 records to database
2026-06-04 23:30:19.412 [INFO] __main__: Processing region 300/1149: 11:5389377-5393263
2026-06-04 23:30:20.864 [INFO] __main__:   gnomAD: 3633, AF>=0.0010: 76
2026-06-04 23:30:37.598 [INFO] __main__: Saved 76 records to database
2026-06-04 23:30:37.598 [INFO] __main__: Processing region 301/1149: 11:5402597-5403547
2026-06-04 23:30:38.351 [INFO] __main__:   gnomAD: 608, AF>=0.0010: 23
2026-06-04 23:30:40.526 [INFO] __main__: Saved 23 records to database
2026-06-04 23:30:40.527 [INFO] __main__: Processing region 302/1149: 11:5422111-5423206
2026-06-04 23:30:41.272 [INFO] __main__:   gnomAD: 1033, AF>=0.0010: 23
2026-06-04 23:30:58.946 [INFO] __main__: Saved 23 records to database
2026-06-04 23:30:58.946 [INFO] __main__: Processing region 303/1149: 11:5430653-5431602
2026-06-04 23:30:59.652 [INFO] __main__:   gnomAD: 922, AF>=0.0010: 17
2026-06-04 23:31:03.440 [INFO] __main__: Saved 17 records to database
2026-06-04 23:31:03.440 [INFO] __main__: Processing region 304/1149: 11:5440570-5441514
2026-06-04 23:31:04.369 [INFO] __main__:   gnomAD: 762, AF>=0.0010: 20
2026-06-04 23:31:05.996 [INFO] __main__: Saved 20 records to database
2026-06-04 23:31:05.996 [INFO] __main__: Processing region 305/1149: 11:5449323-5449364
2026-06-04 23:31:06.324 [INFO] __main__:   gnomAD: 20, AF>=0.0010: 1
2026-06-04 23:31:11.626 [INFO] __main__: Saved 1 records to database
2026-06-04 23:31:11.627 [INFO] __main__: Processing region 306/1149: 11:5453259-5456518
2026-06-04 23:31:12.888 [INFO] __main__:   gnomAD: 2571, AF>=0.0010: 72
2026-06-04 23:31:19.755 [INFO] __main__: Saved 72 records to database
2026-06-04 23:31:19.755 [INFO] __main__: Processing region 307/1149: 11:5468486-5469422
2026-06-04 23:31:20.427 [INFO] __main__:   gnomAD: 1132, AF>=0.0010: 16
2026-06-04 23:31:26.445 [INFO] __main__: Saved 16 records to database
2026-06-04 23:31:26.445 [INFO] __main__: Processing region 308/1149: 11:5488685-5489749
2026-06-04 23:31:27.047 [INFO] __main__:   gnomAD: 865, AF>=0.0010: 20
2026-06-04 23:31:27.838 [INFO] __main__: Saved 20 records to database
2026-06-04 23:31:27.838 [INFO] __main__: Processing region 309/1149: 11:5505351-5505652
2026-06-04 23:31:28.237 [INFO] __main__:   gnomAD: 301, AF>=0.0010: 6
2026-06-04 23:31:32.514 [INFO] __main__: Saved 6 records to database
2026-06-04 23:31:32.514 [INFO] __main__: Processing region 310/1149: 11:5544489-5545549
2026-06-04 23:31:33.061 [INFO] __main__:   gnomAD: 732, AF>=0.0010: 20
2026-06-04 23:31:50.607 [INFO] __main__: Saved 20 records to database
2026-06-04 23:31:50.607 [INFO] __main__: Processing region 311/1149: 11:5548452-5548540
2026-06-04 23:31:51.491 [INFO] __main__:   gnomAD: 96, AF>=0.0010: 3
2026-06-04 23:31:52.109 [INFO] __main__: Saved 3 records to database
2026-06-04 23:31:52.109 [INFO] __main__: Processing region 312/1149: 11:5580877-5581884
2026-06-04 23:31:52.645 [INFO] __main__:   gnomAD: 760, AF>=0.0010: 16
2026-06-04 23:32:17.832 [INFO] __main__: Saved 16 records to database
2026-06-04 23:32:17.832 [INFO] __main__: Processing region 313/1149: 11:5726440-5727464
2026-06-04 23:32:19.063 [INFO] __main__:   gnomAD: 1128, AF>=0.0010: 21
2026-06-04 23:33:00.053 [INFO] __main__: Saved 21 records to database
2026-06-04 23:33:00.053 [INFO] __main__: Processing region 314/1149: 11:5735996-5738523
2026-06-04 23:33:01.827 [INFO] __main__:   gnomAD: 2168, AF>=0.0010: 40
2026-06-04 23:33:07.367 [INFO] __main__: Saved 40 records to database
2026-06-04 23:33:07.367 [INFO] __main__: Processing region 315/1149: 11:5754243-5755958
2026-06-04 23:33:08.125 [INFO] __main__:   gnomAD: 1482, AF>=0.0010: 29
2026-06-04 23:33:18.992 [INFO] __main__: Saved 29 records to database
2026-06-04 23:33:18.993 [INFO] __main__: Processing region 316/1149: 11:5776165-5778667
2026-06-04 23:33:19.824 [INFO] __main__:   gnomAD: 1610, AF>=0.0010: 29
2026-06-04 23:33:40.681 [INFO] __main__: Saved 29 records to database
2026-06-04 23:33:40.681 [INFO] __main__: Processing region 317/1149: 11:5781533-5781756
2026-06-04 23:33:41.415 [INFO] __main__:   gnomAD: 152, AF>=0.0010: 4
2026-06-04 23:33:53.962 [INFO] __main__: Saved 4 records to database
2026-06-04 23:33:53.963 [INFO] __main__: Processing region 318/1149: 11:5783295-5783355
2026-06-04 23:33:54.408 [INFO] __main__:   gnomAD: 56, AF>=0.0010: 1
2026-06-04 23:34:00.488 [INFO] __main__: Saved 1 records to database
2026-06-04 23:34:00.488 [INFO] __main__: Processing region 319/1149: 11:5786471-5788860
2026-06-04 23:34:01.261 [INFO] __main__:   gnomAD: 1648, AF>=0.0010: 34
2026-06-04 23:34:37.441 [INFO] __main__: Saved 34 records to database
2026-06-04 23:34:37.442 [INFO] __main__: Processing region 320/1149: 11:5791111-5791265
2026-06-04 23:34:38.174 [INFO] __main__:   gnomAD: 66, AF>=0.0010: 1
2026-06-04 23:34:51.644 [INFO] __main__: Saved 1 records to database
2026-06-04 23:34:51.644 [INFO] __main__: Processing region 321/1149: 11:5808899-5809297
2026-06-04 23:34:51.986 [INFO] __main__:   gnomAD: 89, AF>=0.0010: 6
2026-06-04 23:35:11.130 [INFO] __main__: Saved 6 records to database
2026-06-04 23:35:11.130 [INFO] __main__: Processing region 322/1149: 11:5820282-5821492
2026-06-04 23:35:12.027 [INFO] __main__:   gnomAD: 930, AF>=0.0010: 21
2026-06-04 23:35:25.061 [INFO] __main__: Saved 21 records to database
2026-06-04 23:35:25.061 [INFO] __main__: Processing region 323/1149: 11:5840928-5841952
2026-06-04 23:35:25.674 [INFO] __main__:   gnomAD: 868, AF>=0.0010: 26
2026-06-04 23:35:44.108 [INFO] __main__: Saved 26 records to database
2026-06-04 23:35:44.108 [INFO] __main__: Processing region 324/1149: 11:5856749-5857690
2026-06-04 23:35:48.895 [INFO] __main__:   gnomAD: 834, AF>=0.0010: 12
2026-06-04 23:35:50.757 [INFO] __main__: Saved 12 records to database
2026-06-04 23:35:50.758 [INFO] __main__: Processing region 325/1149: 11:5880629-5880714
2026-06-04 23:35:51.086 [INFO] __main__:   gnomAD: 67, AF>=0.0010: 1
2026-06-04 23:36:00.107 [INFO] __main__: Saved 1 records to database
2026-06-04 23:36:00.107 [INFO] __main__: Processing region 326/1149: 11:5884219-5887079
2026-06-04 23:36:01.535 [INFO] __main__:   gnomAD: 2359, AF>=0.0010: 62
2026-06-04 23:36:15.997 [INFO] __main__: Saved 62 records to database
2026-06-04 23:36:15.998 [INFO] __main__: Processing region 327/1149: 11:5938751-5938987
2026-06-04 23:36:16.593 [INFO] __main__:   gnomAD: 231, AF>=0.0010: 1
2026-06-04 23:36:31.334 [INFO] __main__: Saved 1 records to database
2026-06-04 23:36:31.335 [INFO] __main__: Processing region 328/1149: 11:5942251-5943486
2026-06-04 23:36:31.937 [INFO] __main__:   gnomAD: 369, AF>=0.0010: 9
2026-06-04 23:36:35.566 [INFO] __main__: Saved 9 records to database
2026-06-04 23:36:35.567 [INFO] __main__: Processing region 329/1149: 11:5944806-5945082
2026-06-04 23:36:36.414 [INFO] __main__:   gnomAD: 148, AF>=0.0010: 0
2026-06-04 23:36:36.414 [INFO] __main__: Processing region 330/1149: 11:5947311-5951347
2026-06-04 23:36:37.421 [INFO] __main__:   gnomAD: 2090, AF>=0.0010: 27
2026-06-04 23:36:48.517 [INFO] __main__: Saved 27 records to database
2026-06-04 23:36:48.517 [INFO] __main__: Processing region 331/1149: 11:5967553-5968494
2026-06-04 23:36:49.299 [INFO] __main__:   gnomAD: 758, AF>=0.0010: 14
2026-06-04 23:36:56.703 [INFO] __main__: Saved 14 records to database
2026-06-04 23:36:56.703 [INFO] __main__: Processing region 332/1149: 11:5985892-5986985
2026-06-04 23:36:57.451 [INFO] __main__:   gnomAD: 875, AF>=0.0010: 23
2026-06-04 23:37:00.042 [INFO] __main__: Saved 23 records to database
2026-06-04 23:37:00.042 [INFO] __main__: Processing region 333/1149: 11:5999445-6003194
2026-06-04 23:37:05.851 [INFO] __main__:   gnomAD: 2467, AF>=0.0010: 32
2026-06-04 23:37:08.558 [INFO] __main__: Saved 32 records to database
2026-06-04 23:37:08.558 [INFO] __main__: Processing region 334/1149: 11:6006249-6006946
2026-06-04 23:37:09.199 [INFO] __main__:   gnomAD: 330, AF>=0.0010: 7
2026-06-04 23:37:16.956 [INFO] __main__: Saved 7 records to database
2026-06-04 23:37:16.956 [INFO] __main__: Processing region 335/1149: 11:6019336-6027741
2026-06-04 23:37:19.074 [INFO] __main__:   gnomAD: 4395, AF>=0.0010: 65
2026-06-04 23:37:45.341 [INFO] __main__: Saved 65 records to database
2026-06-04 23:37:45.342 [INFO] __main__: Processing region 336/1149: 11:6030702-6030758
2026-06-04 23:37:46.944 [INFO] __main__:   gnomAD: 22, AF>=0.0010: 1
2026-06-04 23:37:47.478 [INFO] __main__: Saved 1 records to database
2026-06-04 23:37:47.479 [INFO] __main__: Processing region 337/1149: 11:6034284-6034338
2026-06-04 23:37:47.867 [INFO] __main__:   gnomAD: 46, AF>=0.0010: 0
2026-06-04 23:37:47.867 [INFO] __main__: Processing region 338/1149: 11:6107684-6108835
2026-06-04 23:37:48.587 [INFO] __main__:   gnomAD: 974, AF>=0.0010: 7
2026-06-04 23:37:51.162 [INFO] __main__: Saved 7 records to database
2026-06-04 23:37:51.162 [INFO] __main__: Processing region 339/1149: 11:6169355-6170326
2026-06-04 23:37:51.954 [INFO] __main__:   gnomAD: 787, AF>=0.0010: 13
2026-06-04 23:38:03.939 [INFO] __main__: Saved 13 records to database
2026-06-04 23:38:03.940 [INFO] __main__: Processing region 340/1149: 11:6199224-6200186
2026-06-04 23:38:04.521 [INFO] __main__:   gnomAD: 704, AF>=0.0010: 11
2026-06-04 23:38:10.438 [INFO] __main__: Saved 11 records to database
2026-06-04 23:38:10.438 [INFO] __main__: Processing region 341/1149: 11:6783020-6783471
2026-06-04 23:38:10.926 [INFO] __main__:   gnomAD: 305, AF>=0.0010: 13
2026-06-04 23:38:11.559 [INFO] __main__: Saved 13 records to database
2026-06-04 23:38:11.559 [INFO] __main__: Processing region 342/1149: 11:6785018-6795884
2026-06-04 23:38:14.876 [INFO] __main__:   gnomAD: 6404, AF>=0.0010: 168
2026-06-04 23:38:26.864 [INFO] __main__: Saved 168 records to database
2026-06-04 23:38:26.864 [INFO] __main__: Processing region 343/1149: 11:6799544-6799689
2026-06-04 23:38:27.293 [INFO] __main__:   gnomAD: 82, AF>=0.0010: 0
2026-06-04 23:38:27.293 [INFO] __main__: Processing region 344/1149: 11:6845683-6846636
2026-06-04 23:38:28.425 [INFO] __main__:   gnomAD: 735, AF>=0.0010: 19
2026-06-04 23:38:48.297 [INFO] __main__: Saved 19 records to database
2026-06-04 23:38:48.298 [INFO] __main__: Processing region 345/1149: 11:6863057-6864300
2026-06-04 23:38:49.292 [INFO] __main__:   gnomAD: 567, AF>=0.0010: 37
2026-06-04 23:39:24.512 [INFO] __main__: Saved 37 records to database
2026-06-04 23:39:24.512 [INFO] __main__: Processing region 346/1149: 11:6869623-6874717
2026-06-04 23:39:26.237 [INFO] __main__:   gnomAD: 3974, AF>=0.0010: 123
2026-06-04 23:39:39.639 [INFO] __main__: Saved 123 records to database
2026-06-04 23:39:39.640 [INFO] __main__: Processing region 347/1149: 11:6876625-6877619
2026-06-04 23:39:41.212 [INFO] __main__:   gnomAD: 793, AF>=0.0010: 15
2026-06-04 23:39:50.362 [INFO] __main__: Saved 15 records to database
2026-06-04 23:39:50.363 [INFO] __main__: Processing region 348/1149: 11:7795974-7796942
2026-06-04 23:39:51.023 [INFO] __main__:   gnomAD: 871, AF>=0.0010: 17
2026-06-04 23:39:53.233 [INFO] __main__: Saved 17 records to database
2026-06-04 23:39:53.233 [INFO] __main__: Processing region 349/1149: 11:7824818-7825993
2026-06-04 23:39:54.919 [INFO] __main__:   gnomAD: 1014, AF>=0.0010: 16
2026-06-04 23:40:09.038 [INFO] __main__: Saved 16 records to database
2026-06-04 23:40:09.038 [INFO] __main__: Processing region 350/1149: 11:7830824-7830840
2026-06-04 23:40:09.375 [INFO] __main__:   gnomAD: 3, AF>=0.0010: 0
2026-06-04 23:40:09.375 [INFO] __main__: Processing region 351/1149: 11:7924592-7931543
2026-06-04 23:40:11.466 [INFO] __main__:   gnomAD: 5465, AF>=0.0010: 228
2026-06-04 23:40:14.604 [INFO] __main__: Saved 200 records to database
2026-06-04 23:40:15.547 [INFO] __main__: Saved 28 records to database
2026-06-04 23:40:15.547 [INFO] __main__: Processing region 352/1149: 11:7937171-7939698
2026-06-04 23:40:16.485 [INFO] __main__:   gnomAD: 2344, AF>=0.0010: 42
2026-06-04 23:40:18.180 [INFO] __main__: Saved 42 records to database
2026-06-04 23:40:18.180 [INFO] __main__: Processing region 353/1149: 11:7941587-7941708
2026-06-04 23:40:22.828 [INFO] __main__:   gnomAD: 57, AF>=0.0010: 1
2026-06-04 23:40:43.415 [INFO] __main__: Saved 1 records to database
2026-06-04 23:40:43.415 [INFO] __main__: Processing region 354/1149: 11:48245104-48246015
2026-06-04 23:40:44.487 [INFO] __main__:   gnomAD: 888, AF>=0.0010: 8
2026-06-04 23:40:54.722 [INFO] __main__: Saved 8 records to database
2026-06-04 23:40:54.722 [INFO] __main__: Processing region 355/1149: 11:48263861-48264778
2026-06-04 23:40:55.433 [INFO] __main__:   gnomAD: 864, AF>=0.0010: 19
2026-06-04 23:41:05.003 [INFO] __main__: Saved 19 records to database
2026-06-04 23:41:05.004 [INFO] __main__: Processing region 356/1149: 11:48306223-48307152
2026-06-04 23:41:05.694 [INFO] __main__:   gnomAD: 868, AF>=0.0010: 9
2026-06-04 23:41:23.864 [INFO] __main__: Saved 9 records to database
2026-06-04 23:41:23.865 [INFO] __main__: Processing region 357/1149: 11:48324920-48325955
2026-06-04 23:41:25.092 [INFO] __main__:   gnomAD: 965, AF>=0.0010: 8
2026-06-04 23:41:35.975 [INFO] __main__: Saved 8 records to database
2026-06-04 23:41:35.975 [INFO] __main__: Processing region 358/1149: 11:48365485-48366465
2026-06-04 23:41:36.905 [INFO] __main__:   gnomAD: 959, AF>=0.0010: 15
2026-06-04 23:41:45.970 [INFO] __main__: Saved 15 records to database
2026-06-04 23:41:45.970 [INFO] __main__: Processing region 359/1149: 11:48488793-48489722
2026-06-04 23:41:46.721 [INFO] __main__:   gnomAD: 941, AF>=0.0010: 13
2026-06-04 23:41:55.563 [INFO] __main__: Saved 13 records to database
2026-06-04 23:41:55.563 [INFO] __main__: Processing region 360/1149: 11:49952391-49953419
2026-06-04 23:41:56.282 [INFO] __main__:   gnomAD: 1129, AF>=0.0010: 15
2026-06-04 23:42:12.470 [INFO] __main__: Saved 15 records to database
2026-06-04 23:42:12.470 [INFO] __main__: Processing region 361/1149: 11:49981473-49982535
2026-06-04 23:42:13.403 [INFO] __main__:   gnomAD: 921, AF>=0.0010: 8
2026-06-04 23:42:21.852 [INFO] __main__: Saved 8 records to database
2026-06-04 23:42:21.852 [INFO] __main__: Processing region 362/1149: 11:55367974-55368918
2026-06-04 23:42:22.658 [INFO] __main__:   gnomAD: 1133, AF>=0.0010: 9
2026-06-04 23:42:30.966 [INFO] __main__: Saved 9 records to database
2026-06-04 23:42:30.967 [INFO] __main__: Processing region 363/1149: 11:55554307-55555419
2026-06-04 23:42:33.603 [INFO] __main__:   gnomAD: 1244, AF>=0.0010: 21
2026-06-04 23:42:35.395 [INFO] __main__: Saved 21 records to database
2026-06-04 23:42:35.396 [INFO] __main__: Processing region 364/1149: 11:55572128-55573060
2026-06-04 23:42:39.346 [INFO] __main__:   gnomAD: 1114, AF>=0.0010: 27
2026-06-04 23:42:57.623 [INFO] __main__: Saved 27 records to database
2026-06-04 23:42:57.624 [INFO] __main__: Processing region 365/1149: 11:55602360-55605287
2026-06-04 23:42:59.107 [INFO] __main__:   gnomAD: 2196, AF>=0.0010: 43
2026-06-04 23:43:10.957 [INFO] __main__: Saved 43 records to database
2026-06-04 23:43:10.957 [INFO] __main__: Processing region 366/1149: 11:55606522-55607645
2026-06-04 23:43:12.195 [INFO] __main__:   gnomAD: 362, AF>=0.0010: 12
2026-06-04 23:43:38.835 [INFO] __main__: Saved 12 records to database
2026-06-04 23:43:38.835 [INFO] __main__: Processing region 367/1149: 11:55635113-55635216
2026-06-04 23:43:39.592 [INFO] __main__:   gnomAD: 50, AF>=0.0010: 3
2026-06-04 23:43:46.337 [INFO] __main__: Saved 3 records to database
2026-06-04 23:43:46.337 [INFO] __main__: Processing region 368/1149: 11:55638328-55640309
2026-06-04 23:43:47.340 [INFO] __main__:   gnomAD: 1628, AF>=0.0010: 28
2026-06-04 23:43:53.549 [INFO] __main__: Saved 28 records to database
2026-06-04 23:43:53.549 [INFO] __main__: Processing region 369/1149: 11:55648327-55648550
2026-06-04 23:44:53.838 [WARNING] __main__: gnomAD HTTP 502 for 11:55648327-55648550
2026-06-04 23:44:53.840 [INFO] __main__:   gnomAD: 0, AF>=0.0010: 0
2026-06-04 23:44:53.840 [INFO] __main__: Processing region 370/1149: 11:55650868-55652854
2026-06-04 23:44:54.696 [INFO] __main__:   gnomAD: 1522, AF>=0.0010: 25
2026-06-04 23:45:03.976 [INFO] __main__: Saved 25 records to database
2026-06-04 23:45:03.976 [INFO] __main__: Processing region 371/1149: 11:55662201-55662248
2026-06-04 23:45:04.327 [INFO] __main__:   gnomAD: 21, AF>=0.0010: 0
2026-06-04 23:45:04.327 [INFO] __main__: Processing region 372/1149: 11:55665125-55666195
2026-06-04 23:45:05.035 [INFO] __main__:   gnomAD: 1083, AF>=0.0010: 9
2026-06-04 23:45:16.457 [INFO] __main__: Saved 9 records to database
2026-06-04 23:45:16.457 [INFO] __main__: Processing region 373/1149: 11:55773438-55774382
2026-06-04 23:45:17.066 [INFO] __main__:   gnomAD: 830, AF>=0.0010: 8
2026-06-04 23:45:27.529 [INFO] __main__: Saved 8 records to database
2026-06-04 23:45:27.530 [INFO] __main__: Processing region 374/1149: 11:55795556-55796500
2026-06-04 23:45:28.317 [INFO] __main__:   gnomAD: 848, AF>=0.0010: 12
2026-06-04 23:45:37.358 [INFO] __main__: Saved 12 records to database
2026-06-04 23:45:37.358 [INFO] __main__: Processing region 375/1149: 11:55811367-55812476
2026-06-04 23:45:38.204 [INFO] __main__:   gnomAD: 1036, AF>=0.0010: 28
2026-06-04 23:45:39.410 [INFO] __main__: Saved 28 records to database
2026-06-04 23:45:39.410 [INFO] __main__: Processing region 376/1149: 11:55819630-55820571
2026-06-04 23:45:40.016 [INFO] __main__:   gnomAD: 735, AF>=0.0010: 13
2026-06-04 23:45:45.726 [INFO] __main__: Saved 13 records to database
2026-06-04 23:45:45.726 [INFO] __main__: Processing region 377/1149: 11:55827219-55828154
2026-06-04 23:45:46.328 [INFO] __main__:   gnomAD: 867, AF>=0.0010: 30
2026-06-04 23:46:08.489 [INFO] __main__: Saved 30 records to database
2026-06-04 23:46:08.489 [INFO] __main__: Processing region 378/1149: 11:55838752-55839738
2026-06-04 23:46:11.238 [INFO] __main__:   gnomAD: 829, AF>=0.0010: 8
2026-06-04 23:46:16.985 [INFO] __main__: Saved 8 records to database
2026-06-04 23:46:16.985 [INFO] __main__: Processing region 379/1149: 11:55913650-55914582
2026-06-04 23:46:17.557 [INFO] __main__:   gnomAD: 768, AF>=0.0010: 13
2026-06-04 23:46:27.020 [INFO] __main__: Saved 13 records to database
2026-06-04 23:46:27.020 [INFO] __main__: Processing region 380/1149: 11:55935456-55936400
2026-06-04 23:46:27.692 [INFO] __main__:   gnomAD: 773, AF>=0.0010: 13
2026-06-04 23:46:59.308 [INFO] __main__: Saved 13 records to database
2026-06-04 23:46:59.309 [INFO] __main__: Processing region 381/1149: 11:55965755-55968514
2026-06-04 23:47:00.562 [INFO] __main__:   gnomAD: 1890, AF>=0.0010: 74
2026-06-04 23:47:26.075 [INFO] __main__: Saved 74 records to database
2026-06-04 23:47:26.075 [INFO] __main__: Processing region 382/1149: 11:55969892-55969945
2026-06-04 23:47:29.915 [INFO] __main__:   gnomAD: 30, AF>=0.0010: 1
2026-06-04 23:47:33.743 [INFO] __main__: Saved 1 records to database
2026-06-04 23:47:33.743 [INFO] __main__: Processing region 383/1149: 11:55993681-55994625
2026-06-04 23:47:34.521 [INFO] __main__:   gnomAD: 906, AF>=0.0010: 16
2026-06-04 23:48:01.243 [INFO] __main__: Saved 16 records to database
2026-06-04 23:48:01.244 [INFO] __main__: Processing region 384/1149: 11:56093308-56094240
2026-06-04 23:48:02.143 [INFO] __main__:   gnomAD: 802, AF>=0.0010: 13
2026-06-04 23:48:03.206 [INFO] __main__: Saved 13 records to database
2026-06-04 23:48:03.206 [INFO] __main__: Processing region 385/1149: 11:56103687-56107658
2026-06-04 23:48:04.258 [INFO] __main__:   gnomAD: 2584, AF>=0.0010: 86
2026-06-04 23:48:05.471 [INFO] __main__: Saved 86 records to database
2026-06-04 23:48:05.472 [INFO] __main__: Processing region 386/1149: 11:56122373-56123311
2026-06-04 23:48:05.994 [INFO] __main__:   gnomAD: 771, AF>=0.0010: 20
2026-06-04 23:48:08.834 [INFO] __main__: Saved 20 records to database
2026-06-04 23:48:08.834 [INFO] __main__: Processing region 387/1149: 11:56134721-56138497
2026-06-04 23:48:09.970 [INFO] __main__:   gnomAD: 2305, AF>=0.0010: 38
2026-06-04 23:48:17.742 [INFO] __main__: Saved 38 records to database
2026-06-04 23:48:17.743 [INFO] __main__: Processing region 388/1149: 11:56140173-56140201
2026-06-04 23:48:18.050 [INFO] __main__:   gnomAD: 7, AF>=0.0010: 0
2026-06-04 23:48:18.051 [INFO] __main__: Processing region 389/1149: 11:56159394-56160317
2026-06-04 23:48:18.601 [INFO] __main__:   gnomAD: 717, AF>=0.0010: 8
2026-06-04 23:48:20.936 [INFO] __main__: Saved 8 records to database
2026-06-04 23:48:20.936 [INFO] __main__: Processing region 390/1149: 11:56176618-56177556
2026-06-04 23:48:21.651 [INFO] __main__:   gnomAD: 781, AF>=0.0010: 8
2026-06-04 23:48:30.014 [INFO] __main__: Saved 8 records to database
2026-06-04 23:48:30.014 [INFO] __main__: Processing region 391/1149: 11:56208985-56211845
2026-06-04 23:48:30.858 [INFO] __main__:   gnomAD: 2203, AF>=0.0010: 33
2026-06-04 23:49:01.146 [INFO] __main__: Saved 33 records to database
2026-06-04 23:49:01.146 [INFO] __main__: Processing region 392/1149: 11:56215201-56215222
2026-06-04 23:49:02.356 [INFO] __main__:   gnomAD: 18, AF>=0.0010: 0
2026-06-04 23:49:02.357 [INFO] __main__: Processing region 393/1149: 11:56231282-56234255
2026-06-04 23:49:03.573 [INFO] __main__:   gnomAD: 2297, AF>=0.0010: 31
2026-06-04 23:49:14.524 [INFO] __main__: Saved 31 records to database
2026-06-04 23:49:14.524 [INFO] __main__: Processing region 394/1149: 11:56252254-56253222
2026-06-04 23:49:15.092 [INFO] __main__:   gnomAD: 733, AF>=0.0010: 10
2026-06-04 23:49:15.566 [INFO] __main__: Saved 10 records to database
2026-06-04 23:49:15.566 [INFO] __main__: Processing region 395/1149: 11:56274154-56276819
2026-06-04 23:49:16.524 [INFO] __main__:   gnomAD: 1766, AF>=0.0010: 29
2026-06-04 23:49:18.127 [INFO] __main__: Saved 29 records to database
2026-06-04 23:49:18.127 [INFO] __main__: Processing region 396/1149: 11:56288462-56292254
2026-06-04 23:49:19.065 [INFO] __main__:   gnomAD: 2283, AF>=0.0010: 38
2026-06-04 23:49:31.208 [INFO] __main__: Saved 38 records to database
2026-06-04 23:49:31.208 [INFO] __main__: Processing region 397/1149: 11:56315144-56316057
2026-06-04 23:49:33.128 [INFO] __main__:   gnomAD: 290, AF>=0.0010: 15
2026-06-04 23:49:39.850 [INFO] __main__: Saved 15 records to database
2026-06-04 23:49:39.850 [INFO] __main__: Processing region 398/1149: 11:56318284-56320639
2026-06-04 23:49:48.644 [INFO] __main__:   gnomAD: 1651, AF>=0.0010: 21
2026-06-04 23:50:07.418 [INFO] __main__: Saved 21 records to database
2026-06-04 23:50:07.419 [INFO] __main__: Processing region 399/1149: 11:56346039-56346998
2026-06-04 23:50:08.471 [INFO] __main__:   gnomAD: 742, AF>=0.0010: 15
2026-06-04 23:50:15.757 [INFO] __main__: Saved 15 records to database
2026-06-04 23:50:15.757 [INFO] __main__: Processing region 400/1149: 11:56354291-56354325
2026-06-04 23:50:16.067 [INFO] __main__:   gnomAD: 15, AF>=0.0010: 0
2026-06-04 23:50:16.068 [INFO] __main__: Processing region 401/1149: 11:56357328-56358221
2026-06-04 23:50:16.783 [INFO] __main__:   gnomAD: 1362, AF>=0.0010: 14
2026-06-04 23:50:23.879 [INFO] __main__: Saved 14 records to database
2026-06-04 23:50:23.880 [INFO] __main__: Processing region 402/1149: 11:56360215-56361511
2026-06-04 23:50:24.810 [INFO] __main__:   gnomAD: 1408, AF>=0.0010: 25
2026-06-04 23:50:37.504 [INFO] __main__: Saved 25 records to database
2026-06-04 23:50:37.504 [INFO] __main__: Processing region 403/1149: 11:56375624-56376553
2026-06-04 23:50:38.247 [INFO] __main__:   gnomAD: 1056, AF>=0.0010: 120
2026-06-04 23:50:45.208 [INFO] __main__: Saved 120 records to database
2026-06-04 23:50:45.208 [INFO] __main__: Processing region 404/1149: 11:56459221-56463430
2026-06-04 23:50:46.376 [INFO] __main__:   gnomAD: 2811, AF>=0.0010: 50
2026-06-04 23:50:55.346 [INFO] __main__: Saved 50 records to database
2026-06-04 23:50:55.347 [INFO] __main__: Processing region 405/1149: 11:56469274-56470541
2026-06-04 23:50:56.123 [INFO] __main__:   gnomAD: 1225, AF>=0.0010: 23
2026-06-04 23:50:57.832 [INFO] __main__: Saved 23 records to database
2026-06-04 23:50:57.832 [INFO] __main__: Processing region 406/1149: 11:56473221-56473352
2026-06-04 23:50:58.159 [INFO] __main__:   gnomAD: 63, AF>=0.0010: 1
2026-06-04 23:50:59.272 [INFO] __main__: Saved 1 records to database
2026-06-04 23:50:59.273 [INFO] __main__: Processing region 407/1149: 11:56490435-56491370
2026-06-04 23:50:59.858 [INFO] __main__:   gnomAD: 821, AF>=0.0010: 8
2026-06-04 23:51:04.104 [INFO] __main__: Saved 8 records to database
2026-06-04 23:51:04.104 [INFO] __main__: Processing region 408/1149: 11:56542340-56543257
2026-06-04 23:51:04.672 [INFO] __main__:   gnomAD: 737, AF>=0.0010: 14
2026-06-04 23:51:10.807 [INFO] __main__: Saved 14 records to database
2026-06-04 23:51:10.807 [INFO] __main__: Processing region 409/1149: 11:56576774-56577721
2026-06-04 23:51:11.396 [INFO] __main__:   gnomAD: 745, AF>=0.0010: 8
2026-06-04 23:51:46.160 [INFO] __main__: Saved 8 records to database
2026-06-04 23:51:46.160 [INFO] __main__: Processing region 410/1149: 11:56609236-56613519
2026-06-04 23:51:47.422 [INFO] __main__:   gnomAD: 2345, AF>=0.0010: 39
2026-06-04 23:51:59.060 [INFO] __main__: Saved 39 records to database
2026-06-04 23:51:59.060 [INFO] __main__: Processing region 411/1149: 11:56614857-56614874
2026-06-04 23:51:59.648 [INFO] __main__:   gnomAD: 7, AF>=0.0010: 0
2026-06-04 23:51:59.648 [INFO] __main__: Processing region 412/1149: 11:56699095-56699190
2026-06-04 23:52:00.023 [INFO] __main__:   gnomAD: 138, AF>=0.0010: 7
2026-06-04 23:52:04.752 [INFO] __main__: Saved 7 records to database
2026-06-04 23:52:04.752 [INFO] __main__: Processing region 413/1149: 11:56700370-56703884
2026-06-04 23:52:06.447 [INFO] __main__:   gnomAD: 3872, AF>=0.0010: 363
2026-06-04 23:52:37.632 [INFO] __main__: Saved 200 records to database
2026-06-04 23:52:59.390 [INFO] __main__: Saved 163 records to database
2026-06-04 23:52:59.390 [INFO] __main__: Processing region 414/1149: 11:56741223-56743981
2026-06-04 23:53:00.653 [INFO] __main__:   gnomAD: 2041, AF>=0.0010: 23
2026-06-04 23:53:32.934 [INFO] __main__: Saved 23 records to database
2026-06-04 23:53:32.935 [INFO] __main__: Processing region 415/1149: 11:56748656-56748697
2026-06-04 23:53:33.469 [INFO] __main__:   gnomAD: 24, AF>=0.0010: 0
2026-06-04 23:53:33.469 [INFO] __main__: Processing region 416/1149: 11:58023881-58024104
2026-06-04 23:53:33.885 [INFO] __main__:   gnomAD: 205, AF>=0.0010: 2
2026-06-04 23:53:37.359 [INFO] __main__: Saved 2 records to database
2026-06-04 23:53:37.359 [INFO] __main__: Processing region 417/1149: 11:58026706-58026812
2026-06-04 23:53:37.723 [INFO] __main__:   gnomAD: 56, AF>=0.0010: 2
2026-06-04 23:53:47.472 [INFO] __main__: Saved 2 records to database
2026-06-04 23:53:47.472 [INFO] __main__: Processing region 418/1149: 11:58030953-58031906
2026-06-04 23:53:48.137 [INFO] __main__:   gnomAD: 682, AF>=0.0010: 15
2026-06-04 23:53:50.236 [INFO] __main__: Saved 15 records to database
2026-06-04 23:53:50.236 [INFO] __main__: Processing region 419/1149: 11:58040708-58041660
2026-06-04 23:53:50.912 [INFO] __main__:   gnomAD: 1065, AF>=0.0010: 15
2026-06-04 23:53:52.201 [INFO] __main__: Saved 15 records to database
2026-06-04 23:53:52.201 [INFO] __main__: Processing region 420/1149: 11:58044110-58045342
2026-06-04 23:53:52.849 [INFO] __main__:   gnomAD: 862, AF>=0.0010: 10
2026-06-04 23:54:01.130 [INFO] __main__: Saved 10 records to database
2026-06-04 23:54:01.130 [INFO] __main__: Processing region 421/1149: 11:58047152-58047547
2026-06-04 23:54:01.521 [INFO] __main__:   gnomAD: 259, AF>=0.0010: 3
2026-06-04 23:54:14.638 [INFO] __main__: Saved 3 records to database
2026-06-04 23:54:14.638 [INFO] __main__: Processing region 422/1149: 11:58055870-58055947
2026-06-04 23:54:15.021 [INFO] __main__:   gnomAD: 126, AF>=0.0010: 3
2026-06-04 23:54:24.182 [INFO] __main__: Saved 3 records to database
2026-06-04 23:54:24.182 [INFO] __main__: Processing region 423/1149: 11:58057683-58057835
2026-06-04 23:54:24.572 [INFO] __main__:   gnomAD: 129, AF>=0.0010: 3
2026-06-04 23:54:59.614 [INFO] __main__: Saved 3 records to database
2026-06-04 23:54:59.615 [INFO] __main__: Processing region 424/1149: 11:58059899-58060138
2026-06-04 23:55:01.379 [INFO] __main__:   gnomAD: 195, AF>=0.0010: 2
2026-06-04 23:55:02.135 [INFO] __main__: Saved 2 records to database
2026-06-04 23:55:02.135 [INFO] __main__: Processing region 425/1149: 11:58072378-58073629
2026-06-04 23:55:02.881 [INFO] __main__:   gnomAD: 1406, AF>=0.0010: 9
2026-06-04 23:55:15.062 [INFO] __main__: Saved 9 records to database
2026-06-04 23:55:15.063 [INFO] __main__: Processing region 426/1149: 11:58075402-58075438
2026-06-04 23:55:15.516 [INFO] __main__:   gnomAD: 26, AF>=0.0010: 0
2026-06-04 23:55:15.517 [INFO] __main__: Processing region 427/1149: 11:58077348-58078603
2026-06-04 23:55:16.156 [INFO] __main__:   gnomAD: 910, AF>=0.0010: 8
2026-06-04 23:55:42.978 [INFO] __main__: Saved 8 records to database
2026-06-04 23:55:42.978 [INFO] __main__: Processing region 428/1149: 11:58108720-58109661
2026-06-04 23:55:44.002 [INFO] __main__:   gnomAD: 1188, AF>=0.0010: 11
2026-06-04 23:55:45.892 [INFO] __main__: Saved 11 records to database
2026-06-04 23:55:45.892 [INFO] __main__: Processing region 429/1149: 11:58116742-58119466
2026-06-04 23:55:46.926 [INFO] __main__:   gnomAD: 1797, AF>=0.0010: 23
2026-06-04 23:56:03.931 [INFO] __main__: Saved 23 records to database
2026-06-04 23:56:03.931 [INFO] __main__: Processing region 430/1149: 11:58124438-58125530
2026-06-04 23:56:04.712 [INFO] __main__:   gnomAD: 610, AF>=0.0010: 31
2026-06-04 23:56:13.513 [INFO] __main__: Saved 31 records to database
2026-06-04 23:56:13.513 [INFO] __main__: Processing region 431/1149: 11:58144495-58145397
2026-06-04 23:56:14.200 [INFO] __main__:   gnomAD: 1041, AF>=0.0010: 21
2026-06-04 23:56:18.729 [INFO] __main__: Saved 21 records to database
2026-06-04 23:56:18.729 [INFO] __main__: Processing region 432/1149: 11:58171098-58171721
2026-06-04 23:56:19.211 [INFO] __main__:   gnomAD: 372, AF>=0.0010: 7
2026-06-04 23:56:24.315 [INFO] __main__: Saved 7 records to database
2026-06-04 23:56:24.315 [INFO] __main__: Processing region 433/1149: 11:58179431-58181616
2026-06-04 23:56:25.215 [INFO] __main__:   gnomAD: 1667, AF>=0.0010: 29
2026-06-04 23:56:28.350 [INFO] __main__: Saved 29 records to database
2026-06-04 23:56:28.350 [INFO] __main__: Processing region 434/1149: 11:58189070-58189108
2026-06-04 23:56:30.071 [INFO] __main__:   gnomAD: 23, AF>=0.0010: 1
2026-06-04 23:56:44.524 [INFO] __main__: Saved 1 records to database
2026-06-04 23:56:44.524 [INFO] __main__: Processing region 435/1149: 11:58190319-58194053
2026-06-04 23:56:45.666 [INFO] __main__:   gnomAD: 2338, AF>=0.0010: 39
2026-06-04 23:57:04.561 [INFO] __main__: Saved 39 records to database
2026-06-04 23:57:04.561 [INFO] __main__: Processing region 436/1149: 11:58227882-58228918
2026-06-04 23:57:05.533 [INFO] __main__:   gnomAD: 921, AF>=0.0010: 9
2026-06-04 23:57:14.000 [INFO] __main__: Saved 9 records to database
2026-06-04 23:57:14.000 [INFO] __main__: Processing region 437/1149: 11:58266792-58268260
2026-06-04 23:57:14.708 [INFO] __main__:   gnomAD: 1222, AF>=0.0010: 14
2026-06-04 23:57:24.325 [INFO] __main__: Saved 14 records to database
2026-06-04 23:57:24.325 [INFO] __main__: Processing region 438/1149: 11:58358124-58359069
2026-06-04 23:57:25.199 [INFO] __main__:   gnomAD: 782, AF>=0.0010: 10
2026-06-04 23:57:36.420 [INFO] __main__: Saved 10 records to database
2026-06-04 23:57:36.420 [INFO] __main__: Processing region 439/1149: 11:58402464-58403435
2026-06-04 23:57:37.135 [INFO] __main__:   gnomAD: 807, AF>=0.0010: 20
2026-06-04 23:57:43.006 [INFO] __main__: Saved 20 records to database
2026-06-04 23:57:43.006 [INFO] __main__: Processing region 440/1149: 11:58406801-58406874
2026-06-04 23:57:43.413 [INFO] __main__:   gnomAD: 34, AF>=0.0010: 1
2026-06-04 23:57:47.260 [INFO] __main__: Saved 1 records to database
2026-06-04 23:57:47.261 [INFO] __main__: Processing region 441/1149: 11:58421238-58423313
2026-06-04 23:57:48.163 [INFO] __main__:   gnomAD: 1529, AF>=0.0010: 20
2026-06-04 23:57:50.409 [INFO] __main__: Saved 20 records to database
2026-06-04 23:57:50.409 [INFO] __main__: Processing region 442/1149: 11:58426622-58426676
2026-06-04 23:57:56.526 [INFO] __main__:   gnomAD: 23, AF>=0.0010: 1
2026-06-04 23:58:36.767 [WARNING] __main__: VEP batch HTTP 503
2026-06-04 23:58:36.769 [INFO] __main__: Processing region 443/1149: 11:58428019-58428121
2026-06-04 23:58:37.632 [INFO] __main__:   gnomAD: 76, AF>=0.0010: 0
2026-06-04 23:58:37.633 [INFO] __main__: Processing region 444/1149: 11:58438994-58440173
2026-06-04 23:58:38.409 [INFO] __main__:   gnomAD: 936, AF>=0.0010: 10
2026-06-04 23:58:56.473 [INFO] __main__: Saved 10 records to database
2026-06-04 23:58:56.473 [INFO] __main__: Processing region 445/1149: 11:58442046-58442236
2026-06-04 23:58:57.344 [INFO] __main__:   gnomAD: 76, AF>=0.0010: 0
2026-06-04 23:58:57.344 [INFO] __main__: Processing region 446/1149: 11:58506807-58508105
2026-06-04 23:58:58.195 [INFO] __main__:   gnomAD: 851, AF>=0.0010: 8
2026-06-04 23:58:58.994 [INFO] __main__: Saved 8 records to database
2026-06-04 23:58:58.994 [INFO] __main__: Processing region 447/1149: 11:59358895-59360093
2026-06-04 23:58:59.556 [INFO] __main__:   gnomAD: 559, AF>=0.0010: 12
2026-06-04 23:59:01.538 [INFO] __main__: Saved 12 records to database
2026-06-04 23:59:01.538 [INFO] __main__: Processing region 448/1149: 11:59364412-59371714
2026-06-04 23:59:03.349 [INFO] __main__:   gnomAD: 4959, AF>=0.0010: 85
2026-06-04 23:59:04.589 [INFO] __main__: Saved 85 records to database
2026-06-04 23:59:04.589 [INFO] __main__: Processing region 449/1149: 11:59416969-59426413
2026-06-04 23:59:06.540 [INFO] __main__:   gnomAD: 5788, AF>=0.0010: 94
2026-06-04 23:59:07.690 [INFO] __main__: Saved 94 records to database
2026-06-04 23:59:07.690 [INFO] __main__: Processing region 450/1149: 11:59436469-59436835
2026-06-04 23:59:08.143 [INFO] __main__:   gnomAD: 270, AF>=0.0010: 3
2026-06-04 23:59:08.610 [INFO] __main__: Saved 3 records to database
2026-06-04 23:59:08.610 [INFO] __main__: Processing region 451/1149: 11:59443136-59451380
2026-06-04 23:59:10.724 [INFO] __main__:   gnomAD: 4627, AF>=0.0010: 102
2026-06-05 00:00:11.538 [ERROR] __main__: VEP batch error: 
2026-06-05 00:00:11.540 [INFO] __main__: Processing region 452/1149: 11:59456961-59457905
2026-06-05 00:00:12.559 [INFO] __main__:   gnomAD: 690, AF>=0.0010: 19
2026-06-05 00:00:26.508 [INFO] __main__: Saved 19 records to database
2026-06-05 00:00:26.508 [INFO] __main__: Processing region 453/1149: 11:59473315-59473793
2026-06-05 00:00:26.871 [INFO] __main__:   gnomAD: 165, AF>=0.0010: 6
2026-06-05 00:00:48.321 [INFO] __main__: Saved 6 records to database
2026-06-05 00:00:48.321 [INFO] __main__: Processing region 454/1149: 11:59477262-59479361
2026-06-05 00:00:49.557 [INFO] __main__:   gnomAD: 1550, AF>=0.0010: 27
2026-06-05 00:00:52.048 [INFO] __main__: Saved 27 records to database
2026-06-05 00:00:52.048 [INFO] __main__: Processing region 455/1149: 11:59503576-59504511
2026-06-05 00:00:52.612 [INFO] __main__:   gnomAD: 850, AF>=0.0010: 17
2026-06-05 00:01:10.230 [INFO] __main__: Saved 17 records to database
2026-06-05 00:01:10.230 [INFO] __main__: Processing region 456/1149: 11:59511368-59511746
2026-06-05 00:01:10.761 [INFO] __main__:   gnomAD: 179, AF>=0.0010: 4
2026-06-05 00:01:32.941 [INFO] __main__: Saved 4 records to database
2026-06-05 00:01:32.941 [INFO] __main__: Processing region 457/1149: 11:59514673-59520703
2026-06-05 00:01:35.494 [INFO] __main__:   gnomAD: 4816, AF>=0.0010: 99
2026-06-05 00:01:38.155 [INFO] __main__: Saved 99 records to database
2026-06-05 00:01:38.155 [INFO] __main__: Processing region 458/1149: 11:59712916-59713845
2026-06-05 00:01:38.783 [INFO] __main__:   gnomAD: 653, AF>=0.0010: 11
2026-06-05 00:01:51.658 [INFO] __main__: Saved 11 records to database
2026-06-05 00:01:51.658 [INFO] __main__: Processing region 459/1149: 11:67518912-67524517
2026-06-05 00:01:54.571 [INFO] __main__:   gnomAD: 5674, AF>=0.0010: 52
2026-06-05 00:02:02.577 [INFO] __main__: Saved 52 records to database
2026-06-05 00:02:02.577 [INFO] __main__: Processing region 460/1149: 11:75081753-75090364
2026-06-05 00:02:04.427 [INFO] __main__:   gnomAD: 4724, AF>=0.0010: 90
2026-06-05 00:02:30.418 [INFO] __main__: Saved 90 records to database
2026-06-05 00:02:30.418 [INFO] __main__: Processing region 461/1149: 11:75096089-75096964
2026-06-05 00:02:31.053 [INFO] __main__:   gnomAD: 565, AF>=0.0010: 12
2026-06-05 00:02:37.361 [INFO] __main__: Saved 12 records to database
2026-06-05 00:02:37.362 [INFO] __main__: Processing region 462/1149: 11:77128245-77128489
2026-06-05 00:02:37.789 [INFO] __main__:   gnomAD: 302, AF>=0.0010: 2
2026-06-05 00:02:49.222 [INFO] __main__: Saved 2 records to database
2026-06-05 00:02:49.223 [INFO] __main__: Processing region 463/1149: 11:77130589-77130652
2026-06-05 00:02:49.587 [INFO] __main__:   gnomAD: 49, AF>=0.0010: 0
2026-06-05 00:02:49.588 [INFO] __main__: Processing region 464/1149: 11:77138185-77139480
2026-06-05 00:02:50.056 [INFO] __main__:   gnomAD: 481, AF>=0.0010: 18
2026-06-05 00:02:58.362 [INFO] __main__: Saved 18 records to database
2026-06-05 00:02:58.363 [INFO] __main__: Processing region 465/1149: 11:77142709-77142822
2026-06-05 00:02:58.712 [INFO] __main__:   gnomAD: 111, AF>=0.0010: 2
2026-06-05 00:02:59.286 [INFO] __main__: Saved 2 records to database
2026-06-05 00:02:59.287 [INFO] __main__: Processing region 466/1149: 11:77147798-77147950
2026-06-05 00:02:59.687 [INFO] __main__:   gnomAD: 147, AF>=0.0010: 0
2026-06-05 00:02:59.687 [INFO] __main__: Processing region 467/1149: 11:77155907-77158430
2026-06-05 00:03:00.725 [INFO] __main__:   gnomAD: 1884, AF>=0.0010: 30
2026-06-05 00:03:01.253 [ERROR] __main__: VEP batch error: Server disconnected
2026-06-05 00:03:01.254 [INFO] __main__: Processing region 468/1149: 11:77159447-77161115
2026-06-05 00:03:01.271 [ERROR] __main__: gnomAD query error for 11:77159447-77161115: Server disconnected
2026-06-05 00:03:01.271 [INFO] __main__: Retrying gnomAD 11:77159447-77161115 in 2s...
2026-06-05 00:03:04.348 [INFO] __main__:   gnomAD: 1402, AF>=0.0010: 9
2026-06-05 00:03:12.481 [INFO] __main__: Saved 9 records to database
2026-06-05 00:03:12.481 [INFO] __main__: Processing region 469/1149: 11:77162120-77162988
2026-06-05 00:03:13.036 [INFO] __main__:   gnomAD: 683, AF>=0.0010: 8
2026-06-05 00:03:17.076 [INFO] __main__: Saved 8 records to database
2026-06-05 00:03:17.076 [INFO] __main__: Processing region 470/1149: 11:77166056-77166992
2026-06-05 00:03:17.553 [INFO] __main__:   gnomAD: 408, AF>=0.0010: 10
2026-06-05 00:03:27.902 [INFO] __main__: Saved 10 records to database
2026-06-05 00:03:27.903 [INFO] __main__: Processing region 471/1149: 11:77172748-77172885
2026-06-05 00:03:28.314 [INFO] __main__:   gnomAD: 229, AF>=0.0010: 1
2026-06-05 00:03:35.716 [INFO] __main__: Saved 1 records to database
2026-06-05 00:03:35.717 [INFO] __main__: Processing region 472/1149: 11:77174756-77175464
2026-06-05 00:03:36.277 [INFO] __main__:   gnomAD: 603, AF>=0.0010: 4
2026-06-05 00:03:44.396 [INFO] __main__: Saved 4 records to database
2026-06-05 00:03:44.396 [INFO] __main__: Processing region 473/1149: 11:77177549-77177643
2026-06-05 00:03:44.752 [INFO] __main__:   gnomAD: 73, AF>=0.0010: 1
2026-06-05 00:03:47.086 [INFO] __main__: Saved 1 records to database
2026-06-05 00:03:47.086 [INFO] __main__: Processing region 474/1149: 11:77179045-77183157
2026-06-05 00:03:49.435 [INFO] __main__:   gnomAD: 4282, AF>=0.0010: 84
2026-06-05 00:03:57.533 [INFO] __main__: Saved 84 records to database
2026-06-05 00:03:57.534 [INFO] __main__: Processing region 475/1149: 11:77184588-77184996
2026-06-05 00:03:58.105 [INFO] __main__:   gnomAD: 484, AF>=0.0010: 3
2026-06-05 00:03:59.061 [INFO] __main__: Saved 3 records to database
2026-06-05 00:03:59.062 [INFO] __main__: Processing region 476/1149: 11:77188435-77192278
2026-06-05 00:04:00.882 [INFO] __main__:   gnomAD: 3393, AF>=0.0010: 47
2026-06-05 00:04:04.626 [INFO] __main__: Saved 47 records to database
2026-06-05 00:04:04.627 [INFO] __main__: Processing region 477/1149: 11:77194032-77194524
2026-06-05 00:04:05.134 [INFO] __main__:   gnomAD: 517, AF>=0.0010: 5
2026-06-05 00:04:05.884 [INFO] __main__: Saved 5 records to database
2026-06-05 00:04:05.885 [INFO] __main__: Processing region 478/1149: 11:77197481-77199818
2026-06-05 00:04:06.766 [INFO] __main__:   gnomAD: 1323, AF>=0.0010: 34
2026-06-05 00:04:11.318 [INFO] __main__: Saved 34 records to database
2026-06-05 00:04:11.319 [INFO] __main__: Processing region 479/1149: 11:77201448-77204229
2026-06-05 00:04:11.693 [WARNING] __main__: gnomAD 429 for 11:77201448-77204229 (attempt 1/4)
2026-06-05 00:04:11.693 [INFO] __main__: Retrying gnomAD 11:77201448-77204229 in 2s...
2026-06-05 00:04:14.948 [INFO] __main__:   gnomAD: 2463, AF>=0.0010: 39
2026-06-05 00:04:21.497 [INFO] __main__: Saved 39 records to database
2026-06-05 00:04:21.498 [INFO] __main__: Processing region 480/1149: 11:77205462-77207402
2026-06-05 00:04:22.705 [INFO] __main__:   gnomAD: 1769, AF>=0.0010: 20
2026-06-05 00:04:35.055 [INFO] __main__: Saved 20 records to database
2026-06-05 00:04:35.055 [INFO] __main__: Processing region 481/1149: 11:77208430-77209356
2026-06-05 00:04:36.125 [INFO] __main__:   gnomAD: 1427, AF>=0.0010: 17
2026-06-05 00:05:17.184 [INFO] __main__: Saved 17 records to database
2026-06-05 00:05:17.185 [INFO] __main__: Processing region 482/1149: 11:77210887-77215241
2026-06-05 00:05:19.605 [INFO] __main__:   gnomAD: 4633, AF>=0.0010: 53
2026-06-05 00:05:32.623 [INFO] __main__: Saved 53 records to database
2026-06-05 00:05:32.624 [INFO] __main__: Processing region 483/1149: 11:123753580-123754518
2026-06-05 00:05:33.192 [INFO] __main__:   gnomAD: 627, AF>=0.0010: 10
2026-06-05 00:05:53.386 [INFO] __main__: Saved 10 records to database
2026-06-05 00:05:53.386 [INFO] __main__: Processing region 484/1149: 11:123805408-123806349
2026-06-05 00:05:54.006 [INFO] __main__:   gnomAD: 655, AF>=0.0010: 10
2026-06-05 00:05:55.271 [INFO] __main__: Saved 10 records to database
2026-06-05 00:05:55.271 [INFO] __main__: Processing region 485/1149: 11:123902167-123902257
2026-06-05 00:05:55.606 [INFO] __main__:   gnomAD: 37, AF>=0.0010: 2
2026-06-05 00:05:58.077 [INFO] __main__: Saved 2 records to database
2026-06-05 00:05:58.077 [INFO] __main__: Processing region 486/1149: 11:123906146-123909229
2026-06-05 00:06:02.166 [INFO] __main__:   gnomAD: 2288, AF>=0.0010: 53
2026-06-05 00:06:05.066 [INFO] __main__: Saved 53 records to database
2026-06-05 00:06:05.067 [INFO] __main__: Processing region 487/1149: 11:123939617-123940573
2026-06-05 00:06:05.638 [INFO] __main__:   gnomAD: 698, AF>=0.0010: 8
2026-06-05 00:06:13.668 [INFO] __main__: Saved 8 records to database
2026-06-05 00:06:13.668 [INFO] __main__: Processing region 488/1149: 11:123942867-123943838
2026-06-05 00:06:14.265 [INFO] __main__:   gnomAD: 701, AF>=0.0010: 19
2026-06-05 00:06:18.826 [INFO] __main__: Saved 19 records to database
2026-06-05 00:06:18.826 [INFO] __main__: Processing region 489/1149: 11:123976661-123977781
2026-06-05 00:06:19.461 [INFO] __main__:   gnomAD: 868, AF>=0.0010: 10
2026-06-05 00:06:30.740 [INFO] __main__: Saved 10 records to database
2026-06-05 00:06:30.741 [INFO] __main__: Processing region 490/1149: 11:123994163-123995161
2026-06-05 00:06:31.476 [INFO] __main__:   gnomAD: 1067, AF>=0.0010: 14
2026-06-05 00:06:34.885 [INFO] __main__: Saved 14 records to database
2026-06-05 00:06:34.886 [INFO] __main__: Processing region 491/1149: 11:124012997-124013112
2026-06-05 00:06:35.223 [INFO] __main__:   gnomAD: 45, AF>=0.0010: 0
2026-06-05 00:06:35.224 [INFO] __main__: Processing region 492/1149: 11:124014919-124018732
2026-06-05 00:06:36.879 [INFO] __main__:   gnomAD: 2982, AF>=0.0010: 83
2026-06-05 00:07:01.254 [INFO] __main__: Saved 83 records to database
2026-06-05 00:07:01.255 [INFO] __main__: Processing region 493/1149: 11:124023013-124023948
2026-06-05 00:07:02.242 [INFO] __main__:   gnomAD: 842, AF>=0.0010: 38
2026-06-05 00:07:34.088 [INFO] __main__: Saved 38 records to database
2026-06-05 00:07:34.088 [INFO] __main__: Processing region 494/1149: 11:124026798-124026867
2026-06-05 00:07:35.141 [INFO] __main__:   gnomAD: 38, AF>=0.0010: 0
2026-06-05 00:07:35.142 [INFO] __main__: Processing region 495/1149: 11:124029590-124030634
2026-06-05 00:07:36.662 [INFO] __main__:   gnomAD: 856, AF>=0.0010: 14
2026-06-05 00:07:41.920 [INFO] __main__: Saved 14 records to database
2026-06-05 00:07:41.921 [INFO] __main__: Processing region 496/1149: 11:124036013-124039021
2026-06-05 00:07:42.756 [INFO] __main__:   gnomAD: 1824, AF>=0.0010: 52
2026-06-05 00:07:47.661 [INFO] __main__: Saved 52 records to database
2026-06-05 00:07:47.662 [INFO] __main__: Processing region 497/1149: 11:124040886-124041325
2026-06-05 00:07:48.005 [INFO] __main__:   gnomAD: 125, AF>=0.0010: 7
2026-06-05 00:07:58.686 [INFO] __main__: Saved 7 records to database
2026-06-05 00:07:58.687 [INFO] __main__: Processing region 498/1149: 11:124183345-124188780
2026-06-05 00:07:59.838 [INFO] __main__:   gnomAD: 3040, AF>=0.0010: 99
2026-06-05 00:08:15.563 [INFO] __main__: Saved 99 records to database
2026-06-05 00:08:15.564 [INFO] __main__: Processing region 499/1149: 11:124241095-124241364
2026-06-05 00:08:17.118 [INFO] __main__:   gnomAD: 169, AF>=0.0010: 4
2026-06-05 00:08:35.285 [INFO] __main__: Saved 4 records to database
2026-06-05 00:08:35.286 [INFO] __main__: Processing region 500/1149: 11:124247801-124247880
2026-06-05 00:08:35.897 [INFO] __main__:   gnomAD: 39, AF>=0.0010: 2
2026-06-05 00:08:53.984 [INFO] __main__: Saved 2 records to database
2026-06-05 00:08:53.985 [INFO] __main__: Processing region 501/1149: 11:124249660-124254364
2026-06-05 00:08:55.673 [INFO] __main__:   gnomAD: 2890, AF>=0.0010: 92
2026-06-05 00:09:00.537 [INFO] __main__: Saved 92 records to database
2026-06-05 00:09:00.537 [INFO] __main__: Processing region 502/1149: 11:124256376-124256634
2026-06-05 00:09:00.954 [INFO] __main__:   gnomAD: 178, AF>=0.0010: 5
2026-06-05 00:10:01.541 [ERROR] __main__: VEP batch error: 
2026-06-05 00:10:01.542 [INFO] __main__: Processing region 503/1149: 11:124264804-124266224
2026-06-05 00:10:02.771 [INFO] __main__:   gnomAD: 1337, AF>=0.0010: 20
2026-06-05 00:10:13.226 [INFO] __main__: Saved 20 records to database
2026-06-05 00:10:13.226 [INFO] __main__: Processing region 504/1149: 11:124302831-124311676
2026-06-05 00:10:14.857 [INFO] __main__:   gnomAD: 4390, AF>=0.0010: 88
2026-06-05 00:10:39.766 [INFO] __main__: Saved 88 records to database
2026-06-05 00:10:39.767 [INFO] __main__: Processing region 505/1149: 11:124313721-124315099
2026-06-05 00:10:40.598 [INFO] __main__:   gnomAD: 578, AF>=0.0010: 15
2026-06-05 00:10:47.358 [INFO] __main__: Saved 15 records to database
2026-06-05 00:10:47.358 [INFO] __main__: Processing region 506/1149: 11:124319262-124320197
2026-06-05 00:10:47.993 [INFO] __main__:   gnomAD: 699, AF>=0.0010: 8
2026-06-05 00:11:02.210 [INFO] __main__: Saved 8 records to database
2026-06-05 00:11:02.211 [INFO] __main__: Processing region 507/1149: 11:124382394-124383360
2026-06-05 00:11:02.956 [INFO] __main__:   gnomAD: 774, AF>=0.0010: 15
2026-06-05 00:12:03.542 [ERROR] __main__: VEP batch error: 
2026-06-05 00:12:03.543 [INFO] __main__: Processing region 508/1149: 11:124384374-124384499
2026-06-05 00:12:04.617 [INFO] __main__:   gnomAD: 61, AF>=0.0010: 1
2026-06-05 00:12:15.169 [INFO] __main__: Saved 1 records to database
2026-06-05 00:12:15.169 [INFO] __main__: Processing region 509/1149: 11:124395534-124397368
2026-06-05 00:12:16.129 [INFO] __main__:   gnomAD: 1512, AF>=0.0010: 30
2026-06-05 00:12:19.244 [INFO] __main__: Saved 30 records to database
2026-06-05 00:12:19.245 [INFO] __main__: Processing region 510/1149: 11:124398690-124399024
2026-06-05 00:12:19.722 [INFO] __main__:   gnomAD: 210, AF>=0.0010: 6
2026-06-05 00:12:20.579 [INFO] __main__: Saved 6 records to database
2026-06-05 00:12:20.580 [INFO] __main__: Processing region 511/1149: 11:124423942-124424871
2026-06-05 00:12:21.110 [INFO] __main__:   gnomAD: 621, AF>=0.0010: 6
2026-06-05 00:12:21.906 [INFO] __main__: Saved 6 records to database
2026-06-05 00:12:21.906 [INFO] __main__: Processing region 512/1149: 11:124437445-124441623
2026-06-05 00:12:25.731 [INFO] __main__:   gnomAD: 3328, AF>=0.0010: 88
2026-06-05 00:12:27.326 [INFO] __main__: Saved 88 records to database
2026-06-05 00:12:27.326 [INFO] __main__: Processing region 513/1149: 11:124445576-124445696
2026-06-05 00:12:27.655 [INFO] __main__:   gnomAD: 67, AF>=0.0010: 1
2026-06-05 00:12:28.218 [INFO] __main__: Saved 1 records to database
2026-06-05 00:12:28.218 [INFO] __main__: Processing region 514/1149: 11:124539635-124540719
2026-06-05 00:12:28.650 [INFO] __main__:   gnomAD: 572, AF>=0.0010: 12
2026-06-05 00:12:36.334 [INFO] __main__: Saved 12 records to database
2026-06-05 00:12:36.335 [INFO] __main__: Processing region 515/1149: 11:124542722-124543654
2026-06-05 00:12:36.847 [INFO] __main__:   gnomAD: 661, AF>=0.0010: 7
2026-06-05 00:12:41.302 [INFO] __main__: Saved 7 records to database
2026-06-05 00:12:41.302 [INFO] __main__: Processing region 516/1149: 11:124545270-124545333
2026-06-05 00:12:41.624 [INFO] __main__:   gnomAD: 45, AF>=0.0010: 1
2026-06-05 00:12:55.500 [INFO] __main__: Saved 1 records to database
2026-06-05 00:12:55.501 [INFO] __main__: Processing region 517/1149: 11:124566660-124566704
2026-06-05 00:12:56.844 [INFO] __main__:   gnomAD: 17, AF>=0.0010: 1
2026-06-05 00:13:02.649 [INFO] __main__: Saved 1 records to database
2026-06-05 00:13:02.649 [INFO] __main__: Processing region 518/1149: 11:124569997-124575764
2026-06-05 00:13:04.028 [INFO] __main__:   gnomAD: 3168, AF>=0.0010: 65
2026-06-05 00:13:11.238 [INFO] __main__: Saved 65 records to database
2026-06-05 00:13:11.238 [INFO] __main__: Processing region 519/1149: 11:124578049-124578289
2026-06-05 00:13:11.594 [WARNING] __main__: gnomAD 429 for 11:124578049-124578289 (attempt 1/4)
2026-06-05 00:13:11.594 [INFO] __main__: Retrying gnomAD 11:124578049-124578289 in 2s...
2026-06-05 00:13:14.018 [INFO] __main__:   gnomAD: 225, AF>=0.0010: 1
2026-06-05 00:13:27.379 [INFO] __main__: Saved 1 records to database
2026-06-05 00:13:27.380 [INFO] __main__: Processing region 520/1149: 11:124582909-124582942
2026-06-05 00:13:27.762 [INFO] __main__:   gnomAD: 81, AF>=0.0010: 5
2026-06-05 00:13:33.362 [INFO] __main__: Saved 5 records to database
2026-06-05 00:13:33.362 [INFO] __main__: Processing region 521/1149: 12:6346843-6350024
2026-06-05 00:13:37.947 [INFO] __main__:   gnomAD: 3307, AF>=0.0010: 46
2026-06-05 00:13:56.956 [INFO] __main__: Saved 46 records to database
2026-06-05 00:13:56.956 [INFO] __main__: Processing region 522/1149: 12:6353717-6356394
2026-06-05 00:14:47.885 [INFO] __main__:   gnomAD: 2592, AF>=0.0010: 68
2026-06-05 00:15:02.769 [INFO] __main__: Saved 68 records to database
2026-06-05 00:15:02.770 [INFO] __main__: Processing region 523/1149: 12:6362051-6362241
2026-06-05 00:15:03.148 [INFO] __main__:   gnomAD: 129, AF>=0.0010: 0
2026-06-05 00:15:03.149 [INFO] __main__: Processing region 524/1149: 12:6363443-6364147
2026-06-05 00:16:03.522 [WARNING] __main__: gnomAD HTTP 502 for 12:6363443-6364147
2026-06-05 00:16:03.523 [INFO] __main__:   gnomAD: 0, AF>=0.0010: 0
2026-06-05 00:16:03.523 [INFO] __main__: Processing region 525/1149: 12:6374366-6377829
2026-06-05 00:16:05.700 [INFO] __main__:   gnomAD: 3539, AF>=0.0010: 39
2026-06-05 00:16:22.740 [INFO] __main__: Saved 39 records to database
2026-06-05 00:16:22.741 [INFO] __main__: Processing region 526/1149: 12:6380837-6380904
2026-06-05 00:16:23.352 [INFO] __main__:   gnomAD: 13, AF>=0.0010: 2
2026-06-05 00:16:47.064 [INFO] __main__: Saved 2 records to database
2026-06-05 00:16:47.064 [INFO] __main__: Processing region 527/1149: 12:6383856-6384454
2026-06-05 00:16:51.302 [INFO] __main__:   gnomAD: 1037, AF>=0.0010: 6
2026-06-05 00:16:59.534 [INFO] __main__: Saved 6 records to database
2026-06-05 00:16:59.535 [INFO] __main__: Processing region 528/1149: 12:48202339-48203292
2026-06-05 00:17:00.166 [INFO] __main__:   gnomAD: 585, AF>=0.0010: 17
2026-06-05 00:17:01.653 [INFO] __main__: Saved 17 records to database
2026-06-05 00:17:01.653 [INFO] __main__: Processing region 529/1149: 12:48525632-48526570
2026-06-05 00:17:02.984 [INFO] __main__:   gnomAD: 637, AF>=0.0010: 14
2026-06-05 00:17:05.777 [INFO] __main__: Saved 14 records to database
2026-06-05 00:17:05.777 [INFO] __main__: Processing region 530/1149: 12:55126406-55126911
2026-06-05 00:17:06.196 [INFO] __main__:   gnomAD: 192, AF>=0.0010: 12
2026-06-05 00:17:08.301 [INFO] __main__: Saved 12 records to database
2026-06-05 00:17:08.301 [INFO] __main__: Processing region 531/1149: 12:55129681-55132750
2026-06-05 00:17:09.481 [INFO] __main__:   gnomAD: 1970, AF>=0.0010: 28
2026-06-05 00:17:11.067 [INFO] __main__: Saved 28 records to database
2026-06-05 00:17:11.068 [INFO] __main__: Processing region 532/1149: 12:55221025-55221975
2026-06-05 00:17:11.762 [INFO] __main__:   gnomAD: 787, AF>=0.0010: 20
2026-06-05 00:17:22.770 [INFO] __main__: Saved 20 records to database
2026-06-05 00:17:22.770 [INFO] __main__: Processing region 533/1149: 12:55244609-55244817
2026-06-05 00:17:23.114 [INFO] __main__:   gnomAD: 60, AF>=0.0010: 1
2026-06-05 00:17:31.189 [INFO] __main__: Saved 1 records to database
2026-06-05 00:17:31.189 [INFO] __main__: Processing region 534/1149: 12:55247279-55256625
2026-06-05 00:17:32.818 [INFO] __main__:   gnomAD: 2710, AF>=0.0010: 103
2026-06-05 00:17:36.989 [INFO] __main__: Saved 103 records to database
2026-06-05 00:17:36.989 [INFO] __main__: Processing region 535/1149: 12:55293988-55295257
2026-06-05 00:17:37.872 [INFO] __main__:   gnomAD: 1123, AF>=0.0010: 12
2026-06-05 00:17:43.576 [INFO] __main__: Saved 12 records to database
2026-06-05 00:17:43.577 [INFO] __main__: Processing region 536/1149: 12:55296319-55296569
2026-06-05 00:17:43.923 [INFO] __main__:   gnomAD: 121, AF>=0.0010: 2
2026-06-05 00:17:51.972 [INFO] __main__: Saved 2 records to database
2026-06-05 00:17:51.973 [INFO] __main__: Processing region 537/1149: 12:55314343-55314599
2026-06-05 00:17:52.327 [INFO] __main__:   gnomAD: 77, AF>=0.0010: 1
2026-06-05 00:17:57.014 [INFO] __main__: Saved 1 records to database
2026-06-05 00:17:57.015 [INFO] __main__: Processing region 538/1149: 12:55320561-55322364
2026-06-05 00:17:57.668 [INFO] __main__:   gnomAD: 1246, AF>=0.0010: 15
2026-06-05 00:18:11.042 [INFO] __main__: Saved 15 records to database
2026-06-05 00:18:11.043 [INFO] __main__: Processing region 539/1149: 12:55330043-55332687
2026-06-05 00:18:11.775 [INFO] __main__:   gnomAD: 1543, AF>=0.0010: 42
2026-06-05 00:18:14.202 [INFO] __main__: Saved 42 records to database
2026-06-05 00:18:14.202 [INFO] __main__: Processing region 540/1149: 12:55362975-55369279
2026-06-05 00:18:15.754 [INFO] __main__:   gnomAD: 3922, AF>=0.0010: 129
2026-06-05 00:18:23.893 [INFO] __main__: Saved 129 records to database
2026-06-05 00:18:23.894 [INFO] __main__: Processing region 541/1149: 12:55400529-55401467
2026-06-05 00:18:24.403 [INFO] __main__:   gnomAD: 666, AF>=0.0010: 9
2026-06-05 00:18:25.195 [INFO] __main__: Saved 9 records to database
2026-06-05 00:18:25.195 [INFO] __main__: Processing region 542/1149: 12:55426254-55427192
2026-06-05 00:18:25.733 [INFO] __main__:   gnomAD: 696, AF>=0.0010: 19
2026-06-05 00:18:26.552 [INFO] __main__: Saved 19 records to database
2026-06-05 00:18:26.552 [INFO] __main__: Processing region 543/1149: 12:55444069-55444159
2026-06-05 00:18:26.872 [INFO] __main__:   gnomAD: 37, AF>=0.0010: 0
2026-06-05 00:18:26.873 [INFO] __main__: Processing region 544/1149: 12:55451327-55453347
2026-06-05 00:18:27.612 [INFO] __main__:   gnomAD: 1501, AF>=0.0010: 29
2026-06-05 00:18:28.568 [INFO] __main__: Saved 29 records to database
2026-06-05 00:18:28.569 [INFO] __main__: Processing region 545/1149: 12:55469200-55470138
2026-06-05 00:18:29.118 [INFO] __main__:   gnomAD: 741, AF>=0.0010: 11
2026-06-05 00:18:29.951 [INFO] __main__: Saved 11 records to database
2026-06-05 00:18:29.951 [INFO] __main__: Processing region 546/1149: 12:55492289-55493316
2026-06-05 00:18:30.543 [INFO] __main__:   gnomAD: 868, AF>=0.0010: 11
2026-06-05 00:18:32.692 [INFO] __main__: Saved 11 records to database
2026-06-05 00:18:32.692 [INFO] __main__: Processing region 547/1149: 12:55549602-55550118
2026-06-05 00:18:33.055 [INFO] __main__:   gnomAD: 209, AF>=0.0010: 7
2026-06-05 00:18:33.695 [INFO] __main__: Saved 7 records to database
2026-06-05 00:18:33.695 [INFO] __main__: Processing region 548/1149: 12:55551199-55555832
2026-06-05 00:18:34.853 [INFO] __main__:   gnomAD: 2925, AF>=0.0010: 58
2026-06-05 00:18:36.434 [INFO] __main__: Saved 58 records to database
2026-06-05 00:18:36.434 [INFO] __main__: Processing region 549/1149: 12:55636892-55637833
2026-06-05 00:18:36.983 [INFO] __main__:   gnomAD: 772, AF>=0.0010: 12
2026-06-05 00:18:40.977 [INFO] __main__: Saved 12 records to database
2026-06-05 00:18:40.978 [INFO] __main__: Processing region 550/1149: 13:20187463-20189780
2026-06-05 00:18:41.373 [WARNING] __main__: gnomAD 429 for 13:20187463-20189780 (attempt 1/4)
2026-06-05 00:18:41.374 [INFO] __main__: Retrying gnomAD 13:20187463-20189780 in 2s...
2026-06-05 00:18:43.726 [WARNING] __main__: gnomAD 429 for 13:20187463-20189780 (attempt 2/4)
2026-06-05 00:18:43.727 [INFO] __main__: Retrying gnomAD 13:20187463-20189780 in 3s...
2026-06-05 00:18:47.077 [WARNING] __main__: gnomAD 429 for 13:20187463-20189780 (attempt 3/4)
2026-06-05 00:18:47.077 [INFO] __main__: Retrying gnomAD 13:20187463-20189780 in 5s...
2026-06-05 00:18:52.439 [WARNING] __main__: gnomAD 429 for 13:20187463-20189780 (attempt 4/4)
2026-06-05 00:18:52.440 [INFO] __main__:   gnomAD: 0, AF>=0.0010: 0
2026-06-05 00:18:52.440 [INFO] __main__: Processing region 551/1149: 13:20191500-20192980
2026-06-05 00:18:52.807 [WARNING] __main__: gnomAD 429 for 13:20191500-20192980 (attempt 1/4)
2026-06-05 00:18:52.807 [INFO] __main__: Retrying gnomAD 13:20191500-20192980 in 2s...
2026-06-05 00:18:55.171 [WARNING] __main__: gnomAD 429 for 13:20191500-20192980 (attempt 2/4)
2026-06-05 00:18:55.172 [INFO] __main__: Retrying gnomAD 13:20191500-20192980 in 3s...
2026-06-05 00:18:58.531 [WARNING] __main__: gnomAD 429 for 13:20191500-20192980 (attempt 3/4)
2026-06-05 00:18:58.531 [INFO] __main__: Retrying gnomAD 13:20191500-20192980 in 5s...
2026-06-05 00:19:03.891 [WARNING] __main__: gnomAD 429 for 13:20191500-20192980 (attempt 4/4)
2026-06-05 00:19:03.891 [INFO] __main__:   gnomAD: 0, AF>=0.0010: 0
2026-06-05 00:19:03.891 [INFO] __main__: Processing region 552/1149: 13:20221962-20223495
2026-06-05 00:19:04.262 [WARNING] __main__: gnomAD 429 for 13:20221962-20223495 (attempt 1/4)
2026-06-05 00:19:04.263 [INFO] __main__: Retrying gnomAD 13:20221962-20223495 in 2s...
2026-06-05 00:19:06.632 [WARNING] __main__: gnomAD 429 for 13:20221962-20223495 (attempt 2/4)
2026-06-05 00:19:06.633 [INFO] __main__: Retrying gnomAD 13:20221962-20223495 in 3s...
2026-06-05 00:19:10.692 [WARNING] __main__: gnomAD 429 for 13:20221962-20223495 (attempt 3/4)
2026-06-05 00:19:10.692 [INFO] __main__: Retrying gnomAD 13:20221962-20223495 in 5s...
2026-06-05 00:19:16.774 [INFO] __main__:   gnomAD: 1111, AF>=0.0010: 10
2026-06-05 00:19:28.987 [INFO] __main__: Saved 10 records to database
2026-06-05 00:19:28.987 [INFO] __main__: Processing region 553/1149: 13:20225282-20225683
2026-06-05 00:19:29.402 [INFO] __main__:   gnomAD: 259, AF>=0.0010: 1
2026-06-05 00:19:29.998 [INFO] __main__: Saved 1 records to database
2026-06-05 00:19:29.999 [INFO] __main__: Processing region 554/1149: 13:20229369-20232450
2026-06-05 00:19:30.999 [INFO] __main__:   gnomAD: 2074, AF>=0.0010: 72
2026-06-05 00:19:44.598 [INFO] __main__: Saved 72 records to database
2026-06-05 00:19:44.598 [INFO] __main__: Processing region 555/1149: 14:19712936-19713883
2026-06-05 00:19:45.406 [INFO] __main__:   gnomAD: 1338, AF>=0.0010: 29
2026-06-05 00:19:48.515 [INFO] __main__: Saved 29 records to database
2026-06-05 00:19:48.515 [INFO] __main__: Processing region 556/1149: 14:19719015-19719116
2026-06-05 00:19:48.844 [INFO] __main__:   gnomAD: 34, AF>=0.0010: 0
2026-06-05 00:19:48.845 [INFO] __main__: Processing region 557/1149: 14:19733355-19734302
2026-06-05 00:19:49.387 [INFO] __main__:   gnomAD: 1039, AF>=0.0010: 19
2026-06-05 00:20:02.000 [INFO] __main__: Saved 19 records to database
2026-06-05 00:20:02.001 [INFO] __main__: Processing region 558/1149: 14:19743571-19743671
2026-06-05 00:20:02.535 [INFO] __main__:   gnomAD: 98, AF>=0.0010: 1
2026-06-05 00:20:06.001 [INFO] __main__: Saved 1 records to database
2026-06-05 00:20:06.002 [INFO] __main__: Processing region 559/1149: 14:19747406-19749469
2026-06-05 00:20:07.059 [INFO] __main__:   gnomAD: 2273, AF>=0.0010: 40
2026-06-05 00:20:15.230 [INFO] __main__: Saved 40 records to database
2026-06-05 00:20:15.231 [INFO] __main__: Processing region 560/1149: 14:19759868-19760774
2026-06-05 00:20:15.728 [INFO] __main__:   gnomAD: 891, AF>=0.0010: 15
2026-06-05 00:20:21.217 [INFO] __main__: Saved 15 records to database
2026-06-05 00:20:21.217 [INFO] __main__: Processing region 561/1149: 14:19761888-19761983
2026-06-05 00:20:21.567 [INFO] __main__:   gnomAD: 56, AF>=0.0010: 1
2026-06-05 00:20:54.110 [INFO] __main__: Saved 1 records to database
2026-06-05 00:20:54.111 [INFO] __main__: Processing region 562/1149: 14:19773504-19773593
2026-06-05 00:20:56.750 [INFO] __main__:   gnomAD: 78, AF>=0.0010: 3
2026-06-05 00:21:19.295 [INFO] __main__: Saved 3 records to database
2026-06-05 00:21:19.295 [INFO] __main__: Processing region 563/1149: 14:19780242-19783696
2026-06-05 00:21:20.941 [INFO] __main__:   gnomAD: 2844, AF>=0.0010: 54
2026-06-05 00:22:04.569 [INFO] __main__: Saved 54 records to database
2026-06-05 00:22:04.570 [INFO] __main__: Processing region 564/1149: 14:19796345-19797293
2026-06-05 00:22:05.933 [INFO] __main__:   gnomAD: 1083, AF>=0.0010: 27
2026-06-05 00:22:20.322 [INFO] __main__: Saved 27 records to database
2026-06-05 00:22:20.322 [INFO] __main__: Processing region 565/1149: 14:19803770-19803844
2026-06-05 00:22:20.654 [INFO] __main__:   gnomAD: 52, AF>=0.0010: 3
2026-06-05 00:22:26.221 [INFO] __main__: Saved 3 records to database
2026-06-05 00:22:26.221 [INFO] __main__: Processing region 566/1149: 14:19821935-19822451
2026-06-05 00:22:26.734 [INFO] __main__:   gnomAD: 278, AF>=0.0010: 10
2026-06-05 00:22:31.633 [INFO] __main__: Saved 10 records to database
2026-06-05 00:22:31.634 [INFO] __main__: Processing region 567/1149: 14:19827440-19830253
2026-06-05 00:22:32.925 [INFO] __main__:   gnomAD: 2484, AF>=0.0010: 58
2026-06-05 00:22:51.371 [INFO] __main__: Saved 58 records to database
2026-06-05 00:22:51.371 [INFO] __main__: Processing region 568/1149: 14:19875142-19883932
2026-06-05 00:22:53.636 [INFO] __main__:   gnomAD: 6273, AF>=0.0010: 150
2026-06-05 00:22:58.867 [INFO] __main__: Saved 150 records to database
2026-06-05 00:22:58.868 [INFO] __main__: Processing region 569/1149: 14:19930917-19931359
2026-06-05 00:22:59.241 [INFO] __main__:   gnomAD: 270, AF>=0.0010: 2
2026-06-05 00:23:03.009 [INFO] __main__: Saved 2 records to database
2026-06-05 00:23:03.010 [INFO] __main__: Processing region 570/1149: 14:19935608-19936757
2026-06-05 00:23:03.947 [INFO] __main__:   gnomAD: 1261, AF>=0.0010: 19
2026-06-05 00:23:14.541 [INFO] __main__: Saved 19 records to database
2026-06-05 00:23:14.541 [INFO] __main__: Processing region 571/1149: 14:19975591-19976565
2026-06-05 00:23:15.067 [INFO] __main__:   gnomAD: 759, AF>=0.0010: 16
2026-06-05 00:23:18.657 [INFO] __main__: Saved 16 records to database
2026-06-05 00:23:18.658 [INFO] __main__: Processing region 572/1149: 14:20014143-20015222
2026-06-05 00:23:19.319 [INFO] __main__:   gnomAD: 882, AF>=0.0010: 9
2026-06-05 00:23:35.576 [INFO] __main__: Saved 9 records to database
2026-06-05 00:23:35.577 [INFO] __main__: Processing region 573/1149: 14:20019143-20019307
2026-06-05 00:23:36.209 [INFO] __main__:   gnomAD: 66, AF>=0.0010: 2
2026-06-05 00:23:36.755 [INFO] __main__: Saved 2 records to database
2026-06-05 00:23:36.755 [INFO] __main__: Processing region 574/1149: 14:20029399-20036038
2026-06-05 00:23:38.327 [INFO] __main__:   gnomAD: 4369, AF>=0.0010: 118
2026-06-05 00:23:42.920 [INFO] __main__: Saved 118 records to database
2026-06-05 00:23:42.920 [INFO] __main__: Processing region 575/1149: 14:20060045-20060983
2026-06-05 00:23:43.518 [INFO] __main__:   gnomAD: 920, AF>=0.0010: 23
2026-06-05 00:23:45.123 [INFO] __main__: Saved 23 records to database
2026-06-05 00:23:45.124 [INFO] __main__: Processing region 576/1149: 14:20138820-20138890
2026-06-05 00:23:45.439 [INFO] __main__:   gnomAD: 25, AF>=0.0010: 0
2026-06-05 00:23:45.440 [INFO] __main__: Processing region 577/1149: 14:20140843-20141211
2026-06-05 00:23:45.795 [INFO] __main__:   gnomAD: 182, AF>=0.0010: 4
2026-06-05 00:24:01.926 [INFO] __main__: Saved 4 records to database
2026-06-05 00:24:01.927 [INFO] __main__: Processing region 578/1149: 14:20143725-20145471
2026-06-05 00:24:02.776 [INFO] __main__:   gnomAD: 1294, AF>=0.0010: 25
2026-06-05 00:24:10.968 [INFO] __main__: Saved 25 records to database
2026-06-05 00:24:10.968 [INFO] __main__: Processing region 579/1149: 14:20190896-20191666
2026-06-05 00:24:11.391 [INFO] __main__:   gnomAD: 419, AF>=0.0010: 8
2026-06-05 00:24:17.720 [INFO] __main__: Saved 8 records to database
2026-06-05 00:24:17.720 [INFO] __main__: Processing region 580/1149: 14:20197434-20201075
2026-06-05 00:24:18.942 [INFO] __main__:   gnomAD: 2655, AF>=0.0010: 70
2026-06-05 00:24:25.796 [INFO] __main__: Saved 70 records to database
2026-06-05 00:24:25.796 [INFO] __main__: Processing region 581/1149: 14:20223710-20224702
2026-06-05 00:24:26.308 [INFO] __main__:   gnomAD: 669, AF>=0.0010: 13
2026-06-05 00:24:36.214 [INFO] __main__: Saved 13 records to database
2026-06-05 00:24:36.214 [INFO] __main__: Processing region 582/1149: 14:20229402-20230346
2026-06-05 00:24:36.786 [INFO] __main__:   gnomAD: 858, AF>=0.0010: 14
2026-06-05 00:24:47.292 [INFO] __main__: Saved 14 records to database
2026-06-05 00:24:47.293 [INFO] __main__: Processing region 583/1149: 14:20239286-20239331
2026-06-05 00:24:47.612 [INFO] __main__:   gnomAD: 28, AF>=0.0010: 0
2026-06-05 00:24:47.612 [INFO] __main__: Processing region 584/1149: 14:20242739-20244349
2026-06-05 00:24:48.352 [INFO] __main__:   gnomAD: 1337, AF>=0.0010: 23
2026-06-05 00:25:00.782 [INFO] __main__: Saved 23 records to database
2026-06-05 00:25:00.783 [INFO] __main__: Processing region 585/1149: 14:20640696-20641691
2026-06-05 00:25:01.454 [INFO] __main__:   gnomAD: 785, AF>=0.0010: 16
2026-06-05 00:25:03.257 [INFO] __main__: Saved 16 records to database
2026-06-05 00:25:03.257 [INFO] __main__: Processing region 586/1149: 14:21568520-21570761
2026-06-05 00:25:04.243 [INFO] __main__:   gnomAD: 1850, AF>=0.0010: 44
2026-06-05 00:25:33.313 [INFO] __main__: Saved 44 records to database
2026-06-05 00:25:33.314 [INFO] __main__: Processing region 587/1149: 14:21574826-21574932
2026-06-05 00:25:33.878 [INFO] __main__:   gnomAD: 92, AF>=0.0010: 0
2026-06-05 00:25:33.878 [INFO] __main__: Processing region 588/1149: 14:21579786-21580076
2026-06-05 00:25:34.268 [INFO] __main__:   gnomAD: 160, AF>=0.0010: 8
2026-06-05 00:25:36.055 [INFO] __main__: Saved 8 records to database
2026-06-05 00:25:36.056 [INFO] __main__: Processing region 589/1149: 14:21633836-21634940
2026-06-05 00:25:36.847 [INFO] __main__:   gnomAD: 978, AF>=0.0010: 28
2026-06-05 00:25:41.147 [INFO] __main__: Saved 28 records to database
2026-06-05 00:25:41.148 [INFO] __main__: Processing region 590/1149: 14:21653835-21653939
2026-06-05 00:25:41.539 [INFO] __main__:   gnomAD: 38, AF>=0.0010: 0
2026-06-05 00:25:41.539 [INFO] __main__: Processing region 591/1149: 14:21656502-21656589
2026-06-05 00:25:41.884 [INFO] __main__:   gnomAD: 25, AF>=0.0010: 0
2026-06-05 00:25:41.884 [INFO] __main__: Processing region 592/1149: 14:21660653-21660746
2026-06-05 00:25:42.231 [INFO] __main__:   gnomAD: 56, AF>=0.0010: 3
2026-06-05 00:25:45.744 [INFO] __main__: Saved 3 records to database
2026-06-05 00:25:45.744 [INFO] __main__: Processing region 593/1149: 14:21665075-21667642
2026-06-05 00:25:46.562 [INFO] __main__:   gnomAD: 1649, AF>=0.0010: 26
2026-06-05 00:25:59.115 [INFO] __main__: Saved 26 records to database
2026-06-05 00:25:59.116 [INFO] __main__: Processing region 594/1149: 15:22070241-22070454
2026-06-05 00:25:59.465 [INFO] __main__:   gnomAD: 21, AF>=0.0010: 3
2026-06-05 00:26:04.216 [INFO] __main__: Saved 3 records to database
2026-06-05 00:26:04.217 [INFO] __main__: Processing region 595/1149: 15:22080527-22081610
2026-06-05 00:26:04.626 [INFO] __main__:   gnomAD: 199, AF>=0.0010: 11
2026-06-05 00:26:06.276 [INFO] __main__: Saved 11 records to database
2026-06-05 00:26:06.276 [INFO] __main__: Processing region 596/1149: 15:22083047-22083221
2026-06-05 00:26:06.605 [INFO] __main__:   gnomAD: 4, AF>=0.0010: 0
2026-06-05 00:26:06.606 [INFO] __main__: Processing region 597/1149: 15:22094513-22095862
2026-06-05 00:26:07.633 [INFO] __main__:   gnomAD: 1191, AF>=0.0010: 28
2026-06-05 00:26:13.803 [INFO] __main__: Saved 28 records to database
2026-06-05 00:26:13.803 [INFO] __main__: Processing region 598/1149: 15:27754874-27755472
2026-06-05 00:26:14.172 [WARNING] __main__: gnomAD 429 for 15:27754874-27755472 (attempt 1/4)
2026-06-05 00:26:14.173 [INFO] __main__: Retrying gnomAD 15:27754874-27755472 in 2s...
2026-06-05 00:26:16.563 [WARNING] __main__: gnomAD 429 for 15:27754874-27755472 (attempt 2/4)
2026-06-05 00:26:16.563 [INFO] __main__: Retrying gnomAD 15:27754874-27755472 in 3s...
2026-06-05 00:26:19.988 [WARNING] __main__: gnomAD 429 for 15:27754874-27755472 (attempt 3/4)
2026-06-05 00:26:19.988 [INFO] __main__: Retrying gnomAD 15:27754874-27755472 in 5s...
2026-06-05 00:26:25.381 [WARNING] __main__: gnomAD 429 for 15:27754874-27755472 (attempt 4/4)
2026-06-05 00:26:25.382 [INFO] __main__:   gnomAD: 0, AF>=0.0010: 0
2026-06-05 00:26:25.382 [INFO] __main__: Processing region 599/1149: 15:27775621-27776798
2026-06-05 00:26:25.760 [WARNING] __main__: gnomAD 429 for 15:27775621-27776798 (attempt 1/4)
2026-06-05 00:26:25.761 [INFO] __main__: Retrying gnomAD 15:27775621-27776798 in 2s...
2026-06-05 00:26:28.137 [WARNING] __main__: gnomAD 429 for 15:27775621-27776798 (attempt 2/4)
2026-06-05 00:26:28.138 [INFO] __main__: Retrying gnomAD 15:27775621-27776798 in 3s...
2026-06-05 00:26:31.521 [WARNING] __main__: gnomAD 429 for 15:27775621-27776798 (attempt 3/4)
2026-06-05 00:26:31.522 [INFO] __main__: Retrying gnomAD 15:27775621-27776798 in 5s...
2026-06-05 00:26:37.696 [INFO] __main__:   gnomAD: 803, AF>=0.0010: 18
2026-06-05 00:26:49.161 [INFO] __main__: Saved 18 records to database
2026-06-05 00:26:49.162 [INFO] __main__: Processing region 600/1149: 15:27844959-27845052
2026-06-05 00:26:49.582 [INFO] __main__:   gnomAD: 73, AF>=0.0010: 1
2026-06-05 00:27:17.297 [INFO] __main__: Saved 1 records to database
2026-06-05 00:27:17.298 [INFO] __main__: Processing region 601/1149: 15:27851382-27851475
2026-06-05 00:27:18.114 [INFO] __main__:   gnomAD: 83, AF>=0.0010: 2
2026-06-05 00:27:30.312 [INFO] __main__: Saved 2 records to database
2026-06-05 00:27:30.312 [INFO] __main__: Processing region 602/1149: 15:27867243-27867284
2026-06-05 00:27:30.634 [INFO] __main__:   gnomAD: 6, AF>=0.0010: 0
2026-06-05 00:27:30.634 [INFO] __main__: Processing region 603/1149: 15:27871154-27871922
2026-06-05 00:27:31.192 [INFO] __main__:   gnomAD: 597, AF>=0.0010: 12
2026-06-05 00:27:33.028 [INFO] __main__: Saved 12 records to database
2026-06-05 00:27:33.028 [INFO] __main__: Processing region 604/1149: 15:27882031-27882234
2026-06-05 00:27:33.384 [INFO] __main__:   gnomAD: 60, AF>=0.0010: 3
2026-06-05 00:27:41.730 [INFO] __main__: Saved 3 records to database
2026-06-05 00:27:41.731 [INFO] __main__: Processing region 605/1149: 15:27895704-27896582
2026-06-05 00:27:42.842 [INFO] __main__:   gnomAD: 1306, AF>=0.0010: 11
2026-06-05 00:27:45.519 [INFO] __main__: Saved 11 records to database
2026-06-05 00:27:45.519 [INFO] __main__: Processing region 606/1149: 15:27926127-27926254
2026-06-05 00:27:45.971 [INFO] __main__:   gnomAD: 90, AF>=0.0010: 1
2026-06-05 00:27:48.813 [INFO] __main__: Saved 1 records to database
2026-06-05 00:27:48.813 [INFO] __main__: Processing region 607/1149: 15:27951784-27951892
2026-06-05 00:27:49.214 [INFO] __main__:   gnomAD: 75, AF>=0.0010: 2
2026-06-05 00:28:03.776 [INFO] __main__: Saved 2 records to database
2026-06-05 00:28:03.776 [INFO] __main__: Processing region 608/1149: 15:27955158-27955215
2026-06-05 00:28:04.158 [INFO] __main__:   gnomAD: 47, AF>=0.0010: 0
2026-06-05 00:28:04.158 [INFO] __main__: Processing region 609/1149: 15:27957588-27957735
2026-06-05 00:28:05.361 [INFO] __main__:   gnomAD: 107, AF>=0.0010: 3
2026-06-05 00:28:08.211 [INFO] __main__: Saved 3 records to database
2026-06-05 00:28:08.211 [INFO] __main__: Processing region 610/1149: 15:27966690-27966822
2026-06-05 00:28:08.579 [INFO] __main__:   gnomAD: 100, AF>=0.0010: 2
2026-06-05 00:28:12.588 [INFO] __main__: Saved 2 records to database
2026-06-05 00:28:12.588 [INFO] __main__: Processing region 611/1149: 15:27983345-27983483
2026-06-05 00:28:12.938 [WARNING] __main__: gnomAD 429 for 15:27983345-27983483 (attempt 1/4)
2026-06-05 00:28:12.939 [INFO] __main__: Retrying gnomAD 15:27983345-27983483 in 2s...
2026-06-05 00:28:15.316 [WARNING] __main__: gnomAD 429 for 15:27983345-27983483 (attempt 2/4)
2026-06-05 00:28:15.316 [INFO] __main__: Retrying gnomAD 15:27983345-27983483 in 3s...
2026-06-05 00:28:18.794 [INFO] __main__:   gnomAD: 84, AF>=0.0010: 2
2026-06-05 00:28:51.174 [INFO] __main__: Saved 2 records to database
2026-06-05 00:28:51.174 [INFO] __main__: Processing region 612/1149: 15:27985064-27985188
2026-06-05 00:28:52.445 [INFO] __main__:   gnomAD: 106, AF>=0.0010: 2
2026-06-05 00:29:04.231 [INFO] __main__: Saved 2 records to database
2026-06-05 00:29:04.231 [INFO] __main__: Processing region 613/1149: 15:27986587-27986643
2026-06-05 00:29:04.595 [INFO] __main__:   gnomAD: 71, AF>=0.0010: 0
2026-06-05 00:29:04.596 [INFO] __main__: Processing region 614/1149: 15:27989601-27990647
2026-06-05 00:29:06.749 [INFO] __main__:   gnomAD: 539, AF>=0.0010: 8
2026-06-05 00:29:09.647 [INFO] __main__: Saved 8 records to database
2026-06-05 00:29:09.648 [INFO] __main__: Processing region 615/1149: 15:28014776-28014929
2026-06-05 00:29:10.001 [INFO] __main__:   gnomAD: 120, AF>=0.0010: 3
2026-06-05 00:29:13.325 [INFO] __main__: Saved 3 records to database
2026-06-05 00:29:13.325 [INFO] __main__: Processing region 616/1149: 15:28016104-28016186
2026-06-05 00:29:13.660 [INFO] __main__:   gnomAD: 55, AF>=0.0010: 0
2026-06-05 00:29:13.661 [INFO] __main__: Processing region 617/1149: 15:28018397-28018557
2026-06-05 00:29:14.018 [INFO] __main__:   gnomAD: 116, AF>=0.0010: 3
2026-06-05 00:29:20.061 [INFO] __main__: Saved 3 records to database
2026-06-05 00:29:20.062 [INFO] __main__: Processing region 618/1149: 15:28022501-28022573
2026-06-05 00:29:20.392 [INFO] __main__:   gnomAD: 55, AF>=0.0010: 0
2026-06-05 00:29:20.393 [INFO] __main__: Processing region 619/1149: 15:28024845-28024902
2026-06-05 00:29:20.722 [INFO] __main__:   gnomAD: 39, AF>=0.0010: 0
2026-06-05 00:29:20.722 [INFO] __main__: Processing region 620/1149: 15:28027871-28028059
2026-06-05 00:29:21.079 [INFO] __main__:   gnomAD: 123, AF>=0.0010: 1
2026-06-05 00:29:26.804 [INFO] __main__: Saved 1 records to database
2026-06-05 00:29:26.804 [INFO] __main__: Processing region 621/1149: 15:28032065-28032163
2026-06-05 00:29:27.162 [INFO] __main__:   gnomAD: 62, AF>=0.0010: 0
2026-06-05 00:29:27.163 [INFO] __main__: Processing region 622/1149: 15:28080070-28080222
2026-06-05 00:29:27.517 [INFO] __main__:   gnomAD: 31, AF>=0.0010: 0
2026-06-05 00:29:27.517 [INFO] __main__: Processing region 623/1149: 15:28081648-28081895
2026-06-05 00:29:27.942 [INFO] __main__:   gnomAD: 232, AF>=0.0010: 3
2026-06-05 00:29:30.326 [INFO] __main__: Saved 3 records to database
2026-06-05 00:29:30.327 [INFO] __main__: Processing region 624/1149: 15:28082927-28083264
2026-06-05 00:29:30.690 [INFO] __main__:   gnomAD: 95, AF>=0.0010: 2
2026-06-05 00:29:41.949 [INFO] __main__: Saved 2 records to database
2026-06-05 00:29:41.949 [INFO] __main__: Processing region 625/1149: 15:28099111-28099664
2026-06-05 00:29:42.296 [WARNING] __main__: gnomAD 429 for 15:28099111-28099664 (attempt 1/4)
2026-06-05 00:29:42.297 [INFO] __main__: Retrying gnomAD 15:28099111-28099664 in 2s...
2026-06-05 00:29:44.661 [WARNING] __main__: gnomAD 429 for 15:28099111-28099664 (attempt 2/4)
2026-06-05 00:29:44.662 [INFO] __main__: Retrying gnomAD 15:28099111-28099664 in 3s...
2026-06-05 00:29:48.019 [WARNING] __main__: gnomAD 429 for 15:28099111-28099664 (attempt 3/4)
2026-06-05 00:29:48.020 [INFO] __main__: Retrying gnomAD 15:28099111-28099664 in 5s...
2026-06-05 00:29:53.422 [WARNING] __main__: gnomAD 429 for 15:28099111-28099664 (attempt 4/4)
2026-06-05 00:29:53.423 [INFO] __main__:   gnomAD: 0, AF>=0.0010: 0
2026-06-05 00:29:53.423 [INFO] __main__: Processing region 626/1149: 15:101803509-101803545
2026-06-05 00:29:53.810 [WARNING] __main__: gnomAD 429 for 15:101803509-101803545 (attempt 1/4)
2026-06-05 00:29:53.810 [INFO] __main__: Retrying gnomAD 15:101803509-101803545 in 2s...
2026-06-05 00:29:56.215 [WARNING] __main__: gnomAD 429 for 15:101803509-101803545 (attempt 2/4)
2026-06-05 00:29:56.216 [INFO] __main__: Retrying gnomAD 15:101803509-101803545 in 3s...
2026-06-05 00:29:59.541 [INFO] __main__:   gnomAD: 11, AF>=0.0010: 0
2026-06-05 00:29:59.542 [INFO] __main__: Processing region 627/1149: 15:101805687-101806887
2026-06-05 00:30:01.273 [INFO] __main__:   gnomAD: 989, AF>=0.0010: 15
2026-06-05 00:30:14.846 [INFO] __main__: Saved 15 records to database
2026-06-05 00:30:14.846 [INFO] __main__: Processing region 628/1149: 15:101922042-101923113
2026-06-05 00:30:15.494 [INFO] __main__:   gnomAD: 1000, AF>=0.0010: 14
2026-06-05 00:30:38.246 [INFO] __main__: Saved 14 records to database
2026-06-05 00:30:38.247 [INFO] __main__: Processing region 629/1149: 16:3355889-3357306
2026-06-05 00:30:39.112 [INFO] __main__:   gnomAD: 1419, AF>=0.0010: 19
2026-06-05 00:31:02.365 [INFO] __main__: Saved 19 records to database
2026-06-05 00:31:02.365 [INFO] __main__: Processing region 630/1149: 16:23182677-23182813
2026-06-05 00:31:02.900 [INFO] __main__:   gnomAD: 156, AF>=0.0010: 2
2026-06-05 00:31:11.341 [INFO] __main__: Saved 2 records to database
2026-06-05 00:31:11.342 [INFO] __main__: Processing region 631/1149: 16:23186128-23186588
2026-06-05 00:31:11.745 [INFO] __main__:   gnomAD: 374, AF>=0.0010: 2
2026-06-05 00:31:12.890 [INFO] __main__: Saved 2 records to database
2026-06-05 00:31:12.891 [INFO] __main__: Processing region 632/1149: 16:23189371-23189671
2026-06-05 00:31:13.262 [INFO] __main__:   gnomAD: 202, AF>=0.0010: 6
2026-06-05 00:31:22.192 [INFO] __main__: Saved 6 records to database
2026-06-05 00:31:22.192 [INFO] __main__: Processing region 633/1149: 16:23192352-23192542
2026-06-05 00:31:22.547 [INFO] __main__:   gnomAD: 113, AF>=0.0010: 1
2026-06-05 00:31:24.926 [INFO] __main__: Saved 1 records to database
2026-06-05 00:31:24.926 [INFO] __main__: Processing region 634/1149: 16:23194171-23197427
2026-06-05 00:31:25.886 [INFO] __main__:   gnomAD: 1660, AF>=0.0010: 31
2026-06-05 00:31:53.108 [INFO] __main__: Saved 31 records to database
2026-06-05 00:31:53.109 [INFO] __main__: Processing region 635/1149: 16:23209750-23209848
2026-06-05 00:31:53.577 [INFO] __main__:   gnomAD: 76, AF>=0.0010: 0
2026-06-05 00:31:53.578 [INFO] __main__: Processing region 636/1149: 16:23212034-23213163
2026-06-05 00:31:54.128 [INFO] __main__:   gnomAD: 802, AF>=0.0010: 8
2026-06-05 00:31:54.905 [INFO] __main__: Saved 8 records to database
2026-06-05 00:31:54.905 [INFO] __main__: Processing region 637/1149: 16:23214712-23216883
2026-06-05 00:31:55.944 [INFO] __main__:   gnomAD: 2195, AF>=0.0010: 24
2026-06-05 00:32:01.201 [INFO] __main__: Saved 24 records to database
2026-06-05 00:32:01.201 [INFO] __main__: Processing region 638/1149: 16:23278231-23278340
2026-06-05 00:32:01.553 [INFO] __main__:   gnomAD: 80, AF>=0.0010: 0
2026-06-05 00:32:01.553 [INFO] __main__: Processing region 639/1149: 16:23283737-23283804
2026-06-05 00:32:01.870 [INFO] __main__:   gnomAD: 46, AF>=0.0010: 0
2026-06-05 00:32:01.870 [INFO] __main__: Processing region 640/1149: 16:23301748-23302437
2026-06-05 00:32:02.398 [INFO] __main__:   gnomAD: 651, AF>=0.0010: 13
2026-06-05 00:32:36.291 [INFO] __main__: Saved 13 records to database
2026-06-05 00:32:36.291 [INFO] __main__: Processing region 641/1149: 16:23303973-23304101
2026-06-05 00:32:37.005 [INFO] __main__:   gnomAD: 108, AF>=0.0010: 1
2026-06-05 00:32:48.722 [INFO] __main__: Saved 1 records to database
2026-06-05 00:32:48.723 [INFO] __main__: Processing region 642/1149: 16:23320347-23320435
2026-06-05 00:32:49.082 [INFO] __main__:   gnomAD: 28, AF>=0.0010: 2
2026-06-05 00:32:58.028 [INFO] __main__: Saved 2 records to database
2026-06-05 00:32:58.029 [INFO] __main__: Processing region 643/1149: 16:23323554-23324330
2026-06-05 00:32:58.410 [INFO] __main__:   gnomAD: 268, AF>=0.0010: 13
2026-06-05 00:33:09.273 [INFO] __main__: Saved 13 records to database
2026-06-05 00:33:09.273 [INFO] __main__: Processing region 644/1149: 16:23335477-23336358
2026-06-05 00:33:09.752 [INFO] __main__:   gnomAD: 233, AF>=0.0010: 13
2026-06-05 00:33:15.607 [INFO] __main__: Saved 13 records to database
2026-06-05 00:33:15.608 [INFO] __main__: Processing region 645/1149: 16:23348563-23348910
2026-06-05 00:33:16.095 [INFO] __main__:   gnomAD: 253, AF>=0.0010: 5
2026-06-05 00:33:29.813 [INFO] __main__: Saved 5 records to database
2026-06-05 00:33:29.813 [INFO] __main__: Processing region 646/1149: 16:23352801-23353244
2026-06-05 00:33:30.285 [INFO] __main__:   gnomAD: 320, AF>=0.0010: 1
2026-06-05 00:33:31.183 [INFO] __main__: Saved 1 records to database
2026-06-05 00:33:31.183 [INFO] __main__: Processing region 647/1149: 16:23355299-23355489
2026-06-05 00:33:31.541 [INFO] __main__:   gnomAD: 105, AF>=0.0010: 0
2026-06-05 00:33:31.541 [INFO] __main__: Processing region 648/1149: 16:23358202-23359379
2026-06-05 00:33:32.088 [INFO] __main__:   gnomAD: 813, AF>=0.0010: 10
2026-06-05 00:33:33.687 [INFO] __main__: Saved 10 records to database
2026-06-05 00:33:33.688 [INFO] __main__: Processing region 649/1149: 16:23367760-23367959
2026-06-05 00:33:34.060 [INFO] __main__:   gnomAD: 174, AF>=0.0010: 3
2026-06-05 00:33:38.335 [INFO] __main__: Saved 3 records to database
2026-06-05 00:33:38.336 [INFO] __main__: Processing region 650/1149: 16:23371299-23372183
2026-06-05 00:33:39.064 [INFO] __main__:   gnomAD: 886, AF>=0.0010: 7
2026-06-05 00:33:45.448 [INFO] __main__: Saved 7 records to database
2026-06-05 00:33:45.448 [INFO] __main__: Processing region 651/1149: 16:23375738-23375855
2026-06-05 00:33:45.799 [INFO] __main__:   gnomAD: 94, AF>=0.0010: 1
2026-06-05 00:34:07.061 [INFO] __main__: Saved 1 records to database
2026-06-05 00:34:07.062 [INFO] __main__: Processing region 652/1149: 16:23377165-23377386
2026-06-05 00:34:08.426 [INFO] __main__:   gnomAD: 166, AF>=0.0010: 3
2026-06-05 00:34:32.213 [INFO] __main__: Saved 3 records to database
2026-06-05 00:34:32.213 [INFO] __main__: Processing region 653/1149: 16:23378706-23378767
2026-06-05 00:34:32.662 [INFO] __main__:   gnomAD: 43, AF>=0.0010: 0
2026-06-05 00:34:32.663 [INFO] __main__: Processing region 654/1149: 16:23380094-23381299
2026-06-05 00:34:33.397 [INFO] __main__:   gnomAD: 1182, AF>=0.0010: 11
2026-06-05 00:34:47.986 [INFO] __main__: Saved 11 records to database
2026-06-05 00:34:47.986 [INFO] __main__: Processing region 655/1149: 16:88715048-88723971
2026-06-05 00:34:53.021 [INFO] __main__:   gnomAD: 13866, AF>=0.0010: 191
2026-06-05 00:35:18.681 [INFO] __main__: Saved 191 records to database
2026-06-05 00:35:18.681 [INFO] __main__: Processing region 656/1149: 16:88725009-88727843
2026-06-05 00:35:21.116 [INFO] __main__:   gnomAD: 5117, AF>=0.0010: 88
2026-06-05 00:35:32.361 [INFO] __main__: Saved 88 records to database
2026-06-05 00:35:32.361 [INFO] __main__: Processing region 657/1149: 16:88731180-88745748
2026-06-05 00:35:45.197 [INFO] __main__:   gnomAD: 27086, AF>=0.0010: 529
2026-06-05 00:35:53.331 [INFO] __main__: Saved 200 records to database
2026-06-05 00:36:04.164 [INFO] __main__: Saved 200 records to database
2026-06-05 00:36:31.876 [INFO] __main__: Saved 129 records to database
2026-06-05 00:36:31.877 [INFO] __main__: Processing region 658/1149: 16:88749384-88749479
2026-06-05 00:36:32.512 [INFO] __main__:   gnomAD: 157, AF>=0.0010: 1
2026-06-05 00:36:39.483 [INFO] __main__: Saved 1 records to database
2026-06-05 00:36:39.483 [INFO] __main__: Processing region 659/1149: 16:88784901-88785251
2026-06-05 00:36:40.122 [INFO] __main__:   gnomAD: 821, AF>=0.0010: 9
2026-06-05 00:36:48.451 [INFO] __main__: Saved 9 records to database
2026-06-05 00:36:48.451 [INFO] __main__: Processing region 660/1149: 17:3126610-3127551
2026-06-05 00:36:48.991 [INFO] __main__:   gnomAD: 622, AF>=0.0010: 10
2026-06-05 00:36:58.671 [INFO] __main__: Saved 10 records to database
2026-06-05 00:36:58.671 [INFO] __main__: Processing region 661/1149: 17:3197519-3198448
2026-06-05 00:36:59.194 [INFO] __main__:   gnomAD: 668, AF>=0.0010: 13
2026-06-05 00:37:06.297 [INFO] __main__: Saved 13 records to database
2026-06-05 00:37:06.297 [INFO] __main__: Processing region 662/1149: 17:3207539-3208998
2026-06-05 00:37:07.107 [INFO] __main__:   gnomAD: 939, AF>=0.0010: 37
2026-06-05 00:37:12.863 [INFO] __main__: Saved 37 records to database
2026-06-05 00:37:12.864 [INFO] __main__: Processing region 663/1149: 17:3212467-3218896
2026-06-05 00:37:15.521 [INFO] __main__:   gnomAD: 4555, AF>=0.0010: 85
2026-06-05 00:37:29.501 [INFO] __main__: Saved 85 records to database
2026-06-05 00:37:29.501 [INFO] __main__: Processing region 664/1149: 17:3565444-3566987
2026-06-05 00:37:30.486 [INFO] __main__:   gnomAD: 1820, AF>=0.0010: 17
2026-06-05 00:37:32.892 [INFO] __main__: Saved 17 records to database
2026-06-05 00:37:32.892 [INFO] __main__: Processing region 665/1149: 17:3571524-3572249
2026-06-05 00:37:33.612 [INFO] __main__:   gnomAD: 695, AF>=0.0010: 7
2026-06-05 00:37:36.147 [INFO] __main__: Saved 7 records to database
2026-06-05 00:37:36.147 [INFO] __main__: Processing region 666/1149: 17:3573633-3573955
2026-06-05 00:37:36.642 [INFO] __main__:   gnomAD: 289, AF>=0.0010: 5
2026-06-05 00:37:55.748 [INFO] __main__: Saved 5 records to database
2026-06-05 00:37:55.749 [INFO] __main__: Processing region 667/1149: 17:3577126-3578853
2026-06-05 00:37:57.209 [INFO] __main__:   gnomAD: 1978, AF>=0.0010: 25
2026-06-05 00:37:58.983 [INFO] __main__: Saved 25 records to database
2026-06-05 00:37:58.984 [INFO] __main__: Processing region 668/1149: 17:3580457-3580527
2026-06-05 00:37:59.385 [INFO] __main__:   gnomAD: 52, AF>=0.0010: 1
2026-06-05 00:38:03.631 [INFO] __main__: Saved 1 records to database
2026-06-05 00:38:03.632 [INFO] __main__: Processing region 669/1149: 17:3583338-3583430
2026-06-05 00:38:05.662 [INFO] __main__:   gnomAD: 94, AF>=0.0010: 1
2026-06-05 00:38:15.271 [INFO] __main__: Saved 1 records to database
2026-06-05 00:38:15.271 [INFO] __main__: Processing region 670/1149: 17:3585149-3585926
2026-06-05 00:38:16.034 [INFO] __main__:   gnomAD: 1150, AF>=0.0010: 14
2026-06-05 00:38:31.261 [INFO] __main__: Saved 14 records to database
2026-06-05 00:38:31.261 [INFO] __main__: Processing region 671/1149: 17:3588188-3593159
2026-06-05 00:38:33.612 [INFO] __main__:   gnomAD: 4984, AF>=0.0010: 110
2026-06-05 00:38:35.418 [INFO] __main__: Saved 110 records to database
2026-06-05 00:38:35.418 [INFO] __main__: Processing region 672/1149: 17:3595664-3595831
2026-06-05 00:38:35.800 [INFO] __main__:   gnomAD: 208, AF>=0.0010: 7
2026-06-05 00:38:36.330 [INFO] __main__: Saved 7 records to database
2026-06-05 00:38:36.330 [INFO] __main__: Processing region 673/1149: 17:3596918-3597098
2026-06-05 00:38:36.758 [INFO] __main__:   gnomAD: 208, AF>=0.0010: 2
2026-06-05 00:38:37.492 [INFO] __main__: Saved 2 records to database
2026-06-05 00:38:37.492 [INFO] __main__: Processing region 674/1149: 17:3601761-3602272
2026-06-05 00:38:37.975 [INFO] __main__:   gnomAD: 342, AF>=0.0010: 6
2026-06-05 00:38:47.431 [INFO] __main__: Saved 6 records to database
2026-06-05 00:38:47.431 [INFO] __main__: Processing region 675/1149: 17:3608240-3610972
2026-06-05 00:38:49.322 [INFO] __main__:   gnomAD: 2625, AF>=0.0010: 37
2026-06-05 00:38:51.742 [INFO] __main__: Saved 37 records to database
2026-06-05 00:38:51.742 [INFO] __main__: Processing region 676/1149: 17:58148384-58149796
2026-06-05 00:38:52.836 [INFO] __main__:   gnomAD: 690, AF>=0.0010: 13
2026-06-05 00:39:06.485 [INFO] __main__: Saved 13 records to database
2026-06-05 00:39:06.485 [INFO] __main__: Processing region 677/1149: 17:58153857-58153963
2026-06-05 00:39:06.976 [INFO] __main__:   gnomAD: 17, AF>=0.0010: 1
2026-06-05 00:39:28.758 [INFO] __main__: Saved 1 records to database
2026-06-05 00:39:28.758 [INFO] __main__: Processing region 678/1149: 17:58155135-58159585
2026-06-05 00:39:30.639 [INFO] __main__:   gnomAD: 4491, AF>=0.0010: 88
2026-06-05 00:39:35.282 [INFO] __main__: Saved 88 records to database
2026-06-05 00:39:35.283 [INFO] __main__: Processing region 679/1149: 17:58166982-58167053
2026-06-05 00:39:35.601 [INFO] __main__:   gnomAD: 33, AF>=0.0010: 0
2026-06-05 00:39:35.602 [INFO] __main__: Processing region 680/1149: 17:58169401-58171411
2026-06-05 00:39:36.437 [INFO] __main__:   gnomAD: 1600, AF>=0.0010: 21
2026-06-05 00:39:47.277 [INFO] __main__: Saved 21 records to database
2026-06-05 00:39:47.277 [INFO] __main__: Processing region 681/1149: 17:74922910-74925692
2026-06-05 00:39:48.766 [INFO] __main__:   gnomAD: 2778, AF>=0.0010: 26
2026-06-05 00:39:59.526 [INFO] __main__: Saved 26 records to database
2026-06-05 00:39:59.527 [INFO] __main__: Processing region 682/1149: 17:74927223-74928045
2026-06-05 00:40:00.817 [INFO] __main__:   gnomAD: 846, AF>=0.0010: 2
2026-06-05 00:40:05.864 [INFO] __main__: Saved 2 records to database
2026-06-05 00:40:05.864 [INFO] __main__: Processing region 683/1149: 17:74930279-74931153
2026-06-05 00:40:06.634 [INFO] __main__:   gnomAD: 638, AF>=0.0010: 7
2026-06-05 00:40:11.330 [INFO] __main__: Saved 7 records to database
2026-06-05 00:40:11.330 [INFO] __main__: Processing region 684/1149: 17:74933375-74933912
2026-06-05 00:40:11.949 [INFO] __main__:   gnomAD: 636, AF>=0.0010: 8
2026-06-05 00:40:26.774 [INFO] __main__: Saved 8 records to database
2026-06-05 00:40:26.775 [INFO] __main__: Processing region 685/1149: 17:74935883-74935940
2026-06-05 00:40:27.107 [INFO] __main__:   gnomAD: 70, AF>=0.0010: 0
2026-06-05 00:40:27.108 [INFO] __main__: Processing region 686/1149: 17:74941393-74942037
2026-06-05 00:40:27.679 [INFO] __main__:   gnomAD: 639, AF>=0.0010: 10
2026-06-05 00:40:39.230 [INFO] __main__: Saved 10 records to database
2026-06-05 00:40:39.230 [INFO] __main__: Processing region 687/1149: 17:74943286-74943724
2026-06-05 00:40:39.674 [INFO] __main__:   gnomAD: 413, AF>=0.0010: 5
2026-06-05 00:40:56.396 [INFO] __main__: Saved 5 records to database
2026-06-05 00:40:56.397 [INFO] __main__: Processing region 688/1149: 17:74946661-74947475
2026-06-05 00:40:57.959 [INFO] __main__:   gnomAD: 708, AF>=0.0010: 9
2026-06-05 00:41:00.842 [INFO] __main__: Saved 9 records to database
2026-06-05 00:41:00.842 [INFO] __main__: Processing region 689/1149: 17:74949246-74949992
2026-06-05 00:41:01.462 [INFO] __main__:   gnomAD: 1047, AF>=0.0010: 12
2026-06-05 00:41:06.693 [INFO] __main__: Saved 12 records to database
2026-06-05 00:41:06.693 [INFO] __main__: Processing region 690/1149: 18:10663824-10666887
2026-06-05 00:41:07.571 [INFO] __main__:   gnomAD: 2242, AF>=0.0010: 66
2026-06-05 00:41:30.948 [INFO] __main__: Saved 66 records to database
2026-06-05 00:41:30.949 [INFO] __main__: Processing region 691/1149: 18:10670241-10672873
2026-06-05 00:41:31.971 [INFO] __main__:   gnomAD: 1569, AF>=0.0010: 26
2026-06-05 00:41:34.858 [INFO] __main__: Saved 26 records to database
2026-06-05 00:41:34.859 [INFO] __main__: Processing region 692/1149: 18:10675209-10677875
2026-06-05 00:41:35.754 [INFO] __main__:   gnomAD: 1256, AF>=0.0010: 32
2026-06-05 00:41:49.261 [INFO] __main__: Saved 32 records to database
2026-06-05 00:41:49.262 [INFO] __main__: Processing region 693/1149: 18:10680199-10680371
2026-06-05 00:41:49.869 [INFO] __main__:   gnomAD: 109, AF>=0.0010: 0
2026-06-05 00:41:49.869 [INFO] __main__: Processing region 694/1149: 18:10681661-10682292
2026-06-05 00:41:50.384 [INFO] __main__:   gnomAD: 494, AF>=0.0010: 4
2026-06-05 00:42:05.220 [INFO] __main__: Saved 4 records to database
2026-06-05 00:42:05.220 [INFO] __main__: Processing region 695/1149: 18:10689655-10689802
2026-06-05 00:42:05.550 [INFO] __main__:   gnomAD: 74, AF>=0.0010: 0
2026-06-05 00:42:05.551 [INFO] __main__: Processing region 696/1149: 18:10691000-10691383
2026-06-05 00:42:06.009 [INFO] __main__:   gnomAD: 302, AF>=0.0010: 6
2026-06-05 00:42:11.820 [INFO] __main__: Saved 6 records to database
2026-06-05 00:42:11.820 [INFO] __main__: Processing region 697/1149: 18:10696074-10696539
2026-06-05 00:42:12.256 [INFO] __main__:   gnomAD: 321, AF>=0.0010: 7
2026-06-05 00:42:28.067 [INFO] __main__: Saved 7 records to database
2026-06-05 00:42:28.067 [INFO] __main__: Processing region 698/1149: 18:10697748-10697880
2026-06-05 00:42:28.671 [INFO] __main__:   gnomAD: 87, AF>=0.0010: 0
2026-06-05 00:42:28.671 [INFO] __main__: Processing region 699/1149: 18:10698925-10700357
2026-06-05 00:42:29.192 [INFO] __main__:   gnomAD: 504, AF>=0.0010: 22
2026-06-05 00:42:37.715 [INFO] __main__: Saved 22 records to database
2026-06-05 00:42:37.716 [INFO] __main__: Processing region 700/1149: 18:10701869-10705746
2026-06-05 00:42:38.882 [INFO] __main__:   gnomAD: 2192, AF>=0.0010: 71
2026-06-05 00:42:51.598 [INFO] __main__: Saved 71 records to database
2026-06-05 00:42:51.599 [INFO] __main__: Processing region 701/1149: 18:10708275-10709599
2026-06-05 00:42:52.541 [INFO] __main__:   gnomAD: 727, AF>=0.0010: 25
2026-06-05 00:42:54.617 [INFO] __main__: Saved 25 records to database
2026-06-05 00:42:54.618 [INFO] __main__: Processing region 702/1149: 18:10713052-10715816
2026-06-05 00:42:55.582 [INFO] __main__:   gnomAD: 1089, AF>=0.0010: 47
2026-06-05 00:42:58.080 [INFO] __main__: Saved 47 records to database
2026-06-05 00:42:58.080 [INFO] __main__: Processing region 703/1149: 18:10718200-10718259
2026-06-05 00:42:58.408 [INFO] __main__:   gnomAD: 45, AF>=0.0010: 0
2026-06-05 00:42:58.409 [INFO] __main__: Processing region 704/1149: 18:10724619-10728539
2026-06-05 00:43:00.253 [INFO] __main__:   gnomAD: 4299, AF>=0.0010: 69
2026-06-05 00:43:09.152 [INFO] __main__: Saved 69 records to database
2026-06-05 00:43:09.152 [INFO] __main__: Processing region 705/1149: 18:10731407-10731521
2026-06-05 00:43:09.486 [INFO] __main__:   gnomAD: 88, AF>=0.0010: 3
2026-06-05 00:43:12.373 [INFO] __main__: Saved 3 records to database
2026-06-05 00:43:12.374 [INFO] __main__: Processing region 706/1149: 18:10735232-10735330
2026-06-05 00:43:12.694 [INFO] __main__:   gnomAD: 12, AF>=0.0010: 0
2026-06-05 00:43:12.695 [INFO] __main__: Processing region 707/1149: 18:10736604-10741102
2026-06-05 00:43:13.846 [INFO] __main__:   gnomAD: 2268, AF>=0.0010: 68
2026-06-05 00:43:21.529 [INFO] __main__: Saved 68 records to database
2026-06-05 00:43:21.530 [INFO] __main__: Processing region 708/1149: 18:10742494-10742615
2026-06-05 00:43:21.867 [INFO] __main__:   gnomAD: 85, AF>=0.0010: 0
2026-06-05 00:43:21.867 [INFO] __main__: Processing region 709/1149: 18:10744142-10744231
2026-06-05 00:43:22.448 [INFO] __main__:   gnomAD: 53, AF>=0.0010: 0
2026-06-05 00:43:22.449 [INFO] __main__: Processing region 710/1149: 18:10748467-10748630
2026-06-05 00:43:22.963 [INFO] __main__:   gnomAD: 117, AF>=0.0010: 2
2026-06-05 00:43:33.089 [INFO] __main__: Saved 2 records to database
2026-06-05 00:43:33.089 [INFO] __main__: Processing region 711/1149: 18:10750091-10750187
2026-06-05 00:43:34.546 [INFO] __main__:   gnomAD: 63, AF>=0.0010: 2
2026-06-05 00:43:45.069 [INFO] __main__: Saved 2 records to database
2026-06-05 00:43:45.070 [INFO] __main__: Processing region 712/1149: 18:10752636-10752879
2026-06-05 00:43:45.685 [INFO] __main__:   gnomAD: 145, AF>=0.0010: 3
2026-06-05 00:43:47.336 [INFO] __main__: Saved 3 records to database
2026-06-05 00:43:47.337 [INFO] __main__: Processing region 713/1149: 18:10757969-10758134
2026-06-05 00:43:47.816 [INFO] __main__:   gnomAD: 115, AF>=0.0010: 1
2026-06-05 00:43:50.330 [INFO] __main__: Saved 1 records to database
2026-06-05 00:43:50.331 [INFO] __main__: Processing region 714/1149: 18:10759482-10759909
2026-06-05 00:43:50.764 [INFO] __main__:   gnomAD: 298, AF>=0.0010: 4
2026-06-05 00:43:58.230 [INFO] __main__: Saved 4 records to database
2026-06-05 00:43:58.231 [INFO] __main__: Processing region 715/1149: 18:10760911-10761111
2026-06-05 00:43:58.668 [INFO] __main__:   gnomAD: 133, AF>=0.0010: 0
2026-06-05 00:43:58.668 [INFO] __main__: Processing region 716/1149: 18:10762500-10763098
2026-06-05 00:43:59.188 [INFO] __main__:   gnomAD: 520, AF>=0.0010: 8
2026-06-05 00:44:00.108 [INFO] __main__: Saved 8 records to database
2026-06-05 00:44:00.109 [INFO] __main__: Processing region 717/1149: 18:10769760-10770308
2026-06-05 00:44:00.620 [INFO] __main__:   gnomAD: 585, AF>=0.0010: 5
2026-06-05 00:44:02.826 [INFO] __main__: Saved 5 records to database
2026-06-05 00:44:02.827 [INFO] __main__: Processing region 718/1149: 18:10773412-10774038
2026-06-05 00:44:03.172 [WARNING] __main__: gnomAD 429 for 18:10773412-10774038 (attempt 1/4)
2026-06-05 00:44:03.173 [INFO] __main__: Retrying gnomAD 18:10773412-10774038 in 2s...
2026-06-05 00:44:05.531 [WARNING] __main__: gnomAD 429 for 18:10773412-10774038 (attempt 2/4)
2026-06-05 00:44:05.531 [INFO] __main__: Retrying gnomAD 18:10773412-10774038 in 3s...
2026-06-05 00:44:08.988 [WARNING] __main__: gnomAD 429 for 18:10773412-10774038 (attempt 3/4)
2026-06-05 00:44:08.989 [INFO] __main__: Retrying gnomAD 18:10773412-10774038 in 5s...
2026-06-05 00:44:14.904 [WARNING] __main__: gnomAD 429 for 18:10773412-10774038 (attempt 4/4)
2026-06-05 00:44:14.904 [INFO] __main__:   gnomAD: 0, AF>=0.0010: 0
2026-06-05 00:44:14.904 [INFO] __main__: Processing region 719/1149: 18:10780325-10780366
2026-06-05 00:44:15.252 [WARNING] __main__: gnomAD 429 for 18:10780325-10780366 (attempt 1/4)
2026-06-05 00:44:15.252 [INFO] __main__: Retrying gnomAD 18:10780325-10780366 in 2s...
2026-06-05 00:44:17.788 [INFO] __main__:   gnomAD: 36, AF>=0.0010: 1
2026-06-05 00:44:24.540 [INFO] __main__: Saved 1 records to database
2026-06-05 00:44:24.541 [INFO] __main__: Processing region 720/1149: 18:10784784-10784957
2026-06-05 00:44:24.898 [INFO] __main__:   gnomAD: 111, AF>=0.0010: 0
2026-06-05 00:44:24.898 [INFO] __main__: Processing region 721/1149: 18:10787036-10787184
2026-06-05 00:44:25.445 [INFO] __main__:   gnomAD: 116, AF>=0.0010: 2
2026-06-05 00:44:39.517 [INFO] __main__: Saved 2 records to database
2026-06-05 00:44:39.518 [INFO] __main__: Processing region 722/1149: 18:10789079-10789365
2026-06-05 00:44:39.904 [INFO] __main__:   gnomAD: 201, AF>=0.0010: 1
2026-06-05 00:44:40.567 [INFO] __main__: Saved 1 records to database
2026-06-05 00:44:40.567 [INFO] __main__: Processing region 723/1149: 18:10791201-10791650
2026-06-05 00:44:41.047 [INFO] __main__:   gnomAD: 418, AF>=0.0010: 3
2026-06-05 00:44:41.899 [INFO] __main__: Saved 3 records to database
2026-06-05 00:44:41.900 [INFO] __main__: Processing region 724/1149: 18:10794772-10795002
2026-06-05 00:44:42.283 [INFO] __main__:   gnomAD: 157, AF>=0.0010: 1
2026-06-05 00:44:44.831 [INFO] __main__: Saved 1 records to database
2026-06-05 00:44:44.831 [INFO] __main__: Processing region 725/1149: 18:10797374-10797522
2026-06-05 00:44:45.160 [INFO] __main__:   gnomAD: 93, AF>=0.0010: 0
2026-06-05 00:44:45.161 [INFO] __main__: Processing region 726/1149: 18:10800337-10801428
2026-06-05 00:44:45.733 [INFO] __main__:   gnomAD: 556, AF>=0.0010: 11
2026-06-05 00:44:48.344 [INFO] __main__: Saved 11 records to database
2026-06-05 00:44:48.344 [INFO] __main__: Processing region 727/1149: 18:10803875-10803994
2026-06-05 00:44:48.871 [INFO] __main__:   gnomAD: 83, AF>=0.0010: 0
2026-06-05 00:44:48.872 [INFO] __main__: Processing region 728/1149: 18:10807112-10807274
2026-06-05 00:44:49.250 [INFO] __main__:   gnomAD: 118, AF>=0.0010: 1
2026-06-05 00:44:55.421 [INFO] __main__: Saved 1 records to database
2026-06-05 00:44:55.421 [INFO] __main__: Processing region 729/1149: 18:10855353-10855566
2026-06-05 00:44:55.947 [WARNING] __main__: gnomAD 429 for 18:10855353-10855566 (attempt 1/4)
2026-06-05 00:44:55.948 [INFO] __main__: Retrying gnomAD 18:10855353-10855566 in 2s...
2026-06-05 00:44:58.295 [WARNING] __main__: gnomAD 429 for 18:10855353-10855566 (attempt 2/4)
2026-06-05 00:44:58.296 [INFO] __main__: Retrying gnomAD 18:10855353-10855566 in 3s...
2026-06-05 00:45:01.644 [WARNING] __main__: gnomAD 429 for 18:10855353-10855566 (attempt 3/4)
2026-06-05 00:45:01.644 [INFO] __main__: Retrying gnomAD 18:10855353-10855566 in 5s...
2026-06-05 00:45:07.011 [WARNING] __main__: gnomAD 429 for 18:10855353-10855566 (attempt 4/4)
2026-06-05 00:45:07.012 [INFO] __main__:   gnomAD: 0, AF>=0.0010: 0
2026-06-05 00:45:07.012 [INFO] __main__: Processing region 730/1149: 18:10857001-10857211
2026-06-05 00:45:07.402 [WARNING] __main__: gnomAD 429 for 18:10857001-10857211 (attempt 1/4)
2026-06-05 00:45:07.402 [INFO] __main__: Retrying gnomAD 18:10857001-10857211 in 2s...
2026-06-05 00:45:09.882 [WARNING] __main__: gnomAD 429 for 18:10857001-10857211 (attempt 2/4)
2026-06-05 00:45:09.882 [INFO] __main__: Retrying gnomAD 18:10857001-10857211 in 3s...
2026-06-05 00:45:13.230 [WARNING] __main__: gnomAD 429 for 18:10857001-10857211 (attempt 3/4)
2026-06-05 00:45:13.230 [INFO] __main__: Retrying gnomAD 18:10857001-10857211 in 5s...
2026-06-05 00:45:18.594 [INFO] __main__:   gnomAD: 124, AF>=0.0010: 0
2026-06-05 00:45:18.595 [INFO] __main__: Processing region 731/1149: 18:10871253-10871415
2026-06-05 00:45:18.937 [INFO] __main__:   gnomAD: 106, AF>=0.0010: 0
2026-06-05 00:45:18.937 [INFO] __main__: Processing region 732/1149: 18:10890480-10890692
2026-06-05 00:45:19.300 [INFO] __main__:   gnomAD: 166, AF>=0.0010: 3
2026-06-05 00:45:20.717 [INFO] __main__: Saved 3 records to database
2026-06-05 00:45:20.717 [INFO] __main__: Processing region 733/1149: 18:10893617-10894805
2026-06-05 00:45:21.204 [INFO] __main__:   gnomAD: 573, AF>=0.0010: 14
2026-06-05 00:45:25.022 [INFO] __main__: Saved 14 records to database
2026-06-05 00:45:25.023 [INFO] __main__: Processing region 734/1149: 18:10908336-10908783
2026-06-05 00:45:25.921 [INFO] __main__:   gnomAD: 220, AF>=0.0010: 5
2026-06-05 00:45:32.700 [INFO] __main__: Saved 5 records to database
2026-06-05 00:45:32.701 [INFO] __main__: Processing region 735/1149: 18:10911186-10911228
2026-06-05 00:45:34.020 [INFO] __main__:   gnomAD: 59, AF>=0.0010: 0
2026-06-05 00:45:34.021 [INFO] __main__: Processing region 736/1149: 18:10979184-10979660
2026-06-05 00:45:36.069 [INFO] __main__:   gnomAD: 291, AF>=0.0010: 7
2026-06-05 00:45:42.949 [INFO] __main__: Saved 7 records to database
2026-06-05 00:45:42.949 [INFO] __main__: Processing region 737/1149: 18:11066127-11066222
2026-06-05 00:45:43.485 [INFO] __main__:   gnomAD: 88, AF>=0.0010: 1
2026-06-05 00:45:47.148 [INFO] __main__: Saved 1 records to database
2026-06-05 00:45:47.148 [INFO] __main__: Processing region 738/1149: 18:11148525-11149569
2026-06-05 00:45:47.776 [INFO] __main__:   gnomAD: 719, AF>=0.0010: 9
2026-06-05 00:45:54.524 [INFO] __main__: Saved 9 records to database
2026-06-05 00:45:54.524 [INFO] __main__: Processing region 739/1149: 19:107104-107555
2026-06-05 00:45:54.982 [INFO] __main__:   gnomAD: 431, AF>=0.0010: 9
2026-06-05 00:46:37.835 [INFO] __main__: Saved 9 records to database
2026-06-05 00:46:37.836 [INFO] __main__: Processing region 740/1149: 19:110625-113156
2026-06-05 00:46:39.848 [INFO] __main__:   gnomAD: 1571, AF>=0.0010: 21
2026-06-05 00:46:49.841 [INFO] __main__: Saved 21 records to database
2026-06-05 00:46:49.841 [INFO] __main__: Processing region 741/1149: 19:116507-117102
2026-06-05 00:46:50.284 [INFO] __main__:   gnomAD: 174, AF>=0.0010: 6
2026-06-05 00:46:51.365 [INFO] __main__: Saved 6 records to database
2026-06-05 00:46:51.365 [INFO] __main__: Processing region 742/1149: 19:8721634-8722042
2026-06-05 00:46:51.846 [INFO] __main__:   gnomAD: 270, AF>=0.0010: 4
2026-06-05 00:46:52.393 [INFO] __main__: Saved 4 records to database
2026-06-05 00:46:52.393 [INFO] __main__: Processing region 743/1149: 19:8723106-8723150
2026-06-05 00:46:52.756 [INFO] __main__:   gnomAD: 30, AF>=0.0010: 2
2026-06-05 00:47:03.302 [INFO] __main__: Saved 2 records to database
2026-06-05 00:47:03.302 [INFO] __main__: Processing region 744/1149: 19:8728735-8729204
2026-06-05 00:47:05.050 [INFO] __main__:   gnomAD: 905, AF>=0.0010: 7
2026-06-05 00:47:24.605 [INFO] __main__: Saved 7 records to database
2026-06-05 00:47:24.605 [INFO] __main__: Processing region 745/1149: 19:8730860-8732160
2026-06-05 00:47:25.811 [INFO] __main__:   gnomAD: 1185, AF>=0.0010: 10
2026-06-05 00:47:36.261 [INFO] __main__: Saved 10 records to database
2026-06-05 00:47:36.262 [INFO] __main__: Processing region 746/1149: 19:9100407-9103259
2026-06-05 00:47:37.540 [INFO] __main__:   gnomAD: 2429, AF>=0.0010: 28
2026-06-05 00:47:44.473 [INFO] __main__: Saved 28 records to database
2026-06-05 00:47:44.474 [INFO] __main__: Processing region 747/1149: 19:9107314-9107475
2026-06-05 00:47:44.879 [INFO] __main__:   gnomAD: 112, AF>=0.0010: 3
2026-06-05 00:47:46.579 [INFO] __main__: Saved 3 records to database
2026-06-05 00:47:46.580 [INFO] __main__: Processing region 748/1149: 19:9114828-9115763
2026-06-05 00:47:47.253 [INFO] __main__:   gnomAD: 648, AF>=0.0010: 14
2026-06-05 00:48:33.888 [INFO] __main__: Saved 14 records to database
2026-06-05 00:48:33.889 [INFO] __main__: Processing region 749/1149: 19:9126012-9126950
2026-06-05 00:48:35.376 [INFO] __main__:   gnomAD: 645, AF>=0.0010: 17
2026-06-05 00:48:44.012 [INFO] __main__: Saved 17 records to database
2026-06-05 00:48:44.013 [INFO] __main__: Processing region 750/1149: 19:9178979-9179524
2026-06-05 00:48:44.600 [INFO] __main__:   gnomAD: 290, AF>=0.0010: 14
2026-06-05 00:49:07.894 [INFO] __main__: Saved 14 records to database
2026-06-05 00:49:07.895 [INFO] __main__: Processing region 751/1149: 19:9180698-9180788
2026-06-05 00:49:08.924 [INFO] __main__:   gnomAD: 34, AF>=0.0010: 1
2026-06-05 00:49:11.388 [INFO] __main__: Saved 1 records to database
2026-06-05 00:49:11.388 [INFO] __main__: Processing region 752/1149: 19:9182369-9183048
2026-06-05 00:49:12.086 [INFO] __main__:   gnomAD: 1215, AF>=0.0010: 17
2026-06-05 00:49:18.519 [INFO] __main__: Saved 17 records to database
2026-06-05 00:49:18.519 [INFO] __main__: Processing region 753/1149: 19:9185594-9188818
2026-06-05 00:49:19.744 [INFO] __main__:   gnomAD: 2869, AF>=0.0010: 42
2026-06-05 00:49:34.043 [INFO] __main__: Saved 42 records to database
2026-06-05 00:49:34.043 [INFO] __main__: Processing region 754/1149: 19:9210276-9214871
2026-06-05 00:49:35.647 [INFO] __main__:   gnomAD: 3505, AF>=0.0010: 68
2026-06-05 00:49:39.972 [INFO] __main__: Saved 68 records to database
2026-06-05 00:49:39.972 [INFO] __main__: Processing region 755/1149: 19:9219200-9219589
2026-06-05 00:49:40.371 [INFO] __main__:   gnomAD: 225, AF>=0.0010: 6
2026-06-05 00:49:56.778 [INFO] __main__: Saved 6 records to database
2026-06-05 00:49:56.779 [INFO] __main__: Processing region 756/1149: 19:9247344-9247517
2026-06-05 00:49:57.299 [INFO] __main__:   gnomAD: 167, AF>=0.0010: 4
2026-06-05 00:49:57.865 [INFO] __main__: Saved 4 records to database
2026-06-05 00:49:57.865 [INFO] __main__: Processing region 757/1149: 19:9250930-9252625
2026-06-05 00:49:58.529 [INFO] __main__:   gnomAD: 1291, AF>=0.0010: 21
2026-06-05 00:50:04.344 [INFO] __main__: Saved 21 records to database
2026-06-05 00:50:04.345 [INFO] __main__: Processing region 758/1149: 19:14789260-14800764
2026-06-05 00:50:08.645 [INFO] __main__:   gnomAD: 7774, AF>=0.0010: 184
2026-06-05 00:50:22.927 [INFO] __main__: Saved 184 records to database
2026-06-05 00:50:22.927 [INFO] __main__: Processing region 759/1149: 19:14809806-14809993
2026-06-05 00:50:23.381 [INFO] __main__:   gnomAD: 184, AF>=0.0010: 0
2026-06-05 00:50:23.381 [INFO] __main__: Processing region 760/1149: 19:14821419-14821485
2026-06-05 00:50:23.717 [INFO] __main__:   gnomAD: 49, AF>=0.0010: 0
2026-06-05 00:50:23.717 [INFO] __main__: Processing region 761/1149: 19:14826241-14828299
2026-06-05 00:50:24.658 [INFO] __main__:   gnomAD: 1335, AF>=0.0010: 28
2026-06-05 00:51:19.819 [INFO] __main__: Saved 28 records to database
2026-06-05 00:51:19.820 [INFO] __main__: Processing region 762/1149: 19:14833151-14835376
2026-06-05 00:51:20.836 [INFO] __main__:   gnomAD: 663, AF>=0.0010: 27
2026-06-05 00:51:24.774 [INFO] __main__: Saved 27 records to database
2026-06-05 00:51:24.774 [INFO] __main__: Processing region 763/1149: 19:14840466-14841889
2026-06-05 00:51:26.023 [INFO] __main__:   gnomAD: 1323, AF>=0.0010: 29
2026-06-05 00:51:27.701 [INFO] __main__: Saved 29 records to database
2026-06-05 00:51:27.701 [INFO] __main__: Processing region 764/1149: 19:14848500-14848922
2026-06-05 00:51:28.122 [INFO] __main__:   gnomAD: 262, AF>=0.0010: 4
2026-06-05 00:51:44.375 [INFO] __main__: Saved 4 records to database
2026-06-05 00:51:44.375 [INFO] __main__: Processing region 765/1149: 19:14878203-14881871
2026-06-05 00:51:46.065 [INFO] __main__:   gnomAD: 3489, AF>=0.0010: 95
2026-06-05 00:51:49.462 [INFO] __main__: Saved 95 records to database
2026-06-05 00:51:49.462 [INFO] __main__: Processing region 766/1149: 19:14884644-14884761
2026-06-05 00:51:49.814 [INFO] __main__:   gnomAD: 78, AF>=0.0010: 1
2026-06-05 00:51:50.431 [INFO] __main__: Saved 1 records to database
2026-06-05 00:51:50.431 [INFO] __main__: Processing region 767/1149: 19:14885941-14886132
2026-06-05 00:51:50.805 [INFO] __main__:   gnomAD: 105, AF>=0.0010: 0
2026-06-05 00:51:50.806 [INFO] __main__: Processing region 768/1149: 19:14941489-14942448
2026-06-05 00:51:51.461 [INFO] __main__:   gnomAD: 658, AF>=0.0010: 11
2026-06-05 00:51:52.542 [INFO] __main__: Saved 11 records to database
2026-06-05 00:51:52.543 [INFO] __main__: Processing region 769/1149: 19:15728024-15729052
2026-06-05 00:51:53.196 [INFO] __main__:   gnomAD: 849, AF>=0.0010: 14
2026-06-05 00:51:56.962 [INFO] __main__: Saved 14 records to database
2026-06-05 00:51:56.962 [INFO] __main__: Processing region 770/1149: 19:15737985-15738051
2026-06-05 00:51:57.311 [INFO] __main__:   gnomAD: 39, AF>=0.0010: 7
2026-06-05 00:51:57.959 [INFO] __main__: Saved 7 records to database
2026-06-05 00:51:57.959 [INFO] __main__: Processing region 771/1149: 19:15741382-15742343
2026-06-05 00:51:58.511 [INFO] __main__:   gnomAD: 736, AF>=0.0010: 14
2026-06-05 00:52:05.499 [INFO] __main__: Saved 14 records to database
2026-06-05 00:52:05.500 [INFO] __main__: Processing region 772/1149: 19:15787661-15787716
2026-06-05 00:52:05.837 [INFO] __main__:   gnomAD: 54, AF>=0.0010: 1
2026-06-05 00:52:10.118 [INFO] __main__: Saved 1 records to database
2026-06-05 00:52:10.118 [INFO] __main__: Processing region 773/1149: 19:15793951-15800357
2026-06-05 00:52:12.105 [INFO] __main__:   gnomAD: 5967, AF>=0.0010: 137
2026-06-05 00:52:36.478 [INFO] __main__: Saved 137 records to database
2026-06-05 00:52:36.478 [INFO] __main__: Processing region 774/1149: 19:15804549-15808841
2026-06-05 00:52:39.755 [INFO] __main__:   gnomAD: 3522, AF>=0.0010: 66
2026-06-05 00:52:42.526 [INFO] __main__: Saved 66 records to database
2026-06-05 00:52:42.527 [INFO] __main__: Processing region 775/1149: 19:15812230-15812878
2026-06-05 00:52:44.010 [INFO] __main__:   gnomAD: 888, AF>=0.0010: 42
2026-06-05 00:52:44.929 [INFO] __main__: Saved 42 records to database
2026-06-05 00:52:44.930 [INFO] __main__: Processing region 776/1149: 19:15815555-15815664
2026-06-05 00:52:45.293 [INFO] __main__:   gnomAD: 82, AF>=0.0010: 2
2026-06-05 00:52:47.803 [INFO] __main__: Saved 2 records to database
2026-06-05 00:52:47.803 [INFO] __main__: Processing region 777/1149: 19:15944299-15944378
2026-06-05 00:52:48.216 [INFO] __main__:   gnomAD: 92, AF>=0.0010: 1
2026-06-05 00:52:49.699 [INFO] __main__: Saved 1 records to database
2026-06-05 00:52:49.700 [INFO] __main__: Processing region 778/1149: 19:15945582-15945695
2026-06-05 00:52:50.255 [INFO] __main__:   gnomAD: 80, AF>=0.0010: 2
2026-06-05 00:52:59.631 [INFO] __main__: Saved 2 records to database
2026-06-05 00:52:59.632 [INFO] __main__: Processing region 779/1149: 19:15949008-15950350
2026-06-05 00:53:00.470 [INFO] __main__:   gnomAD: 1105, AF>=0.0010: 15
2026-06-05 00:53:01.809 [INFO] __main__: Saved 15 records to database
2026-06-05 00:53:01.809 [INFO] __main__: Processing region 780/1149: 2:24817670-24823363
2026-06-05 00:53:06.033 [INFO] __main__:   gnomAD: 5870, AF>=0.0010: 75
2026-06-05 00:53:12.187 [INFO] __main__: Saved 75 records to database
2026-06-05 00:53:12.187 [INFO] __main__: Processing region 781/1149: 2:24824378-24824536
2026-06-05 00:53:12.535 [INFO] __main__:   gnomAD: 108, AF>=0.0010: 0
2026-06-05 00:53:12.536 [INFO] __main__: Processing region 782/1149: 2:24825610-24828161
2026-06-05 00:53:14.128 [INFO] __main__:   gnomAD: 2580, AF>=0.0010: 32
2026-06-05 00:53:16.145 [INFO] __main__: Saved 32 records to database
2026-06-05 00:53:16.145 [INFO] __main__: Processing region 783/1149: 2:24830709-24832185
2026-06-05 00:53:17.375 [INFO] __main__:   gnomAD: 1849, AF>=0.0010: 73
2026-06-05 00:53:23.136 [INFO] __main__: Saved 73 records to database
2026-06-05 00:53:23.136 [INFO] __main__: Processing region 784/1149: 2:24834485-24834993
2026-06-05 00:53:23.649 [INFO] __main__:   gnomAD: 431, AF>=0.0010: 1
2026-06-05 00:53:24.161 [INFO] __main__: Saved 1 records to database
2026-06-05 00:53:24.161 [INFO] __main__: Processing region 785/1149: 2:24836917-24837045
2026-06-05 00:53:24.560 [WARNING] __main__: gnomAD 429 for 2:24836917-24837045 (attempt 1/4)
2026-06-05 00:53:24.560 [INFO] __main__: Retrying gnomAD 2:24836917-24837045 in 2s...
2026-06-05 00:53:26.927 [WARNING] __main__: gnomAD 429 for 2:24836917-24837045 (attempt 2/4)
2026-06-05 00:53:26.927 [INFO] __main__: Retrying gnomAD 2:24836917-24837045 in 3s...
2026-06-05 00:53:30.308 [WARNING] __main__: gnomAD 429 for 2:24836917-24837045 (attempt 3/4)
2026-06-05 00:53:30.309 [INFO] __main__: Retrying gnomAD 2:24836917-24837045 in 5s...
2026-06-05 00:53:35.666 [WARNING] __main__: gnomAD 429 for 2:24836917-24837045 (attempt 4/4)
2026-06-05 00:53:35.667 [INFO] __main__:   gnomAD: 0, AF>=0.0010: 0
2026-06-05 00:53:35.667 [INFO] __main__: Processing region 786/1149: 2:24838445-24842592
2026-06-05 00:53:36.038 [WARNING] __main__: gnomAD 429 for 2:24838445-24842592 (attempt 1/4)
2026-06-05 00:53:36.038 [INFO] __main__: Retrying gnomAD 2:24838445-24842592 in 2s...
2026-06-05 00:53:40.927 [INFO] __main__:   gnomAD: 3191, AF>=0.0010: 55
2026-06-05 00:53:52.052 [INFO] __main__: Saved 55 records to database
2026-06-05 00:53:52.052 [INFO] __main__: Processing region 787/1149: 2:24872570-24872719
2026-06-05 00:53:53.554 [INFO] __main__:   gnomAD: 84, AF>=0.0010: 0
2026-06-05 00:53:53.554 [INFO] __main__: Processing region 788/1149: 2:24877922-24878027
2026-06-05 00:53:53.922 [INFO] __main__:   gnomAD: 71, AF>=0.0010: 0
2026-06-05 00:53:53.922 [INFO] __main__: Processing region 789/1149: 2:24918313-24920299
2026-06-05 00:53:55.071 [INFO] __main__:   gnomAD: 1946, AF>=0.0010: 21
2026-06-05 00:54:06.105 [INFO] __main__: Saved 21 records to database
2026-06-05 00:54:06.106 [INFO] __main__: Processing region 790/1149: 2:26457203-26458220
2026-06-05 00:54:06.851 [INFO] __main__:   gnomAD: 1226, AF>=0.0010: 15
2026-06-05 00:54:07.713 [INFO] __main__: Saved 15 records to database
2026-06-05 00:54:07.714 [INFO] __main__: Processing region 791/1149: 2:26460008-26462181
2026-06-05 00:54:09.362 [INFO] __main__:   gnomAD: 1977, AF>=0.0010: 18
2026-06-05 00:54:11.252 [INFO] __main__: Saved 18 records to database
2026-06-05 00:54:11.252 [INFO] __main__: Processing region 792/1149: 2:26463483-26468474
2026-06-05 00:54:12.933 [INFO] __main__:   gnomAD: 3702, AF>=0.0010: 53
2026-06-05 00:54:17.037 [INFO] __main__: Saved 53 records to database
2026-06-05 00:54:17.037 [INFO] __main__: Processing region 793/1149: 2:26470593-26471150
2026-06-05 00:54:17.803 [INFO] __main__:   gnomAD: 414, AF>=0.0010: 5
2026-06-05 00:54:30.512 [INFO] __main__: Saved 5 records to database
2026-06-05 00:54:30.513 [INFO] __main__: Processing region 794/1149: 2:26472332-26478124
2026-06-05 00:54:35.877 [INFO] __main__:   gnomAD: 5774, AF>=0.0010: 104
2026-06-05 00:54:49.939 [INFO] __main__: Saved 104 records to database
2026-06-05 00:54:49.939 [INFO] __main__: Processing region 795/1149: 2:26479264-26481009
2026-06-05 00:54:50.828 [INFO] __main__:   gnomAD: 1466, AF>=0.0010: 14
2026-06-05 00:54:59.767 [INFO] __main__: Saved 14 records to database
2026-06-05 00:54:59.768 [INFO] __main__: Processing region 796/1149: 2:26482406-26484633
2026-06-05 00:55:00.595 [INFO] __main__:   gnomAD: 1889, AF>=0.0010: 33
2026-06-05 00:55:02.065 [INFO] __main__: Saved 33 records to database
2026-06-05 00:55:02.065 [INFO] __main__: Processing region 797/1149: 2:26489211-26489740
2026-06-05 00:55:02.696 [INFO] __main__:   gnomAD: 540, AF>=0.0010: 6
2026-06-05 00:55:03.308 [INFO] __main__: Saved 6 records to database
2026-06-05 00:55:03.308 [INFO] __main__: Processing region 798/1149: 2:26494942-26495073
2026-06-05 00:55:03.643 [INFO] __main__:   gnomAD: 84, AF>=0.0010: 0
2026-06-05 00:55:03.643 [INFO] __main__: Processing region 799/1149: 2:26501754-26502426
2026-06-05 00:55:04.108 [INFO] __main__:   gnomAD: 489, AF>=0.0010: 3
2026-06-05 00:55:05.446 [INFO] __main__: Saved 3 records to database
2026-06-05 00:55:05.446 [INFO] __main__: Processing region 800/1149: 2:26503772-26503845
2026-06-05 00:55:05.796 [INFO] __main__:   gnomAD: 54, AF>=0.0010: 1
2026-06-05 00:55:16.148 [INFO] __main__: Saved 1 records to database
2026-06-05 00:55:16.149 [INFO] __main__: Processing region 801/1149: 2:26516418-26516599
2026-06-05 00:55:16.633 [INFO] __main__:   gnomAD: 185, AF>=0.0010: 5
2026-06-05 00:55:26.278 [INFO] __main__: Saved 5 records to database
2026-06-05 00:55:26.279 [INFO] __main__: Processing region 802/1149: 2:26519010-26519109
2026-06-05 00:55:27.255 [INFO] __main__:   gnomAD: 113, AF>=0.0010: 3
2026-06-05 00:55:34.262 [INFO] __main__: Saved 3 records to database
2026-06-05 00:55:34.262 [INFO] __main__: Processing region 803/1149: 2:26527832-26527920
2026-06-05 00:55:34.655 [INFO] __main__:   gnomAD: 73, AF>=0.0010: 2
2026-06-05 00:55:50.532 [INFO] __main__: Saved 2 records to database
2026-06-05 00:55:50.532 [INFO] __main__: Processing region 804/1149: 2:26537716-26537774
2026-06-05 00:55:54.241 [INFO] __main__:   gnomAD: 119, AF>=0.0010: 2
2026-06-05 00:56:04.430 [INFO] __main__: Saved 2 records to database
2026-06-05 00:56:04.430 [INFO] __main__: Processing region 805/1149: 2:26558493-26558756
2026-06-05 00:56:05.288 [INFO] __main__:   gnomAD: 333, AF>=0.0010: 9
2026-06-05 00:56:08.913 [INFO] __main__: Saved 9 records to database
2026-06-05 00:56:08.914 [INFO] __main__: Processing region 806/1149: 2:166195185-166199930
2026-06-05 00:56:10.393 [INFO] __main__:   gnomAD: 2517, AF>=0.0010: 58
2026-06-05 00:56:28.361 [INFO] __main__: Saved 58 records to database
2026-06-05 00:56:28.361 [INFO] __main__: Processing region 807/1149: 2:166203955-166205239
2026-06-05 00:56:30.230 [INFO] __main__:   gnomAD: 979, AF>=0.0010: 12
2026-06-05 00:56:36.844 [INFO] __main__: Saved 12 records to database
2026-06-05 00:56:36.845 [INFO] __main__: Processing region 808/1149: 2:166226567-166228972
2026-06-05 00:56:40.224 [INFO] __main__:   gnomAD: 1539, AF>=0.0010: 45
2026-06-05 00:56:46.091 [INFO] __main__: Saved 45 records to database
2026-06-05 00:56:46.091 [INFO] __main__: Processing region 809/1149: 2:166233340-166233462
2026-06-05 00:56:48.157 [INFO] __main__:   gnomAD: 133, AF>=0.0010: 1
2026-06-05 00:56:53.740 [INFO] __main__: Saved 1 records to database
2026-06-05 00:56:53.740 [INFO] __main__: Processing region 810/1149: 2:166238094-166238267
2026-06-05 00:56:54.110 [INFO] __main__:   gnomAD: 127, AF>=0.0010: 2
2026-06-05 00:57:15.956 [INFO] __main__: Saved 2 records to database
2026-06-05 00:57:15.957 [INFO] __main__: Processing region 811/1149: 2:166242502-166243927
2026-06-05 00:57:16.855 [INFO] __main__:   gnomAD: 539, AF>=0.0010: 16
2026-06-05 00:57:17.764 [INFO] __main__: Saved 16 records to database
2026-06-05 00:57:17.764 [INFO] __main__: Processing region 812/1149: 2:166248195-166249384
2026-06-05 00:57:18.381 [INFO] __main__:   gnomAD: 446, AF>=0.0010: 12
2026-06-05 00:57:19.158 [INFO] __main__: Saved 12 records to database
2026-06-05 00:57:19.159 [INFO] __main__: Processing region 813/1149: 2:166251765-166251912
2026-06-05 00:57:19.518 [INFO] __main__:   gnomAD: 103, AF>=0.0010: 2
2026-06-05 00:57:20.020 [INFO] __main__: Saved 2 records to database
2026-06-05 00:57:20.020 [INFO] __main__: Processing region 814/1149: 2:166259206-166259287
2026-06-05 00:57:22.517 [INFO] __main__:   gnomAD: 43, AF>=0.0010: 1
2026-06-05 00:57:23.481 [INFO] __main__: Saved 1 records to database
2026-06-05 00:57:23.481 [INFO] __main__: Processing region 815/1149: 2:166263712-166263806
2026-06-05 00:57:25.765 [INFO] __main__:   gnomAD: 18, AF>=0.0010: 1
2026-06-05 00:57:33.303 [INFO] __main__: Saved 1 records to database
2026-06-05 00:57:33.303 [INFO] __main__: Processing region 816/1149: 2:166272399-166272875
2026-06-05 00:57:43.339 [INFO] __main__:   gnomAD: 330, AF>=0.0010: 2
2026-06-05 00:57:43.955 [INFO] __main__: Saved 2 records to database
2026-06-05 00:57:43.956 [INFO] __main__: Processing region 817/1149: 2:166276417-166278313
2026-06-05 00:57:46.980 [INFO] __main__:   gnomAD: 1354, AF>=0.0010: 16
2026-06-05 00:57:48.368 [INFO] __main__: Saved 16 records to database
2026-06-05 00:57:48.368 [INFO] __main__: Processing region 818/1149: 2:166280357-166280595
2026-06-05 00:57:49.783 [INFO] __main__:   gnomAD: 291, AF>=0.0010: 2
2026-06-05 00:57:50.400 [INFO] __main__: Saved 2 records to database
2026-06-05 00:57:50.401 [INFO] __main__: Processing region 819/1149: 2:166281679-166281808
2026-06-05 00:57:53.439 [INFO] __main__:   gnomAD: 99, AF>=0.0010: 1
2026-06-05 00:57:53.995 [INFO] __main__: Saved 1 records to database
2026-06-05 00:57:53.995 [INFO] __main__: Processing region 820/1149: 2:166284453-166284824
2026-06-05 00:58:54.272 [WARNING] __main__: gnomAD HTTP 502 for 2:166284453-166284824
2026-06-05 00:58:54.274 [INFO] __main__:   gnomAD: 0, AF>=0.0010: 0
2026-06-05 00:58:54.274 [INFO] __main__: Processing region 821/1149: 2:166286336-166286623
2026-06-05 00:58:54.700 [INFO] __main__:   gnomAD: 233, AF>=0.0010: 3
2026-06-05 00:58:56.198 [INFO] __main__: Saved 3 records to database
2026-06-05 00:58:56.198 [INFO] __main__: Processing region 822/1149: 2:166288437-166288643
2026-06-05 00:58:56.603 [INFO] __main__:   gnomAD: 152, AF>=0.0010: 4
2026-06-05 00:58:57.748 [INFO] __main__: Saved 4 records to database
2026-06-05 00:58:57.748 [INFO] __main__: Processing region 823/1149: 2:166293231-166293372
2026-06-05 00:58:58.126 [INFO] __main__:   gnomAD: 120, AF>=0.0010: 0
2026-06-05 00:58:58.126 [INFO] __main__: Processing region 824/1149: 2:166294565-166294888
2026-06-05 00:58:58.587 [INFO] __main__:   gnomAD: 296, AF>=0.0010: 5
2026-06-05 00:59:00.031 [INFO] __main__: Saved 5 records to database
2026-06-05 00:59:00.031 [INFO] __main__: Processing region 825/1149: 2:166296023-166297178
2026-06-05 00:59:00.550 [INFO] __main__:   gnomAD: 350, AF>=0.0010: 17
2026-06-05 00:59:04.835 [INFO] __main__: Saved 17 records to database
2026-06-05 00:59:04.835 [INFO] __main__: Processing region 826/1149: 2:166298690-166304329
2026-06-05 00:59:06.402 [INFO] __main__:   gnomAD: 2465, AF>=0.0010: 59
2026-06-05 00:59:30.949 [INFO] __main__: Saved 59 records to database
2026-06-05 00:59:30.949 [INFO] __main__: Processing region 827/1149: 2:166305685-166308550
2026-06-05 00:59:32.104 [INFO] __main__:   gnomAD: 1608, AF>=0.0010: 33
2026-06-05 00:59:50.597 [INFO] __main__: Saved 33 records to database
2026-06-05 00:59:50.598 [INFO] __main__: Processing region 828/1149: 2:166311499-166311806
2026-06-05 00:59:51.166 [INFO] __main__:   gnomAD: 263, AF>=0.0010: 1
2026-06-05 00:59:53.910 [INFO] __main__: Saved 1 records to database
2026-06-05 00:59:53.911 [INFO] __main__: Processing region 829/1149: 2:166321439-166321515
2026-06-05 00:59:54.263 [INFO] __main__:   gnomAD: 90, AF>=0.0010: 2
2026-06-05 00:59:56.061 [INFO] __main__: Saved 2 records to database
2026-06-05 00:59:56.061 [INFO] __main__: Processing region 830/1149: 2:166339160-166339268
2026-06-05 00:59:56.411 [INFO] __main__:   gnomAD: 27, AF>=0.0010: 1
2026-06-05 00:59:57.284 [INFO] __main__: Saved 1 records to database
2026-06-05 00:59:57.284 [INFO] __main__: Processing region 831/1149: 2:166351597-166351663
2026-06-05 00:59:57.620 [INFO] __main__:   gnomAD: 10, AF>=0.0010: 0
2026-06-05 00:59:57.620 [INFO] __main__: Processing region 832/1149: 2:166352717-166352968
2026-06-05 00:59:57.959 [INFO] __main__:   gnomAD: 47, AF>=0.0010: 0
2026-06-05 00:59:57.959 [INFO] __main__: Processing region 833/1149: 2:166375561-166376001
2026-06-05 00:59:58.387 [INFO] __main__:   gnomAD: 395, AF>=0.0010: 8
2026-06-05 01:00:07.754 [INFO] __main__: Saved 8 records to database
2026-06-05 01:00:07.754 [INFO] __main__: Processing region 834/1149: 2:233917373-233917432
2026-06-05 01:00:08.091 [INFO] __main__:   gnomAD: 26, AF>=0.0010: 2
2026-06-05 01:00:08.799 [INFO] __main__: Saved 2 records to database
2026-06-05 01:00:08.799 [INFO] __main__: Processing region 835/1149: 2:233926533-233926654
2026-06-05 01:00:09.205 [INFO] __main__:   gnomAD: 79, AF>=0.0010: 1
2026-06-05 01:00:09.809 [INFO] __main__: Saved 1 records to database
2026-06-05 01:00:09.810 [INFO] __main__: Processing region 836/1149: 2:233929716-233930741
2026-06-05 01:00:10.294 [INFO] __main__:   gnomAD: 429, AF>=0.0010: 6
2026-06-05 01:00:12.196 [INFO] __main__: Saved 6 records to database
2026-06-05 01:00:12.196 [INFO] __main__: Processing region 837/1149: 2:233933740-233933956
2026-06-05 01:00:12.567 [INFO] __main__:   gnomAD: 190, AF>=0.0010: 2
2026-06-05 01:00:15.754 [INFO] __main__: Saved 2 records to database
2026-06-05 01:00:15.754 [INFO] __main__: Processing region 838/1149: 2:233937307-233937509
2026-06-05 01:00:16.171 [INFO] __main__:   gnomAD: 117, AF>=0.0010: 0
2026-06-05 01:00:16.172 [INFO] __main__: Processing region 839/1149: 2:233938998-233939175
2026-06-05 01:00:16.539 [INFO] __main__:   gnomAD: 156, AF>=0.0010: 1
2026-06-05 01:00:35.137 [INFO] __main__: Saved 1 records to database
2026-06-05 01:00:35.137 [INFO] __main__: Processing region 840/1149: 2:233942576-233942989
2026-06-05 01:00:35.984 [INFO] __main__:   gnomAD: 350, AF>=0.0010: 5
2026-06-05 01:00:43.705 [INFO] __main__: Saved 5 records to database
2026-06-05 01:00:43.705 [INFO] __main__: Processing region 841/1149: 2:233945856-233947582
2026-06-05 01:00:44.663 [INFO] __main__:   gnomAD: 1152, AF>=0.0010: 15
2026-06-05 01:00:48.778 [INFO] __main__: Saved 15 records to database
2026-06-05 01:00:48.779 [INFO] __main__: Processing region 842/1149: 2:233949949-233950146
2026-06-05 01:00:49.182 [INFO] __main__:   gnomAD: 136, AF>=0.0010: 2
2026-06-05 01:01:03.424 [INFO] __main__: Saved 2 records to database
2026-06-05 01:01:03.424 [INFO] __main__: Processing region 843/1149: 2:233953709-233954019
2026-06-05 01:01:03.831 [INFO] __main__:   gnomAD: 248, AF>=0.0010: 1
2026-06-05 01:01:12.059 [INFO] __main__: Saved 1 records to database
2026-06-05 01:01:12.060 [INFO] __main__: Processing region 844/1149: 2:233955036-233955435
2026-06-05 01:01:12.481 [INFO] __main__:   gnomAD: 364, AF>=0.0010: 6
2026-06-05 01:01:15.575 [INFO] __main__: Saved 6 records to database
2026-06-05 01:01:15.576 [INFO] __main__: Processing region 845/1149: 2:233960776-233961066
2026-06-05 01:01:15.981 [INFO] __main__:   gnomAD: 229, AF>=0.0010: 3
2026-06-05 01:01:27.573 [INFO] __main__: Saved 3 records to database
2026-06-05 01:01:27.573 [INFO] __main__: Processing region 846/1149: 2:233963282-233963377
2026-06-05 01:01:27.908 [INFO] __main__:   gnomAD: 63, AF>=0.0010: 0
2026-06-05 01:01:27.909 [INFO] __main__: Processing region 847/1149: 2:233964628-233964757
2026-06-05 01:01:28.277 [INFO] __main__:   gnomAD: 111, AF>=0.0010: 0
2026-06-05 01:01:28.277 [INFO] __main__: Processing region 848/1149: 2:233965982-233966755
2026-06-05 01:01:28.955 [INFO] __main__:   gnomAD: 886, AF>=0.0010: 19
2026-06-05 01:01:49.245 [INFO] __main__: Saved 19 records to database
2026-06-05 01:01:49.245 [INFO] __main__: Processing region 849/1149: 2:233968162-233968287
2026-06-05 01:01:50.063 [INFO] __main__:   gnomAD: 147, AF>=0.0010: 6
2026-06-05 01:01:51.186 [INFO] __main__: Saved 6 records to database
2026-06-05 01:01:51.187 [INFO] __main__: Processing region 850/1149: 2:233969695-233970539
2026-06-05 01:01:51.776 [INFO] __main__:   gnomAD: 732, AF>=0.0010: 9
2026-06-05 01:02:01.365 [INFO] __main__: Saved 9 records to database
2026-06-05 01:02:01.365 [INFO] __main__: Processing region 851/1149: 2:233974390-233974835
2026-06-05 01:02:01.738 [INFO] __main__:   gnomAD: 125, AF>=0.0010: 5
2026-06-05 01:02:24.896 [INFO] __main__: Saved 5 records to database
2026-06-05 01:02:24.897 [INFO] __main__: Processing region 852/1149: 2:233977872-233980279
2026-06-05 01:02:25.785 [INFO] __main__:   gnomAD: 932, AF>=0.0010: 43
2026-06-05 01:03:08.311 [INFO] __main__: Saved 43 records to database
2026-06-05 01:03:08.312 [INFO] __main__: Processing region 853/1149: 2:233981774-233981915
2026-06-05 01:03:09.003 [INFO] __main__:   gnomAD: 80, AF>=0.0010: 1
2026-06-05 01:03:10.135 [INFO] __main__: Saved 1 records to database
2026-06-05 01:03:10.136 [INFO] __main__: Processing region 854/1149: 2:233983053-233983351
2026-06-05 01:03:10.569 [INFO] __main__:   gnomAD: 245, AF>=0.0010: 5
2026-06-05 01:03:13.359 [INFO] __main__: Saved 5 records to database
2026-06-05 01:03:13.359 [INFO] __main__: Processing region 855/1149: 2:233985688-233985865
2026-06-05 01:03:13.769 [INFO] __main__:   gnomAD: 143, AF>=0.0010: 0
2026-06-05 01:03:13.769 [INFO] __main__: Processing region 856/1149: 2:233996326-233996516
2026-06-05 01:03:14.194 [INFO] __main__:   gnomAD: 111, AF>=0.0010: 1
2026-06-05 01:03:18.780 [INFO] __main__: Saved 1 records to database
2026-06-05 01:03:18.781 [INFO] __main__: Processing region 857/1149: 2:234006853-234006952
2026-06-05 01:03:19.145 [INFO] __main__:   gnomAD: 67, AF>=0.0010: 1
2026-06-05 01:03:35.869 [INFO] __main__: Saved 1 records to database
2026-06-05 01:03:35.869 [INFO] __main__: Processing region 858/1149: 2:234008070-234008103
2026-06-05 01:03:36.373 [INFO] __main__:   gnomAD: 21, AF>=0.0010: 0
2026-06-05 01:03:36.373 [INFO] __main__: Processing region 859/1149: 2:234013225-234014687
2026-06-05 01:03:36.912 [INFO] __main__:   gnomAD: 718, AF>=0.0010: 11
2026-06-05 01:03:48.846 [INFO] __main__: Saved 11 records to database
2026-06-05 01:03:48.847 [INFO] __main__: Processing region 860/1149: 2:234017299-234019522
2026-06-05 01:03:49.555 [INFO] __main__:   gnomAD: 1086, AF>=0.0010: 34
2026-06-05 01:03:52.920 [INFO] __main__: Saved 34 records to database
2026-06-05 01:03:52.921 [INFO] __main__: Processing region 861/1149: 2:240029491-240030429
2026-06-05 01:03:53.633 [INFO] __main__:   gnomAD: 880, AF>=0.0010: 26
2026-06-05 01:04:07.782 [INFO] __main__: Saved 26 records to database
2026-06-05 01:04:07.783 [INFO] __main__: Processing region 862/1149: 2:240044571-240047060
2026-06-05 01:04:09.902 [INFO] __main__:   gnomAD: 1660, AF>=0.0010: 28
2026-06-05 01:04:13.801 [INFO] __main__: Saved 28 records to database
2026-06-05 01:04:13.802 [INFO] __main__: Processing region 863/1149: 2:240053460-240053807
2026-06-05 01:04:14.127 [INFO] __main__:   gnomAD: 78, AF>=0.0010: 4
2026-06-05 01:04:14.676 [INFO] __main__: Saved 4 records to database
2026-06-05 01:04:14.676 [INFO] __main__: Processing region 864/1149: 21:43169008-43170639
2026-06-05 01:04:15.368 [INFO] __main__:   gnomAD: 1145, AF>=0.0010: 21
2026-06-05 01:04:23.662 [INFO] __main__: Saved 21 records to database
2026-06-05 01:04:23.663 [INFO] __main__: Processing region 865/1149: 21:43172071-43172810
2026-06-05 01:04:24.001 [INFO] __main__:   gnomAD: 28, AF>=0.0010: 2
2026-06-05 01:04:41.098 [INFO] __main__: Saved 2 records to database
2026-06-05 01:04:41.099 [INFO] __main__: Processing region 866/1149: 22:15528192-15529139
2026-06-05 01:04:42.169 [INFO] __main__:   gnomAD: 1335, AF>=0.0010: 20
2026-06-05 01:04:43.893 [INFO] __main__: Saved 20 records to database
2026-06-05 01:04:43.893 [INFO] __main__: Processing region 867/1149: 3:38696802-38698562
2026-06-05 01:04:44.718 [INFO] __main__:   gnomAD: 1441, AF>=0.0010: 11
2026-06-05 01:04:46.428 [INFO] __main__: Saved 11 records to database
2026-06-05 01:04:46.428 [INFO] __main__: Processing region 868/1149: 3:38701839-38702109
2026-06-05 01:04:46.986 [INFO] __main__:   gnomAD: 202, AF>=0.0010: 3
2026-06-05 01:04:54.031 [INFO] __main__: Saved 3 records to database
2026-06-05 01:04:54.031 [INFO] __main__: Processing region 869/1149: 3:38707279-38707383
2026-06-05 01:04:54.412 [INFO] __main__:   gnomAD: 78, AF>=0.0010: 1
2026-06-05 01:04:54.941 [INFO] __main__: Saved 1 records to database
2026-06-05 01:04:54.941 [INFO] __main__: Processing region 870/1149: 3:38709478-38709615
2026-06-05 01:04:55.304 [INFO] __main__:   gnomAD: 104, AF>=0.0010: 0
2026-06-05 01:04:55.304 [INFO] __main__: Processing region 871/1149: 3:38710844-38710897
2026-06-05 01:04:55.648 [INFO] __main__:   gnomAD: 40, AF>=0.0010: 0
2026-06-05 01:04:55.648 [INFO] __main__: Processing region 872/1149: 3:38712161-38712445
2026-06-05 01:04:56.056 [WARNING] __main__: gnomAD 429 for 3:38712161-38712445 (attempt 1/4)
2026-06-05 01:04:56.056 [INFO] __main__: Retrying gnomAD 3:38712161-38712445 in 2s...
2026-06-05 01:04:58.441 [WARNING] __main__: gnomAD 429 for 3:38712161-38712445 (attempt 2/4)
2026-06-05 01:04:58.442 [INFO] __main__: Retrying gnomAD 3:38712161-38712445 in 3s...
2026-06-05 01:05:01.833 [WARNING] __main__: gnomAD 429 for 3:38712161-38712445 (attempt 3/4)
2026-06-05 01:05:01.834 [INFO] __main__: Retrying gnomAD 3:38712161-38712445 in 5s...
2026-06-05 01:05:07.253 [INFO] __main__:   gnomAD: 210, AF>=0.0010: 2
2026-06-05 01:05:37.526 [INFO] __main__: Saved 2 records to database
2026-06-05 01:05:37.527 [INFO] __main__: Processing region 873/1149: 3:38713958-38714080
2026-06-05 01:05:38.025 [INFO] __main__:   gnomAD: 113, AF>=0.0010: 1
2026-06-05 01:05:42.329 [INFO] __main__: Saved 1 records to database
2026-06-05 01:05:42.329 [INFO] __main__: Processing region 874/1149: 3:38718653-38718826
2026-06-05 01:05:42.693 [INFO] __main__:   gnomAD: 115, AF>=0.0010: 0
2026-06-05 01:05:42.693 [INFO] __main__: Processing region 875/1149: 3:38722258-38722412
2026-06-05 01:05:43.079 [INFO] __main__:   gnomAD: 100, AF>=0.0010: 1
2026-06-05 01:05:44.475 [INFO] __main__: Saved 1 records to database
2026-06-05 01:05:44.475 [INFO] __main__: Processing region 876/1149: 3:38723430-38723553
2026-06-05 01:05:44.847 [INFO] __main__:   gnomAD: 94, AF>=0.0010: 1
2026-06-05 01:06:11.473 [INFO] __main__: Saved 1 records to database
2026-06-05 01:06:11.474 [INFO] __main__: Processing region 877/1149: 3:38725174-38725314
2026-06-05 01:06:13.334 [INFO] __main__:   gnomAD: 162, AF>=0.0010: 3
2026-06-05 01:06:17.360 [INFO] __main__: Saved 3 records to database
2026-06-05 01:06:17.360 [INFO] __main__: Processing region 878/1149: 3:38726606-38727052
2026-06-05 01:06:17.916 [INFO] __main__:   gnomAD: 335, AF>=0.0010: 4
2026-06-05 01:06:43.194 [INFO] __main__: Saved 4 records to database
2026-06-05 01:06:43.194 [INFO] __main__: Processing region 879/1149: 3:38728542-38728901
2026-06-05 01:06:43.996 [INFO] __main__:   gnomAD: 290, AF>=0.0010: 1
2026-06-05 01:06:45.546 [INFO] __main__: Saved 1 records to database
2026-06-05 01:06:45.546 [INFO] __main__: Processing region 880/1149: 3:38739515-38739688
2026-06-05 01:06:46.055 [INFO] __main__:   gnomAD: 128, AF>=0.0010: 0
2026-06-05 01:06:46.056 [INFO] __main__: Processing region 881/1149: 3:38742291-38742529
2026-06-05 01:06:46.548 [INFO] __main__:   gnomAD: 179, AF>=0.0010: 0
2026-06-05 01:06:46.548 [INFO] __main__: Processing region 882/1149: 3:38750073-38750184
2026-06-05 01:06:46.980 [INFO] __main__:   gnomAD: 92, AF>=0.0010: 1
2026-06-05 01:06:50.984 [INFO] __main__: Saved 1 records to database
2026-06-05 01:06:50.984 [INFO] __main__: Processing region 883/1149: 3:38752219-38752512
2026-06-05 01:06:51.593 [INFO] __main__:   gnomAD: 267, AF>=0.0010: 2
2026-06-05 01:06:58.859 [INFO] __main__: Saved 2 records to database
2026-06-05 01:06:58.859 [INFO] __main__: Processing region 884/1149: 3:38755788-38757159
2026-06-05 01:06:59.642 [INFO] __main__:   gnomAD: 940, AF>=0.0010: 16
2026-06-05 01:07:07.890 [INFO] __main__: Saved 16 records to database
2026-06-05 01:07:07.890 [INFO] __main__: Processing region 885/1149: 3:38760681-38761383
2026-06-05 01:07:08.433 [INFO] __main__:   gnomAD: 582, AF>=0.0010: 4
2026-06-05 01:07:33.599 [INFO] __main__: Saved 4 records to database
2026-06-05 01:07:33.599 [INFO] __main__: Processing region 886/1149: 3:38763505-38763596
2026-06-05 01:07:34.249 [INFO] __main__:   gnomAD: 68, AF>=0.0010: 2
2026-06-05 01:07:35.082 [INFO] __main__: Saved 2 records to database
2026-06-05 01:07:35.082 [INFO] __main__: Processing region 887/1149: 3:38771279-38771407
2026-06-05 01:07:35.675 [INFO] __main__:   gnomAD: 78, AF>=0.0010: 0
2026-06-05 01:07:35.675 [INFO] __main__: Processing region 888/1149: 3:38788956-38789036
2026-06-05 01:07:36.188 [INFO] __main__:   gnomAD: 69, AF>=0.0010: 0
2026-06-05 01:07:36.188 [INFO] __main__: Processing region 889/1149: 3:38792050-38792168
2026-06-05 01:07:36.620 [INFO] __main__:   gnomAD: 94, AF>=0.0010: 0
2026-06-05 01:07:36.621 [INFO] __main__: Processing region 890/1149: 3:38793741-38794042
2026-06-05 01:07:37.093 [INFO] __main__:   gnomAD: 208, AF>=0.0010: 3
2026-06-05 01:07:37.640 [INFO] __main__: Saved 3 records to database
2026-06-05 01:07:37.640 [INFO] __main__: Processing region 891/1149: 3:38813588-38813729
2026-06-05 01:07:38.151 [INFO] __main__:   gnomAD: 33, AF>=0.0010: 2
2026-06-05 01:07:38.807 [INFO] __main__: Saved 2 records to database
2026-06-05 01:07:38.808 [INFO] __main__: Processing region 892/1149: 3:38816037-38816716
2026-06-05 01:07:39.277 [INFO] __main__:   gnomAD: 299, AF>=0.0010: 12
2026-06-05 01:07:41.157 [INFO] __main__: Saved 12 records to database
2026-06-05 01:07:41.157 [INFO] __main__: Processing region 893/1149: 3:38845764-38848151
2026-06-05 01:07:44.288 [INFO] __main__:   gnomAD: 1857, AF>=0.0010: 23
2026-06-05 01:08:01.954 [INFO] __main__: Saved 23 records to database
2026-06-05 01:08:01.954 [INFO] __main__: Processing region 894/1149: 3:38849278-38850751
2026-06-05 01:08:03.352 [INFO] __main__:   gnomAD: 1013, AF>=0.0010: 18
2026-06-05 01:08:07.630 [INFO] __main__: Saved 18 records to database
2026-06-05 01:08:07.631 [INFO] __main__: Processing region 895/1149: 3:38863195-38863299
2026-06-05 01:08:08.060 [INFO] __main__:   gnomAD: 95, AF>=0.0010: 0
2026-06-05 01:08:08.060 [INFO] __main__: Processing region 896/1149: 3:38867321-38867458
2026-06-05 01:08:08.489 [WARNING] __main__: gnomAD 429 for 3:38867321-38867458 (attempt 1/4)
2026-06-05 01:08:08.489 [INFO] __main__: Retrying gnomAD 3:38867321-38867458 in 2s...
2026-06-05 01:08:10.894 [WARNING] __main__: gnomAD 429 for 3:38867321-38867458 (attempt 2/4)
2026-06-05 01:08:10.895 [INFO] __main__: Retrying gnomAD 3:38867321-38867458 in 3s...
2026-06-05 01:08:14.410 [INFO] __main__:   gnomAD: 84, AF>=0.0010: 1
2026-06-05 01:08:18.747 [INFO] __main__: Saved 1 records to database
2026-06-05 01:08:18.747 [INFO] __main__: Processing region 897/1149: 3:38870691-38872294
2026-06-05 01:08:19.745 [INFO] __main__:   gnomAD: 1016, AF>=0.0010: 5
2026-06-05 01:08:22.419 [INFO] __main__: Saved 5 records to database
2026-06-05 01:08:22.419 [INFO] __main__: Processing region 898/1149: 3:38879950-38880123
2026-06-05 01:08:23.030 [INFO] __main__:   gnomAD: 100, AF>=0.0010: 0
2026-06-05 01:08:23.031 [INFO] __main__: Processing region 899/1149: 3:38883233-38883387
2026-06-05 01:08:23.503 [INFO] __main__:   gnomAD: 80, AF>=0.0010: 1
2026-06-05 01:08:23.979 [INFO] __main__: Saved 1 records to database
2026-06-05 01:08:23.979 [INFO] __main__: Processing region 900/1149: 3:38885288-38886238
2026-06-05 01:08:25.514 [INFO] __main__:   gnomAD: 617, AF>=0.0010: 7
2026-06-05 01:08:37.078 [INFO] __main__: Saved 7 records to database
2026-06-05 01:08:37.079 [INFO] __main__: Processing region 901/1149: 3:38892086-38892139
2026-06-05 01:08:39.438 [INFO] __main__:   gnomAD: 14, AF>=0.0010: 0
2026-06-05 01:08:39.439 [INFO] __main__: Processing region 902/1149: 3:38894533-38894964
2026-06-05 01:08:39.933 [INFO] __main__:   gnomAD: 306, AF>=0.0010: 1
2026-06-05 01:08:45.765 [INFO] __main__: Saved 1 records to database
2026-06-05 01:08:45.765 [INFO] __main__: Processing region 903/1149: 3:38896845-38897225
2026-06-05 01:08:47.097 [INFO] __main__:   gnomAD: 269, AF>=0.0010: 1
2026-06-05 01:08:49.274 [INFO] __main__: Saved 1 records to database
2026-06-05 01:08:49.274 [INFO] __main__: Processing region 904/1149: 3:38899894-38900073
2026-06-05 01:08:49.702 [INFO] __main__:   gnomAD: 99, AF>=0.0010: 1
2026-06-05 01:08:51.747 [INFO] __main__: Saved 1 records to database
2026-06-05 01:08:51.747 [INFO] __main__: Processing region 905/1149: 3:38903865-38904103
2026-06-05 01:08:52.207 [INFO] __main__:   gnomAD: 163, AF>=0.0010: 1
2026-06-05 01:09:19.592 [INFO] __main__: Saved 1 records to database
2026-06-05 01:09:19.592 [INFO] __main__: Processing region 906/1149: 3:38905192-38905321
2026-06-05 01:09:20.777 [INFO] __main__:   gnomAD: 74, AF>=0.0010: 0
2026-06-05 01:09:20.777 [INFO] __main__: Processing region 907/1149: 3:38907949-38910207
2026-06-05 01:09:21.724 [INFO] __main__:   gnomAD: 1236, AF>=0.0010: 20
2026-06-05 01:09:23.631 [INFO] __main__: Saved 20 records to database
2026-06-05 01:09:23.632 [INFO] __main__: Processing region 908/1149: 3:38919935-38920001
2026-06-05 01:09:24.021 [INFO] __main__:   gnomAD: 32, AF>=0.0010: 0
2026-06-05 01:09:24.021 [INFO] __main__: Processing region 909/1149: 3:38921076-38921255
2026-06-05 01:09:24.563 [INFO] __main__:   gnomAD: 107, AF>=0.0010: 1
2026-06-05 01:09:25.083 [INFO] __main__: Saved 1 records to database
2026-06-05 01:09:25.083 [INFO] __main__: Processing region 910/1149: 3:38925415-38925509
2026-06-05 01:09:25.495 [INFO] __main__:   gnomAD: 68, AF>=0.0010: 0
2026-06-05 01:09:25.495 [INFO] __main__: Processing region 911/1149: 3:38926803-38926931
2026-06-05 01:09:25.926 [INFO] __main__:   gnomAD: 80, AF>=0.0010: 1
2026-06-05 01:09:26.407 [INFO] __main__: Saved 1 records to database
2026-06-05 01:09:26.407 [INFO] __main__: Processing region 912/1149: 3:38945108-38947086
2026-06-05 01:09:27.230 [INFO] __main__:   gnomAD: 1016, AF>=0.0010: 16
2026-06-05 01:09:28.242 [INFO] __main__: Saved 16 records to database
2026-06-05 01:09:28.242 [INFO] __main__: Processing region 913/1149: 3:38950096-38950608
2026-06-05 01:09:28.814 [INFO] __main__:   gnomAD: 512, AF>=0.0010: 5
2026-06-05 01:09:29.359 [INFO] __main__: Saved 5 records to database
2026-06-05 01:09:29.360 [INFO] __main__: Processing region 914/1149: 3:38953629-38953759
2026-06-05 01:09:29.766 [INFO] __main__:   gnomAD: 25, AF>=0.0010: 3
2026-06-05 01:09:30.299 [INFO] __main__: Saved 3 records to database
2026-06-05 01:09:30.299 [INFO] __main__: Processing region 915/1149: 3:38956607-38956657
2026-06-05 01:09:30.710 [INFO] __main__:   gnomAD: 8, AF>=0.0010: 0
2026-06-05 01:09:30.711 [INFO] __main__: Processing region 916/1149: 3:38957711-38957857
2026-06-05 01:09:31.127 [WARNING] __main__: gnomAD 429 for 3:38957711-38957857 (attempt 1/4)
2026-06-05 01:09:31.127 [INFO] __main__: Retrying gnomAD 3:38957711-38957857 in 2s...
2026-06-05 01:09:33.647 [WARNING] __main__: gnomAD 429 for 3:38957711-38957857 (attempt 2/4)
2026-06-05 01:09:33.647 [INFO] __main__: Retrying gnomAD 3:38957711-38957857 in 3s...
2026-06-05 01:09:37.081 [WARNING] __main__: gnomAD 429 for 3:38957711-38957857 (attempt 3/4)
2026-06-05 01:09:37.081 [INFO] __main__: Retrying gnomAD 3:38957711-38957857 in 5s...
2026-06-05 01:09:42.559 [WARNING] __main__: gnomAD 429 for 3:38957711-38957857 (attempt 4/4)
2026-06-05 01:09:42.559 [INFO] __main__:   gnomAD: 0, AF>=0.0010: 0
2026-06-05 01:09:42.560 [INFO] __main__: Processing region 917/1149: 3:38960283-38960847
2026-06-05 01:09:43.100 [WARNING] __main__: gnomAD 429 for 3:38960283-38960847 (attempt 1/4)
2026-06-05 01:09:43.100 [INFO] __main__: Retrying gnomAD 3:38960283-38960847 in 2s...
2026-06-05 01:09:45.531 [WARNING] __main__: gnomAD 429 for 3:38960283-38960847 (attempt 2/4)
2026-06-05 01:09:45.531 [INFO] __main__: Retrying gnomAD 3:38960283-38960847 in 3s...
2026-06-05 01:09:48.960 [WARNING] __main__: gnomAD 429 for 3:38960283-38960847 (attempt 3/4)
2026-06-05 01:09:48.961 [INFO] __main__: Retrying gnomAD 3:38960283-38960847 in 5s...
2026-06-05 01:09:54.416 [WARNING] __main__: gnomAD 429 for 3:38960283-38960847 (attempt 4/4)
2026-06-05 01:09:54.417 [INFO] __main__:   gnomAD: 0, AF>=0.0010: 0
2026-06-05 01:09:54.417 [INFO] __main__: Processing region 918/1149: 3:38976893-38977122
2026-06-05 01:09:54.849 [WARNING] __main__: gnomAD 429 for 3:38976893-38977122 (attempt 1/4)
2026-06-05 01:09:54.849 [INFO] __main__: Retrying gnomAD 3:38976893-38977122 in 2s...
2026-06-05 01:09:57.279 [WARNING] __main__: gnomAD 429 for 3:38976893-38977122 (attempt 2/4)
2026-06-05 01:09:57.281 [INFO] __main__: Retrying gnomAD 3:38976893-38977122 in 3s...
2026-06-05 01:10:00.737 [WARNING] __main__: gnomAD 429 for 3:38976893-38977122 (attempt 3/4)
2026-06-05 01:10:00.738 [INFO] __main__: Retrying gnomAD 3:38976893-38977122 in 5s...
2026-06-05 01:10:06.185 [WARNING] __main__: gnomAD 429 for 3:38976893-38977122 (attempt 4/4)
2026-06-05 01:10:06.185 [INFO] __main__:   gnomAD: 0, AF>=0.0010: 0
2026-06-05 01:10:06.185 [INFO] __main__: Processing region 919/1149: 3:38988698-38989637
2026-06-05 01:10:06.632 [WARNING] __main__: gnomAD 429 for 3:38988698-38989637 (attempt 1/4)
2026-06-05 01:10:06.632 [INFO] __main__: Retrying gnomAD 3:38988698-38989637 in 2s...
2026-06-05 01:10:09.179 [WARNING] __main__: gnomAD 429 for 3:38988698-38989637 (attempt 2/4)
2026-06-05 01:10:09.179 [INFO] __main__: Retrying gnomAD 3:38988698-38989637 in 3s...
2026-06-05 01:10:12.639 [WARNING] __main__: gnomAD 429 for 3:38988698-38989637 (attempt 3/4)
2026-06-05 01:10:12.639 [INFO] __main__: Retrying gnomAD 3:38988698-38989637 in 5s...
2026-06-05 01:10:18.120 [INFO] __main__:   gnomAD: 175, AF>=0.0010: 6
2026-06-05 01:10:27.916 [INFO] __main__: Saved 6 records to database
2026-06-05 01:10:27.916 [INFO] __main__: Processing region 920/1149: 3:38990916-38991004
2026-06-05 01:10:28.305 [INFO] __main__:   gnomAD: 17, AF>=0.0010: 1
2026-06-05 01:10:28.793 [INFO] __main__: Saved 1 records to database
2026-06-05 01:10:28.793 [INFO] __main__: Processing region 921/1149: 3:39025987-39026523
2026-06-05 01:10:29.216 [INFO] __main__:   gnomAD: 143, AF>=0.0010: 6
2026-06-05 01:10:32.363 [INFO] __main__: Saved 6 records to database
2026-06-05 01:10:32.364 [INFO] __main__: Processing region 922/1149: 3:39028216-39028279
2026-06-05 01:10:32.821 [INFO] __main__:   gnomAD: 16, AF>=0.0010: 0
2026-06-05 01:10:32.821 [INFO] __main__: Processing region 923/1149: 3:39032048-39032503
2026-06-05 01:10:33.253 [INFO] __main__:   gnomAD: 80, AF>=0.0010: 2
2026-06-05 01:10:37.006 [INFO] __main__: Saved 2 records to database
2026-06-05 01:10:37.006 [INFO] __main__: Processing region 924/1149: 3:39051861-39052157
2026-06-05 01:10:37.491 [INFO] __main__:   gnomAD: 359, AF>=0.0010: 2
2026-06-05 01:10:42.933 [INFO] __main__: Saved 2 records to database
2026-06-05 01:10:42.933 [INFO] __main__: Processing region 925/1149: 3:98130721-98130850
2026-06-05 01:10:43.369 [INFO] __main__:   gnomAD: 49, AF>=0.0010: 5
2026-06-05 01:10:43.935 [INFO] __main__: Saved 5 records to database
2026-06-05 01:10:43.935 [INFO] __main__: Processing region 926/1149: 3:98132680-98138548
2026-06-05 01:10:45.480 [INFO] __main__:   gnomAD: 3374, AF>=0.0010: 85
2026-06-05 01:11:26.692 [INFO] __main__: Saved 85 records to database
2026-06-05 01:11:26.693 [INFO] __main__: Processing region 927/1149: 3:98147479-98156614
2026-06-05 01:11:29.373 [INFO] __main__:   gnomAD: 5626, AF>=0.0010: 307
2026-06-05 01:11:39.910 [INFO] __main__: Saved 200 records to database
2026-06-05 01:11:41.893 [INFO] __main__: Saved 107 records to database
2026-06-05 01:11:41.893 [INFO] __main__: Processing region 928/1149: 3:98166696-98169774
2026-06-05 01:11:42.724 [INFO] __main__:   gnomAD: 1761, AF>=0.0010: 61
2026-06-05 01:11:45.030 [INFO] __main__: Saved 61 records to database
2026-06-05 01:11:45.030 [INFO] __main__: Processing region 929/1149: 3:98263252-98265356
2026-06-05 01:11:46.008 [INFO] __main__:   gnomAD: 1468, AF>=0.0010: 46
2026-06-05 01:11:48.694 [INFO] __main__: Saved 46 records to database
2026-06-05 01:11:48.694 [INFO] __main__: Processing region 930/1149: 3:98282505-98284070
2026-06-05 01:11:49.357 [INFO] __main__:   gnomAD: 1043, AF>=0.0010: 17
2026-06-05 01:11:51.084 [INFO] __main__: Saved 17 records to database
2026-06-05 01:11:51.084 [INFO] __main__: Processing region 931/1149: 3:98463201-98463307
2026-06-05 01:11:51.397 [INFO] __main__:   gnomAD: 30, AF>=0.0010: 0
2026-06-05 01:11:51.397 [INFO] __main__: Processing region 932/1149: 3:98469480-98472924
2026-06-05 01:11:52.468 [INFO] __main__:   gnomAD: 2216, AF>=0.0010: 43
2026-06-05 01:11:54.232 [INFO] __main__: Saved 43 records to database
2026-06-05 01:11:54.233 [INFO] __main__: Processing region 933/1149: 3:98497681-98498631
2026-06-05 01:11:54.739 [INFO] __main__:   gnomAD: 724, AF>=0.0010: 7
2026-06-05 01:12:01.056 [INFO] __main__: Saved 7 records to database
2026-06-05 01:12:01.056 [INFO] __main__: Processing region 934/1149: 3:129528639-129529094
2026-06-05 01:12:01.463 [INFO] __main__:   gnomAD: 349, AF>=0.0010: 4
2026-06-05 01:12:11.603 [INFO] __main__: Saved 4 records to database
2026-06-05 01:12:11.603 [INFO] __main__: Processing region 935/1149: 3:129530876-129531044
2026-06-05 01:12:11.952 [INFO] __main__:   gnomAD: 120, AF>=0.0010: 2
2026-06-05 01:12:36.296 [INFO] __main__: Saved 2 records to database
2026-06-05 01:12:36.296 [INFO] __main__: Processing region 936/1149: 3:129532251-129535344
2026-06-05 01:12:37.905 [INFO] __main__:   gnomAD: 2276, AF>=0.0010: 30
2026-06-05 01:12:55.844 [INFO] __main__: Saved 30 records to database
2026-06-05 01:12:55.844 [INFO] __main__: Processing region 937/1149: 4:4188726-4188973
2026-06-05 01:12:56.472 [INFO] __main__:   gnomAD: 233, AF>=0.0010: 1
2026-06-05 01:13:56.509 [ERROR] __main__: VEP batch error: 
2026-06-05 01:13:56.511 [INFO] __main__: Processing region 938/1149: 4:4197166-4198103
2026-06-05 01:13:57.320 [INFO] __main__:   gnomAD: 736, AF>=0.0010: 14
2026-06-05 01:14:33.728 [INFO] __main__: Saved 14 records to database
2026-06-05 01:14:33.728 [INFO] __main__: Processing region 939/1149: 4:4202448-4202578
2026-06-05 01:14:34.200 [INFO] __main__:   gnomAD: 126, AF>=0.0010: 2
2026-06-05 01:14:48.273 [INFO] __main__: Saved 2 records to database
2026-06-05 01:14:48.273 [INFO] __main__: Processing region 940/1149: 4:4206072-4206130
2026-06-05 01:14:48.943 [INFO] __main__:   gnomAD: 35, AF>=0.0010: 0
2026-06-05 01:14:48.943 [INFO] __main__: Processing region 941/1149: 4:4212868-4213004
2026-06-05 01:14:49.281 [INFO] __main__:   gnomAD: 91, AF>=0.0010: 0
2026-06-05 01:14:49.281 [INFO] __main__: Processing region 942/1149: 4:4226462-4226929
2026-06-05 01:14:49.959 [INFO] __main__:   gnomAD: 1010, AF>=0.0010: 12
2026-06-05 01:15:50.509 [ERROR] __main__: VEP batch error: 
2026-06-05 01:15:50.511 [INFO] __main__: Processing region 943/1149: 5:55851357-55852312
2026-06-05 01:15:51.349 [INFO] __main__:   gnomAD: 714, AF>=0.0010: 13
2026-06-05 01:15:53.006 [INFO] __main__: Saved 13 records to database
2026-06-05 01:15:53.006 [INFO] __main__: Processing region 944/1149: 5:55853314-55853567
2026-06-05 01:15:53.419 [INFO] __main__:   gnomAD: 182, AF>=0.0010: 2
2026-06-05 01:15:55.455 [INFO] __main__: Saved 2 records to database
2026-06-05 01:15:55.455 [INFO] __main__: Processing region 945/1149: 5:55859509-55859599
2026-06-05 01:15:55.797 [INFO] __main__:   gnomAD: 67, AF>=0.0010: 2
2026-06-05 01:15:59.042 [INFO] __main__: Saved 2 records to database
2026-06-05 01:15:59.042 [INFO] __main__: Processing region 946/1149: 5:55866611-55866754
2026-06-05 01:15:59.440 [INFO] __main__:   gnomAD: 140, AF>=0.0010: 0
2026-06-05 01:15:59.440 [INFO] __main__: Processing region 947/1149: 5:55868791-55868908
2026-06-05 01:15:59.799 [INFO] __main__:   gnomAD: 99, AF>=0.0010: 0
2026-06-05 01:15:59.799 [INFO] __main__: Processing region 948/1149: 5:55872270-55872451
2026-06-05 01:16:00.171 [INFO] __main__:   gnomAD: 109, AF>=0.0010: 2
2026-06-05 01:16:05.017 [INFO] __main__: Saved 2 records to database
2026-06-05 01:16:05.017 [INFO] __main__: Processing region 949/1149: 5:55881204-55883195
2026-06-05 01:16:05.664 [INFO] __main__:   gnomAD: 763, AF>=0.0010: 38
2026-06-05 01:16:13.921 [INFO] __main__: Saved 38 records to database
2026-06-05 01:16:13.922 [INFO] __main__: Processing region 950/1149: 5:55889970-55890135
2026-06-05 01:16:14.307 [INFO] __main__:   gnomAD: 106, AF>=0.0010: 1
2026-06-05 01:16:16.518 [INFO] __main__: Saved 1 records to database
2026-06-05 01:16:16.518 [INFO] __main__: Processing region 951/1149: 5:55896350-55896429
2026-06-05 01:16:16.875 [INFO] __main__:   gnomAD: 62, AF>=0.0010: 0
2026-06-05 01:16:16.875 [INFO] __main__: Processing region 952/1149: 5:55899916-55900132
2026-06-05 01:16:17.255 [INFO] __main__:   gnomAD: 133, AF>=0.0010: 0
2026-06-05 01:16:17.255 [INFO] __main__: Processing region 953/1149: 5:55902296-55902460
2026-06-05 01:16:17.618 [WARNING] __main__: gnomAD 429 for 5:55902296-55902460 (attempt 1/4)
2026-06-05 01:16:17.618 [INFO] __main__: Retrying gnomAD 5:55902296-55902460 in 2s...
2026-06-05 01:16:20.011 [WARNING] __main__: gnomAD 429 for 5:55902296-55902460 (attempt 2/4)
2026-06-05 01:16:20.011 [INFO] __main__: Retrying gnomAD 5:55902296-55902460 in 3s...
2026-06-05 01:16:23.860 [WARNING] __main__: gnomAD 429 for 5:55902296-55902460 (attempt 3/4)
2026-06-05 01:16:23.861 [INFO] __main__: Retrying gnomAD 5:55902296-55902460 in 5s...
2026-06-05 01:16:29.236 [INFO] __main__:   gnomAD: 152, AF>=0.0010: 10
2026-06-05 01:16:43.988 [INFO] __main__: Saved 10 records to database
2026-06-05 01:16:43.988 [INFO] __main__: Processing region 954/1149: 5:55906106-55909153
2026-06-05 01:16:45.007 [INFO] __main__:   gnomAD: 1718, AF>=0.0010: 25
2026-06-05 01:16:49.133 [INFO] __main__: Saved 25 records to database
2026-06-05 01:16:49.133 [INFO] __main__: Processing region 955/1149: 5:55910532-55910672
2026-06-05 01:16:49.495 [INFO] __main__:   gnomAD: 79, AF>=0.0010: 2
2026-06-05 01:16:55.504 [INFO] __main__: Saved 2 records to database
2026-06-05 01:16:55.504 [INFO] __main__: Processing region 956/1149: 5:55913477-55913570
2026-06-05 01:16:55.867 [INFO] __main__:   gnomAD: 59, AF>=0.0010: 0
2026-06-05 01:16:55.867 [INFO] __main__: Processing region 957/1149: 5:55914847-55914928
2026-06-05 01:16:56.233 [INFO] __main__:   gnomAD: 54, AF>=0.0010: 1
2026-06-05 01:16:56.706 [INFO] __main__: Saved 1 records to database
2026-06-05 01:16:56.706 [INFO] __main__: Processing region 958/1149: 5:55916644-55922854
2026-06-05 01:16:57.817 [INFO] __main__:   gnomAD: 2376, AF>=0.0010: 87
2026-06-05 01:17:16.791 [INFO] __main__: Saved 87 records to database
2026-06-05 01:17:16.791 [INFO] __main__: Processing region 959/1149: 5:149857953-149860971
2026-06-05 01:17:19.607 [INFO] __main__:   gnomAD: 2902, AF>=0.0010: 63
2026-06-05 01:17:50.107 [INFO] __main__: Saved 63 records to database
2026-06-05 01:17:50.108 [INFO] __main__: Processing region 960/1149: 5:149863119-149863266
2026-06-05 01:17:50.743 [INFO] __main__:   gnomAD: 96, AF>=0.0010: 3
2026-06-05 01:17:52.861 [INFO] __main__: Saved 3 records to database
2026-06-05 01:17:52.862 [INFO] __main__: Processing region 961/1149: 5:149866170-149868158
2026-06-05 01:17:54.091 [INFO] __main__:   gnomAD: 1681, AF>=0.0010: 9
2026-06-05 01:17:57.851 [INFO] __main__: Saved 9 records to database
2026-06-05 01:17:57.851 [INFO] __main__: Processing region 962/1149: 5:149883429-149884867
2026-06-05 01:17:59.000 [INFO] __main__:   gnomAD: 1010, AF>=0.0010: 49
2026-06-05 01:18:08.863 [INFO] __main__: Saved 49 records to database
2026-06-05 01:18:08.864 [INFO] __main__: Processing region 963/1149: 5:149886265-149886374
2026-06-05 01:18:09.720 [INFO] __main__:   gnomAD: 94, AF>=0.0010: 1
2026-06-05 01:18:21.917 [INFO] __main__: Saved 1 records to database
2026-06-05 01:18:21.918 [INFO] __main__: Processing region 964/1149: 5:149895183-149895290
2026-06-05 01:18:22.319 [INFO] __main__:   gnomAD: 99, AF>=0.0010: 0
2026-06-05 01:18:22.320 [INFO] __main__: Processing region 965/1149: 5:149896356-149896776
2026-06-05 01:18:22.724 [INFO] __main__:   gnomAD: 314, AF>=0.0010: 6
2026-06-05 01:18:30.853 [INFO] __main__: Saved 6 records to database
2026-06-05 01:18:30.853 [INFO] __main__: Processing region 966/1149: 5:149898363-149899524
2026-06-05 01:18:32.214 [INFO] __main__:   gnomAD: 582, AF>=0.0010: 14
2026-06-05 01:18:45.666 [INFO] __main__: Saved 14 records to database
2026-06-05 01:18:45.667 [INFO] __main__: Processing region 967/1149: 5:149903648-149903695
2026-06-05 01:18:46.004 [INFO] __main__:   gnomAD: 35, AF>=0.0010: 1
2026-06-05 01:18:49.594 [INFO] __main__: Saved 1 records to database
2026-06-05 01:18:49.595 [INFO] __main__: Processing region 968/1149: 5:149907312-149907378
2026-06-05 01:18:49.907 [INFO] __main__:   gnomAD: 47, AF>=0.0010: 1
2026-06-05 01:19:01.324 [INFO] __main__: Saved 1 records to database
2026-06-05 01:19:01.324 [INFO] __main__: Processing region 969/1149: 5:149914943-149915007
2026-06-05 01:19:01.662 [INFO] __main__:   gnomAD: 70, AF>=0.0010: 0
2026-06-05 01:19:01.662 [INFO] __main__: Processing region 970/1149: 5:149921635-149921709
2026-06-05 01:19:02.125 [INFO] __main__:   gnomAD: 51, AF>=0.0010: 3
2026-06-05 01:19:02.712 [INFO] __main__: Saved 3 records to database
2026-06-05 01:19:02.712 [INFO] __main__: Processing region 971/1149: 5:149931028-149932882
2026-06-05 01:19:03.471 [INFO] __main__:   gnomAD: 1505, AF>=0.0010: 35
2026-06-05 01:19:07.121 [INFO] __main__: Saved 35 records to database
2026-06-05 01:19:07.121 [INFO] __main__: Processing region 972/1149: 5:149933930-149934718
2026-06-05 01:19:07.596 [INFO] __main__:   gnomAD: 490, AF>=0.0010: 9
2026-06-05 01:19:15.199 [INFO] __main__: Saved 9 records to database
2026-06-05 01:19:15.199 [INFO] __main__: Processing region 973/1149: 5:149940030-149940131
2026-06-05 01:19:15.528 [INFO] __main__:   gnomAD: 60, AF>=0.0010: 0
2026-06-05 01:19:15.528 [INFO] __main__: Processing region 974/1149: 5:149944200-149945287
2026-06-05 01:19:16.068 [INFO] __main__:   gnomAD: 740, AF>=0.0010: 12
2026-06-05 01:19:34.594 [INFO] __main__: Saved 12 records to database
2026-06-05 01:19:34.594 [INFO] __main__: Processing region 975/1149: 5:180739123-180740058
2026-06-05 01:19:36.547 [INFO] __main__:   gnomAD: 703, AF>=0.0010: 12
2026-06-05 01:20:06.360 [INFO] __main__: Saved 12 records to database
2026-06-05 01:20:06.360 [INFO] __main__: Processing region 976/1149: 5:181123122-181125325
2026-06-05 01:20:07.973 [INFO] __main__:   gnomAD: 1763, AF>=0.0010: 27
2026-06-05 01:20:23.296 [INFO] __main__: Saved 27 records to database
2026-06-05 01:20:23.297 [INFO] __main__: Processing region 977/1149: 5:181129520-181131169
2026-06-05 01:20:24.199 [INFO] __main__:   gnomAD: 1487, AF>=0.0010: 28
2026-06-05 01:20:27.836 [INFO] __main__: Saved 28 records to database
2026-06-05 01:20:27.836 [INFO] __main__: Processing region 978/1149: 5:181147586-181147995
2026-06-05 01:20:28.338 [INFO] __main__:   gnomAD: 538, AF>=0.0010: 10
2026-06-05 01:20:29.336 [INFO] __main__: Saved 10 records to database
2026-06-05 01:20:29.336 [INFO] __main__: Processing region 979/1149: 5:181154919-181159285
2026-06-05 01:20:30.666 [INFO] __main__:   gnomAD: 3520, AF>=0.0010: 95
2026-06-05 01:20:37.691 [INFO] __main__: Saved 95 records to database
2026-06-05 01:20:37.691 [INFO] __main__: Processing region 980/1149: 5:181367268-181368262
2026-06-05 01:20:38.706 [INFO] __main__:   gnomAD: 0, AF>=0.0010: 0
2026-06-05 01:20:38.706 [INFO] __main__: Processing region 981/1149: 6:29044213-29045175
2026-06-05 01:20:39.767 [INFO] __main__:   gnomAD: 632, AF>=0.0010: 5
2026-06-05 01:20:50.096 [INFO] __main__: Saved 5 records to database
2026-06-05 01:20:50.097 [INFO] __main__: Processing region 982/1149: 6:29108058-29109657
2026-06-05 01:20:50.585 [INFO] __main__:   gnomAD: 663, AF>=0.0010: 11
2026-06-05 01:21:01.678 [INFO] __main__: Saved 11 records to database
2026-06-05 01:21:01.678 [INFO] __main__: Processing region 983/1149: 6:29111560-29114770
2026-06-05 01:21:02.620 [INFO] __main__:   gnomAD: 2064, AF>=0.0010: 33
2026-06-05 01:21:20.906 [INFO] __main__: Saved 33 records to database
2026-06-05 01:21:20.906 [INFO] __main__: Processing region 984/1149: 6:29170907-29171105
2026-06-05 01:21:21.493 [INFO] __main__:   gnomAD: 99, AF>=0.0010: 1
2026-06-05 01:21:34.516 [INFO] __main__: Saved 1 records to database
2026-06-05 01:21:34.516 [INFO] __main__: Processing region 985/1149: 6:29173303-29175811
2026-06-05 01:21:35.410 [INFO] __main__:   gnomAD: 1808, AF>=0.0010: 30
2026-06-05 01:21:45.349 [INFO] __main__: Saved 30 records to database
2026-06-05 01:21:45.349 [INFO] __main__: Processing region 986/1149: 6:29301701-29301787
2026-06-05 01:21:45.679 [INFO] __main__:   gnomAD: 32, AF>=0.0010: 0
2026-06-05 01:21:45.679 [INFO] __main__: Processing region 987/1149: 6:29306626-29313017
2026-06-05 01:21:47.225 [INFO] __main__:   gnomAD: 4084, AF>=0.0010: 61
2026-06-05 01:22:47.506 [ERROR] __main__: VEP batch error: 
2026-06-05 01:22:47.508 [INFO] __main__: Processing region 988/1149: 6:29353749-29356277
2026-06-05 01:22:48.869 [INFO] __main__:   gnomAD: 1418, AF>=0.0010: 16
2026-06-05 01:23:25.804 [INFO] __main__: Saved 16 records to database
2026-06-05 01:23:25.805 [INFO] __main__: Processing region 989/1149: 6:29368632-29368865
2026-06-05 01:23:26.271 [INFO] __main__:   gnomAD: 102, AF>=0.0010: 0
2026-06-05 01:23:26.272 [INFO] __main__: Processing region 990/1149: 6:29373423-29375291
2026-06-05 01:23:26.998 [INFO] __main__:   gnomAD: 1318, AF>=0.0010: 21
2026-06-05 01:23:57.391 [INFO] __main__: Saved 21 records to database
2026-06-05 01:23:57.391 [INFO] __main__: Processing region 991/1149: 6:29395631-29398008
2026-06-05 01:23:58.434 [INFO] __main__:   gnomAD: 1713, AF>=0.0010: 51
2026-06-05 01:24:08.304 [INFO] __main__: Saved 51 records to database
2026-06-05 01:24:08.304 [INFO] __main__: Processing region 992/1149: 6:29414928-29415011
2026-06-05 01:24:08.660 [INFO] __main__:   gnomAD: 38, AF>=0.0010: 1
2026-06-05 01:24:11.517 [INFO] __main__: Saved 1 records to database
2026-06-05 01:24:11.518 [INFO] __main__: Processing region 993/1149: 6:29417278-29418905
2026-06-05 01:24:12.428 [INFO] __main__:   gnomAD: 1997, AF>=0.0010: 42
2026-06-05 01:24:34.316 [INFO] __main__: Saved 42 records to database
2026-06-05 01:24:34.317 [INFO] __main__: Processing region 994/1149: 6:29422607-29423062
2026-06-05 01:24:34.852 [INFO] __main__:   gnomAD: 158, AF>=0.0010: 10
2026-06-05 01:24:37.433 [INFO] __main__: Saved 10 records to database
2026-06-05 01:24:37.434 [INFO] __main__: Processing region 995/1149: 6:29425504-29428960
2026-06-05 01:24:38.793 [INFO] __main__:   gnomAD: 2605, AF>=0.0010: 57
2026-06-05 01:24:45.213 [INFO] __main__: Saved 57 records to database
2026-06-05 01:24:45.213 [INFO] __main__: Processing region 996/1149: 6:29430301-29430425
2026-06-05 01:24:45.571 [INFO] __main__:   gnomAD: 77, AF>=0.0010: 2
2026-06-05 01:24:46.087 [INFO] __main__: Saved 2 records to database
2026-06-05 01:24:46.087 [INFO] __main__: Processing region 997/1149: 6:29431864-29432072
2026-06-05 01:24:46.446 [INFO] __main__:   gnomAD: 173, AF>=0.0010: 0
2026-06-05 01:24:46.446 [INFO] __main__: Processing region 998/1149: 6:29439306-29440977
2026-06-05 01:24:47.352 [INFO] __main__:   gnomAD: 1332, AF>=0.0010: 32
2026-06-05 01:24:50.738 [INFO] __main__: Saved 32 records to database
2026-06-05 01:24:50.739 [INFO] __main__: Processing region 999/1149: 6:29450210-29450558
2026-06-05 01:24:51.124 [INFO] __main__:   gnomAD: 206, AF>=0.0010: 5
2026-06-05 01:24:51.800 [INFO] __main__: Saved 5 records to database
2026-06-05 01:24:51.800 [INFO] __main__: Processing region 1000/1149: 6:29456987-29457071
2026-06-05 01:24:52.149 [INFO] __main__:   gnomAD: 39, AF>=0.0010: 3
2026-06-05 01:24:52.675 [INFO] __main__: Saved 3 records to database
2026-06-05 01:24:52.675 [INFO] __main__: Processing region 1001/1149: 6:29585121-29585350
2026-06-05 01:24:53.015 [INFO] __main__:   gnomAD: 112, AF>=0.0010: 1
2026-06-05 01:24:54.162 [INFO] __main__: Saved 1 records to database
2026-06-05 01:24:54.162 [INFO] __main__: Processing region 1002/1149: 6:29587455-29590500
2026-06-05 01:24:55.207 [INFO] __main__:   gnomAD: 2414, AF>=0.0010: 35
2026-06-05 01:25:03.089 [INFO] __main__: Saved 35 records to database
2026-06-05 01:25:03.089 [INFO] __main__: Processing region 1003/1149: 6:63711586-63726680
2026-06-05 01:25:05.515 [INFO] __main__:   gnomAD: 6163, AF>=0.0010: 109
2026-06-05 01:25:16.628 [INFO] __main__: Saved 109 records to database
2026-06-05 01:25:16.628 [INFO] __main__: Processing region 1004/1149: 6:63741913-63741975
2026-06-05 01:25:17.005 [WARNING] __main__: gnomAD 429 for 6:63741913-63741975 (attempt 1/4)
2026-06-05 01:25:17.005 [INFO] __main__: Retrying gnomAD 6:63741913-63741975 in 2s...
2026-06-05 01:25:19.365 [WARNING] __main__: gnomAD 429 for 6:63741913-63741975 (attempt 2/4)
2026-06-05 01:25:19.365 [INFO] __main__: Retrying gnomAD 6:63741913-63741975 in 3s...
2026-06-05 01:25:22.937 [WARNING] __main__: gnomAD 429 for 6:63741913-63741975 (attempt 3/4)
2026-06-05 01:25:22.938 [INFO] __main__: Retrying gnomAD 6:63741913-63741975 in 5s...
2026-06-05 01:25:28.278 [INFO] __main__:   gnomAD: 35, AF>=0.0010: 0
2026-06-05 01:25:28.279 [INFO] __main__: Processing region 1005/1149: 6:63744111-63745020
2026-06-05 01:25:28.852 [INFO] __main__:   gnomAD: 763, AF>=0.0010: 21
2026-06-05 01:25:28.995 [ERROR] __main__: VEP batch error: Server disconnected
2026-06-05 01:25:28.996 [INFO] __main__: Processing region 1006/1149: 6:63762461-63762633
2026-06-05 01:25:29.373 [INFO] __main__:   gnomAD: 128, AF>=0.0010: 0
2026-06-05 01:25:29.374 [INFO] __main__: Processing region 1007/1149: 6:63777605-63779336
2026-06-05 01:25:29.739 [WARNING] __main__: gnomAD 429 for 6:63777605-63779336 (attempt 1/4)
2026-06-05 01:25:29.740 [INFO] __main__: Retrying gnomAD 6:63777605-63779336 in 2s...
2026-06-05 01:25:32.104 [WARNING] __main__: gnomAD 429 for 6:63777605-63779336 (attempt 2/4)
2026-06-05 01:25:32.104 [INFO] __main__: Retrying gnomAD 6:63777605-63779336 in 3s...
2026-06-05 01:25:35.785 [WARNING] __main__: gnomAD 429 for 6:63777605-63779336 (attempt 3/4)
2026-06-05 01:25:35.785 [INFO] __main__: Retrying gnomAD 6:63777605-63779336 in 5s...
2026-06-05 01:25:43.073 [INFO] __main__:   gnomAD: 1014, AF>=0.0010: 12
2026-06-05 01:25:48.566 [INFO] __main__: Saved 12 records to database
2026-06-05 01:25:48.566 [INFO] __main__: Processing region 1008/1149: 6:63786003-63789224
2026-06-05 01:25:49.465 [INFO] __main__:   gnomAD: 1457, AF>=0.0010: 28
2026-06-05 01:25:52.656 [INFO] __main__: Saved 28 records to database
2026-06-05 01:25:52.656 [INFO] __main__: Processing region 1009/1149: 6:63797189-63798031
2026-06-05 01:25:53.462 [INFO] __main__:   gnomAD: 331, AF>=0.0010: 7
2026-06-05 01:26:00.367 [INFO] __main__: Saved 7 records to database
2026-06-05 01:26:00.367 [INFO] __main__: Processing region 1010/1149: 6:63805797-63806886
2026-06-05 01:26:00.987 [INFO] __main__:   gnomAD: 624, AF>=0.0010: 10
2026-06-05 01:26:06.043 [INFO] __main__: Saved 10 records to database
2026-06-05 01:26:06.043 [INFO] __main__: Processing region 1011/1149: 6:63821240-63822975
2026-06-05 01:26:06.823 [INFO] __main__:   gnomAD: 939, AF>=0.0010: 12
2026-06-05 01:26:18.223 [INFO] __main__: Saved 12 records to database
2026-06-05 01:26:18.223 [INFO] __main__: Processing region 1012/1149: 6:63857441-63857769
2026-06-05 01:26:18.720 [INFO] __main__:   gnomAD: 500, AF>=0.0010: 2
2026-06-05 01:26:31.946 [INFO] __main__: Saved 2 records to database
2026-06-05 01:26:31.946 [INFO] __main__: Processing region 1013/1149: 6:63864186-63864358
2026-06-05 01:26:32.320 [INFO] __main__:   gnomAD: 121, AF>=0.0010: 1
2026-06-05 01:26:47.453 [INFO] __main__: Saved 1 records to database
2026-06-05 01:26:47.454 [INFO] __main__: Processing region 1014/1149: 6:63984383-63984603
2026-06-05 01:26:49.746 [INFO] __main__:   gnomAD: 169, AF>=0.0010: 2
2026-06-05 01:27:01.601 [INFO] __main__: Saved 2 records to database
2026-06-05 01:27:01.601 [INFO] __main__: Processing region 1015/1149: 6:63999075-63999183
2026-06-05 01:27:01.929 [INFO] __main__:   gnomAD: 71, AF>=0.0010: 0
2026-06-05 01:27:01.930 [INFO] __main__: Processing region 1016/1149: 6:64066338-64066491
2026-06-05 01:27:02.431 [INFO] __main__:   gnomAD: 103, AF>=0.0010: 1
2026-06-05 01:27:04.061 [INFO] __main__: Saved 1 records to database
2026-06-05 01:27:04.062 [INFO] __main__: Processing region 1017/1149: 6:64081856-64082002
2026-06-05 01:27:04.435 [INFO] __main__:   gnomAD: 126, AF>=0.0010: 3
2026-06-05 01:27:42.142 [INFO] __main__: Saved 3 records to database
2026-06-05 01:27:42.142 [INFO] __main__: Processing region 1018/1149: 6:64230592-64230824
2026-06-05 01:27:42.795 [INFO] __main__:   gnomAD: 163, AF>=0.0010: 1
2026-06-05 01:28:18.319 [INFO] __main__: Saved 1 records to database
2026-06-05 01:28:18.319 [INFO] __main__: Processing region 1019/1149: 6:64306970-64307082
2026-06-05 01:28:19.498 [INFO] __main__:   gnomAD: 146, AF>=0.0010: 1
2026-06-05 01:28:55.963 [INFO] __main__: Saved 1 records to database
2026-06-05 01:28:55.963 [INFO] __main__: Processing region 1020/1149: 6:64377795-64377932
2026-06-05 01:28:56.470 [INFO] __main__:   gnomAD: 83, AF>=0.0010: 2
2026-06-05 01:28:59.785 [INFO] __main__: Saved 2 records to database
2026-06-05 01:28:59.785 [INFO] __main__: Processing region 1021/1149: 6:64379584-64379712
2026-06-05 01:29:00.110 [INFO] __main__:   gnomAD: 33, AF>=0.0010: 2
2026-06-05 01:29:02.361 [INFO] __main__: Saved 2 records to database
2026-06-05 01:29:02.361 [INFO] __main__: Processing region 1022/1149: 6:64388690-64388840
2026-06-05 01:29:02.746 [INFO] __main__:   gnomAD: 160, AF>=0.0010: 1
2026-06-05 01:29:03.588 [INFO] __main__: Saved 1 records to database
2026-06-05 01:29:03.588 [INFO] __main__: Processing region 1023/1149: 6:64400316-64400429
2026-06-05 01:29:03.979 [INFO] __main__:   gnomAD: 36, AF>=0.0010: 0
2026-06-05 01:29:03.979 [INFO] __main__: Processing region 1024/1149: 6:64412636-64412779
2026-06-05 01:29:04.318 [INFO] __main__:   gnomAD: 54, AF>=0.0010: 3
2026-06-05 01:29:26.769 [INFO] __main__: Saved 3 records to database
2026-06-05 01:29:26.770 [INFO] __main__: Processing region 1025/1149: 6:64436174-64436265
2026-06-05 01:29:27.321 [INFO] __main__:   gnomAD: 79, AF>=0.0010: 0
2026-06-05 01:29:27.322 [INFO] __main__: Processing region 1026/1149: 6:64439162-64439352
2026-06-05 01:29:27.691 [INFO] __main__:   gnomAD: 219, AF>=0.0010: 2
2026-06-05 01:29:29.017 [INFO] __main__: Saved 2 records to database
2026-06-05 01:29:29.017 [INFO] __main__: Processing region 1027/1149: 6:64590223-64591989
2026-06-05 01:29:29.969 [INFO] __main__:   gnomAD: 1328, AF>=0.0010: 23
2026-06-05 01:29:46.479 [INFO] __main__: Saved 23 records to database
2026-06-05 01:29:46.480 [INFO] __main__: Processing region 1028/1149: 6:64593117-64593309
2026-06-05 01:29:47.535 [INFO] __main__:   gnomAD: 151, AF>=0.0010: 1
2026-06-05 01:30:48.503 [ERROR] __main__: VEP batch error: 
2026-06-05 01:30:48.504 [INFO] __main__: Processing region 1029/1149: 6:64617418-64617533
2026-06-05 01:30:49.146 [INFO] __main__:   gnomAD: 81, AF>=0.0010: 0
2026-06-05 01:30:49.146 [INFO] __main__: Processing region 1030/1149: 6:64626121-64626245
2026-06-05 01:30:54.181 [INFO] __main__:   gnomAD: 135, AF>=0.0010: 0
2026-06-05 01:30:54.182 [INFO] __main__: Processing region 1031/1149: 6:64631205-64631682
2026-06-05 01:30:54.561 [INFO] __main__:   gnomAD: 258, AF>=0.0010: 6
2026-06-05 01:30:59.033 [INFO] __main__: Saved 6 records to database
2026-06-05 01:30:59.033 [INFO] __main__: Processing region 1032/1149: 6:64676659-64676899
2026-06-05 01:31:02.591 [INFO] __main__:   gnomAD: 71, AF>=0.0010: 5
2026-06-05 01:31:03.133 [INFO] __main__: Saved 5 records to database
2026-06-05 01:31:03.134 [INFO] __main__: Processing region 1033/1149: 6:64680688-64680785
2026-06-05 01:31:03.518 [INFO] __main__:   gnomAD: 20, AF>=0.0010: 2
2026-06-05 01:31:04.052 [INFO] __main__: Saved 2 records to database
2026-06-05 01:31:04.053 [INFO] __main__: Processing region 1034/1149: 6:64713272-64713335
2026-06-05 01:31:04.833 [INFO] __main__:   gnomAD: 24, AF>=0.0010: 0
2026-06-05 01:31:04.833 [INFO] __main__: Processing region 1035/1149: 6:64718444-64718706
2026-06-05 01:31:05.170 [INFO] __main__:   gnomAD: 80, AF>=0.0010: 4
2026-06-05 01:31:32.838 [INFO] __main__: Saved 4 records to database
2026-06-05 01:31:32.838 [INFO] __main__: Processing region 1036/1149: 6:64728834-64729058
2026-06-05 01:31:33.398 [INFO] __main__:   gnomAD: 179, AF>=0.0010: 3
2026-06-05 01:32:33.502 [ERROR] __main__: VEP batch error: 
2026-06-05 01:32:33.504 [INFO] __main__: Processing region 1037/1149: 6:64730813-64730992
2026-06-05 01:32:34.090 [INFO] __main__:   gnomAD: 57, AF>=0.0010: 0
2026-06-05 01:32:34.090 [INFO] __main__: Processing region 1038/1149: 6:64733199-64733837
2026-06-05 01:32:34.727 [INFO] __main__:   gnomAD: 1030, AF>=0.0010: 3
2026-06-05 01:32:50.825 [INFO] __main__: Saved 3 records to database
2026-06-05 01:32:50.825 [INFO] __main__: Processing region 1039/1149: 6:64813378-64813577
2026-06-05 01:32:51.546 [INFO] __main__:   gnomAD: 134, AF>=0.0010: 2
2026-06-05 01:32:52.364 [INFO] __main__: Saved 2 records to database
2026-06-05 01:32:52.364 [INFO] __main__: Processing region 1040/1149: 6:64821645-64822822
2026-06-05 01:32:52.874 [INFO] __main__:   gnomAD: 708, AF>=0.0010: 11
2026-06-05 01:32:53.699 [INFO] __main__: Saved 11 records to database
2026-06-05 01:32:53.700 [INFO] __main__: Processing region 1041/1149: 6:64886697-64886842
2026-06-05 01:32:54.080 [INFO] __main__:   gnomAD: 137, AF>=0.0010: 0
2026-06-05 01:32:54.081 [INFO] __main__: Processing region 1042/1149: 6:64893123-64893294
2026-06-05 01:32:54.410 [INFO] __main__:   gnomAD: 43, AF>=0.0010: 2
2026-06-05 01:32:55.426 [INFO] __main__: Saved 2 records to database
2026-06-05 01:32:55.426 [INFO] __main__: Processing region 1043/1149: 6:64902113-64902500
2026-06-05 01:32:55.818 [INFO] __main__:   gnomAD: 297, AF>=0.0010: 2
2026-06-05 01:32:56.761 [INFO] __main__: Saved 2 records to database
2026-06-05 01:32:56.761 [INFO] __main__: Processing region 1044/1149: 6:64912484-64912743
2026-06-05 01:32:57.164 [INFO] __main__:   gnomAD: 201, AF>=0.0010: 3
2026-06-05 01:33:11.830 [INFO] __main__: Saved 3 records to database
2026-06-05 01:33:11.831 [INFO] __main__: Processing region 1045/1149: 6:64916323-64916496
2026-06-05 01:33:12.178 [INFO] __main__:   gnomAD: 32, AF>=0.0010: 1
2026-06-05 01:33:21.522 [INFO] __main__: Saved 1 records to database
2026-06-05 01:33:21.522 [INFO] __main__: Processing region 1046/1149: 6:64945793-64945914
2026-06-05 01:33:21.894 [INFO] __main__:   gnomAD: 91, AF>=0.0010: 0
2026-06-05 01:33:21.894 [INFO] __main__: Processing region 1047/1149: 6:64997582-64997703
2026-06-05 01:33:22.284 [WARNING] __main__: gnomAD 429 for 6:64997582-64997703 (attempt 1/4)
2026-06-05 01:33:22.284 [INFO] __main__: Retrying gnomAD 6:64997582-64997703 in 2s...
2026-06-05 01:33:24.632 [WARNING] __main__: gnomAD 429 for 6:64997582-64997703 (attempt 2/4)
2026-06-05 01:33:24.632 [INFO] __main__: Retrying gnomAD 6:64997582-64997703 in 3s...
2026-06-05 01:33:27.997 [INFO] __main__:   gnomAD: 79, AF>=0.0010: 2
2026-06-05 01:33:55.133 [INFO] __main__: Saved 2 records to database
2026-06-05 01:33:55.134 [INFO] __main__: Processing region 1048/1149: 6:65057614-65057727
2026-06-05 01:33:58.229 [INFO] __main__:   gnomAD: 97, AF>=0.0010: 0
2026-06-05 01:33:58.230 [INFO] __main__: Processing region 1049/1149: 6:65295757-65296119
2026-06-05 01:33:58.744 [INFO] __main__:   gnomAD: 349, AF>=0.0010: 9
2026-06-05 01:34:01.816 [INFO] __main__: Saved 9 records to database
2026-06-05 01:34:01.816 [INFO] __main__: Processing region 1050/1149: 6:65300847-65306574
2026-06-05 01:34:03.334 [INFO] __main__:   gnomAD: 3589, AF>=0.0010: 71
2026-06-05 01:34:05.863 [INFO] __main__: Saved 71 records to database
2026-06-05 01:34:05.863 [INFO] __main__: Processing region 1051/1149: 6:65329272-65332417
2026-06-05 01:34:06.804 [INFO] __main__:   gnomAD: 2389, AF>=0.0010: 46
2026-06-05 01:34:07.659 [INFO] __main__: Saved 46 records to database
2026-06-05 01:34:07.660 [INFO] __main__: Processing region 1052/1149: 6:65334910-65335146
2026-06-05 01:34:08.045 [INFO] __main__:   gnomAD: 203, AF>=0.0010: 3
2026-06-05 01:34:08.777 [INFO] __main__: Saved 3 records to database
2026-06-05 01:34:08.778 [INFO] __main__: Processing region 1053/1149: 6:65344038-65344177
2026-06-05 01:34:09.135 [INFO] __main__:   gnomAD: 139, AF>=0.0010: 1
2026-06-05 01:34:09.984 [INFO] __main__: Saved 1 records to database
2026-06-05 01:34:09.984 [INFO] __main__: Processing region 1054/1149: 6:65353458-65353617
2026-06-05 01:34:10.351 [INFO] __main__:   gnomAD: 132, AF>=0.0010: 0
2026-06-05 01:34:10.351 [INFO] __main__: Processing region 1055/1149: 6:65384386-65384500
2026-06-05 01:34:10.692 [INFO] __main__:   gnomAD: 110, AF>=0.0010: 0
2026-06-05 01:34:10.692 [INFO] __main__: Processing region 1056/1149: 6:65402478-65402605
2026-06-05 01:34:11.045 [INFO] __main__:   gnomAD: 154, AF>=0.0010: 2
2026-06-05 01:34:11.531 [INFO] __main__: Saved 2 records to database
2026-06-05 01:34:11.531 [INFO] __main__: Processing region 1057/1149: 6:65405174-65405367
2026-06-05 01:34:12.085 [INFO] __main__:   gnomAD: 144, AF>=0.0010: 2
2026-06-05 01:34:22.577 [INFO] __main__: Saved 2 records to database
2026-06-05 01:34:22.577 [INFO] __main__: Processing region 1058/1149: 6:65489361-65491589
2026-06-05 01:34:23.345 [INFO] __main__:   gnomAD: 1558, AF>=0.0010: 42
2026-06-05 01:35:10.220 [INFO] __main__: Saved 42 records to database
2026-06-05 01:35:10.221 [INFO] __main__: Processing region 1059/1149: 6:65494663-65495998
2026-06-05 01:35:11.316 [INFO] __main__:   gnomAD: 976, AF>=0.0010: 5
2026-06-05 01:35:13.047 [INFO] __main__: Saved 5 records to database
2026-06-05 01:35:13.047 [INFO] __main__: Processing region 1060/1149: 6:65639778-65639892
2026-06-05 01:35:13.414 [INFO] __main__:   gnomAD: 56, AF>=0.0010: 3
2026-06-05 01:35:13.816 [INFO] __main__: Saved 3 records to database
2026-06-05 01:35:13.816 [INFO] __main__: Processing region 1061/1149: 6:65707135-65707226
2026-06-05 01:35:14.168 [INFO] __main__:   gnomAD: 60, AF>=0.0010: 2
2026-06-05 01:35:28.926 [INFO] __main__: Saved 2 records to database
2026-06-05 01:35:28.927 [INFO] __main__: Processing region 1062/1149: 6:131699644-131701401
2026-06-05 01:35:29.668 [INFO] __main__:   gnomAD: 1025, AF>=0.0010: 19
2026-06-05 01:35:36.952 [INFO] __main__: Saved 19 records to database
2026-06-05 01:35:36.952 [INFO] __main__: Processing region 1063/1149: 7:107656846-107662204
2026-06-05 01:35:38.752 [INFO] __main__:   gnomAD: 3988, AF>=0.0010: 68
2026-06-05 01:35:52.574 [INFO] __main__: Saved 68 records to database
2026-06-05 01:35:52.574 [INFO] __main__: Processing region 1064/1149: 7:107663296-107663435
2026-06-05 01:35:53.437 [INFO] __main__:   gnomAD: 133, AF>=0.0010: 0
2026-06-05 01:35:53.438 [INFO] __main__: Processing region 1065/1149: 7:107672138-107672248
2026-06-05 01:35:55.869 [INFO] __main__:   gnomAD: 103, AF>=0.0010: 0
2026-06-05 01:35:55.870 [INFO] __main__: Processing region 1066/1149: 7:107674164-107675109
2026-06-05 01:35:56.535 [INFO] __main__:   gnomAD: 572, AF>=0.0010: 6
2026-06-05 01:35:58.933 [INFO] __main__: Saved 6 records to database
2026-06-05 01:35:58.933 [INFO] __main__: Processing region 1067/1149: 7:107683202-107683537
2026-06-05 01:36:01.208 [INFO] __main__:   gnomAD: 232, AF>=0.0010: 4
2026-06-05 01:36:02.106 [INFO] __main__: Saved 4 records to database
2026-06-05 01:36:02.107 [INFO] __main__: Processing region 1068/1149: 7:107689053-107690237
2026-06-05 01:36:04.575 [INFO] __main__:   gnomAD: 613, AF>=0.0010: 9
2026-06-05 01:36:09.826 [INFO] __main__: Saved 9 records to database
2026-06-05 01:36:09.826 [INFO] __main__: Processing region 1069/1149: 7:107691890-107694716
2026-06-05 01:36:23.935 [INFO] __main__:   gnomAD: 1831, AF>=0.0010: 18
2026-06-05 01:36:26.267 [INFO] __main__: Saved 18 records to database
2026-06-05 01:36:26.268 [INFO] __main__: Processing region 1070/1149: 7:107695933-107696039
2026-06-05 01:36:26.604 [INFO] __main__:   gnomAD: 90, AF>=0.0010: 1
2026-06-05 01:36:53.396 [INFO] __main__: Saved 1 records to database
2026-06-05 01:36:53.396 [INFO] __main__: Processing region 1071/1149: 7:107698042-107698111
2026-06-05 01:36:53.964 [INFO] __main__:   gnomAD: 58, AF>=0.0010: 0
2026-06-05 01:36:53.965 [INFO] __main__: Processing region 1072/1149: 7:107700083-107702057
2026-06-05 01:36:54.599 [INFO] __main__:   gnomAD: 1107, AF>=0.0010: 7
2026-06-05 01:36:56.178 [INFO] __main__: Saved 7 records to database
2026-06-05 01:36:56.178 [INFO] __main__: Processing region 1073/1149: 7:107704331-107704385
2026-06-05 01:36:56.527 [INFO] __main__:   gnomAD: 102, AF>=0.0010: 0
2026-06-05 01:36:56.528 [INFO] __main__: Processing region 1074/1149: 7:107710054-107710199
2026-06-05 01:36:56.886 [INFO] __main__:   gnomAD: 148, AF>=0.0010: 4
2026-06-05 01:37:01.152 [INFO] __main__: Saved 4 records to database
2026-06-05 01:37:01.152 [INFO] __main__: Processing region 1075/1149: 7:107712539-107712622
2026-06-05 01:37:01.496 [INFO] __main__:   gnomAD: 118, AF>=0.0010: 0
2026-06-05 01:37:01.496 [INFO] __main__: Processing region 1076/1149: 7:107715423-107717809
2026-06-05 01:37:02.209 [INFO] __main__:   gnomAD: 1461, AF>=0.0010: 29
2026-06-05 01:37:10.807 [INFO] __main__: Saved 29 records to database
2026-06-05 01:37:10.808 [INFO] __main__: Processing region 1077/1149: 7:128769063-128775794
2026-06-05 01:37:12.995 [INFO] __main__:   gnomAD: 4511, AF>=0.0010: 91
2026-06-05 01:37:15.140 [INFO] __main__: Saved 91 records to database
2026-06-05 01:37:15.140 [INFO] __main__: Processing region 1078/1149: 7:141916399-141916636
2026-06-05 01:37:15.523 [INFO] __main__:   gnomAD: 166, AF>=0.0010: 5
2026-06-05 01:37:32.167 [INFO] __main__: Saved 5 records to database
2026-06-05 01:37:32.167 [INFO] __main__: Processing region 1079/1149: 7:141918817-141920625
2026-06-05 01:37:33.307 [INFO] __main__:   gnomAD: 1351, AF>=0.0010: 19
2026-06-05 01:37:34.079 [INFO] __main__: Saved 19 records to database
2026-06-05 01:37:34.079 [INFO] __main__: Processing region 1080/1149: 7:141972631-141973773
2026-06-05 01:37:34.666 [INFO] __main__:   gnomAD: 743, AF>=0.0010: 8
2026-06-05 01:38:01.075 [INFO] __main__: Saved 8 records to database
2026-06-05 01:38:01.076 [INFO] __main__: Processing region 1081/1149: 7:143026200-143027132
2026-06-05 01:38:01.919 [INFO] __main__:   gnomAD: 638, AF>=0.0010: 8
2026-06-05 01:38:11.300 [INFO] __main__: Saved 8 records to database
2026-06-05 01:38:11.300 [INFO] __main__: Processing region 1082/1149: 7:143052341-143053282
2026-06-05 01:38:12.875 [INFO] __main__:   gnomAD: 618, AF>=0.0010: 16
2026-06-05 01:38:14.705 [INFO] __main__: Saved 16 records to database
2026-06-05 01:38:14.705 [INFO] __main__: Processing region 1083/1149: 7:143935233-143936186
2026-06-05 01:38:15.287 [INFO] __main__:   gnomAD: 717, AF>=0.0010: 7
2026-06-05 01:38:15.979 [INFO] __main__: Saved 7 records to database
2026-06-05 01:38:15.980 [INFO] __main__: Processing region 1084/1149: 7:143954844-143955103
2026-06-05 01:38:16.326 [INFO] __main__:   gnomAD: 85, AF>=0.0010: 4
2026-06-05 01:38:17.695 [INFO] __main__: Saved 4 records to database
2026-06-05 01:38:17.696 [INFO] __main__: Processing region 1085/1149: 7:143958953-143964360
2026-06-05 01:38:19.292 [INFO] __main__:   gnomAD: 3159, AF>=0.0010: 64
2026-06-05 01:38:22.611 [INFO] __main__: Saved 64 records to database
2026-06-05 01:38:22.611 [INFO] __main__: Processing region 1086/1149: 7:143979121-143981820
2026-06-05 01:38:23.416 [INFO] __main__:   gnomAD: 1720, AF>=0.0010: 39
2026-06-05 01:38:29.284 [INFO] __main__: Saved 39 records to database
2026-06-05 01:38:29.285 [INFO] __main__: Processing region 1087/1149: 7:143985142-143986651
2026-06-05 01:38:30.180 [INFO] __main__:   gnomAD: 2076, AF>=0.0010: 17
2026-06-05 01:38:33.074 [INFO] __main__: Saved 17 records to database
2026-06-05 01:38:33.075 [INFO] __main__: Processing region 1088/1149: 7:143988178-143988264
2026-06-05 01:38:33.396 [INFO] __main__:   gnomAD: 44, AF>=0.0010: 0
2026-06-05 01:38:33.396 [INFO] __main__: Processing region 1089/1149: 7:143997141-143997312
2026-06-05 01:38:33.749 [INFO] __main__:   gnomAD: 202, AF>=0.0010: 5
2026-06-05 01:39:01.132 [WARNING] __main__: VEP batch HTTP 400
2026-06-05 01:39:01.133 [INFO] __main__: Processing region 1090/1149: 7:144000320-144000650
2026-06-05 01:39:03.879 [INFO] __main__:   gnomAD: 199, AF>=0.0010: 5
2026-06-05 01:39:15.466 [INFO] __main__: Saved 5 records to database
2026-06-05 01:39:15.466 [INFO] __main__: Processing region 1091/1149: 7:144003929-144008793
2026-06-05 01:39:16.708 [INFO] __main__:   gnomAD: 2938, AF>=0.0010: 62
2026-06-05 01:39:31.368 [INFO] __main__: Saved 62 records to database
2026-06-05 01:39:31.368 [INFO] __main__: Processing region 1092/1149: 7:144048948-144049133
2026-06-05 01:39:31.990 [INFO] __main__:   gnomAD: 130, AF>=0.0010: 3
2026-06-05 01:39:50.058 [INFO] __main__: Saved 3 records to database
2026-06-05 01:39:50.058 [INFO] __main__: Processing region 1093/1149: 7:144050351-144058845
2026-06-05 01:39:52.105 [INFO] __main__:   gnomAD: 5172, AF>=0.0010: 108
2026-06-05 01:40:01.060 [INFO] __main__: Saved 108 records to database
2026-06-05 01:40:01.060 [INFO] __main__: Processing region 1094/1149: 7:144069811-144070390
2026-06-05 01:40:01.537 [INFO] __main__:   gnomAD: 216, AF>=0.0010: 2
2026-06-05 01:40:07.293 [INFO] __main__: Saved 2 records to database
2026-06-05 01:40:07.294 [INFO] __main__: Processing region 1095/1149: 7:144074182-144075870
2026-06-05 01:40:09.226 [INFO] __main__:   gnomAD: 1494, AF>=0.0010: 21
2026-06-05 01:40:10.433 [INFO] __main__: Saved 21 records to database
2026-06-05 01:40:10.433 [INFO] __main__: Processing region 1096/1149: 7:144086278-144086543
2026-06-05 01:40:10.806 [INFO] __main__:   gnomAD: 219, AF>=0.0010: 3
2026-06-05 01:40:12.303 [INFO] __main__: Saved 3 records to database
2026-06-05 01:40:12.304 [INFO] __main__: Processing region 1097/1149: 7:144095048-144098953
2026-06-05 01:40:13.353 [INFO] __main__:   gnomAD: 2311, AF>=0.0010: 34
2026-06-05 01:40:20.952 [INFO] __main__: Saved 34 records to database
2026-06-05 01:40:20.953 [INFO] __main__: Processing region 1098/1149: 7:144123176-144123264
2026-06-05 01:40:21.293 [INFO] __main__:   gnomAD: 42, AF>=0.0010: 2
2026-06-05 01:40:28.678 [INFO] __main__: Saved 2 records to database
2026-06-05 01:40:28.678 [INFO] __main__: Processing region 1099/1149: 7:144129058-144131188
2026-06-05 01:40:29.486 [INFO] __main__:   gnomAD: 1717, AF>=0.0010: 28
2026-06-05 01:40:30.197 [INFO] __main__: Saved 28 records to database
2026-06-05 01:40:30.197 [INFO] __main__: Processing region 1100/1149: 7:144257663-144259722
2026-06-05 01:40:31.222 [INFO] __main__:   gnomAD: 1905, AF>=0.0010: 33
2026-06-05 01:40:36.255 [INFO] __main__: Saved 33 records to database
2026-06-05 01:40:36.256 [INFO] __main__: Processing region 1101/1149: 7:144264701-144264792
2026-06-05 01:40:36.599 [INFO] __main__:   gnomAD: 48, AF>=0.0010: 0
2026-06-05 01:40:36.599 [INFO] __main__: Processing region 1102/1149: 7:144312419-144312547
2026-06-05 01:40:36.924 [INFO] __main__:   gnomAD: 18, AF>=0.0010: 1
2026-06-05 01:41:37.507 [ERROR] __main__: VEP batch error: 
2026-06-05 01:41:37.509 [INFO] __main__: Processing region 1103/1149: 7:144318121-144322737
2026-06-05 01:41:39.047 [INFO] __main__:   gnomAD: 3109, AF>=0.0010: 80
2026-06-05 01:41:47.391 [INFO] __main__: Saved 80 records to database
2026-06-05 01:41:47.392 [INFO] __main__: Processing region 1104/1149: 9:12685439-12685595
2026-06-05 01:41:47.875 [INFO] __main__:   gnomAD: 66, AF>=0.0010: 1
2026-06-05 01:41:55.269 [INFO] __main__: Saved 1 records to database
2026-06-05 01:41:55.269 [INFO] __main__: Processing region 1105/1149: 9:12688149-12688550
2026-06-05 01:41:55.623 [INFO] __main__:   gnomAD: 99, AF>=0.0010: 2
2026-06-05 01:42:36.848 [INFO] __main__: Saved 2 records to database
2026-06-05 01:42:36.848 [INFO] __main__: Processing region 1106/1149: 9:12693309-12694487
2026-06-05 01:42:39.549 [INFO] __main__:   gnomAD: 1025, AF>=0.0010: 18
2026-06-05 01:43:02.394 [INFO] __main__: Saved 18 records to database
2026-06-05 01:43:02.394 [INFO] __main__: Processing region 1107/1149: 9:12695515-12695837
2026-06-05 01:43:05.332 [INFO] __main__:   gnomAD: 252, AF>=0.0010: 0
2026-06-05 01:43:05.333 [INFO] __main__: Processing region 1108/1149: 9:12698451-12700626
2026-06-05 01:43:05.932 [INFO] __main__:   gnomAD: 923, AF>=0.0010: 21
2026-06-05 01:43:11.572 [INFO] __main__: Saved 21 records to database
2026-06-05 01:43:11.572 [INFO] __main__: Processing region 1109/1149: 9:12701645-12702442
2026-06-05 01:43:12.111 [INFO] __main__:   gnomAD: 681, AF>=0.0010: 16
2026-06-05 01:43:20.488 [INFO] __main__: Saved 16 records to database
2026-06-05 01:43:20.488 [INFO] __main__: Processing region 1110/1149: 9:12704515-12704705
2026-06-05 01:43:20.849 [INFO] __main__:   gnomAD: 165, AF>=0.0010: 4
2026-06-05 01:43:33.269 [INFO] __main__: Saved 4 records to database
2026-06-05 01:43:33.270 [INFO] __main__: Processing region 1111/1149: 9:12707671-12710285
2026-06-05 01:43:34.807 [INFO] __main__:   gnomAD: 2299, AF>=0.0010: 41
2026-06-05 01:43:40.292 [INFO] __main__: Saved 41 records to database
2026-06-05 01:43:40.292 [INFO] __main__: Processing region 1112/1149: 9:35869463-35870401
2026-06-05 01:43:40.893 [INFO] __main__:   gnomAD: 680, AF>=0.0010: 8
2026-06-05 01:44:41.505 [ERROR] __main__: VEP batch error: 
2026-06-05 01:44:41.507 [INFO] __main__: Processing region 1113/1149: 9:35957108-35958154
2026-06-05 01:44:42.560 [INFO] __main__:   gnomAD: 732, AF>=0.0010: 19
2026-06-05 01:44:52.901 [INFO] __main__: Saved 19 records to database
2026-06-05 01:44:52.901 [INFO] __main__: Processing region 1114/1149: 9:104504263-104505222
2026-06-05 01:44:53.522 [INFO] __main__:   gnomAD: 678, AF>=0.0010: 15
2026-06-05 01:45:32.945 [INFO] __main__: Saved 15 records to database
2026-06-05 01:45:32.946 [INFO] __main__: Processing region 1115/1149: 9:104526253-104527209
2026-06-05 01:45:33.844 [INFO] __main__:   gnomAD: 659, AF>=0.0010: 7
2026-06-05 01:45:40.014 [INFO] __main__: Saved 7 records to database
2026-06-05 01:45:40.014 [INFO] __main__: Processing region 1116/1149: 9:104535749-104537194
2026-06-05 01:45:40.775 [INFO] __main__:   gnomAD: 1150, AF>=0.0010: 15
2026-06-05 01:45:59.556 [INFO] __main__: Saved 15 records to database
2026-06-05 01:45:59.556 [INFO] __main__: Processing region 1117/1149: 9:104569168-104570130
2026-06-05 01:46:00.542 [INFO] __main__:   gnomAD: 643, AF>=0.0010: 10
2026-06-05 01:46:18.646 [INFO] __main__: Saved 10 records to database
2026-06-05 01:46:18.647 [INFO] __main__: Processing region 1118/1149: 9:104598457-104599413
2026-06-05 01:46:20.099 [INFO] __main__:   gnomAD: 819, AF>=0.0010: 30
2026-06-05 01:46:32.885 [INFO] __main__: Saved 30 records to database
2026-06-05 01:46:32.885 [INFO] __main__: Processing region 1119/1149: 9:104617248-104618204
2026-06-05 01:46:33.605 [INFO] __main__:   gnomAD: 712, AF>=0.0010: 12
2026-06-05 01:46:52.901 [INFO] __main__: Saved 12 records to database
2026-06-05 01:46:52.901 [INFO] __main__: Processing region 1120/1149: 9:104694518-104695462
2026-06-05 01:46:53.757 [INFO] __main__:   gnomAD: 658, AF>=0.0010: 17
2026-06-05 01:46:55.635 [INFO] __main__: Saved 17 records to database
2026-06-05 01:46:55.635 [INFO] __main__: Processing region 1121/1149: 9:111327229-111328520
2026-06-05 01:46:56.369 [INFO] __main__:   gnomAD: 913, AF>=0.0010: 8
2026-06-05 01:47:03.342 [INFO] __main__: Saved 8 records to database
2026-06-05 01:47:03.342 [INFO] __main__: Processing region 1122/1149: 9:111330106-111330224
2026-06-05 01:47:03.800 [INFO] __main__:   gnomAD: 32, AF>=0.0010: 0
2026-06-05 01:47:03.801 [INFO] __main__: Processing region 1123/1149: 9:122510802-122511743
2026-06-05 01:47:04.470 [INFO] __main__:   gnomAD: 810, AF>=0.0010: 18
2026-06-05 01:47:13.771 [INFO] __main__: Saved 18 records to database
2026-06-05 01:47:13.772 [INFO] __main__: Processing region 1124/1149: 9:122788933-122789895
2026-06-05 01:47:14.787 [INFO] __main__:   gnomAD: 789, AF>=0.0010: 7
2026-06-05 01:47:58.507 [INFO] __main__: Saved 7 records to database
2026-06-05 01:47:58.508 [INFO] __main__: Processing region 1125/1149: 9:122800123-122801073
2026-06-05 01:47:59.521 [INFO] __main__:   gnomAD: 734, AF>=0.0010: 7
2026-06-05 01:48:07.642 [INFO] __main__: Saved 7 records to database
2026-06-05 01:48:07.642 [INFO] __main__: Processing region 1126/1149: HG142_HG150_NOVEL_TEST:186374-187333
2026-06-05 01:48:08.035 [WARNING] __main__: gnomAD HTTP 500 for HG142_HG150_NOVEL_TEST:186374-187333
2026-06-05 01:48:08.036 [INFO] __main__:   gnomAD: 0, AF>=0.0010: 0
2026-06-05 01:48:08.037 [INFO] __main__: Processing region 1127/1149: HG142_HG150_NOVEL_TEST:193979-194908
2026-06-05 01:48:08.372 [WARNING] __main__: gnomAD HTTP 500 for HG142_HG150_NOVEL_TEST:193979-194908
2026-06-05 01:48:08.373 [INFO] __main__:   gnomAD: 0, AF>=0.0010: 0
2026-06-05 01:48:08.373 [INFO] __main__: Processing region 1128/1149: MT:648-1601
2026-06-05 01:48:08.823 [WARNING] __main__: gnomAD HTTP 500 for MT:648-1601
2026-06-05 01:48:08.824 [INFO] __main__:   gnomAD: 0, AF>=0.0010: 0
2026-06-05 01:48:08.824 [INFO] __main__: Processing region 1129/1149: MT:7446-7514
2026-06-05 01:48:09.183 [WARNING] __main__: gnomAD HTTP 500 for MT:7446-7514
2026-06-05 01:48:09.183 [INFO] __main__:   gnomAD: 0, AF>=0.0010: 0
2026-06-05 01:48:09.183 [INFO] __main__: Processing region 1130/1149: X:16123565-16124366
2026-06-05 01:48:09.755 [INFO] __main__:   gnomAD: 448, AF>=0.0010: 5
2026-06-05 01:48:11.998 [INFO] __main__: Saved 5 records to database
2026-06-05 01:48:11.998 [INFO] __main__: Processing region 1131/1149: X:16150305-16150656
2026-06-05 01:48:15.859 [INFO] __main__:   gnomAD: 233, AF>=0.0010: 4
2026-06-05 01:48:30.059 [INFO] __main__: Saved 4 records to database
2026-06-05 01:48:30.059 [INFO] __main__: Processing region 1132/1149: X:16152256-16153518
2026-06-05 01:48:30.693 [INFO] __main__:   gnomAD: 879, AF>=0.0010: 21
2026-06-05 01:48:31.664 [INFO] __main__: Saved 21 records to database
2026-06-05 01:48:31.664 [INFO] __main__: Processing region 1133/1149: X:131544074-131545000
2026-06-05 01:48:32.178 [INFO] __main__:   gnomAD: 460, AF>=0.0010: 12
2026-06-05 01:48:32.781 [INFO] __main__: Saved 12 records to database
2026-06-05 01:48:32.781 [INFO] __main__: Processing region 1134/1149: X:151734746-151734943
2026-06-05 01:48:33.194 [INFO] __main__:   gnomAD: 24, AF>=0.0010: 3
2026-06-05 01:48:33.696 [INFO] __main__: Saved 3 records to database
2026-06-05 01:48:33.696 [INFO] __main__: Processing region 1135/1149: X:151738458-151739732
2026-06-05 01:48:34.106 [WARNING] __main__: gnomAD 429 for X:151738458-151739732 (attempt 1/4)
2026-06-05 01:48:34.106 [INFO] __main__: Retrying gnomAD X:151738458-151739732 in 2s...
2026-06-05 01:48:36.539 [WARNING] __main__: gnomAD 429 for X:151738458-151739732 (attempt 2/4)
2026-06-05 01:48:36.539 [INFO] __main__: Retrying gnomAD X:151738458-151739732 in 3s...
2026-06-05 01:48:39.984 [WARNING] __main__: gnomAD 429 for X:151738458-151739732 (attempt 3/4)
2026-06-05 01:48:39.985 [INFO] __main__: Retrying gnomAD X:151738458-151739732 in 5s...
2026-06-05 01:48:45.625 [INFO] __main__:   gnomAD: 879, AF>=0.0010: 12
2026-06-05 01:49:01.746 [INFO] __main__: Saved 12 records to database
2026-06-05 01:49:01.747 [INFO] __main__: Processing region 1136/1149: X:151740794-151740901
2026-06-05 01:49:02.517 [INFO] __main__:   gnomAD: 43, AF>=0.0010: 2
2026-06-05 01:49:03.149 [INFO] __main__: Saved 2 records to database
2026-06-05 01:49:03.150 [INFO] __main__: Processing region 1137/1149: X:151742536-151745564
2026-06-05 01:49:04.904 [INFO] __main__:   gnomAD: 3794, AF>=0.0010: 151
2026-06-05 01:49:12.492 [INFO] __main__: Saved 151 records to database
2026-06-05 01:49:12.493 [INFO] __main__: Processing region 1138/1149: X:154144243-154144395
2026-06-05 01:49:12.997 [INFO] __main__:   gnomAD: 88, AF>=0.0010: 0
2026-06-05 01:49:12.997 [INFO] __main__: Processing region 1139/1149: X:154150656-154150952
2026-06-05 01:49:13.480 [INFO] __main__:   gnomAD: 160, AF>=0.0010: 2
2026-06-05 01:49:23.298 [INFO] __main__: Saved 2 records to database
2026-06-05 01:49:23.298 [INFO] __main__: Processing region 1140/1149: X:154152940-154153108
2026-06-05 01:49:23.623 [INFO] __main__:   gnomAD: 7, AF>=0.0010: 0
2026-06-05 01:49:23.624 [INFO] __main__: Processing region 1141/1149: X:154154574-154154739
2026-06-05 01:49:28.381 [INFO] __main__:   gnomAD: 107, AF>=0.0010: 2
2026-06-05 01:49:32.579 [INFO] __main__: Saved 2 records to database
2026-06-05 01:49:32.580 [INFO] __main__: Processing region 1142/1149: X:154156294-154156533
2026-06-05 01:49:32.957 [INFO] __main__:   gnomAD: 143, AF>=0.0010: 1
2026-06-05 01:49:42.139 [INFO] __main__: Saved 1 records to database
2026-06-05 01:49:42.139 [INFO] __main__: Processing region 1143/1149: X:154158816-154159032
2026-06-05 01:49:42.520 [INFO] __main__:   gnomAD: 0, AF>=0.0010: 0
2026-06-05 01:49:42.520 [INFO] __main__: Processing region 1144/1149: X:154182596-154182789
2026-06-05 01:49:42.828 [INFO] __main__:   gnomAD: 3, AF>=0.0010: 0
2026-06-05 01:49:42.829 [INFO] __main__: Processing region 1145/1149: X:154187770-154188066
2026-06-05 01:49:43.178 [INFO] __main__:   gnomAD: 150, AF>=0.0010: 4
2026-06-05 01:49:44.085 [INFO] __main__: Saved 4 records to database
2026-06-05 01:49:44.086 [INFO] __main__: Processing region 1146/1149: X:154190054-154190222
2026-06-05 01:49:44.440 [WARNING] __main__: gnomAD 429 for X:154190054-154190222 (attempt 1/4)
2026-06-05 01:49:44.440 [INFO] __main__: Retrying gnomAD X:154190054-154190222 in 2s...
2026-06-05 01:49:46.853 [WARNING] __main__: gnomAD 429 for X:154190054-154190222 (attempt 2/4)
2026-06-05 01:49:46.854 [INFO] __main__: Retrying gnomAD X:154190054-154190222 in 3s...
2026-06-05 01:49:50.217 [WARNING] __main__: gnomAD 429 for X:154190054-154190222 (attempt 3/4)
2026-06-05 01:49:50.218 [INFO] __main__: Retrying gnomAD X:154190054-154190222 in 5s...
2026-06-05 01:49:55.588 [WARNING] __main__: gnomAD 429 for X:154190054-154190222 (attempt 4/4)
2026-06-05 01:49:55.589 [INFO] __main__:   gnomAD: 0, AF>=0.0010: 0
2026-06-05 01:49:55.589 [INFO] __main__: Processing region 1147/1149: X:154191688-154191853
2026-06-05 01:49:55.934 [WARNING] __main__: gnomAD 429 for X:154191688-154191853 (attempt 1/4)
2026-06-05 01:49:55.935 [INFO] __main__: Retrying gnomAD X:154191688-154191853 in 2s...
2026-06-05 01:49:58.343 [WARNING] __main__: gnomAD 429 for X:154191688-154191853 (attempt 2/4)
2026-06-05 01:49:58.344 [INFO] __main__: Retrying gnomAD X:154191688-154191853 in 3s...
2026-06-05 01:50:01.688 [WARNING] __main__: gnomAD 429 for X:154191688-154191853 (attempt 3/4)
2026-06-05 01:50:01.689 [INFO] __main__: Retrying gnomAD X:154191688-154191853 in 5s...
2026-06-05 01:50:07.001 [INFO] __main__:   gnomAD: 55, AF>=0.0010: 0
2026-06-05 01:50:07.002 [INFO] __main__: Processing region 1148/1149: X:154193408-154193647
2026-06-05 01:50:08.531 [INFO] __main__:   gnomAD: 158, AF>=0.0010: 0
2026-06-05 01:50:08.531 [INFO] __main__: Processing region 1149/1149: X:154195930-154196861
2026-06-05 01:50:08.854 [INFO] __main__:   gnomAD: 0, AF>=0.0010: 0
2026-06-05 01:50:08.854 [INFO] __main__: Precompute complete. gnomAD total: 1018124, AF filtered: 20190, VEP annotated: 19861
