2026-06-06 12:13:37.226 [INFO] src.assessment.inheritance: Logger initialized. Log file: /Users/zhaorongli/.workbuddy/skills/sensory-genomics/logs/sensory_genomics_20260606_121337.log
2026-06-06 12:13:37.250 [INFO] src.gene_sets.loader: Logger initialized. Log file: /Users/zhaorongli/.workbuddy/skills/sensory-genomics/logs/sensory_genomics_20260606_121337.log
2026-06-06 12:13:37.251 [INFO] src.assessment.engine: Logger initialized. Log file: /Users/zhaorongli/.workbuddy/skills/sensory-genomics/logs/sensory_genomics_20260606_121337.log
2026-06-06 12:13:37.291 [INFO] src.config_loader: Logger initialized. Log file: /Users/zhaorongli/.workbuddy/skills/sensory-genomics/logs/sensory_genomics_20260606_121337.log
2026-06-06 12:13:37.375 [INFO] src.enrichment.cache: Logger initialized. Log file: /Users/zhaorongli/.workbuddy/skills/sensory-genomics/logs/sensory_genomics_20260606_121337.log
2026-06-06 12:13:37.592 [INFO] src.enrichment.client_base: Logger initialized. Log file: /Users/zhaorongli/.workbuddy/skills/sensory-genomics/logs/sensory_genomics_20260606_121337.log
2026-06-06 12:13:37.594 [INFO] src.gene_sets.bed_mapper: Logger initialized. Log file: /Users/zhaorongli/.workbuddy/skills/sensory-genomics/logs/sensory_genomics_20260606_121337.log
2026-06-06 12:13:37.594 [INFO] src.gene_sets.filter: Logger initialized. Log file: /Users/zhaorongli/.workbuddy/skills/sensory-genomics/logs/sensory_genomics_20260606_121337.log
2026-06-06 12:13:37.595 [INFO] src.report.json_generator: Logger initialized. Log file: /Users/zhaorongli/.workbuddy/skills/sensory-genomics/logs/sensory_genomics_20260606_121337.log
2026-06-06 12:13:37.621 [INFO] src.report.markdown_generator: Logger initialized. Log file: /Users/zhaorongli/.workbuddy/skills/sensory-genomics/logs/sensory_genomics_20260606_121337.log
2026-06-06 12:13:37.623 [INFO] src.specialized.mitochondrial: Logger initialized. Log file: /Users/zhaorongli/.workbuddy/skills/sensory-genomics/logs/sensory_genomics_20260606_121337.log
2026-06-06 12:13:37.623 [INFO] src.specialized.or_tiers: Logger initialized. Log file: /Users/zhaorongli/.workbuddy/skills/sensory-genomics/logs/sensory_genomics_20260606_121337.log
2026-06-06 12:13:37.624 [INFO] src.specialized.tas2r38: Logger initialized. Log file: /Users/zhaorongli/.workbuddy/skills/sensory-genomics/logs/sensory_genomics_20260606_121337.log
2026-06-06 12:13:37.624 [INFO] src.report.report_context: Logger initialized. Log file: /Users/zhaorongli/.workbuddy/skills/sensory-genomics/logs/sensory_genomics_20260606_121337.log
2026-06-06 12:13:37.684 [INFO] src.vcf.parser: Logger initialized. Log file: /Users/zhaorongli/.workbuddy/skills/sensory-genomics/logs/sensory_genomics_20260606_121337.log
2026-06-06 12:13:37.685 [INFO] src.vcf.prefilter: Logger initialized. Log file: /Users/zhaorongli/.workbuddy/skills/sensory-genomics/logs/sensory_genomics_20260606_121337.log
2026-06-06 12:13:37.687 [INFO] src.vep.client: Logger initialized. Log file: /Users/zhaorongli/.workbuddy/skills/sensory-genomics/logs/sensory_genomics_20260606_121337.log
2026-06-06 12:13:37.688 [INFO] src.vep.local_client: Logger initialized. Log file: /Users/zhaorongli/.workbuddy/skills/sensory-genomics/logs/sensory_genomics_20260606_121337.log
2026-06-06 12:13:37.688 [INFO] src.vep.hybrid_client: Logger initialized. Log file: /Users/zhaorongli/.workbuddy/skills/sensory-genomics/logs/sensory_genomics_20260606_121337.log
2026-06-06 12:13:37.688 [INFO] main: Logger initialized. Log file: /Users/zhaorongli/.workbuddy/skills/sensory-genomics/logs/sensory_genomics_20260606_121337.log
2026-06-06 12:13:37.714 [INFO] sensory_genomics: Logger initialized. Log file: /Users/zhaorongli/.workbuddy/skills/sensory-genomics/logs/sensory_genomics_20260606_121337.log
2026-06-06 12:13:48.793 [INFO] main: BED-filtered VCF: /var/folders/g5/gdb7vzxd6_5fwkmkt6j_nrx00000gn/T/tmp_hrmkgla.vcf.gz -> 24609 variants
2026-06-06 12:13:48.796 [INFO] src.config_loader: Config loaded from config.yaml
2026-06-06 12:13:48.826 [INFO] src.gene_sets.loader: Loaded gene sets: 376 genes across 5 subsystems
2026-06-06 12:13:48.827 [INFO] src.specialized.tas2r38: Loaded TAS2R38 SNP definitions: 3 SNPs
2026-06-06 12:13:48.828 [INFO] src.specialized.mitochondrial: Loaded mitochondrial variant database: 8 entries
2026-06-06 12:13:48.828 [INFO] src.specialized.or_tiers: Loaded OR ligand map: 11 entries
2026-06-06 12:13:48.828 [INFO] main: Loaded precomputed transcript map: 384 genes
2026-06-06 12:13:48.837 [INFO] src.gene_sets.bed_mapper: Loaded BED regions: 6931 intervals across 23 chromosomes (bisect indexed)
2026-06-06 12:13:48.837 [INFO] main: Loaded exon BED for strict filtering
2026-06-06 12:13:48.837 [INFO] main: Using LocalVepClient (Docker offline)
2026-06-06 12:13:48.837 [INFO] src.gene_sets.bed_mapper: Loaded BED regions: 382 intervals across 23 chromosomes (bisect indexed)
2026-06-06 12:13:48.837 [INFO] main: Pipeline started for /var/folders/g5/gdb7vzxd6_5fwkmkt6j_nrx00000gn/T/tmp_hrmkgla.vcf.gz
2026-06-06 12:13:48.841 [INFO] src.vcf.parser: Parsing VCF for sample: ML150006935_L01_184
2026-06-06 12:13:49.054 [INFO] main: Stage 1 complete: 23821 variants after prefilter
2026-06-06 12:13:49.064 [INFO] src.vep.local_client: Running local VEP for 23821 variants via Docker
2026-06-06 12:14:24.366 [INFO] src.vep.local_client: Local VEP annotated 23821 variants
2026-06-06 12:14:24.488 [INFO] main: Stage 2 complete: 23821 variants annotated
2026-06-06 12:14:24.491 [INFO] main: Stage 2.5 complete: BED mapped 101 variants to genes
2026-06-06 12:14:24.540 [INFO] src.gene_sets.filter: Sensory filter: 20673 / 23821 variants retained
2026-06-06 12:14:24.540 [INFO] main: Stage 3 complete: 20673 sensory variants
2026-06-06 12:14:24.656 [INFO] main: Stage 4 complete: 352 gene cards
2026-06-06 12:14:24.788 [INFO] main: Stage 5 complete: TAS2R38=yes, MT=0, OR=11031
2026-06-06 12:14:29.374 [ERROR] src.enrichment.client_base: gnomad HTTP 400: Bad Request
2026-06-06 12:14:29.377 [ERROR] src.enrichment.client_base: gnomad HTTP 400: Bad Request
2026-06-06 12:14:29.377 [ERROR] src.enrichment.client_base: gnomad HTTP 400: Bad Request
2026-06-06 12:14:29.712 [ERROR] src.enrichment.client_base: gnomad HTTP 400: Bad Request
2026-06-06 12:14:29.726 [WARNING] src.enrichment.client_base: clinvar rate limited (429), retrying in 1s...
2026-06-06 12:14:29.856 [WARNING] src.enrichment.client_base: clinvar rate limited (429), retrying in 1s...
2026-06-06 12:14:29.901 [ERROR] src.enrichment.client_base: gnomad HTTP 400: Bad Request
2026-06-06 12:14:29.973 [ERROR] src.enrichment.client_base: gnomad HTTP 400: Bad Request
2026-06-06 12:14:29.992 [ERROR] src.enrichment.client_base: gnomad HTTP 400: Bad Request
2026-06-06 12:14:30.276 [ERROR] src.enrichment.client_base: gnomad HTTP 400: Bad Request
2026-06-06 12:14:30.409 [ERROR] src.enrichment.client_base: gnomad HTTP 400: Bad Request
2026-06-06 12:14:30.414 [ERROR] src.enrichment.client_base: gnomad HTTP 400: Bad Request
2026-06-06 12:14:30.586 [ERROR] src.enrichment.client_base: gnomad HTTP 400: Bad Request
2026-06-06 12:14:30.616 [ERROR] src.enrichment.client_base: gnomad HTTP 400: Bad Request
2026-06-06 12:14:30.618 [ERROR] src.enrichment.client_base: gnomad HTTP 400: Bad Request
2026-06-06 12:14:30.625 [ERROR] src.enrichment.client_base: gnomad HTTP 400: Bad Request
2026-06-06 12:14:30.996 [ERROR] src.enrichment.client_base: gnomad HTTP 400: Bad Request
2026-06-06 12:14:30.996 [ERROR] src.enrichment.client_base: gnomad HTTP 400: Bad Request
2026-06-06 12:14:30.998 [ERROR] src.enrichment.client_base: gnomad HTTP 400: Bad Request
2026-06-06 12:14:31.010 [ERROR] src.enrichment.client_base: gnomad HTTP 400: Bad Request
2026-06-06 12:14:31.014 [ERROR] src.enrichment.client_base: gnomad HTTP 400: Bad Request
2026-06-06 12:14:31.115 [ERROR] src.enrichment.client_base: gnomad HTTP 400: Bad Request
2026-06-06 12:14:31.202 [ERROR] src.enrichment.client_base: gnomad HTTP 400: Bad Request
2026-06-06 12:14:31.220 [WARNING] src.enrichment.client_base: clinvar rate limited (429), retrying in 1s...
2026-06-06 12:14:31.287 [ERROR] src.enrichment.client_base: gnomad HTTP 400: Bad Request
2026-06-06 12:14:31.305 [WARNING] src.enrichment.client_base: clinvar rate limited (429), retrying in 2s...
2026-06-06 12:14:31.498 [WARNING] src.enrichment.client_base: clinvar rate limited (429), retrying in 2s...
2026-06-06 12:14:31.557 [ERROR] src.enrichment.client_base: gnomad HTTP 400: Bad Request
2026-06-06 12:14:31.659 [ERROR] src.enrichment.client_base: gnomad HTTP 400: Bad Request
2026-06-06 12:14:31.660 [ERROR] src.enrichment.client_base: gnomad HTTP 400: Bad Request
2026-06-06 12:14:31.831 [ERROR] src.enrichment.client_base: gnomad HTTP 400: Bad Request
2026-06-06 12:14:32.240 [ERROR] src.enrichment.client_base: gnomad HTTP 400: Bad Request
2026-06-06 12:14:32.250 [ERROR] src.enrichment.client_base: gnomad HTTP 400: Bad Request
2026-06-06 12:14:32.250 [ERROR] src.enrichment.client_base: gnomad HTTP 400: Bad Request
2026-06-06 12:14:32.266 [ERROR] src.enrichment.client_base: gnomad HTTP 400: Bad Request
2026-06-06 12:14:32.862 [ERROR] src.enrichment.client_base: gnomad HTTP 400: Bad Request
2026-06-06 12:14:32.870 [ERROR] src.enrichment.client_base: gnomad HTTP 400: Bad Request
2026-06-06 12:14:33.241 [ERROR] src.enrichment.client_base: gnomad HTTP 400: Bad Request
2026-06-06 12:14:33.288 [ERROR] src.enrichment.client_base: gnomad HTTP 400: Bad Request
2026-06-06 12:14:33.430 [ERROR] src.enrichment.client_base: gnomad HTTP 400: Bad Request
2026-06-06 12:14:33.554 [ERROR] src.enrichment.client_base: gnomad HTTP 400: Bad Request
2026-06-06 12:14:33.593 [WARNING] src.enrichment.client_base: clinvar rate limited (429), retrying in 1s...
2026-06-06 12:14:33.727 [ERROR] src.enrichment.client_base: gnomad HTTP 400: Bad Request
2026-06-06 12:14:33.828 [ERROR] src.enrichment.client_base: gnomad HTTP 400: Bad Request
2026-06-06 12:14:33.842 [WARNING] src.enrichment.client_base: clinvar rate limited (429), retrying in 4s...
2026-06-06 12:14:33.948 [ERROR] src.enrichment.client_base: gnomad HTTP 400: Bad Request
2026-06-06 12:14:33.949 [ERROR] src.enrichment.client_base: gnomad HTTP 400: Bad Request
2026-06-06 12:14:34.060 [ERROR] src.enrichment.client_base: gnomad HTTP 400: Bad Request
2026-06-06 12:14:34.466 [ERROR] src.enrichment.client_base: gnomad HTTP 400: Bad Request
2026-06-06 12:14:34.467 [ERROR] src.enrichment.client_base: gnomad HTTP 400: Bad Request
2026-06-06 12:14:34.482 [ERROR] src.enrichment.client_base: gnomad HTTP 400: Bad Request
2026-06-06 12:14:35.305 [ERROR] src.enrichment.client_base: gnomad HTTP 400: Bad Request
2026-06-06 12:14:35.788 [WARNING] src.enrichment.client_base: clinvar rate limited (429), retrying in 1s...
2026-06-06 12:14:37.142 [ERROR] src.enrichment.client_base: gnomad HTTP 400: Bad Request
2026-06-06 12:14:37.159 [ERROR] src.enrichment.client_base: gnomad HTTP 400: Bad Request
2026-06-06 12:14:37.399 [ERROR] src.enrichment.client_base: gnomad HTTP 400: Bad Request
2026-06-06 12:14:37.436 [WARNING] src.enrichment.client_base: clinvar rate limited (429), retrying in 1s...
2026-06-06 12:14:37.527 [WARNING] src.enrichment.client_base: gnomad rate limited (429), retrying in 1s...
2026-06-06 12:14:37.550 [WARNING] src.enrichment.client_base: gnomad rate limited (429), retrying in 8s...
2026-06-06 12:14:37.613 [WARNING] src.enrichment.client_base: gnomad rate limited (429), retrying in 8s...
2026-06-06 12:14:37.738 [WARNING] src.enrichment.client_base: gnomad rate limited (429), retrying in 8s...
2026-06-06 12:14:37.901 [WARNING] src.enrichment.client_base: gnomad rate limited (429), retrying in 8s...
2026-06-06 12:14:38.044 [WARNING] src.enrichment.client_base: gnomad rate limited (429), retrying in 8s...
2026-06-06 12:14:38.151 [WARNING] src.enrichment.client_base: gnomad rate limited (429), retrying in 8s...
2026-06-06 12:14:38.263 [WARNING] src.enrichment.client_base: gnomad rate limited (429), retrying in 8s...
2026-06-06 12:14:38.274 [WARNING] src.enrichment.client_base: gnomad rate limited (429), retrying in 8s...
2026-06-06 12:14:38.391 [WARNING] src.enrichment.client_base: gnomad rate limited (429), retrying in 8s...
2026-06-06 12:14:38.707 [WARNING] src.enrichment.client_base: gnomad rate limited (429), retrying in 2s...
2026-06-06 12:14:38.786 [WARNING] src.enrichment.client_base: gnomad rate limited (429), retrying in 8s...
2026-06-06 12:14:38.790 [WARNING] src.enrichment.client_base: gnomad rate limited (429), retrying in 8s...
2026-06-06 12:14:38.795 [WARNING] src.enrichment.client_base: gnomad rate limited (429), retrying in 8s...
2026-06-06 12:14:38.856 [WARNING] src.enrichment.client_base: gnomad rate limited (429), retrying in 2s...
2026-06-06 12:14:38.967 [WARNING] src.enrichment.client_base: clinvar rate limited (429), retrying in 2s...
2026-06-06 12:14:39.532 [WARNING] src.enrichment.client_base: clinvar rate limited (429), retrying in 2s...
2026-06-06 12:14:39.654 [WARNING] src.enrichment.client_base: gnomad rate limited (429), retrying in 8s...
2026-06-06 12:14:39.992 [WARNING] src.enrichment.client_base: clinvar rate limited (429), retrying in 1s...
2026-06-06 12:14:40.646 [ERROR] src.enrichment.client_base: gtex HTTP 422: Unprocessable Entity
2026-06-06 12:14:40.663 [ERROR] src.enrichment.client_base: gtex HTTP 422: Unprocessable Entity
2026-06-06 12:14:40.834 [ERROR] src.enrichment.client_base: gtex HTTP 422: Unprocessable Entity
2026-06-06 12:14:40.942 [ERROR] src.enrichment.client_base: gtex HTTP 422: Unprocessable Entity
2026-06-06 12:14:40.950 [ERROR] src.enrichment.client_base: gtex HTTP 422: Unprocessable Entity
2026-06-06 12:14:41.019 [WARNING] src.enrichment.client_base: gnomad rate limited (429), retrying in 4s...
2026-06-06 12:14:41.166 [ERROR] src.enrichment.client_base: gtex HTTP 422: Unprocessable Entity
2026-06-06 12:14:41.182 [ERROR] src.enrichment.client_base: gtex HTTP 422: Unprocessable Entity
2026-06-06 12:14:41.221 [WARNING] src.enrichment.client_base: gnomad rate limited (429), retrying in 4s...
2026-06-06 12:14:41.473 [ERROR] src.enrichment.client_base: gtex HTTP 422: Unprocessable Entity
2026-06-06 12:14:41.996 [ERROR] src.enrichment.client_base: gtex HTTP 422: Unprocessable Entity
2026-06-06 12:14:42.167 [ERROR] src.enrichment.client_base: gtex HTTP 422: Unprocessable Entity
2026-06-06 12:14:42.181 [WARNING] src.enrichment.client_base: clinvar rate limited (429), retrying in 4s...
2026-06-06 12:14:42.341 [WARNING] src.enrichment.client_base: clinvar rate limited (429), retrying in 4s...
2026-06-06 12:14:42.346 [ERROR] src.enrichment.client_base: gtex HTTP 422: Unprocessable Entity
2026-06-06 12:14:42.412 [ERROR] src.enrichment.client_base: gtex HTTP 422: Unprocessable Entity
2026-06-06 12:14:42.676 [ERROR] src.enrichment.client_base: gtex HTTP 422: Unprocessable Entity
2026-06-06 12:14:42.773 [WARNING] src.enrichment.client_base: clinvar rate limited (429), retrying in 1s...
2026-06-06 12:14:42.828 [ERROR] src.enrichment.client_base: gtex HTTP 422: Unprocessable Entity
2026-06-06 12:14:42.909 [ERROR] src.enrichment.client_base: gtex HTTP 422: Unprocessable Entity
2026-06-06 12:14:42.939 [ERROR] src.enrichment.client_base: gtex HTTP 422: Unprocessable Entity
2026-06-06 12:14:42.986 [ERROR] src.enrichment.client_base: gtex HTTP 422: Unprocessable Entity
2026-06-06 12:14:43.483 [ERROR] src.enrichment.client_base: gtex HTTP 422: Unprocessable Entity
2026-06-06 12:14:44.496 [ERROR] src.enrichment.client_base: gtex HTTP 422: Unprocessable Entity
2026-06-06 12:14:44.655 [ERROR] src.enrichment.client_base: gtex HTTP 422: Unprocessable Entity
2026-06-06 12:14:44.831 [ERROR] src.enrichment.client_base: gtex HTTP 422: Unprocessable Entity
2026-06-06 12:14:44.892 [ERROR] src.enrichment.client_base: gtex HTTP 422: Unprocessable Entity
2026-06-06 12:14:44.924 [ERROR] src.enrichment.client_base: gtex HTTP 422: Unprocessable Entity
2026-06-06 12:14:45.182 [ERROR] src.enrichment.client_base: gtex HTTP 422: Unprocessable Entity
2026-06-06 12:14:45.351 [WARNING] src.enrichment.client_base: gnomad rate limited (429), retrying in 8s...
2026-06-06 12:14:45.458 [ERROR] src.enrichment.client_base: gtex HTTP 422: Unprocessable Entity
2026-06-06 12:14:45.459 [ERROR] src.enrichment.client_base: gtex HTTP 422: Unprocessable Entity
2026-06-06 12:14:45.554 [WARNING] src.enrichment.client_base: gnomad rate limited (429), retrying in 8s...
2026-06-06 12:14:45.873 [WARNING] src.enrichment.client_base: gnomad rate limited (429), retrying in 1s...
2026-06-06 12:14:45.953 [ERROR] src.enrichment.client_base: gtex HTTP 422: Unprocessable Entity
2026-06-06 12:14:46.046 [WARNING] src.enrichment.client_base: gnomad rate limited (429), retrying in 1s...
2026-06-06 12:14:46.156 [ERROR] src.enrichment.client_base: gtex HTTP 422: Unprocessable Entity
2026-06-06 12:14:46.236 [WARNING] src.enrichment.client_base: gnomad rate limited (429), retrying in 1s...
2026-06-06 12:14:46.281 [WARNING] src.enrichment.client_base: clinvar rate limited (429), retrying in 1s...
2026-06-06 12:14:46.337 [WARNING] src.enrichment.client_base: gnomad rate limited (429), retrying in 1s...
2026-06-06 12:14:46.352 [WARNING] src.enrichment.client_base: gnomad rate limited (429), retrying in 1s...
2026-06-06 12:14:46.441 [WARNING] src.enrichment.client_base: clinvar rate limited (429), retrying in 8s...
2026-06-06 12:14:46.476 [WARNING] src.enrichment.client_base: gnomad rate limited (429), retrying in 1s...
2026-06-06 12:14:46.588 [WARNING] src.enrichment.client_base: gnomad rate limited (429), retrying in 1s...
2026-06-06 12:14:46.596 [WARNING] src.enrichment.client_base: gnomad rate limited (429), retrying in 1s...
2026-06-06 12:14:46.753 [WARNING] src.enrichment.client_base: gnomad rate limited (429), retrying in 1s...
2026-06-06 12:14:46.973 [ERROR] src.enrichment.client_base: gtex HTTP 422: Unprocessable Entity
2026-06-06 12:14:47.125 [WARNING] src.enrichment.client_base: gnomad rate limited (429), retrying in 1s...
2026-06-06 12:14:47.125 [WARNING] src.enrichment.client_base: gnomad rate limited (429), retrying in 1s...
2026-06-06 12:14:47.158 [WARNING] src.enrichment.client_base: gnomad rate limited (429), retrying in 1s...
2026-06-06 12:14:47.167 [ERROR] src.enrichment.client_base: gtex HTTP 422: Unprocessable Entity
2026-06-06 12:14:47.194 [WARNING] src.enrichment.client_base: gnomad rate limited (429), retrying in 2s...
2026-06-06 12:14:47.348 [WARNING] src.enrichment.client_base: gnomad rate limited (429), retrying in 2s...
2026-06-06 12:14:47.580 [WARNING] src.enrichment.client_base: gnomad rate limited (429), retrying in 2s...
2026-06-06 12:14:47.664 [WARNING] src.enrichment.client_base: gnomad rate limited (429), retrying in 2s...
2026-06-06 12:14:47.804 [WARNING] src.enrichment.client_base: gnomad rate limited (429), retrying in 2s...
2026-06-06 12:14:47.908 [WARNING] src.enrichment.client_base: gnomad rate limited (429), retrying in 2s...
2026-06-06 12:14:47.914 [WARNING] src.enrichment.client_base: gnomad rate limited (429), retrying in 2s...
2026-06-06 12:14:47.971 [WARNING] src.enrichment.client_base: gnomad rate limited (429), retrying in 1s...
2026-06-06 12:14:48.102 [WARNING] src.enrichment.client_base: gnomad rate limited (429), retrying in 2s...
2026-06-06 12:14:48.140 [WARNING] src.enrichment.client_base: clinvar rate limited (429), retrying in 1s...
2026-06-06 12:14:48.410 [WARNING] src.enrichment.client_base: gnomad rate limited (429), retrying in 2s...
2026-06-06 12:14:48.441 [WARNING] src.enrichment.client_base: gnomad rate limited (429), retrying in 2s...
2026-06-06 12:14:48.457 [WARNING] src.enrichment.client_base: gnomad rate limited (429), retrying in 2s...
2026-06-06 12:14:48.482 [WARNING] src.enrichment.client_base: gnomad rate limited (429), retrying in 2s...
2026-06-06 12:14:49.309 [WARNING] src.enrichment.client_base: gnomad rate limited (429), retrying in 2s...
2026-06-06 12:14:49.317 [ERROR] src.enrichment.client_base: gtex HTTP 422: Unprocessable Entity
2026-06-06 12:14:49.420 [ERROR] src.enrichment.client_base: gtex HTTP 422: Unprocessable Entity
2026-06-06 12:14:49.420 [ERROR] src.enrichment.client_base: gtex HTTP 422: Unprocessable Entity
2026-06-06 12:14:49.552 [WARNING] src.enrichment.client_base: gnomad rate limited (429), retrying in 4s...
2026-06-06 12:14:49.700 [WARNING] src.enrichment.client_base: gnomad rate limited (429), retrying in 4s...
2026-06-06 12:14:49.784 [WARNING] src.enrichment.client_base: clinvar rate limited (429), retrying in 1s...
2026-06-06 12:14:49.824 [ERROR] src.enrichment.client_base: gtex HTTP 422: Unprocessable Entity
2026-06-06 12:14:49.910 [WARNING] src.enrichment.client_base: gnomad rate limited (429), retrying in 4s...
2026-06-06 12:14:49.916 [ERROR] src.enrichment.client_base: gtex HTTP 422: Unprocessable Entity
2026-06-06 12:14:49.926 [ERROR] src.enrichment.client_base: gtex HTTP 422: Unprocessable Entity
2026-06-06 12:14:49.937 [ERROR] src.enrichment.client_base: gtex HTTP 422: Unprocessable Entity
2026-06-06 12:14:49.937 [ERROR] src.enrichment.client_base: gtex HTTP 422: Unprocessable Entity
2026-06-06 12:14:50.035 [WARNING] src.enrichment.client_base: gnomad rate limited (429), retrying in 4s...
2026-06-06 12:14:50.120 [WARNING] src.enrichment.client_base: gnomad rate limited (429), retrying in 4s...
2026-06-06 12:14:50.225 [WARNING] src.enrichment.client_base: gnomad rate limited (429), retrying in 4s...
2026-06-06 12:14:50.238 [WARNING] src.enrichment.client_base: gnomad rate limited (429), retrying in 4s...
2026-06-06 12:14:50.410 [ERROR] src.enrichment.client_base: gtex HTTP 422: Unprocessable Entity
2026-06-06 12:14:50.454 [ERROR] src.enrichment.client_base: gtex HTTP 422: Unprocessable Entity
2026-06-06 12:14:50.504 [ERROR] src.enrichment.client_base: gtex HTTP 422: Unprocessable Entity
2026-06-06 12:14:50.702 [ERROR] src.enrichment.client_base: gtex HTTP 422: Unprocessable Entity
2026-06-06 12:14:50.714 [WARNING] src.enrichment.client_base: gnomad rate limited (429), retrying in 4s...
2026-06-06 12:14:50.765 [WARNING] src.enrichment.client_base: gnomad rate limited (429), retrying in 4s...
2026-06-06 12:14:50.783 [WARNING] src.enrichment.client_base: gnomad rate limited (429), retrying in 4s...
2026-06-06 12:14:50.797 [WARNING] src.enrichment.client_base: gnomad rate limited (429), retrying in 4s...
2026-06-06 12:14:50.825 [WARNING] src.enrichment.client_base: gnomad rate limited (429), retrying in 4s...
2026-06-06 12:14:50.955 [ERROR] src.enrichment.client_base: gtex HTTP 422: Unprocessable Entity
2026-06-06 12:14:50.962 [ERROR] src.enrichment.client_base: gtex HTTP 422: Unprocessable Entity
2026-06-06 12:14:51.319 [ERROR] src.enrichment.client_base: gtex HTTP 422: Unprocessable Entity
2026-06-06 12:14:51.422 [ERROR] src.enrichment.client_base: gtex HTTP 422: Unprocessable Entity
2026-06-06 12:14:51.472 [ERROR] src.enrichment.client_base: gtex HTTP 422: Unprocessable Entity
2026-06-06 12:14:51.499 [ERROR] src.enrichment.client_base: gtex HTTP 422: Unprocessable Entity
2026-06-06 12:14:51.632 [WARNING] src.enrichment.client_base: clinvar rate limited (429), retrying in 1s...
2026-06-06 12:14:51.657 [ERROR] src.enrichment.client_base: gtex HTTP 422: Unprocessable Entity
2026-06-06 12:14:51.858 [WARNING] src.enrichment.client_base: clinvar rate limited (429), retrying in 2s...
2026-06-06 12:14:51.915 [ERROR] src.enrichment.client_base: gtex HTTP 422: Unprocessable Entity
2026-06-06 12:14:51.918 [ERROR] src.enrichment.client_base: gtex HTTP 422: Unprocessable Entity
2026-06-06 12:14:52.015 [ERROR] src.enrichment.client_base: gtex HTTP 422: Unprocessable Entity
2026-06-06 12:14:52.021 [WARNING] src.enrichment.client_base: gnomad rate limited (429), retrying in 4s...
2026-06-06 12:14:52.139 [ERROR] src.enrichment.client_base: gtex HTTP 422: Unprocessable Entity
2026-06-06 12:14:52.557 [ERROR] src.enrichment.client_base: gtex HTTP 422: Unprocessable Entity
2026-06-06 12:14:52.560 [ERROR] src.enrichment.client_base: gtex HTTP 422: Unprocessable Entity
2026-06-06 12:14:52.561 [ERROR] src.enrichment.client_base: gtex HTTP 422: Unprocessable Entity
2026-06-06 12:14:53.029 [ERROR] src.enrichment.client_base: gtex HTTP 422: Unprocessable Entity
2026-06-06 12:14:53.398 [ERROR] src.enrichment.client_base: gtex HTTP 422: Unprocessable Entity
2026-06-06 12:14:53.632 [ERROR] src.enrichment.client_base: gtex HTTP 422: Unprocessable Entity
2026-06-06 12:14:53.705 [WARNING] src.enrichment.client_base: gnomad rate limited (429), retrying in 1s...
2026-06-06 12:14:53.879 [WARNING] src.enrichment.client_base: gnomad rate limited (429), retrying in 8s...
2026-06-06 12:14:53.912 [ERROR] src.enrichment.client_base: gtex HTTP 422: Unprocessable Entity
2026-06-06 12:14:54.022 [WARNING] src.enrichment.client_base: gnomad rate limited (429), retrying in 8s...
2026-06-06 12:14:54.089 [ERROR] src.enrichment.client_base: gtex HTTP 422: Unprocessable Entity
2026-06-06 12:14:54.317 [WARNING] src.enrichment.client_base: gnomad rate limited (429), retrying in 1s...
2026-06-06 12:14:54.375 [WARNING] src.enrichment.client_base: gnomad rate limited (429), retrying in 8s...
2026-06-06 12:14:54.388 [ERROR] src.enrichment.client_base: gtex HTTP 422: Unprocessable Entity
2026-06-06 12:14:54.468 [WARNING] src.enrichment.client_base: gnomad rate limited (429), retrying in 8s...
2026-06-06 12:14:54.482 [ERROR] src.enrichment.client_base: gtex HTTP 422: Unprocessable Entity
2026-06-06 12:14:54.492 [ERROR] src.enrichment.client_base: gtex HTTP 422: Unprocessable Entity
2026-06-06 12:14:54.531 [WARNING] src.enrichment.client_base: gnomad rate limited (429), retrying in 8s...
2026-06-06 12:14:54.562 [WARNING] src.enrichment.client_base: gnomad rate limited (429), retrying in 8s...
2026-06-06 12:14:54.583 [WARNING] src.enrichment.client_base: gnomad rate limited (429), retrying in 8s...
2026-06-06 12:14:54.650 [WARNING] src.enrichment.client_base: clinvar rate limited (429), retrying in 1s...
2026-06-06 12:14:55.051 [ERROR] src.enrichment.client_base: gtex HTTP 422: Unprocessable Entity
2026-06-06 12:14:55.053 [ERROR] src.enrichment.client_base: gtex HTTP 422: Unprocessable Entity
2026-06-06 12:14:55.095 [WARNING] src.enrichment.client_base: gnomad rate limited (429), retrying in 8s...
2026-06-06 12:14:55.142 [WARNING] src.enrichment.client_base: gnomad rate limited (429), retrying in 8s...
2026-06-06 12:14:55.142 [WARNING] src.enrichment.client_base: gnomad rate limited (429), retrying in 8s...
2026-06-06 12:14:55.423 [WARNING] src.enrichment.client_base: gnomad rate limited (429), retrying in 2s...
2026-06-06 12:14:55.449 [WARNING] src.enrichment.client_base: gnomad rate limited (429), retrying in 8s...
2026-06-06 12:14:55.535 [WARNING] src.enrichment.client_base: gnomad rate limited (429), retrying in 8s...
2026-06-06 12:14:55.536 [ERROR] src.enrichment.client_base: gtex HTTP 422: Unprocessable Entity
2026-06-06 12:14:55.660 [WARNING] src.enrichment.client_base: gnomad rate limited (429), retrying in 2s...
2026-06-06 12:14:56.232 [WARNING] src.enrichment.client_base: clinvar rate limited (429), retrying in 1s...
2026-06-06 12:14:56.335 [WARNING] src.enrichment.client_base: clinvar rate limited (429), retrying in 1s...
2026-06-06 12:14:56.341 [WARNING] src.enrichment.client_base: gnomad rate limited (429), retrying in 8s...
2026-06-06 12:14:56.517 [ERROR] src.enrichment.client_base: gtex HTTP 422: Unprocessable Entity
2026-06-06 12:14:57.246 [ERROR] src.enrichment.client_base: gtex HTTP 422: Unprocessable Entity
2026-06-06 12:14:57.687 [ERROR] src.enrichment.client_base: gtex HTTP 422: Unprocessable Entity
2026-06-06 12:14:57.770 [WARNING] src.enrichment.client_base: gnomad rate limited (429), retrying in 4s...
2026-06-06 12:14:58.018 [WARNING] src.enrichment.client_base: clinvar rate limited (429), retrying in 2s...
2026-06-06 12:14:58.392 [ERROR] src.enrichment.client_base: gtex HTTP 422: Unprocessable Entity
2026-06-06 12:14:58.423 [WARNING] src.enrichment.client_base: clinvar rate limited (429), retrying in 1s...
2026-06-06 12:14:58.901 [ERROR] src.enrichment.client_base: gtex HTTP 422: Unprocessable Entity
2026-06-06 12:14:58.935 [ERROR] src.enrichment.client_base: gtex HTTP 422: Unprocessable Entity
2026-06-06 12:14:58.954 [ERROR] src.enrichment.client_base: gtex HTTP 422: Unprocessable Entity
2026-06-06 12:14:59.286 [WARNING] src.enrichment.client_base: gnomad rate limited (429), retrying in 4s...
2026-06-06 12:14:59.447 [ERROR] src.enrichment.client_base: gtex HTTP 422: Unprocessable Entity
2026-06-06 12:14:59.516 [ERROR] src.enrichment.client_base: gtex HTTP 422: Unprocessable Entity
2026-06-06 12:14:59.609 [ERROR] src.enrichment.client_base: gtex HTTP 422: Unprocessable Entity
2026-06-06 12:14:59.905 [ERROR] src.enrichment.client_base: gtex HTTP 422: Unprocessable Entity
2026-06-06 12:15:00.012 [ERROR] src.enrichment.client_base: gtex HTTP 422: Unprocessable Entity
2026-06-06 12:15:00.025 [WARNING] src.enrichment.client_base: clinvar rate limited (429), retrying in 1s...
2026-06-06 12:15:00.029 [ERROR] src.enrichment.client_base: gtex HTTP 422: Unprocessable Entity
2026-06-06 12:15:00.101 [ERROR] src.enrichment.client_base: gtex HTTP 422: Unprocessable Entity
2026-06-06 12:15:00.386 [ERROR] src.enrichment.client_base: gtex HTTP 422: Unprocessable Entity
2026-06-06 12:15:00.390 [WARNING] src.enrichment.client_base: clinvar rate limited (429), retrying in 2s...
2026-06-06 12:15:00.543 [ERROR] src.enrichment.client_base: gtex HTTP 422: Unprocessable Entity
2026-06-06 12:15:00.648 [ERROR] src.enrichment.client_base: gtex HTTP 422: Unprocessable Entity
2026-06-06 12:15:00.940 [ERROR] src.enrichment.client_base: gtex HTTP 422: Unprocessable Entity
2026-06-06 12:15:00.987 [ERROR] src.enrichment.client_base: gtex HTTP 422: Unprocessable Entity
2026-06-06 12:15:01.158 [ERROR] src.enrichment.client_base: gtex HTTP 422: Unprocessable Entity
2026-06-06 12:15:01.320 [ERROR] src.enrichment.client_base: gtex HTTP 422: Unprocessable Entity
2026-06-06 12:15:01.453 [ERROR] src.enrichment.client_base: gtex HTTP 422: Unprocessable Entity
2026-06-06 12:15:01.570 [ERROR] src.enrichment.client_base: gtex HTTP 422: Unprocessable Entity
2026-06-06 12:15:01.874 [ERROR] src.enrichment.client_base: gtex HTTP 422: Unprocessable Entity
2026-06-06 12:15:02.030 [ERROR] src.enrichment.client_base: gtex HTTP 422: Unprocessable Entity
2026-06-06 12:15:02.109 [WARNING] src.enrichment.client_base: gnomad rate limited (429), retrying in 8s...
2026-06-06 12:15:02.151 [WARNING] src.enrichment.client_base: clinvar rate limited (429), retrying in 2s...
2026-06-06 12:15:02.180 [ERROR] src.enrichment.client_base: gtex HTTP 422: Unprocessable Entity
2026-06-06 12:15:02.194 [ERROR] src.enrichment.client_base: gtex HTTP 422: Unprocessable Entity
2026-06-06 12:15:02.230 [WARNING] src.enrichment.client_base: gnomad rate limited (429), retrying in 1s...
2026-06-06 12:15:02.253 [ERROR] src.enrichment.client_base: gtex HTTP 422: Unprocessable Entity
2026-06-06 12:15:02.656 [ERROR] src.enrichment.client_base: gtex HTTP 422: Unprocessable Entity
2026-06-06 12:15:02.696 [WARNING] src.enrichment.client_base: gnomad rate limited (429), retrying in 1s...
2026-06-06 12:15:02.822 [WARNING] src.enrichment.client_base: gnomad rate limited (429), retrying in 1s...
2026-06-06 12:15:02.886 [WARNING] src.enrichment.client_base: gnomad rate limited (429), retrying in 1s...
2026-06-06 12:15:02.890 [WARNING] src.enrichment.client_base: gnomad rate limited (429), retrying in 1s...
2026-06-06 12:15:02.917 [WARNING] src.enrichment.client_base: gnomad rate limited (429), retrying in 1s...
2026-06-06 12:15:02.948 [ERROR] src.enrichment.client_base: gtex HTTP 422: Unprocessable Entity
2026-06-06 12:15:03.328 [WARNING] src.enrichment.client_base: clinvar rate limited (429), retrying in 1s...
2026-06-06 12:15:03.328 [ERROR] src.enrichment.client_base: gtex HTTP 422: Unprocessable Entity
2026-06-06 12:15:03.426 [WARNING] src.enrichment.client_base: gnomad rate limited (429), retrying in 1s...
2026-06-06 12:15:03.485 [WARNING] src.enrichment.client_base: gnomad rate limited (429), retrying in 1s...
2026-06-06 12:15:03.485 [WARNING] src.enrichment.client_base: clinvar rate limited (429), retrying in 4s...
2026-06-06 12:15:03.489 [WARNING] src.enrichment.client_base: gnomad rate limited (429), retrying in 1s...
2026-06-06 12:15:03.495 [ERROR] src.enrichment.client_base: gtex HTTP 422: Unprocessable Entity
2026-06-06 12:15:03.550 [WARNING] src.enrichment.client_base: gnomad rate limited (429), retrying in 2s...
2026-06-06 12:15:03.610 [WARNING] src.enrichment.client_base: gnomad rate limited (429), retrying in 8s...
2026-06-06 12:15:03.721 [ERROR] src.enrichment.client_base: gtex HTTP 422: Unprocessable Entity
2026-06-06 12:15:03.853 [WARNING] src.enrichment.client_base: gnomad rate limited (429), retrying in 1s...
2026-06-06 12:15:04.042 [WARNING] src.enrichment.client_base: gnomad rate limited (429), retrying in 2s...
2026-06-06 12:15:04.064 [ERROR] src.enrichment.client_base: gtex HTTP 422: Unprocessable Entity
2026-06-06 12:15:04.150 [WARNING] src.enrichment.client_base: gnomad rate limited (429), retrying in 1s...
2026-06-06 12:15:04.151 [WARNING] src.enrichment.client_base: gnomad rate limited (429), retrying in 2s...
2026-06-06 12:15:04.168 [ERROR] src.enrichment.client_base: gtex HTTP 422: Unprocessable Entity
2026-06-06 12:15:04.193 [WARNING] src.enrichment.client_base: gnomad rate limited (429), retrying in 2s...
2026-06-06 12:15:04.196 [WARNING] src.enrichment.client_base: gnomad rate limited (429), retrying in 2s...
2026-06-06 12:15:04.198 [ERROR] src.enrichment.client_base: gtex HTTP 422: Unprocessable Entity
2026-06-06 12:15:04.353 [WARNING] src.enrichment.client_base: gnomad rate limited (429), retrying in 1s...
2026-06-06 12:15:04.371 [ERROR] src.enrichment.client_base: gtex HTTP 422: Unprocessable Entity
2026-06-06 12:15:04.419 [ERROR] src.enrichment.client_base: gtex HTTP 422: Unprocessable Entity
2026-06-06 12:15:04.585 [WARNING] src.enrichment.client_base: gnomad rate limited (429), retrying in 2s...
2026-06-06 12:15:04.694 [WARNING] src.enrichment.client_base: gnomad rate limited (429), retrying in 1s...
2026-06-06 12:15:04.704 [ERROR] src.enrichment.client_base: gtex HTTP 422: Unprocessable Entity
2026-06-06 12:15:04.794 [WARNING] src.enrichment.client_base: gnomad rate limited (429), retrying in 2s...
2026-06-06 12:15:04.812 [WARNING] src.enrichment.client_base: gnomad rate limited (429), retrying in 2s...
2026-06-06 12:15:05.124 [WARNING] src.enrichment.client_base: gnomad rate limited (429), retrying in 2s...
2026-06-06 12:15:05.141 [ERROR] src.enrichment.client_base: gtex HTTP 422: Unprocessable Entity
2026-06-06 12:15:05.193 [WARNING] src.enrichment.client_base: gnomad rate limited (429), retrying in 2s...
2026-06-06 12:15:05.472 [WARNING] src.enrichment.client_base: gnomad rate limited (429), retrying in 2s...
2026-06-06 12:15:05.777 [WARNING] src.enrichment.client_base: clinvar rate limited (429), retrying in 1s...
2026-06-06 12:15:05.821 [ERROR] src.enrichment.client_base: gtex HTTP 422: Unprocessable Entity
2026-06-06 12:15:05.866 [WARNING] src.enrichment.client_base: clinvar rate limited (429), retrying in 2s...
2026-06-06 12:15:06.050 [WARNING] src.enrichment.client_base: gnomad rate limited (429), retrying in 2s...
2026-06-06 12:15:06.068 [WARNING] src.enrichment.client_base: gnomad rate limited (429), retrying in 2s...
2026-06-06 12:15:06.247 [WARNING] src.enrichment.client_base: gnomad rate limited (429), retrying in 4s...
2026-06-06 12:15:06.366 [WARNING] src.enrichment.client_base: gnomad rate limited (429), retrying in 4s...
2026-06-06 12:15:06.485 [WARNING] src.enrichment.client_base: gnomad rate limited (429), retrying in 4s...
2026-06-06 12:15:06.513 [WARNING] src.enrichment.client_base: gnomad rate limited (429), retrying in 4s...
2026-06-06 12:15:06.515 [WARNING] src.enrichment.client_base: gnomad rate limited (429), retrying in 4s...
2026-06-06 12:15:06.669 [ERROR] src.enrichment.client_base: gtex HTTP 422: Unprocessable Entity
2026-06-06 12:15:06.961 [WARNING] src.enrichment.client_base: gnomad rate limited (429), retrying in 4s...
2026-06-06 12:15:07.100 [WARNING] src.enrichment.client_base: gnomad rate limited (429), retrying in 4s...
2026-06-06 12:15:07.123 [WARNING] src.enrichment.client_base: gnomad rate limited (429), retrying in 4s...
2026-06-06 12:15:07.416 [ERROR] src.enrichment.client_base: gtex HTTP 422: Unprocessable Entity
2026-06-06 12:15:07.438 [WARNING] src.enrichment.client_base: gnomad rate limited (429), retrying in 4s...
2026-06-06 12:15:07.511 [WARNING] src.enrichment.client_base: gnomad rate limited (429), retrying in 4s...
2026-06-06 12:15:07.802 [WARNING] src.enrichment.client_base: gnomad rate limited (429), retrying in 4s...
2026-06-06 12:15:08.015 [WARNING] src.enrichment.client_base: clinvar rate limited (429), retrying in 1s...
2026-06-06 12:15:08.214 [ERROR] src.enrichment.client_base: gtex HTTP 422: Unprocessable Entity
2026-06-06 12:15:08.375 [WARNING] src.enrichment.client_base: gnomad rate limited (429), retrying in 4s...
2026-06-06 12:15:08.390 [WARNING] src.enrichment.client_base: gnomad rate limited (429), retrying in 4s...
2026-06-06 12:15:08.391 [ERROR] src.enrichment.client_base: gtex HTTP 422: Unprocessable Entity
2026-06-06 12:15:08.554 [ERROR] src.enrichment.client_base: gtex HTTP 422: Unprocessable Entity
2026-06-06 12:15:08.668 [WARNING] src.enrichment.client_base: clinvar rate limited (429), retrying in 4s...
2026-06-06 12:15:09.051 [ERROR] src.enrichment.client_base: gtex HTTP 422: Unprocessable Entity
2026-06-06 12:15:09.228 [ERROR] src.enrichment.client_base: gtex HTTP 422: Unprocessable Entity
2026-06-06 12:15:09.243 [ERROR] src.enrichment.client_base: gtex HTTP 422: Unprocessable Entity
2026-06-06 12:15:09.415 [ERROR] src.enrichment.client_base: gtex HTTP 422: Unprocessable Entity
2026-06-06 12:15:09.447 [ERROR] src.enrichment.client_base: gtex HTTP 422: Unprocessable Entity
2026-06-06 12:15:09.550 [ERROR] src.enrichment.client_base: gtex HTTP 422: Unprocessable Entity
2026-06-06 12:15:09.660 [ERROR] src.enrichment.client_base: gtex HTTP 422: Unprocessable Entity
2026-06-06 12:15:09.674 [WARNING] src.enrichment.client_base: clinvar rate limited (429), retrying in 2s...
2026-06-06 12:15:09.883 [WARNING] src.enrichment.client_base: clinvar rate limited (429), retrying in 1s...
2026-06-06 12:15:10.129 [ERROR] src.enrichment.client_base: gtex HTTP 422: Unprocessable Entity
2026-06-06 12:15:10.184 [ERROR] src.enrichment.client_base: gtex HTTP 422: Unprocessable Entity
2026-06-06 12:15:10.285 [ERROR] src.enrichment.client_base: gtex HTTP 422: Unprocessable Entity
2026-06-06 12:15:10.478 [WARNING] src.enrichment.client_base: gnomad rate limited (429), retrying in 1s...
2026-06-06 12:15:10.522 [ERROR] src.enrichment.client_base: gtex HTTP 422: Unprocessable Entity
2026-06-06 12:15:10.562 [ERROR] src.enrichment.client_base: gtex HTTP 422: Unprocessable Entity
2026-06-06 12:15:10.612 [WARNING] src.enrichment.client_base: gnomad rate limited (429), retrying in 8s...
2026-06-06 12:15:10.704 [ERROR] src.enrichment.client_base: gtex HTTP 422: Unprocessable Entity
2026-06-06 12:15:10.813 [ERROR] src.enrichment.client_base: gtex HTTP 422: Unprocessable Entity
2026-06-06 12:15:10.825 [WARNING] src.enrichment.client_base: gnomad rate limited (429), retrying in 8s...
2026-06-06 12:15:10.837 [WARNING] src.enrichment.client_base: gnomad rate limited (429), retrying in 8s...
2026-06-06 12:15:10.929 [ERROR] src.enrichment.client_base: gtex HTTP 422: Unprocessable Entity
2026-06-06 12:15:11.076 [WARNING] src.enrichment.client_base: gnomad rate limited (429), retrying in 8s...
2026-06-06 12:15:11.208 [WARNING] src.enrichment.client_base: gnomad rate limited (429), retrying in 8s...
2026-06-06 12:15:11.265 [WARNING] src.enrichment.client_base: gnomad rate limited (429), retrying in 8s...
2026-06-06 12:15:11.317 [ERROR] src.enrichment.client_base: gtex HTTP 422: Unprocessable Entity
2026-06-06 12:15:11.438 [WARNING] src.enrichment.client_base: gnomad rate limited (429), retrying in 8s...
2026-06-06 12:15:11.474 [WARNING] src.enrichment.client_base: gnomad rate limited (429), retrying in 8s...
2026-06-06 12:15:11.528 [ERROR] src.enrichment.client_base: gtex HTTP 422: Unprocessable Entity
2026-06-06 12:15:11.620 [ERROR] src.enrichment.client_base: gtex HTTP 422: Unprocessable Entity
2026-06-06 12:15:11.769 [WARNING] src.enrichment.client_base: gnomad rate limited (429), retrying in 8s...
2026-06-06 12:15:11.792 [WARNING] src.enrichment.client_base: gnomad rate limited (429), retrying in 2s...
2026-06-06 12:15:11.843 [WARNING] src.enrichment.client_base: gnomad rate limited (429), retrying in 8s...
2026-06-06 12:15:12.010 [ERROR] src.enrichment.client_base: gtex HTTP 422: Unprocessable Entity
2026-06-06 12:15:12.028 [ERROR] src.enrichment.client_base: gtex HTTP 422: Unprocessable Entity
2026-06-06 12:15:12.052 [ERROR] src.enrichment.client_base: gnomad HTTP 400: Bad Request
2026-06-06 12:15:12.108 [ERROR] src.enrichment.client_base: gtex HTTP 422: Unprocessable Entity
2026-06-06 12:15:12.276 [ERROR] src.enrichment.client_base: gnomad HTTP 400: Bad Request
2026-06-06 12:15:12.323 [ERROR] src.enrichment.client_base: gtex HTTP 422: Unprocessable Entity
2026-06-06 12:15:12.478 [WARNING] src.enrichment.client_base: clinvar rate limited (429), retrying in 4s...
2026-06-06 12:15:12.543 [WARNING] src.enrichment.client_base: clinvar rate limited (429), retrying in 1s...
2026-06-06 12:15:12.581 [ERROR] src.enrichment.client_base: gtex HTTP 422: Unprocessable Entity
2026-06-06 12:15:12.618 [ERROR] src.enrichment.client_base: gtex HTTP 422: Unprocessable Entity
2026-06-06 12:15:12.642 [ERROR] src.enrichment.client_base: gnomad HTTP 400: Bad Request
2026-06-06 12:15:12.670 [WARNING] src.enrichment.client_base: gnomad rate limited (429), retrying in 1s...
2026-06-06 12:15:12.854 [ERROR] src.enrichment.client_base: gtex HTTP 422: Unprocessable Entity
2026-06-06 12:15:13.070 [ERROR] src.enrichment.client_base: gtex HTTP 422: Unprocessable Entity
2026-06-06 12:15:13.214 [ERROR] src.enrichment.client_base: gnomad HTTP 400: Bad Request
2026-06-06 12:15:13.500 [ERROR] src.enrichment.client_base: gtex HTTP 422: Unprocessable Entity
2026-06-06 12:15:13.502 [ERROR] src.enrichment.client_base: gnomad HTTP 400: Bad Request
2026-06-06 12:15:13.693 [ERROR] src.enrichment.client_base: gtex HTTP 422: Unprocessable Entity
2026-06-06 12:15:13.728 [ERROR] src.enrichment.client_base: gnomad HTTP 400: Bad Request
2026-06-06 12:15:13.950 [ERROR] src.enrichment.client_base: gnomad HTTP 400: Bad Request
2026-06-06 12:15:13.957 [ERROR] src.enrichment.client_base: gnomad HTTP 400: Bad Request
2026-06-06 12:15:14.008 [ERROR] src.enrichment.client_base: gnomad HTTP 400: Bad Request
2026-06-06 12:15:14.120 [ERROR] src.enrichment.client_base: gtex HTTP 422: Unprocessable Entity
2026-06-06 12:15:14.192 [ERROR] src.enrichment.client_base: gtex HTTP 422: Unprocessable Entity
2026-06-06 12:15:14.430 [ERROR] src.enrichment.client_base: gnomad HTTP 400: Bad Request
2026-06-06 12:15:14.644 [ERROR] src.enrichment.client_base: gtex HTTP 422: Unprocessable Entity
2026-06-06 12:15:14.908 [ERROR] src.enrichment.client_base: gtex HTTP 422: Unprocessable Entity
2026-06-06 12:15:14.919 [WARNING] src.enrichment.client_base: clinvar rate limited (429), retrying in 1s...
2026-06-06 12:15:14.964 [WARNING] src.enrichment.client_base: clinvar rate limited (429), retrying in 1s...
2026-06-06 12:15:15.140 [ERROR] src.enrichment.client_base: gtex HTTP 422: Unprocessable Entity
2026-06-06 12:15:15.221 [ERROR] src.enrichment.client_base: gnomad HTTP 400: Bad Request
2026-06-06 12:15:15.336 [ERROR] src.enrichment.client_base: gtex HTTP 422: Unprocessable Entity
2026-06-06 12:15:15.388 [ERROR] src.enrichment.client_base: gtex HTTP 422: Unprocessable Entity
2026-06-06 12:15:15.743 [ERROR] src.enrichment.client_base: gnomad HTTP 400: Bad Request
2026-06-06 12:15:16.161 [ERROR] src.enrichment.client_base: gnomad HTTP 400: Bad Request
2026-06-06 12:15:16.182 [ERROR] src.enrichment.client_base: gtex HTTP 422: Unprocessable Entity
2026-06-06 12:15:16.598 [ERROR] src.enrichment.client_base: gtex HTTP 422: Unprocessable Entity
2026-06-06 12:15:17.151 [WARNING] src.enrichment.client_base: clinvar rate limited (429), retrying in 1s...
2026-06-06 12:15:17.393 [ERROR] src.enrichment.client_base: gnomad HTTP 400: Bad Request
2026-06-06 12:15:17.835 [ERROR] src.enrichment.client_base: gnomad HTTP 400: Bad Request
2026-06-06 12:15:18.015 [ERROR] src.enrichment.client_base: gtex HTTP 422: Unprocessable Entity
2026-06-06 12:15:18.163 [ERROR] src.enrichment.client_base: gtex HTTP 422: Unprocessable Entity
2026-06-06 12:15:18.248 [ERROR] src.enrichment.client_base: gnomad HTTP 400: Bad Request
2026-06-06 12:15:18.518 [ERROR] src.enrichment.client_base: gnomad HTTP 400: Bad Request
2026-06-06 12:15:18.636 [ERROR] src.enrichment.client_base: gtex HTTP 422: Unprocessable Entity
2026-06-06 12:15:18.659 [ERROR] src.enrichment.client_base: gtex HTTP 422: Unprocessable Entity
2026-06-06 12:15:18.678 [WARNING] src.enrichment.client_base: clinvar rate limited (429), retrying in 1s...
2026-06-06 12:15:18.839 [ERROR] src.enrichment.client_base: gnomad HTTP 400: Bad Request
2026-06-06 12:15:19.036 [ERROR] src.enrichment.client_base: gnomad HTTP 400: Bad Request
2026-06-06 12:15:19.061 [ERROR] src.enrichment.client_base: gnomad HTTP 400: Bad Request
2026-06-06 12:15:19.118 [ERROR] src.enrichment.client_base: gtex HTTP 422: Unprocessable Entity
2026-06-06 12:15:19.331 [WARNING] src.enrichment.client_base: clinvar rate limited (429), retrying in 8s...
2026-06-06 12:15:19.343 [ERROR] src.enrichment.client_base: gnomad HTTP 400: Bad Request
2026-06-06 12:15:19.381 [ERROR] src.enrichment.client_base: gtex HTTP 422: Unprocessable Entity
2026-06-06 12:15:19.457 [ERROR] src.enrichment.client_base: gnomad HTTP 400: Bad Request
2026-06-06 12:15:19.518 [ERROR] src.enrichment.client_base: gnomad HTTP 400: Bad Request
2026-06-06 12:15:19.675 [ERROR] src.enrichment.client_base: gnomad HTTP 400: Bad Request
2026-06-06 12:15:19.690 [ERROR] src.enrichment.client_base: gnomad HTTP 400: Bad Request
2026-06-06 12:15:19.711 [ERROR] src.enrichment.client_base: gtex HTTP 422: Unprocessable Entity
2026-06-06 12:15:19.787 [ERROR] src.enrichment.client_base: gnomad HTTP 400: Bad Request
2026-06-06 12:15:19.796 [ERROR] src.enrichment.client_base: gtex HTTP 422: Unprocessable Entity
2026-06-06 12:15:19.879 [ERROR] src.enrichment.client_base: gtex HTTP 422: Unprocessable Entity
2026-06-06 12:15:19.888 [ERROR] src.enrichment.client_base: gtex HTTP 422: Unprocessable Entity
2026-06-06 12:15:19.916 [WARNING] src.enrichment.client_base: clinvar rate limited (429), retrying in 2s...
2026-06-06 12:15:19.966 [ERROR] src.enrichment.client_base: gnomad HTTP 400: Bad Request
2026-06-06 12:15:20.010 [ERROR] src.enrichment.client_base: gnomad HTTP 400: Bad Request
2026-06-06 12:15:20.081 [ERROR] src.enrichment.client_base: gnomad HTTP 400: Bad Request
2026-06-06 12:15:20.085 [ERROR] src.enrichment.client_base: gnomad HTTP 400: Bad Request
2026-06-06 12:15:20.090 [ERROR] src.enrichment.client_base: gtex HTTP 422: Unprocessable Entity
2026-06-06 12:15:20.129 [WARNING] src.enrichment.client_base: clinvar rate limited (429), retrying in 1s...
2026-06-06 12:15:20.184 [ERROR] src.enrichment.client_base: gnomad HTTP 400: Bad Request
2026-06-06 12:15:20.201 [ERROR] src.enrichment.client_base: gtex HTTP 422: Unprocessable Entity
2026-06-06 12:15:20.301 [ERROR] src.enrichment.client_base: gnomad HTTP 400: Bad Request
2026-06-06 12:15:20.309 [ERROR] src.enrichment.client_base: gnomad HTTP 400: Bad Request
2026-06-06 12:15:20.357 [ERROR] src.enrichment.client_base: gtex HTTP 422: Unprocessable Entity
2026-06-06 12:15:20.534 [ERROR] src.enrichment.client_base: gtex HTTP 422: Unprocessable Entity
2026-06-06 12:15:20.674 [ERROR] src.enrichment.client_base: gtex HTTP 422: Unprocessable Entity
2026-06-06 12:15:20.705 [ERROR] src.enrichment.client_base: gtex HTTP 422: Unprocessable Entity
2026-06-06 12:15:20.718 [ERROR] src.enrichment.client_base: gnomad HTTP 400: Bad Request
2026-06-06 12:15:20.718 [ERROR] src.enrichment.client_base: gnomad HTTP 400: Bad Request
2026-06-06 12:15:20.722 [ERROR] src.enrichment.client_base: gtex HTTP 422: Unprocessable Entity
2026-06-06 12:15:20.924 [ERROR] src.enrichment.client_base: gnomad HTTP 400: Bad Request
2026-06-06 12:15:20.931 [ERROR] src.enrichment.client_base: gnomad HTTP 400: Bad Request
2026-06-06 12:15:20.942 [ERROR] src.enrichment.client_base: gnomad HTTP 400: Bad Request
2026-06-06 12:15:20.942 [ERROR] src.enrichment.client_base: gnomad HTTP 400: Bad Request
2026-06-06 12:15:20.976 [ERROR] src.enrichment.client_base: gtex HTTP 422: Unprocessable Entity
2026-06-06 12:15:21.091 [ERROR] src.enrichment.client_base: gtex HTTP 422: Unprocessable Entity
2026-06-06 12:15:21.125 [ERROR] src.enrichment.client_base: gnomad HTTP 400: Bad Request
2026-06-06 12:15:21.172 [ERROR] src.enrichment.client_base: gtex HTTP 422: Unprocessable Entity
2026-06-06 12:15:21.266 [ERROR] src.enrichment.client_base: gnomad HTTP 400: Bad Request
2026-06-06 12:15:21.303 [ERROR] src.enrichment.client_base: gnomad HTTP 400: Bad Request
2026-06-06 12:15:21.394 [ERROR] src.enrichment.client_base: gtex HTTP 422: Unprocessable Entity
2026-06-06 12:15:21.517 [ERROR] src.enrichment.client_base: gtex HTTP 422: Unprocessable Entity
2026-06-06 12:15:21.623 [ERROR] src.enrichment.client_base: gnomad HTTP 400: Bad Request
2026-06-06 12:15:21.681 [ERROR] src.enrichment.client_base: gtex HTTP 422: Unprocessable Entity
2026-06-06 12:15:21.750 [ERROR] src.enrichment.client_base: gnomad HTTP 400: Bad Request
2026-06-06 12:15:21.876 [ERROR] src.enrichment.client_base: gnomad HTTP 400: Bad Request
2026-06-06 12:15:21.884 [ERROR] src.enrichment.client_base: gtex HTTP 422: Unprocessable Entity
2026-06-06 12:15:22.014 [ERROR] src.enrichment.client_base: gnomad HTTP 400: Bad Request
2026-06-06 12:15:22.082 [ERROR] src.enrichment.client_base: gnomad HTTP 400: Bad Request
2026-06-06 12:15:22.169 [ERROR] src.enrichment.client_base: gnomad HTTP 400: Bad Request
2026-06-06 12:15:22.186 [ERROR] src.enrichment.client_base: gtex HTTP 422: Unprocessable Entity
2026-06-06 12:15:22.199 [ERROR] src.enrichment.client_base: gtex HTTP 422: Unprocessable Entity
2026-06-06 12:15:22.291 [ERROR] src.enrichment.client_base: gnomad HTTP 400: Bad Request
2026-06-06 12:15:22.321 [ERROR] src.enrichment.client_base: gnomad HTTP 400: Bad Request
2026-06-06 12:15:22.513 [ERROR] src.enrichment.client_base: gnomad HTTP 400: Bad Request
2026-06-06 12:15:22.529 [ERROR] src.enrichment.client_base: gnomad HTTP 400: Bad Request
2026-06-06 12:15:22.592 [ERROR] src.enrichment.client_base: gtex HTTP 422: Unprocessable Entity
2026-06-06 12:15:22.656 [ERROR] src.enrichment.client_base: gtex HTTP 422: Unprocessable Entity
2026-06-06 12:15:22.712 [ERROR] src.enrichment.client_base: gtex HTTP 422: Unprocessable Entity
2026-06-06 12:15:22.869 [WARNING] src.enrichment.client_base: clinvar rate limited (429), retrying in 1s...
2026-06-06 12:15:22.958 [ERROR] src.enrichment.client_base: gnomad HTTP 400: Bad Request
2026-06-06 12:15:22.975 [ERROR] src.enrichment.client_base: gtex HTTP 422: Unprocessable Entity
2026-06-06 12:15:23.106 [ERROR] src.enrichment.client_base: gnomad HTTP 400: Bad Request
2026-06-06 12:15:23.254 [WARNING] src.enrichment.client_base: gnomad rate limited (429), retrying in 4s...
2026-06-06 12:15:23.279 [WARNING] src.enrichment.client_base: gnomad rate limited (429), retrying in 4s...
2026-06-06 12:15:23.445 [WARNING] src.enrichment.client_base: gnomad rate limited (429), retrying in 4s...
2026-06-06 12:15:23.464 [ERROR] src.enrichment.client_base: gtex HTTP 422: Unprocessable Entity
2026-06-06 12:15:23.571 [WARNING] src.enrichment.client_base: gnomad rate limited (429), retrying in 4s...
2026-06-06 12:15:23.624 [WARNING] src.enrichment.client_base: gnomad rate limited (429), retrying in 4s...
2026-06-06 12:15:23.627 [WARNING] src.enrichment.client_base: gnomad rate limited (429), retrying in 4s...
2026-06-06 12:15:23.634 [WARNING] src.enrichment.client_base: gnomad rate limited (429), retrying in 2s...
2026-06-06 12:15:23.874 [ERROR] src.enrichment.client_base: gtex HTTP 422: Unprocessable Entity
2026-06-06 12:15:24.073 [WARNING] src.enrichment.client_base: gnomad rate limited (429), retrying in 4s...
2026-06-06 12:15:24.149 [ERROR] src.enrichment.client_base: gtex HTTP 422: Unprocessable Entity
2026-06-06 12:15:24.223 [ERROR] src.enrichment.client_base: gtex HTTP 422: Unprocessable Entity
2026-06-06 12:15:24.489 [WARNING] src.enrichment.client_base: gnomad rate limited (429), retrying in 4s...
2026-06-06 12:15:24.565 [ERROR] src.enrichment.client_base: gtex HTTP 422: Unprocessable Entity
2026-06-06 12:15:24.654 [ERROR] src.enrichment.client_base: gtex HTTP 422: Unprocessable Entity
2026-06-06 12:15:24.694 [ERROR] src.enrichment.client_base: gtex HTTP 422: Unprocessable Entity
2026-06-06 12:15:25.152 [ERROR] src.enrichment.client_base: gtex HTTP 422: Unprocessable Entity
2026-06-06 12:15:25.412 [WARNING] src.enrichment.client_base: gnomad rate limited (429), retrying in 4s...
2026-06-06 12:15:25.454 [ERROR] src.enrichment.client_base: gtex HTTP 422: Unprocessable Entity
2026-06-06 12:15:25.622 [WARNING] src.enrichment.client_base: clinvar rate limited (429), retrying in 1s...
2026-06-06 12:15:26.321 [WARNING] src.enrichment.client_base: gnomad rate limited (429), retrying in 8s...
2026-06-06 12:15:26.690 [ERROR] src.enrichment.client_base: gtex HTTP 422: Unprocessable Entity
2026-06-06 12:15:26.823 [WARNING] src.enrichment.client_base: gnomad rate limited (429), retrying in 8s...
2026-06-06 12:15:26.854 [WARNING] src.enrichment.client_base: gnomad rate limited (429), retrying in 8s...
2026-06-06 12:15:27.099 [ERROR] src.enrichment.client_base: gtex HTTP 422: Unprocessable Entity
2026-06-06 12:15:27.198 [WARNING] src.enrichment.client_base: gnomad rate limited (429), retrying in 4s...
2026-06-06 12:15:27.228 [WARNING] src.enrichment.client_base: clinvar rate limited (429), retrying in 1s...
2026-06-06 12:15:27.304 [WARNING] src.enrichment.client_base: gnomad rate limited (429), retrying in 8s...
2026-06-06 12:15:27.345 [WARNING] src.enrichment.client_base: gnomad rate limited (429), retrying in 8s...
2026-06-06 12:15:27.502 [WARNING] src.enrichment.client_base: clinvar rate limited (429), retrying in 1s...
2026-06-06 12:15:27.604 [ERROR] src.enrichment.client_base: gtex HTTP 422: Unprocessable Entity
2026-06-06 12:15:27.618 [WARNING] src.enrichment.client_base: gnomad rate limited (429), retrying in 8s...
2026-06-06 12:15:27.635 [WARNING] src.enrichment.client_base: gnomad rate limited (429), retrying in 8s...
2026-06-06 12:15:27.747 [WARNING] src.enrichment.client_base: gnomad rate limited (429), retrying in 8s...
2026-06-06 12:15:27.909 [WARNING] src.enrichment.client_base: gnomad rate limited (429), retrying in 8s...
2026-06-06 12:15:27.937 [WARNING] src.enrichment.client_base: gnomad rate limited (429), retrying in 8s...
2026-06-06 12:15:27.944 [WARNING] src.enrichment.client_base: gnomad rate limited (429), retrying in 8s...
2026-06-06 12:15:27.954 [ERROR] src.enrichment.client_base: gtex HTTP 422: Unprocessable Entity
2026-06-06 12:15:28.363 [ERROR] src.enrichment.client_base: gtex HTTP 422: Unprocessable Entity
2026-06-06 12:15:28.397 [WARNING] src.enrichment.client_base: gnomad rate limited (429), retrying in 8s...
2026-06-06 12:15:28.444 [ERROR] src.enrichment.client_base: gtex HTTP 422: Unprocessable Entity
2026-06-06 12:15:28.806 [WARNING] src.enrichment.client_base: gnomad rate limited (429), retrying in 8s...
2026-06-06 12:15:29.049 [ERROR] src.enrichment.client_base: gtex HTTP 422: Unprocessable Entity
2026-06-06 12:15:29.120 [ERROR] src.enrichment.client_base: gtex HTTP 422: Unprocessable Entity
2026-06-06 12:15:29.144 [ERROR] src.enrichment.client_base: gtex HTTP 422: Unprocessable Entity
2026-06-06 12:15:29.189 [ERROR] src.enrichment.client_base: gtex HTTP 422: Unprocessable Entity
2026-06-06 12:15:29.331 [ERROR] src.enrichment.client_base: gtex HTTP 422: Unprocessable Entity
2026-06-06 12:15:29.340 [WARNING] src.enrichment.client_base: clinvar rate limited (429), retrying in 2s...
2026-06-06 12:15:29.417 [ERROR] src.enrichment.client_base: gtex HTTP 422: Unprocessable Entity
2026-06-06 12:15:29.485 [WARNING] src.enrichment.client_base: clinvar rate limited (429), retrying in 1s...
2026-06-06 12:15:29.586 [ERROR] src.enrichment.client_base: gtex HTTP 422: Unprocessable Entity
2026-06-06 12:15:29.657 [ERROR] src.enrichment.client_base: gtex HTTP 422: Unprocessable Entity
2026-06-06 12:15:29.717 [WARNING] src.enrichment.client_base: gnomad rate limited (429), retrying in 8s...
2026-06-06 12:15:29.920 [ERROR] src.enrichment.client_base: gtex HTTP 422: Unprocessable Entity
2026-06-06 12:15:29.973 [ERROR] src.enrichment.client_base: gtex HTTP 422: Unprocessable Entity
2026-06-06 12:15:30.070 [ERROR] src.enrichment.client_base: gtex HTTP 422: Unprocessable Entity
2026-06-06 12:15:30.402 [ERROR] src.enrichment.client_base: gtex HTTP 422: Unprocessable Entity
2026-06-06 12:15:30.509 [ERROR] src.enrichment.client_base: gtex HTTP 422: Unprocessable Entity
2026-06-06 12:15:30.512 [ERROR] src.enrichment.client_base: gtex HTTP 422: Unprocessable Entity
2026-06-06 12:15:30.527 [ERROR] src.enrichment.client_base: gtex HTTP 422: Unprocessable Entity
2026-06-06 12:15:30.660 [ERROR] src.enrichment.client_base: gtex HTTP 422: Unprocessable Entity
2026-06-06 12:15:31.130 [ERROR] src.enrichment.client_base: gtex HTTP 422: Unprocessable Entity
2026-06-06 12:15:31.244 [WARNING] src.enrichment.client_base: clinvar rate limited (429), retrying in 2s...
2026-06-06 12:15:31.535 [WARNING] src.enrichment.client_base: gnomad rate limited (429), retrying in 8s...
2026-06-06 12:15:31.549 [ERROR] src.enrichment.client_base: gtex HTTP 422: Unprocessable Entity
2026-06-06 12:15:31.582 [WARNING] src.enrichment.client_base: clinvar rate limited (429), retrying in 4s...
2026-06-06 12:15:31.825 [ERROR] src.enrichment.client_base: gtex HTTP 422: Unprocessable Entity
2026-06-06 12:15:31.863 [ERROR] src.enrichment.client_base: gtex HTTP 422: Unprocessable Entity
2026-06-06 12:15:32.021 [ERROR] src.enrichment.client_base: gtex HTTP 422: Unprocessable Entity
2026-06-06 12:15:32.021 [ERROR] src.enrichment.client_base: gtex HTTP 422: Unprocessable Entity
2026-06-06 12:15:32.062 [ERROR] src.enrichment.client_base: gtex HTTP 422: Unprocessable Entity
2026-06-06 12:15:32.158 [ERROR] src.enrichment.client_base: gtex HTTP 422: Unprocessable Entity
2026-06-06 12:15:32.522 [ERROR] src.enrichment.client_base: gtex HTTP 422: Unprocessable Entity
2026-06-06 12:15:32.690 [ERROR] src.enrichment.client_base: gtex HTTP 422: Unprocessable Entity
2026-06-06 12:15:33.170 [ERROR] src.enrichment.client_base: gtex HTTP 422: Unprocessable Entity
2026-06-06 12:15:33.536 [ERROR] src.enrichment.client_base: gtex HTTP 422: Unprocessable Entity
2026-06-06 12:15:33.613 [ERROR] src.enrichment.client_base: gtex HTTP 422: Unprocessable Entity
2026-06-06 12:15:34.050 [WARNING] src.enrichment.client_base: clinvar rate limited (429), retrying in 1s...
2026-06-06 12:15:34.232 [WARNING] src.enrichment.client_base: clinvar rate limited (429), retrying in 1s...
2026-06-06 12:15:34.329 [ERROR] src.enrichment.client_base: gtex HTTP 422: Unprocessable Entity
2026-06-06 12:15:34.506 [ERROR] src.enrichment.client_base: gtex HTTP 422: Unprocessable Entity
2026-06-06 12:15:34.507 [ERROR] src.enrichment.client_base: gtex HTTP 422: Unprocessable Entity
2026-06-06 12:15:34.631 [WARNING] src.enrichment.client_base: gnomad rate limited (429), retrying in 1s...
2026-06-06 12:15:34.740 [ERROR] src.enrichment.client_base: gtex HTTP 422: Unprocessable Entity
2026-06-06 12:15:35.147 [WARNING] src.enrichment.client_base: gnomad rate limited (429), retrying in 1s...
2026-06-06 12:15:35.197 [WARNING] src.enrichment.client_base: gnomad rate limited (429), retrying in 1s...
2026-06-06 12:15:35.241 [ERROR] src.enrichment.client_base: gtex HTTP 422: Unprocessable Entity
2026-06-06 12:15:35.615 [WARNING] src.enrichment.client_base: gnomad rate limited (429), retrying in 1s...
2026-06-06 12:15:35.787 [WARNING] src.enrichment.client_base: clinvar rate limited (429), retrying in 2s...
2026-06-06 12:15:35.939 [WARNING] src.enrichment.client_base: gnomad rate limited (429), retrying in 1s...
2026-06-06 12:15:35.940 [WARNING] src.enrichment.client_base: gnomad rate limited (429), retrying in 1s...
2026-06-06 12:15:35.984 [WARNING] src.enrichment.client_base: gnomad rate limited (429), retrying in 2s...
2026-06-06 12:15:36.026 [WARNING] src.enrichment.client_base: gnomad rate limited (429), retrying in 1s...
2026-06-06 12:15:36.055 [ERROR] src.enrichment.client_base: gtex HTTP 422: Unprocessable Entity
2026-06-06 12:15:36.232 [WARNING] src.enrichment.client_base: gnomad rate limited (429), retrying in 1s...
2026-06-06 12:15:36.232 [WARNING] src.enrichment.client_base: clinvar rate limited (429), retrying in 1s...
2026-06-06 12:15:36.260 [WARNING] src.enrichment.client_base: gnomad rate limited (429), retrying in 1s...
2026-06-06 12:15:36.493 [WARNING] src.enrichment.client_base: gnomad rate limited (429), retrying in 2s...
2026-06-06 12:15:36.493 [WARNING] src.enrichment.client_base: gnomad rate limited (429), retrying in 1s...
2026-06-06 12:15:36.507 [WARNING] src.enrichment.client_base: gnomad rate limited (429), retrying in 2s...
2026-06-06 12:15:36.638 [WARNING] src.enrichment.client_base: gnomad rate limited (429), retrying in 1s...
2026-06-06 12:15:36.706 [WARNING] src.enrichment.client_base: gnomad rate limited (429), retrying in 1s...
2026-06-06 12:15:36.943 [WARNING] src.enrichment.client_base: gnomad rate limited (429), retrying in 2s...
2026-06-06 12:15:36.978 [ERROR] src.enrichment.client_base: gtex HTTP 422: Unprocessable Entity
2026-06-06 12:15:36.985 [ERROR] src.enrichment.client_base: gtex HTTP 422: Unprocessable Entity
2026-06-06 12:15:37.130 [WARNING] src.enrichment.client_base: gnomad rate limited (429), retrying in 1s...
2026-06-06 12:15:37.298 [WARNING] src.enrichment.client_base: gnomad rate limited (429), retrying in 2s...
2026-06-06 12:15:37.305 [WARNING] src.enrichment.client_base: gnomad rate limited (429), retrying in 2s...
2026-06-06 12:15:37.341 [WARNING] src.enrichment.client_base: gnomad rate limited (429), retrying in 2s...
2026-06-06 12:15:37.552 [WARNING] src.enrichment.client_base: gnomad rate limited (429), retrying in 2s...
2026-06-06 12:15:37.618 [WARNING] src.enrichment.client_base: gnomad rate limited (429), retrying in 2s...
2026-06-06 12:15:37.665 [ERROR] src.enrichment.client_base: gtex HTTP 422: Unprocessable Entity
2026-06-06 12:15:37.679 [ERROR] src.enrichment.client_base: gtex HTTP 422: Unprocessable Entity
2026-06-06 12:15:37.810 [WARNING] src.enrichment.client_base: gnomad rate limited (429), retrying in 2s...
2026-06-06 12:15:37.941 [WARNING] src.enrichment.client_base: clinvar rate limited (429), retrying in 2s...
2026-06-06 12:15:37.952 [WARNING] src.enrichment.client_base: gnomad rate limited (429), retrying in 2s...
2026-06-06 12:15:37.969 [ERROR] src.enrichment.client_base: gtex HTTP 422: Unprocessable Entity
2026-06-06 12:15:38.028 [WARNING] src.enrichment.client_base: gnomad rate limited (429), retrying in 2s...
2026-06-06 12:15:38.043 [WARNING] src.enrichment.client_base: gnomad rate limited (429), retrying in 1s...
2026-06-06 12:15:38.109 [ERROR] src.enrichment.client_base: gtex HTTP 422: Unprocessable Entity
2026-06-06 12:15:38.162 [ERROR] src.enrichment.client_base: gtex HTTP 422: Unprocessable Entity
2026-06-06 12:15:38.308 [WARNING] src.enrichment.client_base: gnomad rate limited (429), retrying in 4s...
2026-06-06 12:15:38.445 [WARNING] src.enrichment.client_base: gnomad rate limited (429), retrying in 2s...
2026-06-06 12:15:38.613 [ERROR] src.enrichment.client_base: gtex HTTP 422: Unprocessable Entity
2026-06-06 12:15:38.815 [WARNING] src.enrichment.client_base: gnomad rate limited (429), retrying in 4s...
2026-06-06 12:15:38.817 [WARNING] src.enrichment.client_base: gnomad rate limited (429), retrying in 4s...
2026-06-06 12:15:38.974 [ERROR] src.enrichment.client_base: gtex HTTP 422: Unprocessable Entity
2026-06-06 12:15:38.985 [ERROR] src.enrichment.client_base: gtex HTTP 422: Unprocessable Entity
2026-06-06 12:15:39.026 [WARNING] src.enrichment.client_base: clinvar rate limited (429), retrying in 4s...
2026-06-06 12:15:39.211 [ERROR] src.enrichment.client_base: gtex HTTP 422: Unprocessable Entity
2026-06-06 12:15:39.226 [ERROR] src.enrichment.client_base: gtex HTTP 422: Unprocessable Entity
2026-06-06 12:15:39.226 [ERROR] src.enrichment.client_base: gtex HTTP 422: Unprocessable Entity
2026-06-06 12:15:39.265 [WARNING] src.enrichment.client_base: gnomad rate limited (429), retrying in 4s...
2026-06-06 12:15:39.405 [WARNING] src.enrichment.client_base: clinvar rate limited (429), retrying in 1s...
2026-06-06 12:15:39.459 [ERROR] src.enrichment.client_base: gtex HTTP 422: Unprocessable Entity
2026-06-06 12:15:39.465 [ERROR] src.enrichment.client_base: gtex HTTP 422: Unprocessable Entity
2026-06-06 12:15:39.650 [ERROR] src.enrichment.client_base: gtex HTTP 422: Unprocessable Entity
2026-06-06 12:15:39.652 [ERROR] src.enrichment.client_base: gtex HTTP 422: Unprocessable Entity
2026-06-06 12:15:39.689 [WARNING] src.enrichment.client_base: gnomad rate limited (429), retrying in 4s...
2026-06-06 12:15:39.689 [ERROR] src.enrichment.client_base: gtex HTTP 422: Unprocessable Entity
2026-06-06 12:15:39.693 [ERROR] src.enrichment.client_base: gtex HTTP 422: Unprocessable Entity
2026-06-06 12:15:39.711 [ERROR] src.enrichment.client_base: gtex HTTP 422: Unprocessable Entity
2026-06-06 12:15:39.743 [WARNING] src.enrichment.client_base: gnomad rate limited (429), retrying in 2s...
2026-06-06 12:15:39.937 [WARNING] src.enrichment.client_base: gnomad rate limited (429), retrying in 4s...
2026-06-06 12:15:39.939 [WARNING] src.enrichment.client_base: gnomad rate limited (429), retrying in 4s...
2026-06-06 12:15:40.032 [WARNING] src.enrichment.client_base: gnomad rate limited (429), retrying in 4s...
2026-06-06 12:15:40.082 [WARNING] src.enrichment.client_base: gnomad rate limited (429), retrying in 4s...
2026-06-06 12:15:40.118 [ERROR] src.enrichment.client_base: gtex HTTP 422: Unprocessable Entity
2026-06-06 12:15:40.133 [WARNING] src.enrichment.client_base: gnomad rate limited (429), retrying in 4s...
2026-06-06 12:15:40.280 [WARNING] src.enrichment.client_base: gnomad rate limited (429), retrying in 1s...
2026-06-06 12:15:40.280 [WARNING] src.enrichment.client_base: gnomad rate limited (429), retrying in 4s...
2026-06-06 12:15:40.387 [ERROR] src.enrichment.client_base: gtex HTTP 422: Unprocessable Entity
2026-06-06 12:15:40.732 [WARNING] src.enrichment.client_base: gnomad rate limited (429), retrying in 4s...
2026-06-06 12:15:40.774 [WARNING] src.enrichment.client_base: gnomad rate limited (429), retrying in 4s...
2026-06-06 12:15:40.834 [ERROR] src.enrichment.client_base: gtex HTTP 422: Unprocessable Entity
2026-06-06 12:15:40.950 [ERROR] src.enrichment.client_base: gtex HTTP 422: Unprocessable Entity
2026-06-06 12:15:41.119 [ERROR] src.enrichment.client_base: gtex HTTP 422: Unprocessable Entity
2026-06-06 12:15:41.170 [ERROR] src.enrichment.client_base: gtex HTTP 422: Unprocessable Entity
2026-06-06 12:15:41.350 [ERROR] src.enrichment.client_base: gtex HTTP 422: Unprocessable Entity
2026-06-06 12:15:41.532 [ERROR] src.enrichment.client_base: gtex HTTP 422: Unprocessable Entity
2026-06-06 12:15:41.615 [WARNING] src.enrichment.client_base: gnomad rate limited (429), retrying in 2s...
2026-06-06 12:15:41.856 [ERROR] src.enrichment.client_base: gtex HTTP 422: Unprocessable Entity
2026-06-06 12:15:42.052 [WARNING] src.enrichment.client_base: gnomad rate limited (429), retrying in 4s...
2026-06-06 12:15:42.090 [ERROR] src.enrichment.client_base: gtex HTTP 422: Unprocessable Entity
2026-06-06 12:15:42.143 [ERROR] src.enrichment.client_base: gtex HTTP 422: Unprocessable Entity
2026-06-06 12:15:42.278 [ERROR] src.enrichment.client_base: gtex HTTP 422: Unprocessable Entity
2026-06-06 12:15:42.619 [ERROR] src.enrichment.client_base: gtex HTTP 422: Unprocessable Entity
2026-06-06 12:15:42.632 [WARNING] src.enrichment.client_base: gnomad rate limited (429), retrying in 8s...
2026-06-06 12:15:42.847 [ERROR] src.enrichment.client_base: gtex HTTP 422: Unprocessable Entity
2026-06-06 12:15:43.130 [WARNING] src.enrichment.client_base: gnomad rate limited (429), retrying in 8s...
2026-06-06 12:15:43.131 [WARNING] src.enrichment.client_base: gnomad rate limited (429), retrying in 8s...
2026-06-06 12:15:43.279 [WARNING] src.enrichment.client_base: clinvar rate limited (429), retrying in 8s...
2026-06-06 12:15:43.457 [ERROR] src.enrichment.client_base: gtex HTTP 422: Unprocessable Entity
2026-06-06 12:15:43.598 [WARNING] src.enrichment.client_base: gnomad rate limited (429), retrying in 8s...
2026-06-06 12:15:43.602 [ERROR] src.enrichment.client_base: gtex HTTP 422: Unprocessable Entity
2026-06-06 12:15:43.668 [ERROR] src.enrichment.client_base: gtex HTTP 422: Unprocessable Entity
2026-06-06 12:15:43.989 [WARNING] src.enrichment.client_base: gnomad rate limited (429), retrying in 4s...
2026-06-06 12:15:44.005 [WARNING] src.enrichment.client_base: gnomad rate limited (429), retrying in 8s...
2026-06-06 12:15:44.296 [WARNING] src.enrichment.client_base: gnomad rate limited (429), retrying in 8s...
2026-06-06 12:15:44.319 [WARNING] src.enrichment.client_base: gnomad rate limited (429), retrying in 8s...
2026-06-06 12:15:44.346 [WARNING] src.enrichment.client_base: gnomad rate limited (429), retrying in 8s...
2026-06-06 12:15:44.427 [ERROR] src.enrichment.client_base: gtex HTTP 422: Unprocessable Entity
2026-06-06 12:15:44.432 [WARNING] src.enrichment.client_base: gnomad rate limited (429), retrying in 8s...
2026-06-06 12:15:44.477 [WARNING] src.enrichment.client_base: gnomad rate limited (429), retrying in 8s...
2026-06-06 12:15:44.605 [WARNING] src.enrichment.client_base: gnomad rate limited (429), retrying in 8s...
2026-06-06 12:15:44.632 [WARNING] src.enrichment.client_base: clinvar rate limited (429), retrying in 1s...
2026-06-06 12:15:44.674 [ERROR] src.enrichment.client_base: gtex HTTP 422: Unprocessable Entity
2026-06-06 12:15:45.058 [WARNING] src.enrichment.client_base: gnomad rate limited (429), retrying in 8s...
2026-06-06 12:15:45.096 [WARNING] src.enrichment.client_base: gnomad rate limited (429), retrying in 8s...
2026-06-06 12:15:45.335 [ERROR] src.enrichment.client_base: gtex HTTP 422: Unprocessable Entity
2026-06-06 12:15:46.362 [WARNING] src.enrichment.client_base: gnomad rate limited (429), retrying in 8s...
2026-06-06 12:15:46.536 [WARNING] src.enrichment.client_base: clinvar rate limited (429), retrying in 1s...
2026-06-06 12:15:46.559 [ERROR] src.enrichment.client_base: gtex HTTP 422: Unprocessable Entity
2026-06-06 12:15:46.677 [ERROR] src.enrichment.client_base: gtex HTTP 422: Unprocessable Entity
2026-06-06 12:15:46.805 [ERROR] src.enrichment.client_base: gtex HTTP 422: Unprocessable Entity
2026-06-06 12:15:47.024 [ERROR] src.enrichment.client_base: gtex HTTP 422: Unprocessable Entity
2026-06-06 12:15:47.139 [ERROR] src.enrichment.client_base: gtex HTTP 422: Unprocessable Entity
2026-06-06 12:15:47.311 [ERROR] src.enrichment.client_base: gtex HTTP 422: Unprocessable Entity
2026-06-06 12:15:47.325 [ERROR] src.enrichment.client_base: gtex HTTP 422: Unprocessable Entity
2026-06-06 12:15:47.867 [ERROR] src.enrichment.client_base: gtex HTTP 422: Unprocessable Entity
2026-06-06 12:15:47.910 [WARNING] src.enrichment.client_base: clinvar rate limited (429), retrying in 1s...
2026-06-06 12:15:48.161 [ERROR] src.enrichment.client_base: gtex HTTP 422: Unprocessable Entity
2026-06-06 12:15:48.329 [WARNING] src.enrichment.client_base: gnomad rate limited (429), retrying in 8s...
2026-06-06 12:15:48.530 [ERROR] src.enrichment.client_base: gtex HTTP 422: Unprocessable Entity
2026-06-06 12:15:48.542 [ERROR] src.enrichment.client_base: gtex HTTP 422: Unprocessable Entity
2026-06-06 12:15:48.679 [ERROR] src.enrichment.client_base: gtex HTTP 422: Unprocessable Entity
2026-06-06 12:15:49.018 [ERROR] src.enrichment.client_base: gtex HTTP 422: Unprocessable Entity
2026-06-06 12:15:49.025 [ERROR] src.enrichment.client_base: gtex HTTP 422: Unprocessable Entity
2026-06-06 12:15:49.128 [WARNING] src.enrichment.client_base: clinvar rate limited (429), retrying in 1s...
2026-06-06 12:15:49.175 [ERROR] src.enrichment.client_base: gtex HTTP 422: Unprocessable Entity
2026-06-06 12:15:49.179 [ERROR] src.enrichment.client_base: gtex HTTP 422: Unprocessable Entity
2026-06-06 12:15:49.199 [ERROR] src.enrichment.client_base: gtex HTTP 422: Unprocessable Entity
2026-06-06 12:15:49.343 [ERROR] src.enrichment.client_base: gtex HTTP 422: Unprocessable Entity
2026-06-06 12:15:49.373 [ERROR] src.enrichment.client_base: gtex HTTP 422: Unprocessable Entity
2026-06-06 12:15:49.517 [ERROR] src.enrichment.client_base: gtex HTTP 422: Unprocessable Entity
2026-06-06 12:15:49.628 [ERROR] src.enrichment.client_base: gtex HTTP 422: Unprocessable Entity
2026-06-06 12:15:49.811 [ERROR] src.enrichment.client_base: gtex HTTP 422: Unprocessable Entity
2026-06-06 12:15:50.367 [ERROR] src.enrichment.client_base: gtex HTTP 422: Unprocessable Entity
2026-06-06 12:15:50.519 [ERROR] src.enrichment.client_base: gtex HTTP 422: Unprocessable Entity
2026-06-06 12:15:50.826 [ERROR] src.enrichment.client_base: gtex HTTP 422: Unprocessable Entity
2026-06-06 12:15:50.936 [WARNING] src.enrichment.client_base: gnomad rate limited (429), retrying in 1s...
2026-06-06 12:15:51.040 [ERROR] src.enrichment.client_base: gtex HTTP 422: Unprocessable Entity
2026-06-06 12:15:51.306 [ERROR] src.enrichment.client_base: gtex HTTP 422: Unprocessable Entity
2026-06-06 12:15:51.318 [ERROR] src.enrichment.client_base: gtex HTTP 422: Unprocessable Entity
2026-06-06 12:15:51.391 [ERROR] src.enrichment.client_base: gtex HTTP 422: Unprocessable Entity
2026-06-06 12:15:51.473 [WARNING] src.enrichment.client_base: gnomad rate limited (429), retrying in 1s...
2026-06-06 12:15:51.490 [ERROR] src.enrichment.client_base: gtex HTTP 422: Unprocessable Entity
2026-06-06 12:15:51.731 [ERROR] src.enrichment.client_base: gtex HTTP 422: Unprocessable Entity
2026-06-06 12:15:51.737 [ERROR] src.enrichment.client_base: gtex HTTP 422: Unprocessable Entity
2026-06-06 12:15:51.976 [WARNING] src.enrichment.client_base: gnomad rate limited (429), retrying in 1s...
2026-06-06 12:15:52.062 [ERROR] src.enrichment.client_base: gtex HTTP 422: Unprocessable Entity
2026-06-06 12:15:52.162 [WARNING] src.enrichment.client_base: gnomad rate limited (429), retrying in 1s...
2026-06-06 12:15:52.317 [WARNING] src.enrichment.client_base: gnomad rate limited (429), retrying in 1s...
2026-06-06 12:15:52.383 [WARNING] src.enrichment.client_base: clinvar rate limited (429), retrying in 1s...
2026-06-06 12:15:52.610 [WARNING] src.enrichment.client_base: gnomad rate limited (429), retrying in 2s...
2026-06-06 12:15:52.636 [WARNING] src.enrichment.client_base: clinvar rate limited (429), retrying in 1s...
2026-06-06 12:15:52.637 [WARNING] src.enrichment.client_base: gnomad rate limited (429), retrying in 1s...
2026-06-06 12:15:52.641 [WARNING] src.enrichment.client_base: gnomad rate limited (429), retrying in 1s...
2026-06-06 12:15:52.752 [WARNING] src.enrichment.client_base: gnomad rate limited (429), retrying in 1s...
2026-06-06 12:15:52.792 [WARNING] src.enrichment.client_base: gnomad rate limited (429), retrying in 2s...
2026-06-06 12:15:52.813 [WARNING] src.enrichment.client_base: gnomad rate limited (429), retrying in 1s...
2026-06-06 12:15:52.826 [ERROR] src.enrichment.client_base: gtex HTTP 422: Unprocessable Entity
2026-06-06 12:15:52.909 [WARNING] src.enrichment.client_base: gnomad rate limited (429), retrying in 1s...
2026-06-06 12:15:53.072 [ERROR] src.enrichment.client_base: gtex HTTP 422: Unprocessable Entity
2026-06-06 12:15:53.285 [WARNING] src.enrichment.client_base: gnomad rate limited (429), retrying in 2s...
2026-06-06 12:15:53.403 [WARNING] src.enrichment.client_base: gnomad rate limited (429), retrying in 1s...
2026-06-06 12:15:53.405 [WARNING] src.enrichment.client_base: gnomad rate limited (429), retrying in 1s...
2026-06-06 12:15:53.425 [WARNING] src.enrichment.client_base: gnomad rate limited (429), retrying in 1s...
2026-06-06 12:15:53.487 [WARNING] src.enrichment.client_base: gnomad rate limited (429), retrying in 2s...
2026-06-06 12:15:53.508 [ERROR] src.enrichment.client_base: gtex HTTP 422: Unprocessable Entity
2026-06-06 12:15:53.668 [WARNING] src.enrichment.client_base: gnomad rate limited (429), retrying in 2s...
2026-06-06 12:15:53.802 [ERROR] src.enrichment.client_base: gtex HTTP 422: Unprocessable Entity
2026-06-06 12:15:53.887 [WARNING] src.enrichment.client_base: clinvar rate limited (429), retrying in 2s...
2026-06-06 12:15:53.940 [ERROR] src.enrichment.client_base: gtex HTTP 422: Unprocessable Entity
2026-06-06 12:15:53.946 [WARNING] src.enrichment.client_base: gnomad rate limited (429), retrying in 2s...
2026-06-06 12:15:53.951 [WARNING] src.enrichment.client_base: gnomad rate limited (429), retrying in 2s...
2026-06-06 12:15:54.067 [WARNING] src.enrichment.client_base: gnomad rate limited (429), retrying in 2s...
2026-06-06 12:15:54.137 [WARNING] src.enrichment.client_base: gnomad rate limited (429), retrying in 2s...
2026-06-06 12:15:54.170 [ERROR] src.enrichment.client_base: gtex HTTP 422: Unprocessable Entity
2026-06-06 12:15:54.250 [WARNING] src.enrichment.client_base: gnomad rate limited (429), retrying in 2s...
2026-06-06 12:15:54.416 [WARNING] src.enrichment.client_base: clinvar rate limited (429), retrying in 1s...
2026-06-06 12:15:54.692 [WARNING] src.enrichment.client_base: gnomad rate limited (429), retrying in 1s...
2026-06-06 12:15:54.737 [WARNING] src.enrichment.client_base: gnomad rate limited (429), retrying in 2s...
2026-06-06 12:15:54.745 [WARNING] src.enrichment.client_base: gnomad rate limited (429), retrying in 2s...
2026-06-06 12:15:54.933 [WARNING] src.enrichment.client_base: gnomad rate limited (429), retrying in 4s...
2026-06-06 12:15:55.094 [WARNING] src.enrichment.client_base: gnomad rate limited (429), retrying in 4s...
2026-06-06 12:15:55.117 [WARNING] src.enrichment.client_base: gnomad rate limited (429), retrying in 2s...
2026-06-06 12:15:55.332 [ERROR] src.enrichment.client_base: gtex HTTP 422: Unprocessable Entity
2026-06-06 12:15:55.622 [WARNING] src.enrichment.client_base: gnomad rate limited (429), retrying in 4s...
2026-06-06 12:15:55.783 [WARNING] src.enrichment.client_base: clinvar rate limited (429), retrying in 1s...
2026-06-06 12:15:55.865 [ERROR] src.enrichment.client_base: gtex HTTP 422: Unprocessable Entity
2026-06-06 12:15:55.945 [WARNING] src.enrichment.client_base: clinvar rate limited (429), retrying in 2s...
2026-06-06 12:15:55.999 [WARNING] src.enrichment.client_base: gnomad rate limited (429), retrying in 4s...
2026-06-06 12:15:56.054 [WARNING] src.enrichment.client_base: gnomad rate limited (429), retrying in 2s...
2026-06-06 12:15:56.177 [WARNING] src.enrichment.client_base: gnomad rate limited (429), retrying in 4s...
2026-06-06 12:15:56.234 [ERROR] src.enrichment.client_base: gtex HTTP 422: Unprocessable Entity
2026-06-06 12:15:56.258 [WARNING] src.enrichment.client_base: gnomad rate limited (429), retrying in 4s...
2026-06-06 12:15:56.281 [WARNING] src.enrichment.client_base: gnomad rate limited (429), retrying in 4s...
2026-06-06 12:15:56.316 [ERROR] src.enrichment.client_base: gtex HTTP 422: Unprocessable Entity
2026-06-06 12:15:56.403 [WARNING] src.enrichment.client_base: gnomad rate limited (429), retrying in 4s...
2026-06-06 12:15:56.465 [WARNING] src.enrichment.client_base: gnomad rate limited (429), retrying in 4s...
2026-06-06 12:15:56.659 [WARNING] src.enrichment.client_base: gnomad rate limited (429), retrying in 1s...
2026-06-06 12:15:56.714 [ERROR] src.enrichment.client_base: gtex HTTP 422: Unprocessable Entity
2026-06-06 12:15:56.954 [ERROR] src.enrichment.client_base: gtex HTTP 422: Unprocessable Entity
2026-06-06 12:15:57.040 [WARNING] src.enrichment.client_base: gnomad rate limited (429), retrying in 4s...
2026-06-06 12:15:57.063 [WARNING] src.enrichment.client_base: gnomad rate limited (429), retrying in 4s...
2026-06-06 12:15:57.064 [ERROR] src.enrichment.client_base: gtex HTTP 422: Unprocessable Entity
2026-06-06 12:15:57.407 [ERROR] src.enrichment.client_base: gtex HTTP 422: Unprocessable Entity
2026-06-06 12:15:57.435 [WARNING] src.enrichment.client_base: gnomad rate limited (429), retrying in 4s...
2026-06-06 12:15:57.562 [ERROR] src.enrichment.client_base: gtex HTTP 422: Unprocessable Entity
2026-06-06 12:15:57.590 [WARNING] src.enrichment.client_base: clinvar rate limited (429), retrying in 1s...
2026-06-06 12:15:57.733 [ERROR] src.enrichment.client_base: gtex HTTP 422: Unprocessable Entity
2026-06-06 12:15:57.741 [WARNING] src.enrichment.client_base: clinvar rate limited (429), retrying in 2s...
2026-06-06 12:15:57.961 [WARNING] src.enrichment.client_base: gnomad rate limited (429), retrying in 2s...
2026-06-06 12:15:58.037 [ERROR] src.enrichment.client_base: gtex HTTP 422: Unprocessable Entity
2026-06-06 12:15:58.198 [ERROR] src.enrichment.client_base: gtex HTTP 422: Unprocessable Entity
2026-06-06 12:15:58.251 [ERROR] src.enrichment.client_base: gtex HTTP 422: Unprocessable Entity
2026-06-06 12:15:58.379 [WARNING] src.enrichment.client_base: gnomad rate limited (429), retrying in 4s...
2026-06-06 12:15:58.409 [ERROR] src.enrichment.client_base: gtex HTTP 422: Unprocessable Entity
2026-06-06 12:15:58.430 [ERROR] src.enrichment.client_base: gtex HTTP 422: Unprocessable Entity
2026-06-06 12:15:58.550 [ERROR] src.enrichment.client_base: gtex HTTP 422: Unprocessable Entity
2026-06-06 12:15:58.660 [ERROR] src.enrichment.client_base: gtex HTTP 422: Unprocessable Entity
2026-06-06 12:15:58.768 [ERROR] src.enrichment.client_base: gtex HTTP 422: Unprocessable Entity
2026-06-06 12:15:58.878 [ERROR] src.enrichment.client_base: gtex HTTP 422: Unprocessable Entity
2026-06-06 12:15:58.896 [ERROR] src.enrichment.client_base: gtex HTTP 422: Unprocessable Entity
2026-06-06 12:15:59.255 [WARNING] src.enrichment.client_base: gnomad rate limited (429), retrying in 8s...
2026-06-06 12:15:59.402 [WARNING] src.enrichment.client_base: gnomad rate limited (429), retrying in 4s...
2026-06-06 12:15:59.416 [WARNING] src.enrichment.client_base: clinvar rate limited (429), retrying in 2s...
2026-06-06 12:15:59.420 [WARNING] src.enrichment.client_base: gnomad rate limited (429), retrying in 8s...
2026-06-06 12:15:59.507 [ERROR] src.enrichment.client_base: gtex HTTP 422: Unprocessable Entity
2026-06-06 12:15:59.597 [WARNING] src.enrichment.client_base: clinvar rate limited (429), retrying in 1s...
2026-06-06 12:15:59.694 [ERROR] src.enrichment.client_base: gtex HTTP 422: Unprocessable Entity
2026-06-06 12:15:59.699 [ERROR] src.enrichment.client_base: gtex HTTP 422: Unprocessable Entity
2026-06-06 12:15:59.853 [ERROR] src.enrichment.client_base: gtex HTTP 422: Unprocessable Entity
2026-06-06 12:15:59.986 [WARNING] src.enrichment.client_base: gnomad rate limited (429), retrying in 8s...
2026-06-06 12:16:00.026 [ERROR] src.enrichment.client_base: gtex HTTP 422: Unprocessable Entity
2026-06-06 12:16:00.238 [ERROR] src.enrichment.client_base: gtex HTTP 422: Unprocessable Entity
2026-06-06 12:16:00.280 [WARNING] src.enrichment.client_base: gnomad rate limited (429), retrying in 4s...
2026-06-06 12:16:00.308 [WARNING] src.enrichment.client_base: gnomad rate limited (429), retrying in 8s...
2026-06-06 12:16:00.492 [WARNING] src.enrichment.client_base: gnomad rate limited (429), retrying in 8s...
2026-06-06 12:16:00.594 [ERROR] src.enrichment.client_base: gtex HTTP 422: Unprocessable Entity
2026-06-06 12:16:00.594 [WARNING] src.enrichment.client_base: gnomad rate limited (429), retrying in 8s...
2026-06-06 12:16:00.601 [WARNING] src.enrichment.client_base: gnomad rate limited (429), retrying in 8s...
2026-06-06 12:16:00.658 [ERROR] src.enrichment.client_base: gtex HTTP 422: Unprocessable Entity
2026-06-06 12:16:00.727 [WARNING] src.enrichment.client_base: gnomad rate limited (429), retrying in 8s...
2026-06-06 12:16:00.770 [WARNING] src.enrichment.client_base: gnomad rate limited (429), retrying in 8s...
2026-06-06 12:16:00.888 [ERROR] src.enrichment.client_base: gtex HTTP 422: Unprocessable Entity
2026-06-06 12:16:01.194 [ERROR] src.enrichment.client_base: gtex HTTP 422: Unprocessable Entity
2026-06-06 12:16:01.241 [ERROR] src.enrichment.client_base: gtex HTTP 422: Unprocessable Entity
2026-06-06 12:16:01.291 [ERROR] src.enrichment.client_base: gtex HTTP 422: Unprocessable Entity
2026-06-06 12:16:01.442 [WARNING] src.enrichment.client_base: gnomad rate limited (429), retrying in 8s...
2026-06-06 12:16:01.453 [WARNING] src.enrichment.client_base: gnomad rate limited (429), retrying in 8s...
2026-06-06 12:16:01.639 [ERROR] src.enrichment.client_base: gtex HTTP 422: Unprocessable Entity
2026-06-06 12:16:01.818 [WARNING] src.enrichment.client_base: gnomad rate limited (429), retrying in 8s...
2026-06-06 12:16:01.903 [WARNING] src.enrichment.client_base: clinvar rate limited (429), retrying in 2s...
2026-06-06 12:16:02.076 [ERROR] src.enrichment.client_base: gtex HTTP 422: Unprocessable Entity
2026-06-06 12:16:02.233 [WARNING] src.enrichment.client_base: clinvar rate limited (429), retrying in 1s...
2026-06-06 12:16:02.401 [ERROR] src.enrichment.client_base: gtex HTTP 422: Unprocessable Entity
2026-06-06 12:16:02.791 [ERROR] src.enrichment.client_base: gtex HTTP 422: Unprocessable Entity
2026-06-06 12:16:02.926 [ERROR] src.enrichment.client_base: gtex HTTP 422: Unprocessable Entity
2026-06-06 12:16:03.142 [ERROR] src.enrichment.client_base: gtex HTTP 422: Unprocessable Entity
2026-06-06 12:16:03.165 [WARNING] src.enrichment.client_base: gnomad rate limited (429), retrying in 8s...
2026-06-06 12:16:03.714 [ERROR] src.enrichment.client_base: gtex HTTP 422: Unprocessable Entity
2026-06-06 12:16:03.741 [WARNING] src.enrichment.client_base: clinvar rate limited (429), retrying in 1s...
2026-06-06 12:16:03.792 [ERROR] src.enrichment.client_base: gtex HTTP 422: Unprocessable Entity
2026-06-06 12:16:03.798 [WARNING] src.enrichment.client_base: gnomad rate limited (429), retrying in 8s...
2026-06-06 12:16:04.686 [WARNING] src.enrichment.client_base: gnomad rate limited (429), retrying in 8s...
2026-06-06 12:16:04.954 [WARNING] src.enrichment.client_base: clinvar rate limited (429), retrying in 2s...
2026-06-06 12:16:04.981 [WARNING] src.enrichment.client_base: clinvar rate limited (429), retrying in 1s...
2026-06-06 12:16:05.210 [ERROR] src.enrichment.client_base: gtex HTTP 422: Unprocessable Entity
2026-06-06 12:16:05.421 [ERROR] src.enrichment.client_base: gtex HTTP 422: Unprocessable Entity
2026-06-06 12:16:05.426 [ERROR] src.enrichment.client_base: gtex HTTP 422: Unprocessable Entity
2026-06-06 12:16:05.670 [ERROR] src.enrichment.client_base: gtex HTTP 422: Unprocessable Entity
2026-06-06 12:16:05.916 [ERROR] src.enrichment.client_base: gtex HTTP 422: Unprocessable Entity
2026-06-06 12:16:06.450 [WARNING] src.enrichment.client_base: clinvar rate limited (429), retrying in 1s...
2026-06-06 12:16:06.480 [WARNING] src.enrichment.client_base: clinvar rate limited (429), retrying in 2s...
2026-06-06 12:16:06.595 [ERROR] src.enrichment.client_base: gtex HTTP 422: Unprocessable Entity
2026-06-06 12:16:06.692 [ERROR] src.enrichment.client_base: gtex HTTP 422: Unprocessable Entity
2026-06-06 12:16:07.060 [ERROR] src.enrichment.client_base: gtex HTTP 422: Unprocessable Entity
2026-06-06 12:16:07.132 [ERROR] src.enrichment.client_base: gtex HTTP 422: Unprocessable Entity
2026-06-06 12:16:07.135 [ERROR] src.enrichment.client_base: gtex HTTP 422: Unprocessable Entity
2026-06-06 12:16:07.153 [ERROR] src.enrichment.client_base: gtex HTTP 422: Unprocessable Entity
2026-06-06 12:16:07.327 [ERROR] src.enrichment.client_base: gtex HTTP 422: Unprocessable Entity
2026-06-06 12:16:07.374 [ERROR] src.enrichment.client_base: gtex HTTP 422: Unprocessable Entity
2026-06-06 12:16:07.625 [ERROR] src.enrichment.client_base: gtex HTTP 422: Unprocessable Entity
2026-06-06 12:16:07.635 [ERROR] src.enrichment.client_base: gtex HTTP 422: Unprocessable Entity
2026-06-06 12:16:07.650 [WARNING] src.enrichment.client_base: gnomad rate limited (429), retrying in 1s...
2026-06-06 12:16:07.804 [ERROR] src.enrichment.client_base: gtex HTTP 422: Unprocessable Entity
2026-06-06 12:16:07.847 [WARNING] src.enrichment.client_base: gnomad rate limited (429), retrying in 1s...
2026-06-06 12:16:08.170 [ERROR] src.enrichment.client_base: gtex HTTP 422: Unprocessable Entity
2026-06-06 12:16:08.263 [ERROR] src.enrichment.client_base: gtex HTTP 422: Unprocessable Entity
2026-06-06 12:16:08.386 [WARNING] src.enrichment.client_base: gnomad rate limited (429), retrying in 1s...
2026-06-06 12:16:08.547 [ERROR] src.enrichment.client_base: gtex HTTP 422: Unprocessable Entity
2026-06-06 12:16:08.561 [WARNING] src.enrichment.client_base: clinvar rate limited (429), retrying in 1s...
2026-06-06 12:16:08.614 [ERROR] src.enrichment.client_base: gtex HTTP 422: Unprocessable Entity
2026-06-06 12:16:08.628 [ERROR] src.enrichment.client_base: gtex HTTP 422: Unprocessable Entity
2026-06-06 12:16:08.659 [ERROR] src.enrichment.client_base: gtex HTTP 422: Unprocessable Entity
2026-06-06 12:16:08.687 [WARNING] src.enrichment.client_base: gnomad rate limited (429), retrying in 1s...
2026-06-06 12:16:08.745 [ERROR] src.enrichment.client_base: gtex HTTP 422: Unprocessable Entity
2026-06-06 12:16:08.876 [WARNING] src.enrichment.client_base: gnomad rate limited (429), retrying in 1s...
2026-06-06 12:16:08.970 [WARNING] src.enrichment.client_base: gnomad rate limited (429), retrying in 2s...
2026-06-06 12:16:08.982 [WARNING] src.enrichment.client_base: gnomad rate limited (429), retrying in 1s...
2026-06-06 12:16:09.102 [WARNING] src.enrichment.client_base: gnomad rate limited (429), retrying in 1s...
2026-06-06 12:16:09.118 [ERROR] src.enrichment.client_base: gtex HTTP 422: Unprocessable Entity
2026-06-06 12:16:09.151 [WARNING] src.enrichment.client_base: gnomad rate limited (429), retrying in 2s...
2026-06-06 12:16:09.158 [WARNING] src.enrichment.client_base: gnomad rate limited (429), retrying in 1s...
2026-06-06 12:16:09.318 [ERROR] src.enrichment.client_base: gtex HTTP 422: Unprocessable Entity
2026-06-06 12:16:09.370 [WARNING] src.enrichment.client_base: gnomad rate limited (429), retrying in 1s...
2026-06-06 12:16:09.603 [WARNING] src.enrichment.client_base: clinvar rate limited (429), retrying in 2s...
2026-06-06 12:16:09.644 [ERROR] src.enrichment.client_base: gtex HTTP 422: Unprocessable Entity
2026-06-06 12:16:09.701 [WARNING] src.enrichment.client_base: gnomad rate limited (429), retrying in 2s...
2026-06-06 12:16:09.767 [WARNING] src.enrichment.client_base: gnomad rate limited (429), retrying in 1s...
2026-06-06 12:16:09.772 [WARNING] src.enrichment.client_base: gnomad rate limited (429), retrying in 1s...
2026-06-06 12:16:09.825 [WARNING] src.enrichment.client_base: clinvar rate limited (429), retrying in 1s...
2026-06-06 12:16:09.878 [ERROR] src.enrichment.client_base: gtex HTTP 422: Unprocessable Entity
2026-06-06 12:16:09.927 [ERROR] src.enrichment.client_base: gtex HTTP 422: Unprocessable Entity
2026-06-06 12:16:10.042 [WARNING] src.enrichment.client_base: gnomad rate limited (429), retrying in 2s...
2026-06-06 12:16:10.143 [ERROR] src.enrichment.client_base: gtex HTTP 422: Unprocessable Entity
2026-06-06 12:16:10.148 [WARNING] src.enrichment.client_base: gnomad rate limited (429), retrying in 1s...
2026-06-06 12:16:10.166 [ERROR] src.enrichment.client_base: gtex HTTP 422: Unprocessable Entity
2026-06-06 12:16:10.223 [WARNING] src.enrichment.client_base: gnomad rate limited (429), retrying in 2s...
2026-06-06 12:16:10.303 [WARNING] src.enrichment.client_base: gnomad rate limited (429), retrying in 2s...
2026-06-06 12:16:10.407 [ERROR] src.enrichment.client_base: gtex HTTP 422: Unprocessable Entity
2026-06-06 12:16:10.413 [WARNING] src.enrichment.client_base: gnomad rate limited (429), retrying in 2s...
2026-06-06 12:16:10.472 [WARNING] src.enrichment.client_base: gnomad rate limited (429), retrying in 2s...
2026-06-06 12:16:10.685 [WARNING] src.enrichment.client_base: gnomad rate limited (429), retrying in 2s...
2026-06-06 12:16:10.753 [ERROR] src.enrichment.client_base: gtex HTTP 422: Unprocessable Entity
2026-06-06 12:16:11.079 [WARNING] src.enrichment.client_base: gnomad rate limited (429), retrying in 2s...
2026-06-06 12:16:11.088 [WARNING] src.enrichment.client_base: gnomad rate limited (429), retrying in 2s...
2026-06-06 12:16:11.092 [ERROR] src.enrichment.client_base: gtex HTTP 422: Unprocessable Entity
2026-06-06 12:16:11.233 [ERROR] src.enrichment.client_base: gtex HTTP 422: Unprocessable Entity
2026-06-06 12:16:11.274 [WARNING] src.enrichment.client_base: gnomad rate limited (429), retrying in 4s...
2026-06-06 12:16:11.482 [WARNING] src.enrichment.client_base: gnomad rate limited (429), retrying in 2s...
2026-06-06 12:16:11.491 [WARNING] src.enrichment.client_base: gnomad rate limited (429), retrying in 4s...
2026-06-06 12:16:11.661 [ERROR] src.enrichment.client_base: gtex HTTP 422: Unprocessable Entity
2026-06-06 12:16:11.792 [ERROR] src.enrichment.client_base: gtex HTTP 422: Unprocessable Entity
2026-06-06 12:16:11.829 [WARNING] src.enrichment.client_base: gnomad rate limited (429), retrying in 1s...
2026-06-06 12:16:11.865 [WARNING] src.enrichment.client_base: clinvar rate limited (429), retrying in 1s...
2026-06-06 12:16:12.029 [WARNING] src.enrichment.client_base: gnomad rate limited (429), retrying in 4s...
2026-06-06 12:16:12.101 [ERROR] src.enrichment.client_base: gtex HTTP 422: Unprocessable Entity
2026-06-06 12:16:12.124 [WARNING] src.enrichment.client_base: gnomad rate limited (429), retrying in 1s...
2026-06-06 12:16:12.298 [ERROR] src.enrichment.client_base: gnomad HTTP 400: Bad Request
2026-06-06 12:16:12.601 [ERROR] src.enrichment.client_base: gtex HTTP 422: Unprocessable Entity
2026-06-06 12:16:12.648 [ERROR] src.enrichment.client_base: gtex HTTP 422: Unprocessable Entity
2026-06-06 12:16:12.726 [ERROR] src.enrichment.client_base: gnomad HTTP 400: Bad Request
2026-06-06 12:16:12.727 [ERROR] src.enrichment.client_base: gnomad HTTP 400: Bad Request
2026-06-06 12:16:12.737 [ERROR] src.enrichment.client_base: gnomad HTTP 400: Bad Request
2026-06-06 12:16:12.781 [WARNING] src.enrichment.client_base: gnomad rate limited (429), retrying in 4s...
2026-06-06 12:16:12.913 [ERROR] src.enrichment.client_base: gnomad HTTP 400: Bad Request
2026-06-06 12:16:13.037 [ERROR] src.enrichment.client_base: gnomad HTTP 400: Bad Request
2026-06-06 12:16:13.263 [ERROR] src.enrichment.client_base: gtex HTTP 422: Unprocessable Entity
2026-06-06 12:16:13.309 [ERROR] src.enrichment.client_base: gnomad HTTP 400: Bad Request
2026-06-06 12:16:13.352 [ERROR] src.enrichment.client_base: gnomad HTTP 400: Bad Request
2026-06-06 12:16:13.459 [WARNING] src.enrichment.client_base: clinvar rate limited (429), retrying in 1s...
2026-06-06 12:16:13.615 [WARNING] src.enrichment.client_base: clinvar rate limited (429), retrying in 2s...
2026-06-06 12:16:13.654 [ERROR] src.enrichment.client_base: gnomad HTTP 400: Bad Request
2026-06-06 12:16:13.700 [WARNING] src.enrichment.client_base: clinvar rate limited (429), retrying in 1s...
2026-06-06 12:16:14.129 [ERROR] src.enrichment.client_base: gtex HTTP 422: Unprocessable Entity
2026-06-06 12:16:14.341 [ERROR] src.enrichment.client_base: gtex HTTP 422: Unprocessable Entity
2026-06-06 12:16:14.572 [ERROR] src.enrichment.client_base: gtex HTTP 422: Unprocessable Entity
2026-06-06 12:16:14.619 [ERROR] src.enrichment.client_base: gtex HTTP 422: Unprocessable Entity
2026-06-06 12:16:15.271 [ERROR] src.enrichment.client_base: gnomad HTTP 400: Bad Request
2026-06-06 12:16:15.482 [WARNING] src.enrichment.client_base: clinvar rate limited (429), retrying in 2s...
2026-06-06 12:16:15.505 [ERROR] src.enrichment.client_base: gnomad HTTP 400: Bad Request
2026-06-06 12:16:15.591 [ERROR] src.enrichment.client_base: gnomad HTTP 400: Bad Request
2026-06-06 12:16:15.721 [ERROR] src.enrichment.client_base: gtex HTTP 422: Unprocessable Entity
2026-06-06 12:16:15.811 [ERROR] src.enrichment.client_base: gnomad HTTP 400: Bad Request
2026-06-06 12:16:15.849 [ERROR] src.enrichment.client_base: gnomad HTTP 400: Bad Request
2026-06-06 12:16:15.850 [ERROR] src.enrichment.client_base: gnomad HTTP 400: Bad Request
2026-06-06 12:16:15.854 [ERROR] src.enrichment.client_base: gnomad HTTP 400: Bad Request
2026-06-06 12:16:15.964 [ERROR] src.enrichment.client_base: gtex HTTP 422: Unprocessable Entity
2026-06-06 12:16:16.258 [ERROR] src.enrichment.client_base: gtex HTTP 422: Unprocessable Entity
2026-06-06 12:16:16.258 [WARNING] src.enrichment.client_base: clinvar rate limited (429), retrying in 4s...
2026-06-06 12:16:16.259 [ERROR] src.enrichment.client_base: gnomad HTTP 400: Bad Request
2026-06-06 12:16:16.260 [ERROR] src.enrichment.client_base: gtex HTTP 422: Unprocessable Entity
2026-06-06 12:16:16.261 [ERROR] src.enrichment.client_base: gnomad HTTP 400: Bad Request
2026-06-06 12:16:16.489 [ERROR] src.enrichment.client_base: gtex HTTP 422: Unprocessable Entity
2026-06-06 12:16:16.493 [ERROR] src.enrichment.client_base: gtex HTTP 422: Unprocessable Entity
2026-06-06 12:16:16.539 [ERROR] src.enrichment.client_base: gnomad HTTP 400: Bad Request
2026-06-06 12:16:16.636 [ERROR] src.enrichment.client_base: gtex HTTP 422: Unprocessable Entity
2026-06-06 12:16:16.747 [ERROR] src.enrichment.client_base: gnomad HTTP 400: Bad Request
2026-06-06 12:16:16.753 [WARNING] src.enrichment.client_base: clinvar rate limited (429), retrying in 1s...
2026-06-06 12:16:16.834 [ERROR] src.enrichment.client_base: gnomad HTTP 400: Bad Request
2026-06-06 12:16:16.853 [ERROR] src.enrichment.client_base: gtex HTTP 422: Unprocessable Entity
2026-06-06 12:16:16.951 [ERROR] src.enrichment.client_base: gnomad HTTP 400: Bad Request
2026-06-06 12:16:16.954 [ERROR] src.enrichment.client_base: gnomad HTTP 400: Bad Request
2026-06-06 12:16:16.955 [ERROR] src.enrichment.client_base: gnomad HTTP 400: Bad Request
2026-06-06 12:16:16.980 [ERROR] src.enrichment.client_base: gtex HTTP 422: Unprocessable Entity
2026-06-06 12:16:16.992 [ERROR] src.enrichment.client_base: gnomad HTTP 400: Bad Request
2026-06-06 12:16:17.044 [ERROR] src.enrichment.client_base: gnomad HTTP 400: Bad Request
2026-06-06 12:16:17.079 [ERROR] src.enrichment.client_base: gtex HTTP 422: Unprocessable Entity
2026-06-06 12:16:17.081 [ERROR] src.enrichment.client_base: gnomad HTTP 400: Bad Request
2026-06-06 12:16:17.127 [ERROR] src.enrichment.client_base: gnomad HTTP 400: Bad Request
2026-06-06 12:16:17.132 [ERROR] src.enrichment.client_base: gtex HTTP 422: Unprocessable Entity
2026-06-06 12:16:17.186 [ERROR] src.enrichment.client_base: gnomad HTTP 400: Bad Request
2026-06-06 12:16:17.190 [ERROR] src.enrichment.client_base: gnomad HTTP 400: Bad Request
2026-06-06 12:16:17.212 [ERROR] src.enrichment.client_base: gnomad HTTP 400: Bad Request
2026-06-06 12:16:17.256 [ERROR] src.enrichment.client_base: gnomad HTTP 400: Bad Request
2026-06-06 12:16:17.304 [ERROR] src.enrichment.client_base: gtex HTTP 422: Unprocessable Entity
2026-06-06 12:16:17.483 [ERROR] src.enrichment.client_base: gnomad HTTP 400: Bad Request
2026-06-06 12:16:17.547 [ERROR] src.enrichment.client_base: gnomad HTTP 400: Bad Request
2026-06-06 12:16:17.591 [ERROR] src.enrichment.client_base: gtex HTTP 422: Unprocessable Entity
2026-06-06 12:16:17.645 [ERROR] src.enrichment.client_base: gtex HTTP 422: Unprocessable Entity
2026-06-06 12:16:17.712 [ERROR] src.enrichment.client_base: gtex HTTP 422: Unprocessable Entity
2026-06-06 12:16:17.721 [ERROR] src.enrichment.client_base: gtex HTTP 422: Unprocessable Entity
2026-06-06 12:16:17.729 [ERROR] src.enrichment.client_base: gnomad HTTP 400: Bad Request
2026-06-06 12:16:17.758 [ERROR] src.enrichment.client_base: gnomad HTTP 400: Bad Request
2026-06-06 12:16:17.876 [ERROR] src.enrichment.client_base: gnomad HTTP 400: Bad Request
2026-06-06 12:16:17.976 [ERROR] src.enrichment.client_base: gtex HTTP 422: Unprocessable Entity
2026-06-06 12:16:18.045 [ERROR] src.enrichment.client_base: gnomad HTTP 400: Bad Request
2026-06-06 12:16:18.085 [ERROR] src.enrichment.client_base: gnomad HTTP 400: Bad Request
2026-06-06 12:16:18.352 [ERROR] src.enrichment.client_base: gnomad HTTP 400: Bad Request
2026-06-06 12:16:18.365 [ERROR] src.enrichment.client_base: gtex HTTP 422: Unprocessable Entity
2026-06-06 12:16:18.417 [ERROR] src.enrichment.client_base: gnomad HTTP 400: Bad Request
2026-06-06 12:16:18.422 [ERROR] src.enrichment.client_base: gnomad HTTP 400: Bad Request
2026-06-06 12:16:18.434 [ERROR] src.enrichment.client_base: gnomad HTTP 400: Bad Request
2026-06-06 12:16:18.474 [ERROR] src.enrichment.client_base: gtex HTTP 422: Unprocessable Entity
2026-06-06 12:16:18.489 [ERROR] src.enrichment.client_base: gnomad HTTP 400: Bad Request
2026-06-06 12:16:18.534 [ERROR] src.enrichment.client_base: gtex HTTP 422: Unprocessable Entity
2026-06-06 12:16:18.719 [ERROR] src.enrichment.client_base: gtex HTTP 422: Unprocessable Entity
2026-06-06 12:16:18.867 [WARNING] src.enrichment.client_base: clinvar rate limited (429), retrying in 2s...
2026-06-06 12:16:18.977 [ERROR] src.enrichment.client_base: gnomad HTTP 400: Bad Request
2026-06-06 12:16:19.015 [ERROR] src.enrichment.client_base: gnomad HTTP 400: Bad Request
2026-06-06 12:16:19.064 [ERROR] src.enrichment.client_base: gtex HTTP 422: Unprocessable Entity
2026-06-06 12:16:19.100 [ERROR] src.enrichment.client_base: gtex HTTP 422: Unprocessable Entity
2026-06-06 12:16:19.121 [ERROR] src.enrichment.client_base: gtex HTTP 422: Unprocessable Entity
2026-06-06 12:16:19.135 [ERROR] src.enrichment.client_base: gtex HTTP 422: Unprocessable Entity
2026-06-06 12:16:19.278 [ERROR] src.enrichment.client_base: gnomad HTTP 400: Bad Request
2026-06-06 12:16:19.358 [WARNING] src.enrichment.client_base: clinvar rate limited (429), retrying in 1s...
2026-06-06 12:16:19.388 [WARNING] src.enrichment.client_base: gnomad rate limited (429), retrying in 2s...
2026-06-06 12:16:19.397 [WARNING] src.enrichment.client_base: gnomad rate limited (429), retrying in 4s...
2026-06-06 12:16:19.520 [ERROR] src.enrichment.client_base: gtex HTTP 422: Unprocessable Entity
2026-06-06 12:16:19.594 [WARNING] src.enrichment.client_base: gnomad rate limited (429), retrying in 8s...
2026-06-06 12:16:19.795 [WARNING] src.enrichment.client_base: gnomad rate limited (429), retrying in 4s...
2026-06-06 12:16:19.904 [WARNING] src.enrichment.client_base: gnomad rate limited (429), retrying in 8s...
2026-06-06 12:16:20.030 [ERROR] src.enrichment.client_base: gtex HTTP 422: Unprocessable Entity
2026-06-06 12:16:20.166 [WARNING] src.enrichment.client_base: gnomad rate limited (429), retrying in 8s...
2026-06-06 12:16:20.204 [ERROR] src.enrichment.client_base: gtex HTTP 422: Unprocessable Entity
2026-06-06 12:16:20.348 [WARNING] src.enrichment.client_base: gnomad rate limited (429), retrying in 4s...
2026-06-06 12:16:20.550 [ERROR] src.enrichment.client_base: gtex HTTP 422: Unprocessable Entity
2026-06-06 12:16:20.669 [WARNING] src.enrichment.client_base: gnomad rate limited (429), retrying in 4s...
2026-06-06 12:16:20.746 [WARNING] src.enrichment.client_base: gnomad rate limited (429), retrying in 4s...
2026-06-06 12:16:20.749 [WARNING] src.enrichment.client_base: gnomad rate limited (429), retrying in 4s...
2026-06-06 12:16:20.823 [ERROR] src.enrichment.client_base: gtex HTTP 422: Unprocessable Entity
2026-06-06 12:16:20.848 [WARNING] src.enrichment.client_base: clinvar rate limited (429), retrying in 2s...
2026-06-06 12:16:20.949 [ERROR] src.enrichment.client_base: gtex HTTP 422: Unprocessable Entity
2026-06-06 12:16:21.123 [WARNING] src.enrichment.client_base: gnomad rate limited (429), retrying in 4s...
2026-06-06 12:16:21.159 [ERROR] src.enrichment.client_base: gtex HTTP 422: Unprocessable Entity
2026-06-06 12:16:21.194 [WARNING] src.enrichment.client_base: gnomad rate limited (429), retrying in 4s...
2026-06-06 12:16:21.310 [WARNING] src.enrichment.client_base: clinvar rate limited (429), retrying in 1s...
2026-06-06 12:16:21.311 [WARNING] src.enrichment.client_base: gnomad rate limited (429), retrying in 4s...
2026-06-06 12:16:21.364 [WARNING] src.enrichment.client_base: gnomad rate limited (429), retrying in 4s...
2026-06-06 12:16:21.634 [ERROR] src.enrichment.client_base: gtex HTTP 422: Unprocessable Entity
2026-06-06 12:16:21.648 [ERROR] src.enrichment.client_base: gtex HTTP 422: Unprocessable Entity
2026-06-06 12:16:21.712 [WARNING] src.enrichment.client_base: gnomad rate limited (429), retrying in 4s...
2026-06-06 12:16:21.831 [ERROR] src.enrichment.client_base: gtex HTTP 422: Unprocessable Entity
2026-06-06 12:16:22.505 [ERROR] src.enrichment.client_base: gtex HTTP 422: Unprocessable Entity
2026-06-06 12:16:23.195 [ERROR] src.enrichment.client_base: gtex HTTP 422: Unprocessable Entity
2026-06-06 12:16:23.579 [WARNING] src.enrichment.client_base: gnomad rate limited (429), retrying in 8s...
2026-06-06 12:16:23.642 [ERROR] src.enrichment.client_base: gtex HTTP 422: Unprocessable Entity
2026-06-06 12:16:23.715 [WARNING] src.enrichment.client_base: gnomad rate limited (429), retrying in 8s...
2026-06-06 12:16:23.725 [ERROR] src.enrichment.client_base: gtex HTTP 422: Unprocessable Entity
2026-06-06 12:16:23.785 [WARNING] src.enrichment.client_base: clinvar rate limited (429), retrying in 1s...
2026-06-06 12:16:23.787 [WARNING] src.enrichment.client_base: clinvar rate limited (429), retrying in 2s...
2026-06-06 12:16:23.850 [WARNING] src.enrichment.client_base: clinvar rate limited (429), retrying in 4s...
2026-06-06 12:16:24.481 [WARNING] src.enrichment.client_base: gnomad rate limited (429), retrying in 8s...
2026-06-06 12:16:24.662 [WARNING] src.enrichment.client_base: gnomad rate limited (429), retrying in 8s...
2026-06-06 12:16:24.664 [ERROR] src.enrichment.client_base: gtex HTTP 422: Unprocessable Entity
2026-06-06 12:16:24.981 [WARNING] src.enrichment.client_base: gnomad rate limited (429), retrying in 8s...
2026-06-06 12:16:25.054 [WARNING] src.enrichment.client_base: gnomad rate limited (429), retrying in 8s...
2026-06-06 12:16:25.055 [WARNING] src.enrichment.client_base: gnomad rate limited (429), retrying in 8s...
2026-06-06 12:16:25.219 [ERROR] src.enrichment.client_base: gtex HTTP 422: Unprocessable Entity
2026-06-06 12:16:25.441 [ERROR] src.enrichment.client_base: gtex HTTP 422: Unprocessable Entity
2026-06-06 12:16:25.469 [WARNING] src.enrichment.client_base: gnomad rate limited (429), retrying in 8s...
2026-06-06 12:16:25.527 [WARNING] src.enrichment.client_base: gnomad rate limited (429), retrying in 8s...
2026-06-06 12:16:25.531 [ERROR] src.enrichment.client_base: gtex HTTP 422: Unprocessable Entity
2026-06-06 12:16:25.537 [ERROR] src.enrichment.client_base: gtex HTTP 422: Unprocessable Entity
2026-06-06 12:16:25.632 [WARNING] src.enrichment.client_base: gnomad rate limited (429), retrying in 8s...
2026-06-06 12:16:25.656 [ERROR] src.enrichment.client_base: gtex HTTP 422: Unprocessable Entity
2026-06-06 12:16:25.685 [WARNING] src.enrichment.client_base: gnomad rate limited (429), retrying in 8s...
2026-06-06 12:16:25.889 [WARNING] src.enrichment.client_base: clinvar rate limited (429), retrying in 1s...
2026-06-06 12:16:26.024 [ERROR] src.enrichment.client_base: gtex HTTP 422: Unprocessable Entity
2026-06-06 12:16:26.042 [WARNING] src.enrichment.client_base: gnomad rate limited (429), retrying in 8s...
2026-06-06 12:16:26.099 [ERROR] src.enrichment.client_base: gtex HTTP 422: Unprocessable Entity
2026-06-06 12:16:26.185 [ERROR] src.enrichment.client_base: gtex HTTP 422: Unprocessable Entity
2026-06-06 12:16:26.251 [ERROR] src.enrichment.client_base: gtex HTTP 422: Unprocessable Entity
2026-06-06 12:16:26.298 [ERROR] src.enrichment.client_base: gtex HTTP 422: Unprocessable Entity
2026-06-06 12:16:26.305 [ERROR] src.enrichment.client_base: gtex HTTP 422: Unprocessable Entity
2026-06-06 12:16:26.569 [ERROR] src.enrichment.client_base: gtex HTTP 422: Unprocessable Entity
2026-06-06 12:16:26.759 [ERROR] src.enrichment.client_base: gtex HTTP 422: Unprocessable Entity
2026-06-06 12:16:26.810 [ERROR] src.enrichment.client_base: gtex HTTP 422: Unprocessable Entity
2026-06-06 12:16:27.013 [ERROR] src.enrichment.client_base: gtex HTTP 422: Unprocessable Entity
2026-06-06 12:16:27.149 [ERROR] src.enrichment.client_base: gtex HTTP 422: Unprocessable Entity
2026-06-06 12:16:27.459 [WARNING] src.enrichment.client_base: clinvar rate limited (429), retrying in 1s...
2026-06-06 12:16:27.559 [ERROR] src.enrichment.client_base: gtex HTTP 422: Unprocessable Entity
2026-06-06 12:16:27.658 [ERROR] src.enrichment.client_base: gtex HTTP 422: Unprocessable Entity
2026-06-06 12:16:27.660 [ERROR] src.enrichment.client_base: gtex HTTP 422: Unprocessable Entity
2026-06-06 12:16:27.753 [ERROR] src.enrichment.client_base: gtex HTTP 422: Unprocessable Entity
2026-06-06 12:16:27.897 [ERROR] src.enrichment.client_base: gtex HTTP 422: Unprocessable Entity
2026-06-06 12:16:27.930 [WARNING] src.enrichment.client_base: gnomad rate limited (429), retrying in 1s...
2026-06-06 12:16:28.078 [ERROR] src.enrichment.client_base: gtex HTTP 422: Unprocessable Entity
2026-06-06 12:16:28.215 [ERROR] src.enrichment.client_base: gtex HTTP 422: Unprocessable Entity
2026-06-06 12:16:28.241 [ERROR] src.enrichment.client_base: gtex HTTP 422: Unprocessable Entity
2026-06-06 12:16:28.252 [WARNING] src.enrichment.client_base: gnomad rate limited (429), retrying in 1s...
2026-06-06 12:16:28.264 [ERROR] src.enrichment.client_base: gtex HTTP 422: Unprocessable Entity
2026-06-06 12:16:28.507 [WARNING] src.enrichment.client_base: gnomad rate limited (429), retrying in 1s...
2026-06-06 12:16:28.712 [ERROR] src.enrichment.client_base: gtex HTTP 422: Unprocessable Entity
2026-06-06 12:16:29.002 [WARNING] src.enrichment.client_base: clinvar rate limited (429), retrying in 1s...
2026-06-06 12:16:29.151 [ERROR] src.enrichment.client_base: gtex HTTP 422: Unprocessable Entity
2026-06-06 12:16:29.155 [WARNING] src.enrichment.client_base: clinvar rate limited (429), retrying in 1s...
2026-06-06 12:16:29.254 [WARNING] src.enrichment.client_base: gnomad rate limited (429), retrying in 2s...
2026-06-06 12:16:29.569 [WARNING] src.enrichment.client_base: gnomad rate limited (429), retrying in 2s...
2026-06-06 12:16:29.833 [WARNING] src.enrichment.client_base: gnomad rate limited (429), retrying in 2s...
2026-06-06 12:16:30.022 [ERROR] src.enrichment.client_base: gtex HTTP 422: Unprocessable Entity
2026-06-06 12:16:30.191 [ERROR] src.enrichment.client_base: gtex HTTP 422: Unprocessable Entity
2026-06-06 12:16:30.207 [ERROR] src.enrichment.client_base: gtex HTTP 422: Unprocessable Entity
2026-06-06 12:16:30.242 [ERROR] src.enrichment.client_base: gtex HTTP 422: Unprocessable Entity
2026-06-06 12:16:30.570 [ERROR] src.enrichment.client_base: gtex HTTP 422: Unprocessable Entity
2026-06-06 12:16:30.697 [ERROR] src.enrichment.client_base: gtex HTTP 422: Unprocessable Entity
2026-06-06 12:16:30.712 [ERROR] src.enrichment.client_base: gtex HTTP 422: Unprocessable Entity
2026-06-06 12:16:30.849 [ERROR] src.enrichment.client_base: gtex HTTP 422: Unprocessable Entity
2026-06-06 12:16:31.545 [WARNING] src.enrichment.client_base: clinvar rate limited (429), retrying in 1s...
2026-06-06 12:16:31.566 [WARNING] src.enrichment.client_base: gnomad rate limited (429), retrying in 4s...
2026-06-06 12:16:31.632 [ERROR] src.enrichment.client_base: gtex HTTP 422: Unprocessable Entity
2026-06-06 12:16:31.877 [WARNING] src.enrichment.client_base: clinvar rate limited (429), retrying in 2s...
2026-06-06 12:16:31.883 [WARNING] src.enrichment.client_base: gnomad rate limited (429), retrying in 1s...
2026-06-06 12:16:31.889 [WARNING] src.enrichment.client_base: gnomad rate limited (429), retrying in 4s...
2026-06-06 12:16:32.022 [WARNING] src.enrichment.client_base: gnomad rate limited (429), retrying in 1s...
2026-06-06 12:16:32.157 [WARNING] src.enrichment.client_base: gnomad rate limited (429), retrying in 4s...
2026-06-06 12:16:32.387 [ERROR] src.enrichment.client_base: gtex HTTP 422: Unprocessable Entity
2026-06-06 12:16:32.986 [WARNING] src.enrichment.client_base: gnomad rate limited (429), retrying in 1s...
2026-06-06 12:16:33.052 [WARNING] src.enrichment.client_base: clinvar rate limited (429), retrying in 2s...
2026-06-06 12:16:33.145 [WARNING] src.enrichment.client_base: gnomad rate limited (429), retrying in 1s...
2026-06-06 12:16:33.210 [WARNING] src.enrichment.client_base: gnomad rate limited (429), retrying in 2s...
2026-06-06 12:16:33.224 [ERROR] src.enrichment.client_base: gtex HTTP 422: Unprocessable Entity
2026-06-06 12:16:33.308 [WARNING] src.enrichment.client_base: gnomad rate limited (429), retrying in 1s...
2026-06-06 12:16:33.355 [WARNING] src.enrichment.client_base: gnomad rate limited (429), retrying in 2s...
2026-06-06 12:16:33.380 [WARNING] src.enrichment.client_base: gnomad rate limited (429), retrying in 1s...
2026-06-06 12:16:33.410 [WARNING] src.enrichment.client_base: gnomad rate limited (429), retrying in 1s...
2026-06-06 12:16:33.773 [ERROR] src.enrichment.client_base: gtex HTTP 422: Unprocessable Entity
2026-06-06 12:16:33.957 [WARNING] src.enrichment.client_base: gnomad rate limited (429), retrying in 1s...
2026-06-06 12:16:34.000 [WARNING] src.enrichment.client_base: gnomad rate limited (429), retrying in 1s...
2026-06-06 12:16:34.118 [WARNING] src.enrichment.client_base: gnomad rate limited (429), retrying in 1s...
2026-06-06 12:16:34.202 [WARNING] src.enrichment.client_base: gnomad rate limited (429), retrying in 1s...
2026-06-06 12:16:34.289 [WARNING] src.enrichment.client_base: gnomad rate limited (429), retrying in 2s...
2026-06-06 12:16:34.354 [WARNING] src.enrichment.client_base: gnomad rate limited (429), retrying in 1s...
2026-06-06 12:16:34.379 [WARNING] src.enrichment.client_base: clinvar rate limited (429), retrying in 1s...
2026-06-06 12:16:34.450 [WARNING] src.enrichment.client_base: gnomad rate limited (429), retrying in 2s...
2026-06-06 12:16:34.633 [WARNING] src.enrichment.client_base: gnomad rate limited (429), retrying in 2s...
2026-06-06 12:16:34.675 [ERROR] src.enrichment.client_base: gtex HTTP 422: Unprocessable Entity
2026-06-06 12:16:34.693 [ERROR] src.enrichment.client_base: gtex HTTP 422: Unprocessable Entity
2026-06-06 12:16:34.701 [WARNING] src.enrichment.client_base: gnomad rate limited (429), retrying in 2s...
2026-06-06 12:16:34.731 [WARNING] src.enrichment.client_base: gnomad rate limited (429), retrying in 2s...
2026-06-06 12:16:34.869 [ERROR] src.enrichment.client_base: gtex HTTP 422: Unprocessable Entity
2026-06-06 12:16:34.906 [ERROR] src.enrichment.client_base: gtex HTTP 422: Unprocessable Entity
2026-06-06 12:16:35.145 [ERROR] src.enrichment.client_base: gtex HTTP 422: Unprocessable Entity
2026-06-06 12:16:35.182 [ERROR] src.enrichment.client_base: gtex HTTP 422: Unprocessable Entity
2026-06-06 12:16:35.265 [ERROR] src.enrichment.client_base: gtex HTTP 422: Unprocessable Entity
2026-06-06 12:16:35.280 [WARNING] src.enrichment.client_base: gnomad rate limited (429), retrying in 2s...
2026-06-06 12:16:35.319 [ERROR] src.enrichment.client_base: gtex HTTP 422: Unprocessable Entity
2026-06-06 12:16:35.324 [WARNING] src.enrichment.client_base: gnomad rate limited (429), retrying in 2s...
2026-06-06 12:16:35.409 [ERROR] src.enrichment.client_base: gtex HTTP 422: Unprocessable Entity
2026-06-06 12:16:35.528 [WARNING] src.enrichment.client_base: gnomad rate limited (429), retrying in 2s...
2026-06-06 12:16:35.559 [WARNING] src.enrichment.client_base: gnomad rate limited (429), retrying in 4s...
2026-06-06 12:16:35.604 [ERROR] src.enrichment.client_base: gtex HTTP 422: Unprocessable Entity
2026-06-06 12:16:35.665 [WARNING] src.enrichment.client_base: gnomad rate limited (429), retrying in 4s...
2026-06-06 12:16:35.674 [WARNING] src.enrichment.client_base: gnomad rate limited (429), retrying in 2s...
2026-06-06 12:16:35.711 [ERROR] src.enrichment.client_base: gtex HTTP 422: Unprocessable Entity
2026-06-06 12:16:35.874 [ERROR] src.enrichment.client_base: gtex HTTP 422: Unprocessable Entity
2026-06-06 12:16:35.876 [WARNING] src.enrichment.client_base: gnomad rate limited (429), retrying in 8s...
2026-06-06 12:16:35.925 [WARNING] src.enrichment.client_base: clinvar rate limited (429), retrying in 4s...
2026-06-06 12:16:35.994 [WARNING] src.enrichment.client_base: clinvar rate limited (429), retrying in 1s...
2026-06-06 12:16:36.104 [ERROR] src.enrichment.client_base: gtex HTTP 422: Unprocessable Entity
2026-06-06 12:16:36.131 [ERROR] src.enrichment.client_base: gtex HTTP 422: Unprocessable Entity
2026-06-06 12:16:36.165 [ERROR] src.enrichment.client_base: gtex HTTP 422: Unprocessable Entity
2026-06-06 12:16:36.210 [WARNING] src.enrichment.client_base: gnomad rate limited (429), retrying in 8s...
2026-06-06 12:16:36.327 [WARNING] src.enrichment.client_base: clinvar rate limited (429), retrying in 2s...
2026-06-06 12:16:36.465 [WARNING] src.enrichment.client_base: gnomad rate limited (429), retrying in 8s...
2026-06-06 12:16:36.598 [ERROR] src.enrichment.client_base: gtex HTTP 422: Unprocessable Entity
2026-06-06 12:16:36.603 [WARNING] src.enrichment.client_base: gnomad rate limited (429), retrying in 4s...
2026-06-06 12:16:36.608 [ERROR] src.enrichment.client_base: gtex HTTP 422: Unprocessable Entity
2026-06-06 12:16:36.671 [ERROR] src.enrichment.client_base: gtex HTTP 422: Unprocessable Entity
2026-06-06 12:16:36.759 [WARNING] src.enrichment.client_base: gnomad rate limited (429), retrying in 4s...
2026-06-06 12:16:36.809 [ERROR] src.enrichment.client_base: gtex HTTP 422: Unprocessable Entity
2026-06-06 12:16:36.944 [ERROR] src.enrichment.client_base: gtex HTTP 422: Unprocessable Entity
2026-06-06 12:16:36.979 [WARNING] src.enrichment.client_base: gnomad rate limited (429), retrying in 4s...
2026-06-06 12:16:37.023 [WARNING] src.enrichment.client_base: gnomad rate limited (429), retrying in 4s...
2026-06-06 12:16:37.044 [WARNING] src.enrichment.client_base: gnomad rate limited (429), retrying in 4s...
2026-06-06 12:16:37.122 [ERROR] src.enrichment.client_base: gtex HTTP 422: Unprocessable Entity
2026-06-06 12:16:37.309 [WARNING] src.enrichment.client_base: gnomad rate limited (429), retrying in 2s...
2026-06-06 12:16:37.587 [ERROR] src.enrichment.client_base: gtex HTTP 422: Unprocessable Entity
2026-06-06 12:16:37.644 [WARNING] src.enrichment.client_base: gnomad rate limited (429), retrying in 4s...
2026-06-06 12:16:37.682 [ERROR] src.enrichment.client_base: gtex HTTP 422: Unprocessable Entity
2026-06-06 12:16:37.733 [ERROR] src.enrichment.client_base: gtex HTTP 422: Unprocessable Entity
2026-06-06 12:16:37.858 [WARNING] src.enrichment.client_base: gnomad rate limited (429), retrying in 4s...
2026-06-06 12:16:37.985 [WARNING] src.enrichment.client_base: gnomad rate limited (429), retrying in 4s...
2026-06-06 12:16:38.023 [WARNING] src.enrichment.client_base: gnomad rate limited (429), retrying in 4s...
2026-06-06 12:16:38.088 [ERROR] src.enrichment.client_base: gtex HTTP 422: Unprocessable Entity
2026-06-06 12:16:38.190 [ERROR] src.enrichment.client_base: gtex HTTP 422: Unprocessable Entity
2026-06-06 12:16:38.409 [ERROR] src.enrichment.client_base: gtex HTTP 422: Unprocessable Entity
2026-06-06 12:16:38.533 [WARNING] src.enrichment.client_base: clinvar rate limited (429), retrying in 1s...
2026-06-06 12:16:38.918 [ERROR] src.enrichment.client_base: gtex HTTP 422: Unprocessable Entity
2026-06-06 12:16:39.088 [ERROR] src.enrichment.client_base: gtex HTTP 422: Unprocessable Entity
2026-06-06 12:16:39.132 [ERROR] src.enrichment.client_base: gtex HTTP 422: Unprocessable Entity
2026-06-06 12:16:39.295 [ERROR] src.enrichment.client_base: gtex HTTP 422: Unprocessable Entity
2026-06-06 12:16:39.622 [WARNING] src.enrichment.client_base: gnomad rate limited (429), retrying in 4s...
2026-06-06 12:16:39.691 [ERROR] src.enrichment.client_base: gtex HTTP 422: Unprocessable Entity
2026-06-06 12:16:39.806 [ERROR] src.enrichment.client_base: gtex HTTP 422: Unprocessable Entity
2026-06-06 12:16:39.881 [WARNING] src.enrichment.client_base: gnomad rate limited (429), retrying in 8s...
2026-06-06 12:16:39.969 [WARNING] src.enrichment.client_base: gnomad rate limited (429), retrying in 8s...
2026-06-06 12:16:40.069 [ERROR] src.enrichment.client_base: gtex HTTP 422: Unprocessable Entity
2026-06-06 12:16:40.554 [ERROR] src.enrichment.client_base: gtex HTTP 422: Unprocessable Entity
2026-06-06 12:16:40.580 [WARNING] src.enrichment.client_base: clinvar rate limited (429), retrying in 2s...
2026-06-06 12:16:40.699 [WARNING] src.enrichment.client_base: clinvar rate limited (429), retrying in 8s...
2026-06-06 12:16:40.889 [ERROR] src.enrichment.client_base: gtex HTTP 422: Unprocessable Entity
2026-06-06 12:16:40.920 [WARNING] src.enrichment.client_base: gnomad rate limited (429), retrying in 8s...
2026-06-06 12:16:41.068 [WARNING] src.enrichment.client_base: gnomad rate limited (429), retrying in 8s...
2026-06-06 12:16:41.295 [WARNING] src.enrichment.client_base: gnomad rate limited (429), retrying in 8s...
2026-06-06 12:16:41.351 [WARNING] src.enrichment.client_base: gnomad rate limited (429), retrying in 8s...
2026-06-06 12:16:41.376 [WARNING] src.enrichment.client_base: gnomad rate limited (429), retrying in 8s...
2026-06-06 12:16:41.418 [ERROR] src.enrichment.client_base: gtex HTTP 422: Unprocessable Entity
2026-06-06 12:16:41.971 [WARNING] src.enrichment.client_base: gnomad rate limited (429), retrying in 8s...
2026-06-06 12:16:42.145 [ERROR] src.enrichment.client_base: gtex HTTP 422: Unprocessable Entity
2026-06-06 12:16:42.168 [WARNING] src.enrichment.client_base: gnomad rate limited (429), retrying in 8s...
2026-06-06 12:16:42.235 [ERROR] src.enrichment.client_base: gtex HTTP 422: Unprocessable Entity
2026-06-06 12:16:42.348 [WARNING] src.enrichment.client_base: gnomad rate limited (429), retrying in 8s...
2026-06-06 12:16:42.701 [ERROR] src.enrichment.client_base: gtex HTTP 422: Unprocessable Entity
2026-06-06 12:16:43.077 [WARNING] src.enrichment.client_base: clinvar rate limited (429), retrying in 4s...
2026-06-06 12:16:43.223 [WARNING] src.enrichment.client_base: clinvar rate limited (429), retrying in 1s...
2026-06-06 12:16:43.381 [WARNING] src.enrichment.client_base: gnomad rate limited (429), retrying in 8s...
2026-06-06 12:16:43.607 [ERROR] src.enrichment.client_base: gtex HTTP 422: Unprocessable Entity
2026-06-06 12:16:43.785 [ERROR] src.enrichment.client_base: gtex HTTP 422: Unprocessable Entity
2026-06-06 12:16:43.796 [ERROR] src.enrichment.client_base: gtex HTTP 422: Unprocessable Entity
2026-06-06 12:16:43.944 [WARNING] src.enrichment.client_base: gnomad rate limited (429), retrying in 8s...
2026-06-06 12:16:44.081 [ERROR] src.enrichment.client_base: gtex HTTP 422: Unprocessable Entity
2026-06-06 12:16:44.198 [WARNING] src.enrichment.client_base: gnomad rate limited (429), retrying in 1s...
2026-06-06 12:16:44.250 [ERROR] src.enrichment.client_base: gtex HTTP 422: Unprocessable Entity
2026-06-06 12:16:44.260 [ERROR] src.enrichment.client_base: gtex HTTP 422: Unprocessable Entity
2026-06-06 12:16:44.266 [ERROR] src.enrichment.client_base: gtex HTTP 422: Unprocessable Entity
2026-06-06 12:16:44.287 [ERROR] src.enrichment.client_base: gtex HTTP 422: Unprocessable Entity
2026-06-06 12:16:44.565 [WARNING] src.enrichment.client_base: gnomad rate limited (429), retrying in 1s...
2026-06-06 12:16:44.769 [ERROR] src.enrichment.client_base: gtex HTTP 422: Unprocessable Entity
2026-06-06 12:16:44.904 [ERROR] src.enrichment.client_base: gtex HTTP 422: Unprocessable Entity
2026-06-06 12:16:45.122 [WARNING] src.enrichment.client_base: gnomad rate limited (429), retrying in 1s...
2026-06-06 12:16:45.357 [ERROR] src.enrichment.client_base: gtex HTTP 422: Unprocessable Entity
2026-06-06 12:16:45.368 [ERROR] src.enrichment.client_base: gtex HTTP 422: Unprocessable Entity
2026-06-06 12:16:45.521 [WARNING] src.enrichment.client_base: gnomad rate limited (429), retrying in 2s...
2026-06-06 12:16:45.594 [ERROR] src.enrichment.client_base: gtex HTTP 422: Unprocessable Entity
2026-06-06 12:16:45.777 [ERROR] src.enrichment.client_base: gtex HTTP 422: Unprocessable Entity
2026-06-06 12:16:45.790 [ERROR] src.enrichment.client_base: gtex HTTP 422: Unprocessable Entity
2026-06-06 12:16:45.802 [ERROR] src.enrichment.client_base: gtex HTTP 422: Unprocessable Entity
2026-06-06 12:16:45.869 [WARNING] src.enrichment.client_base: gnomad rate limited (429), retrying in 2s...
2026-06-06 12:16:45.891 [ERROR] src.enrichment.client_base: gtex HTTP 422: Unprocessable Entity
2026-06-06 12:16:45.901 [ERROR] src.enrichment.client_base: gtex HTTP 422: Unprocessable Entity
2026-06-06 12:16:45.913 [WARNING] src.enrichment.client_base: clinvar rate limited (429), retrying in 1s...
2026-06-06 12:16:46.252 [ERROR] src.enrichment.client_base: gtex HTTP 422: Unprocessable Entity
2026-06-06 12:16:46.400 [ERROR] src.enrichment.client_base: gtex HTTP 422: Unprocessable Entity
2026-06-06 12:16:46.439 [WARNING] src.enrichment.client_base: gnomad rate limited (429), retrying in 2s...
2026-06-06 12:16:46.574 [ERROR] src.enrichment.client_base: gtex HTTP 422: Unprocessable Entity
2026-06-06 12:16:46.639 [ERROR] src.enrichment.client_base: gtex HTTP 422: Unprocessable Entity
2026-06-06 12:16:46.731 [ERROR] src.enrichment.client_base: gtex HTTP 422: Unprocessable Entity
2026-06-06 12:16:46.823 [ERROR] src.enrichment.client_base: gtex HTTP 422: Unprocessable Entity
2026-06-06 12:16:47.130 [ERROR] src.enrichment.client_base: gtex HTTP 422: Unprocessable Entity
2026-06-06 12:16:47.350 [ERROR] src.enrichment.client_base: gtex HTTP 422: Unprocessable Entity
2026-06-06 12:16:48.053 [ERROR] src.enrichment.client_base: gtex HTTP 422: Unprocessable Entity
2026-06-06 12:16:48.070 [ERROR] src.enrichment.client_base: gtex HTTP 422: Unprocessable Entity
2026-06-06 12:16:48.181 [WARNING] src.enrichment.client_base: gnomad rate limited (429), retrying in 4s...
2026-06-06 12:16:48.182 [WARNING] src.enrichment.client_base: gnomad rate limited (429), retrying in 4s...
2026-06-06 12:16:48.188 [WARNING] src.enrichment.client_base: gnomad rate limited (429), retrying in 1s...
2026-06-06 12:16:48.253 [ERROR] src.enrichment.client_base: gtex HTTP 422: Unprocessable Entity
2026-06-06 12:16:48.263 [ERROR] src.enrichment.client_base: gtex HTTP 422: Unprocessable Entity
2026-06-06 12:16:48.289 [ERROR] src.enrichment.client_base: gtex HTTP 422: Unprocessable Entity
2026-06-06 12:16:48.651 [WARNING] src.enrichment.client_base: gnomad rate limited (429), retrying in 1s...
2026-06-06 12:16:48.653 [WARNING] src.enrichment.client_base: clinvar rate limited (429), retrying in 1s...
2026-06-06 12:16:48.771 [ERROR] src.enrichment.client_base: gtex HTTP 422: Unprocessable Entity
2026-06-06 12:16:48.776 [WARNING] src.enrichment.client_base: gnomad rate limited (429), retrying in 4s...
2026-06-06 12:16:48.846 [ERROR] src.enrichment.client_base: gtex HTTP 422: Unprocessable Entity
2026-06-06 12:16:49.233 [WARNING] src.enrichment.client_base: gnomad rate limited (429), retrying in 1s...
2026-06-06 12:16:49.307 [ERROR] src.enrichment.client_base: gtex HTTP 422: Unprocessable Entity
2026-06-06 12:16:49.394 [WARNING] src.enrichment.client_base: gnomad rate limited (429), retrying in 1s...
2026-06-06 12:16:49.524 [WARNING] src.enrichment.client_base: gnomad rate limited (429), retrying in 2s...
2026-06-06 12:16:49.627 [WARNING] src.enrichment.client_base: gnomad rate limited (429), retrying in 1s...
2026-06-06 12:16:49.676 [WARNING] src.enrichment.client_base: gnomad rate limited (429), retrying in 1s...
2026-06-06 12:16:49.728 [WARNING] src.enrichment.client_base: gnomad rate limited (429), retrying in 1s...
2026-06-06 12:16:49.767 [WARNING] src.enrichment.client_base: clinvar rate limited (429), retrying in 1s...
2026-06-06 12:16:49.965 [WARNING] src.enrichment.client_base: gnomad rate limited (429), retrying in 2s...
2026-06-06 12:16:50.182 [WARNING] src.enrichment.client_base: clinvar rate limited (429), retrying in 1s...
2026-06-06 12:16:50.191 [ERROR] src.enrichment.client_base: gtex HTTP 422: Unprocessable Entity
2026-06-06 12:16:50.311 [WARNING] src.enrichment.client_base: gnomad rate limited (429), retrying in 1s...
2026-06-06 12:16:50.450 [WARNING] src.enrichment.client_base: clinvar rate limited (429), retrying in 2s...
2026-06-06 12:16:50.472 [WARNING] src.enrichment.client_base: gnomad rate limited (429), retrying in 1s...
2026-06-06 12:16:50.547 [WARNING] src.enrichment.client_base: gnomad rate limited (429), retrying in 2s...
2026-06-06 12:16:50.571 [ERROR] src.enrichment.client_base: gtex HTTP 422: Unprocessable Entity
2026-06-06 12:16:50.651 [WARNING] src.enrichment.client_base: gnomad rate limited (429), retrying in 1s...
2026-06-06 12:16:50.711 [WARNING] src.enrichment.client_base: gnomad rate limited (429), retrying in 2s...
2026-06-06 12:16:50.734 [ERROR] src.enrichment.client_base: gtex HTTP 422: Unprocessable Entity
2026-06-06 12:16:50.933 [WARNING] src.enrichment.client_base: gnomad rate limited (429), retrying in 2s...
2026-06-06 12:16:50.996 [WARNING] src.enrichment.client_base: gnomad rate limited (429), retrying in 2s...
2026-06-06 12:16:51.267 [ERROR] src.enrichment.client_base: gtex HTTP 422: Unprocessable Entity
2026-06-06 12:16:51.352 [ERROR] src.enrichment.client_base: gtex HTTP 422: Unprocessable Entity
2026-06-06 12:16:51.445 [WARNING] src.enrichment.client_base: gnomad rate limited (429), retrying in 2s...
2026-06-06 12:16:51.630 [WARNING] src.enrichment.client_base: gnomad rate limited (429), retrying in 2s...
2026-06-06 12:16:51.708 [WARNING] src.enrichment.client_base: gnomad rate limited (429), retrying in 1s...
2026-06-06 12:16:51.728 [ERROR] src.enrichment.client_base: gtex HTTP 422: Unprocessable Entity
2026-06-06 12:16:51.808 [WARNING] src.enrichment.client_base: gnomad rate limited (429), retrying in 2s...
2026-06-06 12:16:51.871 [WARNING] src.enrichment.client_base: gnomad rate limited (429), retrying in 4s...
2026-06-06 12:16:51.982 [WARNING] src.enrichment.client_base: gnomad rate limited (429), retrying in 2s...
2026-06-06 12:16:52.275 [WARNING] src.enrichment.client_base: gnomad rate limited (429), retrying in 4s...
2026-06-06 12:16:52.306 [WARNING] src.enrichment.client_base: gnomad rate limited (429), retrying in 1s...
2026-06-06 12:16:52.488 [WARNING] src.enrichment.client_base: gnomad rate limited (429), retrying in 8s...
2026-06-06 12:16:52.503 [WARNING] src.enrichment.client_base: gnomad rate limited (429), retrying in 8s...
2026-06-06 12:16:52.736 [ERROR] src.enrichment.client_base: gtex HTTP 422: Unprocessable Entity
2026-06-06 12:16:52.777 [ERROR] src.enrichment.client_base: gtex HTTP 422: Unprocessable Entity
2026-06-06 12:16:52.787 [ERROR] src.enrichment.client_base: gtex HTTP 422: Unprocessable Entity
2026-06-06 12:16:52.835 [WARNING] src.enrichment.client_base: clinvar rate limited (429), retrying in 1s...
2026-06-06 12:16:52.874 [WARNING] src.enrichment.client_base: gnomad rate limited (429), retrying in 4s...
2026-06-06 12:16:53.015 [WARNING] src.enrichment.client_base: gnomad rate limited (429), retrying in 4s...
2026-06-06 12:16:53.023 [WARNING] src.enrichment.client_base: gnomad rate limited (429), retrying in 2s...
2026-06-06 12:16:53.082 [WARNING] src.enrichment.client_base: gnomad rate limited (429), retrying in 8s...
2026-06-06 12:16:53.190 [ERROR] src.enrichment.client_base: gtex HTTP 422: Unprocessable Entity
2026-06-06 12:16:53.231 [ERROR] src.enrichment.client_base: gtex HTTP 422: Unprocessable Entity
2026-06-06 12:16:53.249 [ERROR] src.enrichment.client_base: gtex HTTP 422: Unprocessable Entity
2026-06-06 12:16:53.250 [WARNING] src.enrichment.client_base: gnomad rate limited (429), retrying in 4s...
2026-06-06 12:16:53.284 [ERROR] src.enrichment.client_base: gtex HTTP 422: Unprocessable Entity
2026-06-06 12:16:53.321 [WARNING] src.enrichment.client_base: gnomad rate limited (429), retrying in 4s...
2026-06-06 12:16:53.613 [ERROR] src.enrichment.client_base: gtex HTTP 422: Unprocessable Entity
2026-06-06 12:16:53.637 [WARNING] src.enrichment.client_base: gnomad rate limited (429), retrying in 2s...
2026-06-06 12:16:53.825 [ERROR] src.enrichment.client_base: gtex HTTP 422: Unprocessable Entity
2026-06-06 12:16:53.962 [WARNING] src.enrichment.client_base: gnomad rate limited (429), retrying in 4s...
2026-06-06 12:16:53.970 [WARNING] src.enrichment.client_base: clinvar rate limited (429), retrying in 1s...
2026-06-06 12:16:54.083 [ERROR] src.enrichment.client_base: gtex HTTP 422: Unprocessable Entity
2026-06-06 12:16:54.132 [WARNING] src.enrichment.client_base: gnomad rate limited (429), retrying in 4s...
2026-06-06 12:16:54.143 [WARNING] src.enrichment.client_base: gnomad rate limited (429), retrying in 4s...
2026-06-06 12:16:54.282 [ERROR] src.enrichment.client_base: gtex HTTP 422: Unprocessable Entity
2026-06-06 12:16:54.322 [WARNING] src.enrichment.client_base: clinvar rate limited (429), retrying in 4s...
2026-06-06 12:16:54.666 [WARNING] src.enrichment.client_base: gnomad rate limited (429), retrying in 4s...
2026-06-06 12:16:54.957 [ERROR] src.enrichment.client_base: gtex HTTP 422: Unprocessable Entity
2026-06-06 12:16:55.041 [ERROR] src.enrichment.client_base: gtex HTTP 422: Unprocessable Entity
2026-06-06 12:16:55.053 [ERROR] src.enrichment.client_base: gtex HTTP 422: Unprocessable Entity
2026-06-06 12:16:55.206 [ERROR] src.enrichment.client_base: gtex HTTP 422: Unprocessable Entity
2026-06-06 12:16:55.273 [ERROR] src.enrichment.client_base: gtex HTTP 422: Unprocessable Entity
2026-06-06 12:16:55.333 [WARNING] src.enrichment.client_base: gnomad rate limited (429), retrying in 4s...
2026-06-06 12:16:55.340 [ERROR] src.enrichment.client_base: gtex HTTP 422: Unprocessable Entity
2026-06-06 12:16:55.507 [ERROR] src.enrichment.client_base: gtex HTTP 422: Unprocessable Entity
2026-06-06 12:16:55.556 [ERROR] src.enrichment.client_base: gtex HTTP 422: Unprocessable Entity
2026-06-06 12:16:55.676 [ERROR] src.enrichment.client_base: gtex HTTP 422: Unprocessable Entity
2026-06-06 12:16:55.786 [ERROR] src.enrichment.client_base: gtex HTTP 422: Unprocessable Entity
2026-06-06 12:16:55.823 [ERROR] src.enrichment.client_base: gtex HTTP 422: Unprocessable Entity
2026-06-06 12:16:55.981 [WARNING] src.enrichment.client_base: clinvar rate limited (429), retrying in 1s...
2026-06-06 12:16:55.983 [WARNING] src.enrichment.client_base: gnomad rate limited (429), retrying in 4s...
2026-06-06 12:16:56.003 [WARNING] src.enrichment.client_base: clinvar rate limited (429), retrying in 2s...
2026-06-06 12:16:56.095 [ERROR] src.enrichment.client_base: gtex HTTP 422: Unprocessable Entity
2026-06-06 12:16:56.175 [WARNING] src.enrichment.client_base: gnomad rate limited (429), retrying in 8s...
2026-06-06 12:16:56.355 [ERROR] src.enrichment.client_base: gtex HTTP 422: Unprocessable Entity
2026-06-06 12:16:56.498 [ERROR] src.enrichment.client_base: gtex HTTP 422: Unprocessable Entity
2026-06-06 12:16:56.598 [WARNING] src.enrichment.client_base: gnomad rate limited (429), retrying in 8s...
2026-06-06 12:16:56.969 [ERROR] src.enrichment.client_base: gtex HTTP 422: Unprocessable Entity
2026-06-06 12:16:57.191 [WARNING] src.enrichment.client_base: gnomad rate limited (429), retrying in 8s...
2026-06-06 12:16:57.205 [ERROR] src.enrichment.client_base: gtex HTTP 422: Unprocessable Entity
2026-06-06 12:16:57.320 [WARNING] src.enrichment.client_base: gnomad rate limited (429), retrying in 8s...
2026-06-06 12:16:57.434 [ERROR] src.enrichment.client_base: gtex HTTP 422: Unprocessable Entity
2026-06-06 12:16:57.582 [ERROR] src.enrichment.client_base: gtex HTTP 422: Unprocessable Entity
2026-06-06 12:16:57.623 [WARNING] src.enrichment.client_base: gnomad rate limited (429), retrying in 8s...
2026-06-06 12:16:57.736 [ERROR] src.enrichment.client_base: gtex HTTP 422: Unprocessable Entity
2026-06-06 12:16:57.853 [ERROR] src.enrichment.client_base: gtex HTTP 422: Unprocessable Entity
2026-06-06 12:16:57.914 [WARNING] src.enrichment.client_base: gnomad rate limited (429), retrying in 8s...
2026-06-06 12:16:58.046 [ERROR] src.enrichment.client_base: gtex HTTP 422: Unprocessable Entity
2026-06-06 12:16:58.172 [ERROR] src.enrichment.client_base: gtex HTTP 422: Unprocessable Entity
2026-06-06 12:16:58.266 [ERROR] src.enrichment.client_base: gtex HTTP 422: Unprocessable Entity
2026-06-06 12:16:58.276 [WARNING] src.enrichment.client_base: gnomad rate limited (429), retrying in 8s...
2026-06-06 12:16:58.455 [WARNING] src.enrichment.client_base: gnomad rate limited (429), retrying in 8s...
2026-06-06 12:16:58.460 [WARNING] src.enrichment.client_base: gnomad rate limited (429), retrying in 8s...
2026-06-06 12:16:58.804 [WARNING] src.enrichment.client_base: clinvar rate limited (429), retrying in 1s...
2026-06-06 12:16:58.999 [WARNING] src.enrichment.client_base: gnomad rate limited (429), retrying in 8s...
2026-06-06 12:16:59.463 [ERROR] src.enrichment.client_base: gtex HTTP 422: Unprocessable Entity
2026-06-06 12:16:59.666 [WARNING] src.enrichment.client_base: gnomad rate limited (429), retrying in 8s...
2026-06-06 12:16:59.669 [ERROR] src.enrichment.client_base: gtex HTTP 422: Unprocessable Entity
2026-06-06 12:16:59.854 [WARNING] src.enrichment.client_base: clinvar rate limited (429), retrying in 1s...
2026-06-06 12:16:59.888 [WARNING] src.enrichment.client_base: clinvar rate limited (429), retrying in 8s...
2026-06-06 12:17:00.308 [WARNING] src.enrichment.client_base: gnomad rate limited (429), retrying in 8s...
2026-06-06 12:17:00.651 [ERROR] src.enrichment.client_base: gtex HTTP 422: Unprocessable Entity
2026-06-06 12:17:00.810 [WARNING] src.enrichment.client_base: gnomad rate limited (429), retrying in 1s...
2026-06-06 12:17:00.812 [WARNING] src.enrichment.client_base: gnomad rate limited (429), retrying in 1s...
2026-06-06 12:17:00.824 [ERROR] src.enrichment.client_base: gtex HTTP 422: Unprocessable Entity
2026-06-06 12:17:00.853 [ERROR] src.enrichment.client_base: gtex HTTP 422: Unprocessable Entity
2026-06-06 12:17:01.311 [ERROR] src.enrichment.client_base: gtex HTTP 422: Unprocessable Entity
2026-06-06 12:17:01.431 [WARNING] src.enrichment.client_base: gnomad rate limited (429), retrying in 1s...
2026-06-06 12:17:01.760 [WARNING] src.enrichment.client_base: clinvar rate limited (429), retrying in 1s...
2026-06-06 12:17:01.926 [ERROR] src.enrichment.client_base: gtex HTTP 422: Unprocessable Entity
2026-06-06 12:17:02.114 [WARNING] src.enrichment.client_base: gnomad rate limited (429), retrying in 2s...
2026-06-06 12:17:02.128 [WARNING] src.enrichment.client_base: gnomad rate limited (429), retrying in 2s...
2026-06-06 12:17:02.221 [ERROR] src.enrichment.client_base: gtex HTTP 422: Unprocessable Entity
2026-06-06 12:17:02.344 [ERROR] src.enrichment.client_base: gtex HTTP 422: Unprocessable Entity
2026-06-06 12:17:02.660 [ERROR] src.enrichment.client_base: gtex HTTP 422: Unprocessable Entity
2026-06-06 12:17:02.709 [ERROR] src.enrichment.client_base: gtex HTTP 422: Unprocessable Entity
2026-06-06 12:17:02.751 [WARNING] src.enrichment.client_base: gnomad rate limited (429), retrying in 2s...
2026-06-06 12:17:02.786 [ERROR] src.enrichment.client_base: gtex HTTP 422: Unprocessable Entity
2026-06-06 12:17:02.936 [WARNING] src.enrichment.client_base: clinvar rate limited (429), retrying in 1s...
2026-06-06 12:17:02.942 [ERROR] src.enrichment.client_base: gtex HTTP 422: Unprocessable Entity
2026-06-06 12:17:03.488 [ERROR] src.enrichment.client_base: gtex HTTP 422: Unprocessable Entity
2026-06-06 12:17:03.708 [ERROR] src.enrichment.client_base: gtex HTTP 422: Unprocessable Entity
2026-06-06 12:17:03.965 [ERROR] src.enrichment.client_base: gtex HTTP 422: Unprocessable Entity
2026-06-06 12:17:04.012 [ERROR] src.enrichment.client_base: gtex HTTP 422: Unprocessable Entity
2026-06-06 12:17:04.146 [ERROR] src.enrichment.client_base: gtex HTTP 422: Unprocessable Entity
2026-06-06 12:17:04.148 [ERROR] src.enrichment.client_base: gtex HTTP 422: Unprocessable Entity
2026-06-06 12:17:04.350 [ERROR] src.enrichment.client_base: gtex HTTP 422: Unprocessable Entity
2026-06-06 12:17:04.420 [WARNING] src.enrichment.client_base: gnomad rate limited (429), retrying in 4s...
2026-06-06 12:17:04.436 [WARNING] src.enrichment.client_base: gnomad rate limited (429), retrying in 4s...
2026-06-06 12:17:04.490 [WARNING] src.enrichment.client_base: gnomad rate limited (429), retrying in 1s...
2026-06-06 12:17:04.597 [ERROR] src.enrichment.client_base: gtex HTTP 422: Unprocessable Entity
2026-06-06 12:17:04.638 [ERROR] src.enrichment.client_base: gtex HTTP 422: Unprocessable Entity
2026-06-06 12:17:04.829 [ERROR] src.enrichment.client_base: gtex HTTP 422: Unprocessable Entity
2026-06-06 12:17:04.914 [WARNING] src.enrichment.client_base: gnomad rate limited (429), retrying in 1s...
2026-06-06 12:17:05.068 [WARNING] src.enrichment.client_base: gnomad rate limited (429), retrying in 4s...
2026-06-06 12:17:05.200 [ERROR] src.enrichment.client_base: gtex HTTP 422: Unprocessable Entity
2026-06-06 12:17:05.247 [ERROR] src.enrichment.client_base: gtex HTTP 422: Unprocessable Entity
2026-06-06 12:17:05.461 [ERROR] src.enrichment.client_base: gtex HTTP 422: Unprocessable Entity
2026-06-06 12:17:05.485 [ERROR] src.enrichment.client_base: gtex HTTP 422: Unprocessable Entity
2026-06-06 12:17:05.516 [WARNING] src.enrichment.client_base: gnomad rate limited (429), retrying in 1s...
2026-06-06 12:17:05.528 [ERROR] src.enrichment.client_base: gtex HTTP 422: Unprocessable Entity
2026-06-06 12:17:05.575 [WARNING] src.enrichment.client_base: clinvar rate limited (429), retrying in 1s...
2026-06-06 12:17:05.704 [ERROR] src.enrichment.client_base: gtex HTTP 422: Unprocessable Entity
2026-06-06 12:17:05.813 [WARNING] src.enrichment.client_base: gnomad rate limited (429), retrying in 2s...
2026-06-06 12:17:05.945 [WARNING] src.enrichment.client_base: gnomad rate limited (429), retrying in 1s...
2026-06-06 12:17:06.110 [ERROR] src.enrichment.client_base: gtex HTTP 422: Unprocessable Entity
2026-06-06 12:17:06.120 [WARNING] src.enrichment.client_base: gnomad rate limited (429), retrying in 1s...
2026-06-06 12:17:06.195 [ERROR] src.enrichment.client_base: gtex HTTP 422: Unprocessable Entity
2026-06-06 12:17:06.223 [WARNING] src.enrichment.client_base: gnomad rate limited (429), retrying in 2s...
2026-06-06 12:17:06.239 [WARNING] src.enrichment.client_base: gnomad rate limited (429), retrying in 1s...
2026-06-06 12:17:06.407 [ERROR] src.enrichment.client_base: gtex HTTP 422: Unprocessable Entity
2026-06-06 12:17:06.627 [WARNING] src.enrichment.client_base: gnomad rate limited (429), retrying in 1s...
2026-06-06 12:17:06.671 [ERROR] src.enrichment.client_base: gtex HTTP 422: Unprocessable Entity
2026-06-06 12:17:06.761 [WARNING] src.enrichment.client_base: gnomad rate limited (429), retrying in 1s...
2026-06-06 12:17:06.794 [WARNING] src.enrichment.client_base: gnomad rate limited (429), retrying in 1s...
2026-06-06 12:17:06.822 [ERROR] src.enrichment.client_base: gtex HTTP 422: Unprocessable Entity
2026-06-06 12:17:06.833 [WARNING] src.enrichment.client_base: gnomad rate limited (429), retrying in 2s...
2026-06-06 12:17:07.058 [ERROR] src.enrichment.client_base: gtex HTTP 422: Unprocessable Entity
2026-06-06 12:17:07.261 [WARNING] src.enrichment.client_base: gnomad rate limited (429), retrying in 2s...
2026-06-06 12:17:07.307 [WARNING] src.enrichment.client_base: gnomad rate limited (429), retrying in 1s...
2026-06-06 12:17:07.433 [WARNING] src.enrichment.client_base: gnomad rate limited (429), retrying in 2s...
2026-06-06 12:17:07.563 [WARNING] src.enrichment.client_base: gnomad rate limited (429), retrying in 2s...
2026-06-06 12:17:07.699 [ERROR] src.enrichment.client_base: gtex HTTP 422: Unprocessable Entity
2026-06-06 12:17:07.862 [ERROR] src.enrichment.client_base: gtex HTTP 422: Unprocessable Entity
2026-06-06 12:17:07.878 [ERROR] src.enrichment.client_base: gtex HTTP 422: Unprocessable Entity
2026-06-06 12:17:07.940 [WARNING] src.enrichment.client_base: gnomad rate limited (429), retrying in 2s...
2026-06-06 12:17:07.952 [ERROR] src.enrichment.client_base: gtex HTTP 422: Unprocessable Entity
2026-06-06 12:17:07.991 [WARNING] src.enrichment.client_base: gnomad rate limited (429), retrying in 1s...
2026-06-06 12:17:08.122 [WARNING] src.enrichment.client_base: gnomad rate limited (429), retrying in 2s...
2026-06-06 12:17:08.126 [ERROR] src.enrichment.client_base: gtex HTTP 422: Unprocessable Entity
2026-06-06 12:17:08.191 [WARNING] src.enrichment.client_base: gnomad rate limited (429), retrying in 4s...
2026-06-06 12:17:08.462 [WARNING] src.enrichment.client_base: gnomad rate limited (429), retrying in 2s...
2026-06-06 12:17:08.532 [WARNING] src.enrichment.client_base: gnomad rate limited (429), retrying in 4s...
2026-06-06 12:17:08.646 [WARNING] src.enrichment.client_base: gnomad rate limited (429), retrying in 2s...
2026-06-06 12:17:08.672 [WARNING] src.enrichment.client_base: gnomad rate limited (429), retrying in 1s...
2026-06-06 12:17:08.745 [WARNING] src.enrichment.client_base: gnomad rate limited (429), retrying in 8s...
2026-06-06 12:17:08.770 [WARNING] src.enrichment.client_base: gnomad rate limited (429), retrying in 8s...
2026-06-06 12:17:08.960 [WARNING] src.enrichment.client_base: clinvar rate limited (429), retrying in 1s...
2026-06-06 12:17:09.141 [ERROR] src.enrichment.client_base: gtex HTTP 422: Unprocessable Entity
2026-06-06 12:17:09.152 [WARNING] src.enrichment.client_base: gnomad rate limited (429), retrying in 4s...
2026-06-06 12:17:09.211 [WARNING] src.enrichment.client_base: clinvar rate limited (429), retrying in 2s...
2026-06-06 12:17:09.296 [WARNING] src.enrichment.client_base: gnomad rate limited (429), retrying in 2s...
2026-06-06 12:17:09.516 [ERROR] src.enrichment.client_base: gtex HTTP 422: Unprocessable Entity
2026-06-06 12:17:09.575 [WARNING] src.enrichment.client_base: gnomad rate limited (429), retrying in 4s...
2026-06-06 12:17:09.728 [WARNING] src.enrichment.client_base: gnomad rate limited (429), retrying in 8s...
2026-06-06 12:17:09.761 [WARNING] src.enrichment.client_base: gnomad rate limited (429), retrying in 4s...
2026-06-06 12:17:10.003 [WARNING] src.enrichment.client_base: gnomad rate limited (429), retrying in 2s...
2026-06-06 12:17:10.227 [WARNING] src.enrichment.client_base: gnomad rate limited (429), retrying in 4s...
2026-06-06 12:17:10.266 [WARNING] src.enrichment.client_base: gnomad rate limited (429), retrying in 4s...
2026-06-06 12:17:10.325 [ERROR] src.enrichment.client_base: gtex HTTP 422: Unprocessable Entity
2026-06-06 12:17:10.335 [ERROR] src.enrichment.client_base: gtex HTTP 422: Unprocessable Entity
2026-06-06 12:17:10.389 [WARNING] src.enrichment.client_base: clinvar rate limited (429), retrying in 1s...
2026-06-06 12:17:10.791 [WARNING] src.enrichment.client_base: gnomad rate limited (429), retrying in 4s...
2026-06-06 12:17:10.800 [ERROR] src.enrichment.client_base: gtex HTTP 422: Unprocessable Entity
2026-06-06 12:17:10.889 [ERROR] src.enrichment.client_base: gtex HTTP 422: Unprocessable Entity
2026-06-06 12:17:10.921 [WARNING] src.enrichment.client_base: gnomad rate limited (429), retrying in 4s...
2026-06-06 12:17:10.955 [WARNING] src.enrichment.client_base: gnomad rate limited (429), retrying in 4s...
2026-06-06 12:17:11.370 [ERROR] src.enrichment.client_base: gtex HTTP 422: Unprocessable Entity
2026-06-06 12:17:11.618 [WARNING] src.enrichment.client_base: gnomad rate limited (429), retrying in 4s...
2026-06-06 12:17:11.792 [ERROR] src.enrichment.client_base: gtex HTTP 422: Unprocessable Entity
2026-06-06 12:17:11.841 [ERROR] src.enrichment.client_base: gtex HTTP 422: Unprocessable Entity
2026-06-06 12:17:12.176 [ERROR] src.enrichment.client_base: gtex HTTP 422: Unprocessable Entity
2026-06-06 12:17:12.266 [ERROR] src.enrichment.client_base: gnomad HTTP 400: Bad Request
2026-06-06 12:17:12.300 [ERROR] src.enrichment.client_base: gtex HTTP 422: Unprocessable Entity
2026-06-06 12:17:12.401 [ERROR] src.enrichment.client_base: gnomad HTTP 400: Bad Request
2026-06-06 12:17:12.407 [WARNING] src.enrichment.client_base: clinvar rate limited (429), retrying in 2s...
2026-06-06 12:17:12.413 [ERROR] src.enrichment.client_base: gtex HTTP 422: Unprocessable Entity
2026-06-06 12:17:12.618 [ERROR] src.enrichment.client_base: gtex HTTP 422: Unprocessable Entity
2026-06-06 12:17:12.620 [ERROR] src.enrichment.client_base: gtex HTTP 422: Unprocessable Entity
2026-06-06 12:17:12.628 [ERROR] src.enrichment.client_base: gnomad HTTP 400: Bad Request
2026-06-06 12:17:12.675 [WARNING] src.enrichment.client_base: clinvar rate limited (429), retrying in 4s...
2026-06-06 12:17:12.755 [ERROR] src.enrichment.client_base: gnomad HTTP 400: Bad Request
2026-06-06 12:17:12.923 [ERROR] src.enrichment.client_base: gtex HTTP 422: Unprocessable Entity
2026-06-06 12:17:12.964 [ERROR] src.enrichment.client_base: gnomad HTTP 400: Bad Request
2026-06-06 12:17:13.040 [ERROR] src.enrichment.client_base: gtex HTTP 422: Unprocessable Entity
2026-06-06 12:17:13.223 [WARNING] src.enrichment.client_base: clinvar rate limited (429), retrying in 1s...
2026-06-06 12:17:13.347 [ERROR] src.enrichment.client_base: gtex HTTP 422: Unprocessable Entity
2026-06-06 12:17:13.370 [ERROR] src.enrichment.client_base: gnomad HTTP 400: Bad Request
2026-06-06 12:17:13.582 [ERROR] src.enrichment.client_base: gnomad HTTP 400: Bad Request
2026-06-06 12:17:13.608 [ERROR] src.enrichment.client_base: gtex HTTP 422: Unprocessable Entity
2026-06-06 12:17:13.621 [ERROR] src.enrichment.client_base: gtex HTTP 422: Unprocessable Entity
2026-06-06 12:17:13.800 [ERROR] src.enrichment.client_base: gnomad HTTP 400: Bad Request
2026-06-06 12:17:13.978 [ERROR] src.enrichment.client_base: gnomad HTTP 400: Bad Request
2026-06-06 12:17:13.985 [ERROR] src.enrichment.client_base: gtex HTTP 422: Unprocessable Entity
2026-06-06 12:17:14.030 [ERROR] src.enrichment.client_base: gnomad HTTP 400: Bad Request
2026-06-06 12:17:14.114 [ERROR] src.enrichment.client_base: gtex HTTP 422: Unprocessable Entity
2026-06-06 12:17:14.125 [ERROR] src.enrichment.client_base: gtex HTTP 422: Unprocessable Entity
2026-06-06 12:17:14.193 [ERROR] src.enrichment.client_base: gnomad HTTP 400: Bad Request
2026-06-06 12:17:14.223 [ERROR] src.enrichment.client_base: gnomad HTTP 400: Bad Request
2026-06-06 12:17:14.223 [ERROR] src.enrichment.client_base: gnomad HTTP 400: Bad Request
2026-06-06 12:17:14.385 [ERROR] src.enrichment.client_base: gtex HTTP 422: Unprocessable Entity
2026-06-06 12:17:14.441 [ERROR] src.enrichment.client_base: gnomad HTTP 400: Bad Request
2026-06-06 12:17:14.499 [ERROR] src.enrichment.client_base: gnomad HTTP 400: Bad Request
2026-06-06 12:17:14.676 [ERROR] src.enrichment.client_base: gtex HTTP 422: Unprocessable Entity
2026-06-06 12:17:14.697 [ERROR] src.enrichment.client_base: gnomad HTTP 400: Bad Request
2026-06-06 12:17:14.711 [ERROR] src.enrichment.client_base: gnomad HTTP 400: Bad Request
2026-06-06 12:17:14.829 [ERROR] src.enrichment.client_base: gnomad HTTP 400: Bad Request
2026-06-06 12:17:14.883 [ERROR] src.enrichment.client_base: gtex HTTP 422: Unprocessable Entity
2026-06-06 12:17:14.921 [WARNING] src.enrichment.client_base: clinvar rate limited (429), retrying in 4s...
2026-06-06 12:17:15.118 [WARNING] src.enrichment.client_base: clinvar rate limited (429), retrying in 1s...
2026-06-06 12:17:15.136 [ERROR] src.enrichment.client_base: gnomad HTTP 400: Bad Request
2026-06-06 12:17:15.205 [ERROR] src.enrichment.client_base: gnomad HTTP 400: Bad Request
2026-06-06 12:17:15.248 [ERROR] src.enrichment.client_base: gnomad HTTP 400: Bad Request
2026-06-06 12:17:15.300 [ERROR] src.enrichment.client_base: gtex HTTP 422: Unprocessable Entity
2026-06-06 12:17:15.350 [ERROR] src.enrichment.client_base: gtex HTTP 422: Unprocessable Entity
2026-06-06 12:17:15.361 [ERROR] src.enrichment.client_base: gtex HTTP 422: Unprocessable Entity
2026-06-06 12:17:15.370 [ERROR] src.enrichment.client_base: gnomad HTTP 400: Bad Request
2026-06-06 12:17:15.418 [ERROR] src.enrichment.client_base: gnomad HTTP 400: Bad Request
2026-06-06 12:17:15.430 [ERROR] src.enrichment.client_base: gnomad HTTP 400: Bad Request
2026-06-06 12:17:15.431 [ERROR] src.enrichment.client_base: gtex HTTP 422: Unprocessable Entity
2026-06-06 12:17:15.455 [ERROR] src.enrichment.client_base: gnomad HTTP 400: Bad Request
2026-06-06 12:17:15.646 [ERROR] src.enrichment.client_base: gnomad HTTP 400: Bad Request
2026-06-06 12:17:15.752 [ERROR] src.enrichment.client_base: gtex HTTP 422: Unprocessable Entity
2026-06-06 12:17:15.820 [ERROR] src.enrichment.client_base: gtex HTTP 422: Unprocessable Entity
2026-06-06 12:17:15.845 [ERROR] src.enrichment.client_base: gtex HTTP 422: Unprocessable Entity
2026-06-06 12:17:15.862 [ERROR] src.enrichment.client_base: gnomad HTTP 400: Bad Request
2026-06-06 12:17:15.927 [ERROR] src.enrichment.client_base: gtex HTTP 422: Unprocessable Entity
2026-06-06 12:17:15.935 [ERROR] src.enrichment.client_base: gnomad HTTP 400: Bad Request
2026-06-06 12:17:16.090 [ERROR] src.enrichment.client_base: gnomad HTTP 400: Bad Request
2026-06-06 12:17:16.149 [ERROR] src.enrichment.client_base: gtex HTTP 422: Unprocessable Entity
2026-06-06 12:17:16.296 [ERROR] src.enrichment.client_base: gnomad HTTP 400: Bad Request
2026-06-06 12:17:16.435 [ERROR] src.enrichment.client_base: gnomad HTTP 400: Bad Request
2026-06-06 12:17:16.471 [ERROR] src.enrichment.client_base: gnomad HTTP 400: Bad Request
2026-06-06 12:17:16.498 [ERROR] src.enrichment.client_base: gnomad HTTP 400: Bad Request
2026-06-06 12:17:16.580 [ERROR] src.enrichment.client_base: gnomad HTTP 400: Bad Request
2026-06-06 12:17:16.588 [ERROR] src.enrichment.client_base: gtex HTTP 422: Unprocessable Entity
2026-06-06 12:17:16.652 [ERROR] src.enrichment.client_base: gnomad HTTP 400: Bad Request
2026-06-06 12:17:16.720 [ERROR] src.enrichment.client_base: gnomad HTTP 400: Bad Request
2026-06-06 12:17:16.874 [ERROR] src.enrichment.client_base: gtex HTTP 422: Unprocessable Entity
2026-06-06 12:17:16.969 [ERROR] src.enrichment.client_base: gnomad HTTP 400: Bad Request
2026-06-06 12:17:16.989 [ERROR] src.enrichment.client_base: gnomad HTTP 400: Bad Request
2026-06-06 12:17:17.077 [ERROR] src.enrichment.client_base: gnomad HTTP 400: Bad Request
2026-06-06 12:17:17.287 [ERROR] src.enrichment.client_base: gtex HTTP 422: Unprocessable Entity
2026-06-06 12:17:17.318 [ERROR] src.enrichment.client_base: gnomad HTTP 400: Bad Request
2026-06-06 12:17:17.363 [ERROR] src.enrichment.client_base: gtex HTTP 422: Unprocessable Entity
2026-06-06 12:17:17.443 [ERROR] src.enrichment.client_base: gtex HTTP 422: Unprocessable Entity
2026-06-06 12:17:17.588 [ERROR] src.enrichment.client_base: gnomad HTTP 400: Bad Request
2026-06-06 12:17:17.680 [ERROR] src.enrichment.client_base: gnomad HTTP 400: Bad Request
2026-06-06 12:17:17.834 [ERROR] src.enrichment.client_base: gtex HTTP 422: Unprocessable Entity
2026-06-06 12:17:17.870 [ERROR] src.enrichment.client_base: gnomad HTTP 400: Bad Request
2026-06-06 12:17:17.950 [ERROR] src.enrichment.client_base: gnomad HTTP 400: Bad Request
2026-06-06 12:17:18.000 [WARNING] src.enrichment.client_base: clinvar rate limited (429), retrying in 1s...
2026-06-06 12:17:18.098 [WARNING] src.enrichment.client_base: clinvar rate limited (429), retrying in 2s...
2026-06-06 12:17:18.150 [ERROR] src.enrichment.client_base: gnomad HTTP 400: Bad Request
2026-06-06 12:17:18.214 [ERROR] src.enrichment.client_base: gnomad HTTP 400: Bad Request
2026-06-06 12:17:18.243 [ERROR] src.enrichment.client_base: gtex HTTP 422: Unprocessable Entity
2026-06-06 12:17:18.357 [ERROR] src.enrichment.client_base: gnomad HTTP 400: Bad Request
2026-06-06 12:17:18.602 [WARNING] src.enrichment.client_base: gnomad rate limited (429), retrying in 4s...
2026-06-06 12:17:18.710 [WARNING] src.enrichment.client_base: gnomad rate limited (429), retrying in 2s...
2026-06-06 12:17:18.966 [WARNING] src.enrichment.client_base: gnomad rate limited (429), retrying in 4s...
2026-06-06 12:17:19.251 [WARNING] src.enrichment.client_base: gnomad rate limited (429), retrying in 4s...
2026-06-06 12:17:19.492 [ERROR] src.enrichment.client_base: gtex HTTP 422: Unprocessable Entity
2026-06-06 12:17:19.635 [WARNING] src.enrichment.client_base: gnomad rate limited (429), retrying in 4s...
2026-06-06 12:17:19.674 [WARNING] src.enrichment.client_base: gnomad rate limited (429), retrying in 2s...
2026-06-06 12:17:19.809 [ERROR] src.enrichment.client_base: gtex HTTP 422: Unprocessable Entity
2026-06-06 12:17:19.810 [ERROR] src.enrichment.client_base: gtex HTTP 422: Unprocessable Entity
2026-06-06 12:17:19.911 [ERROR] src.enrichment.client_base: gtex HTTP 422: Unprocessable Entity
2026-06-06 12:17:19.913 [WARNING] src.enrichment.client_base: gnomad rate limited (429), retrying in 4s...
2026-06-06 12:17:20.274 [WARNING] src.enrichment.client_base: gnomad rate limited (429), retrying in 4s...
2026-06-06 12:17:20.278 [ERROR] src.enrichment.client_base: gtex HTTP 422: Unprocessable Entity
2026-06-06 12:17:20.341 [ERROR] src.enrichment.client_base: gtex HTTP 422: Unprocessable Entity
2026-06-06 12:17:20.531 [WARNING] src.enrichment.client_base: gnomad rate limited (429), retrying in 4s...
2026-06-06 12:17:20.768 [WARNING] src.enrichment.client_base: gnomad rate limited (429), retrying in 8s...
2026-06-06 12:17:20.879 [ERROR] src.enrichment.client_base: gtex HTTP 422: Unprocessable Entity
2026-06-06 12:17:21.032 [WARNING] src.enrichment.client_base: gnomad rate limited (429), retrying in 4s...
2026-06-06 12:17:21.099 [ERROR] src.enrichment.client_base: gtex HTTP 422: Unprocessable Entity
2026-06-06 12:17:21.158 [WARNING] src.enrichment.client_base: clinvar rate limited (429), retrying in 2s...
2026-06-06 12:17:21.192 [WARNING] src.enrichment.client_base: gnomad rate limited (429), retrying in 8s...
2026-06-06 12:17:21.352 [ERROR] src.enrichment.client_base: gtex HTTP 422: Unprocessable Entity
2026-06-06 12:17:21.578 [ERROR] src.enrichment.client_base: gtex HTTP 422: Unprocessable Entity
2026-06-06 12:17:21.584 [WARNING] src.enrichment.client_base: clinvar rate limited (429), retrying in 4s...
2026-06-06 12:17:21.727 [WARNING] src.enrichment.client_base: gnomad rate limited (429), retrying in 8s...
2026-06-06 12:17:21.805 [WARNING] src.enrichment.client_base: clinvar rate limited (429), retrying in 1s...
2026-06-06 12:17:21.844 [ERROR] src.enrichment.client_base: gtex HTTP 422: Unprocessable Entity
2026-06-06 12:17:21.854 [ERROR] src.enrichment.client_base: gtex HTTP 422: Unprocessable Entity
2026-06-06 12:17:21.995 [WARNING] src.enrichment.client_base: gnomad rate limited (429), retrying in 4s...
2026-06-06 12:17:22.005 [WARNING] src.enrichment.client_base: gnomad rate limited (429), retrying in 8s...
2026-06-06 12:17:22.152 [ERROR] src.enrichment.client_base: gtex HTTP 422: Unprocessable Entity
2026-06-06 12:17:22.309 [ERROR] src.enrichment.client_base: gtex HTTP 422: Unprocessable Entity
2026-06-06 12:17:22.332 [ERROR] src.enrichment.client_base: gtex HTTP 422: Unprocessable Entity
2026-06-06 12:17:22.334 [ERROR] src.enrichment.client_base: gtex HTTP 422: Unprocessable Entity
2026-06-06 12:17:22.499 [WARNING] src.enrichment.client_base: gnomad rate limited (429), retrying in 8s...
2026-06-06 12:17:22.526 [WARNING] src.enrichment.client_base: gnomad rate limited (429), retrying in 8s...
2026-06-06 12:17:22.783 [ERROR] src.enrichment.client_base: gtex HTTP 422: Unprocessable Entity
2026-06-06 12:17:22.798 [ERROR] src.enrichment.client_base: gtex HTTP 422: Unprocessable Entity
2026-06-06 12:17:22.912 [WARNING] src.enrichment.client_base: gnomad rate limited (429), retrying in 8s...
2026-06-06 12:17:23.257 [ERROR] src.enrichment.client_base: gtex HTTP 422: Unprocessable Entity
2026-06-06 12:17:23.280 [WARNING] src.enrichment.client_base: gnomad rate limited (429), retrying in 8s...
2026-06-06 12:17:23.306 [ERROR] src.enrichment.client_base: gtex HTTP 422: Unprocessable Entity
2026-06-06 12:17:23.337 [ERROR] src.enrichment.client_base: gtex HTTP 422: Unprocessable Entity
2026-06-06 12:17:23.568 [WARNING] src.enrichment.client_base: gnomad rate limited (429), retrying in 8s...
2026-06-06 12:17:23.793 [ERROR] src.enrichment.client_base: gtex HTTP 422: Unprocessable Entity
2026-06-06 12:17:23.940 [WARNING] src.enrichment.client_base: clinvar rate limited (429), retrying in 4s...
2026-06-06 12:17:23.948 [WARNING] src.enrichment.client_base: gnomad rate limited (429), retrying in 8s...
2026-06-06 12:17:24.049 [ERROR] src.enrichment.client_base: gtex HTTP 422: Unprocessable Entity
2026-06-06 12:17:24.238 [WARNING] src.enrichment.client_base: gnomad rate limited (429), retrying in 8s...
2026-06-06 12:17:24.267 [ERROR] src.enrichment.client_base: gtex HTTP 422: Unprocessable Entity
2026-06-06 12:17:24.595 [WARNING] src.enrichment.client_base: gnomad rate limited (429), retrying in 8s...
2026-06-06 12:17:24.606 [ERROR] src.enrichment.client_base: gtex HTTP 422: Unprocessable Entity
2026-06-06 12:17:24.735 [WARNING] src.enrichment.client_base: clinvar rate limited (429), retrying in 1s...
2026-06-06 12:17:24.758 [ERROR] src.enrichment.client_base: gtex HTTP 422: Unprocessable Entity
2026-06-06 12:17:24.760 [ERROR] src.enrichment.client_base: gtex HTTP 422: Unprocessable Entity
2026-06-06 12:17:24.800 [ERROR] src.enrichment.client_base: gtex HTTP 422: Unprocessable Entity
2026-06-06 12:17:24.807 [ERROR] src.enrichment.client_base: gtex HTTP 422: Unprocessable Entity
2026-06-06 12:17:25.001 [ERROR] src.enrichment.client_base: gtex HTTP 422: Unprocessable Entity
2026-06-06 12:17:25.204 [WARNING] src.enrichment.client_base: gnomad rate limited (429), retrying in 8s...
2026-06-06 12:17:25.342 [WARNING] src.enrichment.client_base: gnomad rate limited (429), retrying in 8s...
2026-06-06 12:17:25.487 [ERROR] src.enrichment.client_base: gtex HTTP 422: Unprocessable Entity
2026-06-06 12:17:25.647 [ERROR] src.enrichment.client_base: gtex HTTP 422: Unprocessable Entity
2026-06-06 12:17:25.835 [ERROR] src.enrichment.client_base: gtex HTTP 422: Unprocessable Entity
2026-06-06 12:17:26.201 [ERROR] src.enrichment.client_base: gtex HTTP 422: Unprocessable Entity
2026-06-06 12:17:26.253 [ERROR] src.enrichment.client_base: gtex HTTP 422: Unprocessable Entity
2026-06-06 12:17:26.278 [ERROR] src.enrichment.client_base: gtex HTTP 422: Unprocessable Entity
2026-06-06 12:17:26.317 [WARNING] src.enrichment.client_base: gnomad rate limited (429), retrying in 8s...
2026-06-06 12:17:26.764 [ERROR] src.enrichment.client_base: gtex HTTP 422: Unprocessable Entity
2026-06-06 12:17:26.945 [WARNING] src.enrichment.client_base: clinvar rate limited (429), retrying in 1s...
2026-06-06 12:17:27.001 [WARNING] src.enrichment.client_base: clinvar rate limited (429), retrying in 2s...
2026-06-06 12:17:27.095 [ERROR] src.enrichment.client_base: gtex HTTP 422: Unprocessable Entity
2026-06-06 12:17:27.247 [ERROR] src.enrichment.client_base: gtex HTTP 422: Unprocessable Entity
2026-06-06 12:17:27.649 [ERROR] src.enrichment.client_base: gtex HTTP 422: Unprocessable Entity
2026-06-06 12:17:28.937 [ERROR] src.enrichment.client_base: gtex HTTP 422: Unprocessable Entity
2026-06-06 12:17:29.101 [WARNING] src.enrichment.client_base: gnomad rate limited (429), retrying in 1s...
2026-06-06 12:17:29.103 [ERROR] src.enrichment.client_base: gtex HTTP 422: Unprocessable Entity
2026-06-06 12:17:29.312 [ERROR] src.enrichment.client_base: gtex HTTP 422: Unprocessable Entity
2026-06-06 12:17:29.440 [WARNING] src.enrichment.client_base: clinvar rate limited (429), retrying in 1s...
2026-06-06 12:17:29.494 [WARNING] src.enrichment.client_base: gnomad rate limited (429), retrying in 1s...
2026-06-06 12:17:29.559 [WARNING] src.enrichment.client_base: clinvar rate limited (429), retrying in 8s...
2026-06-06 12:17:29.577 [ERROR] src.enrichment.client_base: gtex HTTP 422: Unprocessable Entity
2026-06-06 12:17:29.760 [ERROR] src.enrichment.client_base: gtex HTTP 422: Unprocessable Entity
2026-06-06 12:17:30.047 [WARNING] src.enrichment.client_base: gnomad rate limited (429), retrying in 1s...
2026-06-06 12:17:30.142 [ERROR] src.enrichment.client_base: gtex HTTP 422: Unprocessable Entity
2026-06-06 12:17:30.175 [ERROR] src.enrichment.client_base: gtex HTTP 422: Unprocessable Entity
2026-06-06 12:17:30.328 [WARNING] src.enrichment.client_base: gnomad rate limited (429), retrying in 1s...
2026-06-06 12:17:30.340 [ERROR] src.enrichment.client_base: gtex HTTP 422: Unprocessable Entity
2026-06-06 12:17:30.450 [WARNING] src.enrichment.client_base: gnomad rate limited (429), retrying in 2s...
2026-06-06 12:17:30.668 [ERROR] src.enrichment.client_base: gtex HTTP 422: Unprocessable Entity
2026-06-06 12:17:30.707 [ERROR] src.enrichment.client_base: gtex HTTP 422: Unprocessable Entity
2026-06-06 12:17:30.796 [WARNING] src.enrichment.client_base: gnomad rate limited (429), retrying in 2s...
2026-06-06 12:17:30.803 [WARNING] src.enrichment.client_base: gnomad rate limited (429), retrying in 1s...
2026-06-06 12:17:30.841 [WARNING] src.enrichment.client_base: gnomad rate limited (429), retrying in 1s...
2026-06-06 12:17:30.925 [WARNING] src.enrichment.client_base: clinvar rate limited (429), retrying in 1s...
2026-06-06 12:17:31.043 [ERROR] src.enrichment.client_base: gtex HTTP 422: Unprocessable Entity
2026-06-06 12:17:31.228 [WARNING] src.enrichment.client_base: gnomad rate limited (429), retrying in 1s...
2026-06-06 12:17:31.237 [ERROR] src.enrichment.client_base: gtex HTTP 422: Unprocessable Entity
2026-06-06 12:17:31.242 [ERROR] src.enrichment.client_base: gtex HTTP 422: Unprocessable Entity
2026-06-06 12:17:31.335 [ERROR] src.enrichment.client_base: gtex HTTP 422: Unprocessable Entity
2026-06-06 12:17:31.372 [WARNING] src.enrichment.client_base: gnomad rate limited (429), retrying in 2s...
2026-06-06 12:17:31.431 [ERROR] src.enrichment.client_base: gtex HTTP 422: Unprocessable Entity
2026-06-06 12:17:31.565 [ERROR] src.enrichment.client_base: gtex HTTP 422: Unprocessable Entity
2026-06-06 12:17:31.602 [WARNING] src.enrichment.client_base: gnomad rate limited (429), retrying in 1s...
2026-06-06 12:17:31.652 [WARNING] src.enrichment.client_base: gnomad rate limited (429), retrying in 2s...
2026-06-06 12:17:31.711 [ERROR] src.enrichment.client_base: gtex HTTP 422: Unprocessable Entity
2026-06-06 12:17:31.741 [ERROR] src.enrichment.client_base: gtex HTTP 422: Unprocessable Entity
2026-06-06 12:17:31.903 [WARNING] src.enrichment.client_base: gnomad rate limited (429), retrying in 1s...
2026-06-06 12:17:32.120 [WARNING] src.enrichment.client_base: gnomad rate limited (429), retrying in 2s...
2026-06-06 12:17:32.168 [WARNING] src.enrichment.client_base: gnomad rate limited (429), retrying in 2s...
2026-06-06 12:17:32.533 [WARNING] src.enrichment.client_base: gnomad rate limited (429), retrying in 2s...
2026-06-06 12:17:32.629 [WARNING] src.enrichment.client_base: gnomad rate limited (429), retrying in 1s...
2026-06-06 12:17:32.699 [WARNING] src.enrichment.client_base: gnomad rate limited (429), retrying in 1s...
2026-06-06 12:17:32.775 [WARNING] src.enrichment.client_base: gnomad rate limited (429), retrying in 4s...
2026-06-06 12:17:32.823 [ERROR] src.enrichment.client_base: gtex HTTP 422: Unprocessable Entity
2026-06-06 12:17:32.906 [ERROR] src.enrichment.client_base: gtex HTTP 422: Unprocessable Entity
2026-06-06 12:17:32.914 [WARNING] src.enrichment.client_base: gnomad rate limited (429), retrying in 2s...
2026-06-06 12:17:32.942 [WARNING] src.enrichment.client_base: gnomad rate limited (429), retrying in 1s...
2026-06-06 12:17:33.038 [ERROR] src.enrichment.client_base: gtex HTTP 422: Unprocessable Entity
2026-06-06 12:17:33.105 [WARNING] src.enrichment.client_base: gnomad rate limited (429), retrying in 4s...
2026-06-06 12:17:33.159 [ERROR] src.enrichment.client_base: gtex HTTP 422: Unprocessable Entity
2026-06-06 12:17:33.214 [WARNING] src.enrichment.client_base: gnomad rate limited (429), retrying in 2s...
2026-06-06 12:17:33.238 [ERROR] src.enrichment.client_base: gtex HTTP 422: Unprocessable Entity
2026-06-06 12:17:33.403 [ERROR] src.enrichment.client_base: gtex HTTP 422: Unprocessable Entity
2026-06-06 12:17:33.520 [WARNING] src.enrichment.client_base: gnomad rate limited (429), retrying in 1s...
2026-06-06 12:17:33.561 [ERROR] src.enrichment.client_base: gtex HTTP 422: Unprocessable Entity
2026-06-06 12:17:33.658 [WARNING] src.enrichment.client_base: gnomad rate limited (429), retrying in 1s...
2026-06-06 12:17:33.697 [ERROR] src.enrichment.client_base: gtex HTTP 422: Unprocessable Entity
2026-06-06 12:17:33.707 [WARNING] src.enrichment.client_base: gnomad rate limited (429), retrying in 4s...
2026-06-06 12:17:33.760 [WARNING] src.enrichment.client_base: clinvar rate limited (429), retrying in 1s...
2026-06-06 12:17:33.887 [ERROR] src.enrichment.client_base: gtex HTTP 422: Unprocessable Entity
2026-06-06 12:17:33.951 [WARNING] src.enrichment.client_base: gnomad rate limited (429), retrying in 2s...
2026-06-06 12:17:33.969 [WARNING] src.enrichment.client_base: gnomad rate limited (429), retrying in 4s...
2026-06-06 12:17:34.005 [WARNING] src.enrichment.client_base: gnomad rate limited (429), retrying in 2s...
2026-06-06 12:17:34.293 [ERROR] src.enrichment.client_base: gtex HTTP 422: Unprocessable Entity
2026-06-06 12:17:34.442 [WARNING] src.enrichment.client_base: gnomad rate limited (429), retrying in 4s...
2026-06-06 12:17:34.486 [WARNING] src.enrichment.client_base: gnomad rate limited (429), retrying in 4s...
2026-06-06 12:17:34.627 [WARNING] src.enrichment.client_base: gnomad rate limited (429), retrying in 2s...
2026-06-06 12:17:34.653 [WARNING] src.enrichment.client_base: gnomad rate limited (429), retrying in 1s...
2026-06-06 12:17:34.667 [ERROR] src.enrichment.client_base: gtex HTTP 422: Unprocessable Entity
2026-06-06 12:17:34.691 [ERROR] src.enrichment.client_base: gtex HTTP 422: Unprocessable Entity
2026-06-06 12:17:34.841 [WARNING] src.enrichment.client_base: gnomad rate limited (429), retrying in 4s...
2026-06-06 12:17:35.019 [WARNING] src.enrichment.client_base: gnomad rate limited (429), retrying in 2s...
2026-06-06 12:17:35.132 [ERROR] src.enrichment.client_base: gtex HTTP 422: Unprocessable Entity
2026-06-06 12:17:35.219 [WARNING] src.enrichment.client_base: gnomad rate limited (429), retrying in 4s...
2026-06-06 12:17:35.221 [WARNING] src.enrichment.client_base: gnomad rate limited (429), retrying in 2s...
2026-06-06 12:17:35.527 [WARNING] src.enrichment.client_base: gnomad rate limited (429), retrying in 4s...
2026-06-06 12:17:35.550 [ERROR] src.enrichment.client_base: gtex HTTP 422: Unprocessable Entity
2026-06-06 12:17:35.658 [ERROR] src.enrichment.client_base: gtex HTTP 422: Unprocessable Entity
2026-06-06 12:17:35.733 [ERROR] src.enrichment.client_base: gtex HTTP 422: Unprocessable Entity
2026-06-06 12:17:35.768 [ERROR] src.enrichment.client_base: gtex HTTP 422: Unprocessable Entity
2026-06-06 12:17:35.886 [ERROR] src.enrichment.client_base: gtex HTTP 422: Unprocessable Entity
2026-06-06 12:17:35.985 [WARNING] src.enrichment.client_base: gnomad rate limited (429), retrying in 2s...
2026-06-06 12:17:36.275 [WARNING] src.enrichment.client_base: gnomad rate limited (429), retrying in 4s...
2026-06-06 12:17:36.348 [WARNING] src.enrichment.client_base: gnomad rate limited (429), retrying in 4s...
2026-06-06 12:17:36.490 [ERROR] src.enrichment.client_base: gtex HTTP 422: Unprocessable Entity
2026-06-06 12:17:36.658 [ERROR] src.enrichment.client_base: gtex HTTP 422: Unprocessable Entity
2026-06-06 12:17:36.717 [WARNING] src.enrichment.client_base: clinvar rate limited (429), retrying in 1s...
2026-06-06 12:17:36.718 [WARNING] src.enrichment.client_base: clinvar rate limited (429), retrying in 2s...
2026-06-06 12:17:36.953 [WARNING] src.enrichment.client_base: gnomad rate limited (429), retrying in 4s...
2026-06-06 12:17:37.103 [WARNING] src.enrichment.client_base: gnomad rate limited (429), retrying in 8s...
2026-06-06 12:17:37.307 [ERROR] src.enrichment.client_base: gtex HTTP 422: Unprocessable Entity
2026-06-06 12:17:37.330 [WARNING] src.enrichment.client_base: gnomad rate limited (429), retrying in 4s...
2026-06-06 12:17:37.409 [WARNING] src.enrichment.client_base: gnomad rate limited (429), retrying in 8s...
2026-06-06 12:17:37.542 [WARNING] src.enrichment.client_base: gnomad rate limited (429), retrying in 4s...
2026-06-06 12:17:38.009 [ERROR] src.enrichment.client_base: gtex HTTP 422: Unprocessable Entity
2026-06-06 12:17:38.029 [WARNING] src.enrichment.client_base: gnomad rate limited (429), retrying in 8s...
2026-06-06 12:17:38.224 [ERROR] src.enrichment.client_base: gtex HTTP 422: Unprocessable Entity
2026-06-06 12:17:38.226 [ERROR] src.enrichment.client_base: gtex HTTP 422: Unprocessable Entity
2026-06-06 12:17:38.242 [ERROR] src.enrichment.client_base: gtex HTTP 422: Unprocessable Entity
2026-06-06 12:17:38.296 [WARNING] src.enrichment.client_base: gnomad rate limited (429), retrying in 4s...
2026-06-06 12:17:38.317 [WARNING] src.enrichment.client_base: gnomad rate limited (429), retrying in 8s...
2026-06-06 12:17:38.704 [ERROR] src.enrichment.client_base: gtex HTTP 422: Unprocessable Entity
2026-06-06 12:17:38.798 [WARNING] src.enrichment.client_base: gnomad rate limited (429), retrying in 8s...
2026-06-06 12:17:38.798 [WARNING] src.enrichment.client_base: gnomad rate limited (429), retrying in 8s...
2026-06-06 12:17:38.837 [WARNING] src.enrichment.client_base: clinvar rate limited (429), retrying in 1s...
2026-06-06 12:17:38.933 [ERROR] src.enrichment.client_base: gtex HTTP 422: Unprocessable Entity
2026-06-06 12:17:39.019 [WARNING] src.enrichment.client_base: clinvar rate limited (429), retrying in 1s...
2026-06-06 12:17:39.137 [ERROR] src.enrichment.client_base: gtex HTTP 422: Unprocessable Entity
2026-06-06 12:17:39.197 [WARNING] src.enrichment.client_base: gnomad rate limited (429), retrying in 8s...
2026-06-06 12:17:39.533 [WARNING] src.enrichment.client_base: gnomad rate limited (429), retrying in 8s...
2026-06-06 12:17:39.724 [WARNING] src.enrichment.client_base: clinvar rate limited (429), retrying in 4s...
2026-06-06 12:17:39.849 [WARNING] src.enrichment.client_base: gnomad rate limited (429), retrying in 8s...
2026-06-06 12:17:40.047 [ERROR] src.enrichment.client_base: gtex HTTP 422: Unprocessable Entity
2026-06-06 12:17:40.128 [ERROR] src.enrichment.client_base: gtex HTTP 422: Unprocessable Entity
2026-06-06 12:17:40.166 [ERROR] src.enrichment.client_base: gtex HTTP 422: Unprocessable Entity
2026-06-06 12:17:40.365 [ERROR] src.enrichment.client_base: gtex HTTP 422: Unprocessable Entity
2026-06-06 12:17:40.428 [ERROR] src.enrichment.client_base: gtex HTTP 422: Unprocessable Entity
2026-06-06 12:17:40.471 [ERROR] src.enrichment.client_base: gtex HTTP 422: Unprocessable Entity
2026-06-06 12:17:40.481 [ERROR] src.enrichment.client_base: gtex HTTP 422: Unprocessable Entity
2026-06-06 12:17:40.577 [WARNING] src.enrichment.client_base: clinvar rate limited (429), retrying in 1s...
2026-06-06 12:17:40.587 [WARNING] src.enrichment.client_base: gnomad rate limited (429), retrying in 8s...
2026-06-06 12:17:40.668 [WARNING] src.enrichment.client_base: gnomad rate limited (429), retrying in 8s...
2026-06-06 12:17:40.766 [ERROR] src.enrichment.client_base: gtex HTTP 422: Unprocessable Entity
2026-06-06 12:17:40.858 [ERROR] src.enrichment.client_base: gtex HTTP 422: Unprocessable Entity
2026-06-06 12:17:40.860 [WARNING] src.enrichment.client_base: clinvar rate limited (429), retrying in 2s...
2026-06-06 12:17:40.979 [ERROR] src.enrichment.client_base: gtex HTTP 422: Unprocessable Entity
2026-06-06 12:17:41.129 [ERROR] src.enrichment.client_base: gtex HTTP 422: Unprocessable Entity
2026-06-06 12:17:41.277 [WARNING] src.enrichment.client_base: gnomad rate limited (429), retrying in 8s...
2026-06-06 12:17:41.649 [WARNING] src.enrichment.client_base: gnomad rate limited (429), retrying in 8s...
2026-06-06 12:17:41.874 [WARNING] src.enrichment.client_base: gnomad rate limited (429), retrying in 8s...
2026-06-06 12:17:42.182 [ERROR] src.enrichment.client_base: gtex HTTP 422: Unprocessable Entity
2026-06-06 12:17:42.235 [ERROR] src.enrichment.client_base: gtex HTTP 422: Unprocessable Entity
2026-06-06 12:17:42.476 [ERROR] src.enrichment.client_base: gtex HTTP 422: Unprocessable Entity
2026-06-06 12:17:42.531 [ERROR] src.enrichment.client_base: gtex HTTP 422: Unprocessable Entity
2026-06-06 12:17:42.599 [WARNING] src.enrichment.client_base: gnomad rate limited (429), retrying in 8s...
2026-06-06 12:17:42.635 [ERROR] src.enrichment.client_base: gtex HTTP 422: Unprocessable Entity
2026-06-06 12:17:42.730 [ERROR] src.enrichment.client_base: gtex HTTP 422: Unprocessable Entity
2026-06-06 12:17:42.867 [ERROR] src.enrichment.client_base: gtex HTTP 422: Unprocessable Entity
2026-06-06 12:17:43.198 [ERROR] src.enrichment.client_base: gtex HTTP 422: Unprocessable Entity
2026-06-06 12:17:43.246 [ERROR] src.enrichment.client_base: gtex HTTP 422: Unprocessable Entity
2026-06-06 12:17:43.457 [ERROR] src.enrichment.client_base: gtex HTTP 422: Unprocessable Entity
2026-06-06 12:17:43.612 [ERROR] src.enrichment.client_base: gtex HTTP 422: Unprocessable Entity
2026-06-06 12:17:44.012 [WARNING] src.enrichment.client_base: clinvar rate limited (429), retrying in 1s...
2026-06-06 12:17:44.093 [ERROR] src.enrichment.client_base: gtex HTTP 422: Unprocessable Entity
2026-06-06 12:17:44.530 [ERROR] src.enrichment.client_base: gtex HTTP 422: Unprocessable Entity
2026-06-06 12:17:44.677 [ERROR] src.enrichment.client_base: gtex HTTP 422: Unprocessable Entity
2026-06-06 12:17:44.936 [ERROR] src.enrichment.client_base: gtex HTTP 422: Unprocessable Entity
2026-06-06 12:17:45.018 [ERROR] src.enrichment.client_base: gtex HTTP 422: Unprocessable Entity
2026-06-06 12:17:45.150 [ERROR] src.enrichment.client_base: gtex HTTP 422: Unprocessable Entity
2026-06-06 12:17:45.423 [WARNING] src.enrichment.client_base: gnomad rate limited (429), retrying in 1s...
2026-06-06 12:17:45.500 [ERROR] src.enrichment.client_base: gtex HTTP 422: Unprocessable Entity
2026-06-06 12:17:45.565 [ERROR] src.enrichment.client_base: gtex HTTP 422: Unprocessable Entity
2026-06-06 12:17:45.733 [WARNING] src.enrichment.client_base: gnomad rate limited (429), retrying in 1s...
2026-06-06 12:17:45.794 [WARNING] src.enrichment.client_base: clinvar rate limited (429), retrying in 1s...
2026-06-06 12:17:45.989 [ERROR] src.enrichment.client_base: gtex HTTP 422: Unprocessable Entity
2026-06-06 12:17:46.334 [WARNING] src.enrichment.client_base: gnomad rate limited (429), retrying in 1s...
2026-06-06 12:17:46.383 [ERROR] src.enrichment.client_base: gtex HTTP 422: Unprocessable Entity
2026-06-06 12:17:46.653 [WARNING] src.enrichment.client_base: gnomad rate limited (429), retrying in 1s...
2026-06-06 12:17:46.732 [WARNING] src.enrichment.client_base: gnomad rate limited (429), retrying in 2s...
2026-06-06 12:17:47.011 [ERROR] src.enrichment.client_base: gtex HTTP 422: Unprocessable Entity
2026-06-06 12:17:47.080 [WARNING] src.enrichment.client_base: gnomad rate limited (429), retrying in 2s...
2026-06-06 12:17:47.110 [WARNING] src.enrichment.client_base: gnomad rate limited (429), retrying in 1s...
2026-06-06 12:17:47.121 [WARNING] src.enrichment.client_base: gnomad rate limited (429), retrying in 1s...
2026-06-06 12:17:47.204 [ERROR] src.enrichment.client_base: gtex HTTP 422: Unprocessable Entity
2026-06-06 12:17:47.290 [WARNING] src.enrichment.client_base: clinvar rate limited (429), retrying in 4s...
2026-06-06 12:17:47.513 [WARNING] src.enrichment.client_base: gnomad rate limited (429), retrying in 1s...
2026-06-06 12:17:47.644 [WARNING] src.enrichment.client_base: gnomad rate limited (429), retrying in 2s...
2026-06-06 12:17:47.680 [ERROR] src.enrichment.client_base: gtex HTTP 422: Unprocessable Entity
2026-06-06 12:17:47.714 [ERROR] src.enrichment.client_base: gtex HTTP 422: Unprocessable Entity
2026-06-06 12:17:47.857 [WARNING] src.enrichment.client_base: gnomad rate limited (429), retrying in 1s...
2026-06-06 12:17:47.859 [ERROR] src.enrichment.client_base: gtex HTTP 422: Unprocessable Entity
2026-06-06 12:17:47.957 [ERROR] src.enrichment.client_base: gtex HTTP 422: Unprocessable Entity
2026-06-06 12:17:47.975 [WARNING] src.enrichment.client_base: gnomad rate limited (429), retrying in 2s...
2026-06-06 12:17:48.032 [ERROR] src.enrichment.client_base: gtex HTTP 422: Unprocessable Entity
2026-06-06 12:17:48.220 [WARNING] src.enrichment.client_base: gnomad rate limited (429), retrying in 1s...
2026-06-06 12:17:48.418 [WARNING] src.enrichment.client_base: gnomad rate limited (429), retrying in 2s...
2026-06-06 12:17:48.424 [WARNING] src.enrichment.client_base: gnomad rate limited (429), retrying in 2s...
2026-06-06 12:17:48.645 [ERROR] src.enrichment.client_base: gtex HTTP 422: Unprocessable Entity
2026-06-06 12:17:48.832 [WARNING] src.enrichment.client_base: gnomad rate limited (429), retrying in 2s...
2026-06-06 12:17:48.922 [WARNING] src.enrichment.client_base: gnomad rate limited (429), retrying in 1s...
2026-06-06 12:17:49.067 [WARNING] src.enrichment.client_base: gnomad rate limited (429), retrying in 4s...
2026-06-06 12:17:49.145 [ERROR] src.enrichment.client_base: gtex HTTP 422: Unprocessable Entity
2026-06-06 12:17:49.171 [WARNING] src.enrichment.client_base: gnomad rate limited (429), retrying in 2s...
2026-06-06 12:17:49.318 [WARNING] src.enrichment.client_base: gnomad rate limited (429), retrying in 1s...
2026-06-06 12:17:49.437 [ERROR] src.enrichment.client_base: gtex HTTP 422: Unprocessable Entity
2026-06-06 12:17:49.440 [WARNING] src.enrichment.client_base: clinvar rate limited (429), retrying in 1s...
2026-06-06 12:17:49.462 [WARNING] src.enrichment.client_base: clinvar rate limited (429), retrying in 1s...
2026-06-06 12:17:49.614 [ERROR] src.enrichment.client_base: gtex HTTP 422: Unprocessable Entity
2026-06-06 12:17:49.616 [WARNING] src.enrichment.client_base: gnomad rate limited (429), retrying in 1s...
2026-06-06 12:17:49.756 [ERROR] src.enrichment.client_base: gtex HTTP 422: Unprocessable Entity
2026-06-06 12:17:49.823 [WARNING] src.enrichment.client_base: gnomad rate limited (429), retrying in 4s...
2026-06-06 12:17:49.891 [WARNING] src.enrichment.client_base: gnomad rate limited (429), retrying in 2s...
2026-06-06 12:17:49.965 [WARNING] src.enrichment.client_base: gnomad rate limited (429), retrying in 1s...
2026-06-06 12:17:49.970 [WARNING] src.enrichment.client_base: gnomad rate limited (429), retrying in 4s...
2026-06-06 12:17:50.120 [ERROR] src.enrichment.client_base: gtex HTTP 422: Unprocessable Entity
2026-06-06 12:17:50.136 [ERROR] src.enrichment.client_base: gtex HTTP 422: Unprocessable Entity
2026-06-06 12:17:50.156 [ERROR] src.enrichment.client_base: gtex HTTP 422: Unprocessable Entity
2026-06-06 12:17:50.199 [WARNING] src.enrichment.client_base: gnomad rate limited (429), retrying in 1s...
2026-06-06 12:17:50.226 [ERROR] src.enrichment.client_base: gtex HTTP 422: Unprocessable Entity
2026-06-06 12:17:50.347 [ERROR] src.enrichment.client_base: gtex HTTP 422: Unprocessable Entity
2026-06-06 12:17:50.456 [ERROR] src.enrichment.client_base: gtex HTTP 422: Unprocessable Entity
2026-06-06 12:17:50.623 [WARNING] src.enrichment.client_base: gnomad rate limited (429), retrying in 2s...
2026-06-06 12:17:50.629 [WARNING] src.enrichment.client_base: gnomad rate limited (429), retrying in 2s...
2026-06-06 12:17:50.654 [WARNING] src.enrichment.client_base: gnomad rate limited (429), retrying in 4s...
2026-06-06 12:17:50.741 [WARNING] src.enrichment.client_base: gnomad rate limited (429), retrying in 4s...
2026-06-06 12:17:50.927 [ERROR] src.enrichment.client_base: gtex HTTP 422: Unprocessable Entity
2026-06-06 12:17:50.931 [WARNING] src.enrichment.client_base: gnomad rate limited (429), retrying in 1s...
2026-06-06 12:17:50.951 [WARNING] src.enrichment.client_base: gnomad rate limited (429), retrying in 2s...
2026-06-06 12:17:51.138 [WARNING] src.enrichment.client_base: gnomad rate limited (429), retrying in 4s...
2026-06-06 12:17:51.271 [WARNING] src.enrichment.client_base: gnomad rate limited (429), retrying in 2s...
2026-06-06 12:17:51.449 [WARNING] src.enrichment.client_base: clinvar rate limited (429), retrying in 2s...
2026-06-06 12:17:51.482 [ERROR] src.enrichment.client_base: gtex HTTP 422: Unprocessable Entity
2026-06-06 12:17:51.549 [WARNING] src.enrichment.client_base: gnomad rate limited (429), retrying in 2s...
2026-06-06 12:17:51.624 [ERROR] src.enrichment.client_base: gtex HTTP 422: Unprocessable Entity
2026-06-06 12:17:51.627 [ERROR] src.enrichment.client_base: gtex HTTP 422: Unprocessable Entity
2026-06-06 12:17:51.661 [ERROR] src.enrichment.client_base: gtex HTTP 422: Unprocessable Entity
2026-06-06 12:17:51.694 [ERROR] src.enrichment.client_base: gtex HTTP 422: Unprocessable Entity
2026-06-06 12:17:51.868 [WARNING] src.enrichment.client_base: gnomad rate limited (429), retrying in 4s...
2026-06-06 12:17:51.975 [ERROR] src.enrichment.client_base: gtex HTTP 422: Unprocessable Entity
2026-06-06 12:17:52.159 [WARNING] src.enrichment.client_base: gnomad rate limited (429), retrying in 4s...
2026-06-06 12:17:52.184 [ERROR] src.enrichment.client_base: gtex HTTP 422: Unprocessable Entity
2026-06-06 12:17:52.206 [WARNING] src.enrichment.client_base: gnomad rate limited (429), retrying in 4s...
2026-06-06 12:17:52.260 [WARNING] src.enrichment.client_base: gnomad rate limited (429), retrying in 2s...
2026-06-06 12:17:52.443 [ERROR] src.enrichment.client_base: gtex HTTP 422: Unprocessable Entity
2026-06-06 12:17:52.511 [ERROR] src.enrichment.client_base: gtex HTTP 422: Unprocessable Entity
2026-06-06 12:17:52.603 [ERROR] src.enrichment.client_base: gtex HTTP 422: Unprocessable Entity
2026-06-06 12:17:52.933 [ERROR] src.enrichment.client_base: gtex HTTP 422: Unprocessable Entity
2026-06-06 12:17:52.941 [WARNING] src.enrichment.client_base: gnomad rate limited (429), retrying in 4s...
2026-06-06 12:17:52.953 [WARNING] src.enrichment.client_base: gnomad rate limited (429), retrying in 4s...
2026-06-06 12:17:53.294 [WARNING] src.enrichment.client_base: gnomad rate limited (429), retrying in 4s...
2026-06-06 12:17:53.375 [WARNING] src.enrichment.client_base: gnomad rate limited (429), retrying in 8s...
2026-06-06 12:17:53.468 [ERROR] src.enrichment.client_base: gtex HTTP 422: Unprocessable Entity
2026-06-06 12:17:53.523 [ERROR] src.enrichment.client_base: gtex HTTP 422: Unprocessable Entity
2026-06-06 12:17:53.948 [WARNING] src.enrichment.client_base: clinvar rate limited (429), retrying in 1s...
2026-06-06 12:17:53.959 [WARNING] src.enrichment.client_base: gnomad rate limited (429), retrying in 4s...
2026-06-06 12:17:54.133 [WARNING] src.enrichment.client_base: clinvar rate limited (429), retrying in 1s...
2026-06-06 12:17:54.147 [WARNING] src.enrichment.client_base: gnomad rate limited (429), retrying in 8s...
2026-06-06 12:17:54.148 [ERROR] src.enrichment.client_base: gtex HTTP 422: Unprocessable Entity
2026-06-06 12:17:54.235 [WARNING] src.enrichment.client_base: gnomad rate limited (429), retrying in 4s...
2026-06-06 12:17:54.339 [ERROR] src.enrichment.client_base: gtex HTTP 422: Unprocessable Entity
2026-06-06 12:17:54.383 [WARNING] src.enrichment.client_base: clinvar rate limited (429), retrying in 4s...
2026-06-06 12:17:54.403 [ERROR] src.enrichment.client_base: gtex HTTP 422: Unprocessable Entity
2026-06-06 12:17:54.565 [WARNING] src.enrichment.client_base: gnomad rate limited (429), retrying in 4s...
2026-06-06 12:17:54.675 [ERROR] src.enrichment.client_base: gtex HTTP 422: Unprocessable Entity
2026-06-06 12:17:54.806 [WARNING] src.enrichment.client_base: gnomad rate limited (429), retrying in 8s...
2026-06-06 12:17:54.820 [ERROR] src.enrichment.client_base: gtex HTTP 422: Unprocessable Entity
2026-06-06 12:17:54.930 [ERROR] src.enrichment.client_base: gtex HTTP 422: Unprocessable Entity
2026-06-06 12:17:54.960 [WARNING] src.enrichment.client_base: gnomad rate limited (429), retrying in 8s...
2026-06-06 12:17:55.015 [ERROR] src.enrichment.client_base: gtex HTTP 422: Unprocessable Entity
2026-06-06 12:17:55.477 [WARNING] src.enrichment.client_base: gnomad rate limited (429), retrying in 8s...
2026-06-06 12:17:55.831 [WARNING] src.enrichment.client_base: gnomad rate limited (429), retrying in 8s...
2026-06-06 12:17:55.921 [ERROR] src.enrichment.client_base: gtex HTTP 422: Unprocessable Entity
2026-06-06 12:17:55.939 [ERROR] src.enrichment.client_base: gtex HTTP 422: Unprocessable Entity
2026-06-06 12:17:55.985 [WARNING] src.enrichment.client_base: clinvar rate limited (429), retrying in 2s...
2026-06-06 12:17:56.115 [ERROR] src.enrichment.client_base: gtex HTTP 422: Unprocessable Entity
2026-06-06 12:17:56.119 [WARNING] src.enrichment.client_base: clinvar rate limited (429), retrying in 1s...
2026-06-06 12:17:56.171 [WARNING] src.enrichment.client_base: gnomad rate limited (429), retrying in 8s...
2026-06-06 12:17:56.471 [WARNING] src.enrichment.client_base: gnomad rate limited (429), retrying in 8s...
2026-06-06 12:17:56.517 [WARNING] src.enrichment.client_base: gnomad rate limited (429), retrying in 8s...
2026-06-06 12:17:56.580 [ERROR] src.enrichment.client_base: gtex HTTP 422: Unprocessable Entity
2026-06-06 12:17:56.891 [ERROR] src.enrichment.client_base: gtex HTTP 422: Unprocessable Entity
2026-06-06 12:17:57.096 [ERROR] src.enrichment.client_base: gtex HTTP 422: Unprocessable Entity
2026-06-06 12:17:57.257 [WARNING] src.enrichment.client_base: gnomad rate limited (429), retrying in 8s...
2026-06-06 12:17:57.277 [WARNING] src.enrichment.client_base: gnomad rate limited (429), retrying in 8s...
2026-06-06 12:17:57.521 [ERROR] src.enrichment.client_base: gtex HTTP 422: Unprocessable Entity
2026-06-06 12:17:57.551 [ERROR] src.enrichment.client_base: gtex HTTP 422: Unprocessable Entity
2026-06-06 12:17:57.618 [WARNING] src.enrichment.client_base: gnomad rate limited (429), retrying in 8s...
2026-06-06 12:17:57.993 [ERROR] src.enrichment.client_base: gtex HTTP 422: Unprocessable Entity
2026-06-06 12:17:58.188 [WARNING] src.enrichment.client_base: clinvar rate limited (429), retrying in 1s...
2026-06-06 12:17:58.265 [WARNING] src.enrichment.client_base: gnomad rate limited (429), retrying in 8s...
2026-06-06 12:17:58.555 [WARNING] src.enrichment.client_base: gnomad rate limited (429), retrying in 8s...
2026-06-06 12:17:58.625 [ERROR] src.enrichment.client_base: gtex HTTP 422: Unprocessable Entity
2026-06-06 12:17:58.644 [ERROR] src.enrichment.client_base: gtex HTTP 422: Unprocessable Entity
2026-06-06 12:17:58.860 [ERROR] src.enrichment.client_base: gtex HTTP 422: Unprocessable Entity
2026-06-06 12:17:58.891 [WARNING] src.enrichment.client_base: gnomad rate limited (429), retrying in 8s...
2026-06-06 12:17:59.214 [ERROR] src.enrichment.client_base: gtex HTTP 422: Unprocessable Entity
2026-06-06 12:17:59.344 [ERROR] src.enrichment.client_base: gtex HTTP 422: Unprocessable Entity
2026-06-06 12:17:59.360 [ERROR] src.enrichment.client_base: gtex HTTP 422: Unprocessable Entity
2026-06-06 12:17:59.390 [ERROR] src.enrichment.client_base: gtex HTTP 422: Unprocessable Entity
2026-06-06 12:17:59.514 [ERROR] src.enrichment.client_base: gtex HTTP 422: Unprocessable Entity
2026-06-06 12:17:59.856 [ERROR] src.enrichment.client_base: gtex HTTP 422: Unprocessable Entity
2026-06-06 12:18:00.212 [ERROR] src.enrichment.client_base: gtex HTTP 422: Unprocessable Entity
2026-06-06 12:18:00.518 [WARNING] src.enrichment.client_base: clinvar rate limited (429), retrying in 1s...
2026-06-06 12:18:00.522 [WARNING] src.enrichment.client_base: clinvar rate limited (429), retrying in 8s...
2026-06-06 12:18:00.846 [ERROR] src.enrichment.client_base: gtex HTTP 422: Unprocessable Entity
2026-06-06 12:18:01.015 [ERROR] src.enrichment.client_base: gtex HTTP 422: Unprocessable Entity
2026-06-06 12:18:01.123 [ERROR] src.enrichment.client_base: gtex HTTP 422: Unprocessable Entity
2026-06-06 12:18:01.240 [ERROR] src.enrichment.client_base: gtex HTTP 422: Unprocessable Entity
2026-06-06 12:18:01.311 [ERROR] src.enrichment.client_base: gtex HTTP 422: Unprocessable Entity
2026-06-06 12:18:01.341 [ERROR] src.enrichment.client_base: gtex HTTP 422: Unprocessable Entity
2026-06-06 12:18:01.379 [ERROR] src.enrichment.client_base: gtex HTTP 422: Unprocessable Entity
2026-06-06 12:18:01.667 [ERROR] src.enrichment.client_base: gtex HTTP 422: Unprocessable Entity
2026-06-06 12:18:01.689 [ERROR] src.enrichment.client_base: gtex HTTP 422: Unprocessable Entity
2026-06-06 12:18:01.696 [WARNING] src.enrichment.client_base: gnomad rate limited (429), retrying in 1s...
2026-06-06 12:18:01.811 [ERROR] src.enrichment.client_base: gtex HTTP 422: Unprocessable Entity
2026-06-06 12:18:01.921 [ERROR] src.enrichment.client_base: gtex HTTP 422: Unprocessable Entity
2026-06-06 12:18:02.028 [ERROR] src.enrichment.client_base: gtex HTTP 422: Unprocessable Entity
2026-06-06 12:18:02.453 [WARNING] src.enrichment.client_base: gnomad rate limited (429), retrying in 1s...
2026-06-06 12:18:02.535 [WARNING] src.enrichment.client_base: clinvar rate limited (429), retrying in 2s...
2026-06-06 12:18:02.885 [ERROR] src.enrichment.client_base: gtex HTTP 422: Unprocessable Entity
2026-06-06 12:18:03.005 [WARNING] src.enrichment.client_base: clinvar rate limited (429), retrying in 1s...
2026-06-06 12:18:03.038 [WARNING] src.enrichment.client_base: gnomad rate limited (429), retrying in 2s...
2026-06-06 12:18:03.125 [WARNING] src.enrichment.client_base: gnomad rate limited (429), retrying in 1s...
2026-06-06 12:18:03.284 [ERROR] src.enrichment.client_base: gtex HTTP 422: Unprocessable Entity
2026-06-06 12:18:03.310 [WARNING] src.enrichment.client_base: gnomad rate limited (429), retrying in 1s...
2026-06-06 12:18:03.420 [ERROR] src.enrichment.client_base: gtex HTTP 422: Unprocessable Entity
2026-06-06 12:18:03.600 [ERROR] src.enrichment.client_base: gtex HTTP 422: Unprocessable Entity
2026-06-06 12:18:03.788 [WARNING] src.enrichment.client_base: gnomad rate limited (429), retrying in 1s...
2026-06-06 12:18:03.826 [ERROR] src.enrichment.client_base: gtex HTTP 422: Unprocessable Entity
2026-06-06 12:18:04.126 [ERROR] src.enrichment.client_base: gtex HTTP 422: Unprocessable Entity
2026-06-06 12:18:04.144 [WARNING] src.enrichment.client_base: gnomad rate limited (429), retrying in 1s...
2026-06-06 12:18:04.159 [WARNING] src.enrichment.client_base: gnomad rate limited (429), retrying in 2s...
2026-06-06 12:18:04.438 [WARNING] src.enrichment.client_base: gnomad rate limited (429), retrying in 2s...
2026-06-06 12:18:04.487 [WARNING] src.enrichment.client_base: gnomad rate limited (429), retrying in 1s...
2026-06-06 12:18:04.627 [ERROR] src.enrichment.client_base: gtex HTTP 422: Unprocessable Entity
2026-06-06 12:18:04.633 [WARNING] src.enrichment.client_base: gnomad rate limited (429), retrying in 2s...
2026-06-06 12:18:04.637 [ERROR] src.enrichment.client_base: gtex HTTP 422: Unprocessable Entity
2026-06-06 12:18:04.795 [WARNING] src.enrichment.client_base: gnomad rate limited (429), retrying in 1s...
2026-06-06 12:18:05.104 [WARNING] src.enrichment.client_base: gnomad rate limited (429), retrying in 2s...
2026-06-06 12:18:05.361 [WARNING] src.enrichment.client_base: gnomad rate limited (429), retrying in 4s...
2026-06-06 12:18:05.505 [WARNING] src.enrichment.client_base: gnomad rate limited (429), retrying in 2s...
2026-06-06 12:18:05.530 [WARNING] src.enrichment.client_base: gnomad rate limited (429), retrying in 1s...
2026-06-06 12:18:05.602 [WARNING] src.enrichment.client_base: gnomad rate limited (429), retrying in 1s...
2026-06-06 12:18:05.630 [WARNING] src.enrichment.client_base: gnomad rate limited (429), retrying in 1s...
2026-06-06 12:18:05.794 [WARNING] src.enrichment.client_base: gnomad rate limited (429), retrying in 2s...
2026-06-06 12:18:05.830 [ERROR] src.enrichment.client_base: gtex HTTP 422: Unprocessable Entity
2026-06-06 12:18:05.922 [ERROR] src.enrichment.client_base: gtex HTTP 422: Unprocessable Entity
2026-06-06 12:18:05.974 [WARNING] src.enrichment.client_base: gnomad rate limited (429), retrying in 1s...
2026-06-06 12:18:06.108 [WARNING] src.enrichment.client_base: gnomad rate limited (429), retrying in 2s...
2026-06-06 12:18:06.120 [ERROR] src.enrichment.client_base: gtex HTTP 422: Unprocessable Entity
2026-06-06 12:18:06.137 [ERROR] src.enrichment.client_base: gtex HTTP 422: Unprocessable Entity
2026-06-06 12:18:06.247 [ERROR] src.enrichment.client_base: gtex HTTP 422: Unprocessable Entity
2026-06-06 12:18:06.319 [ERROR] src.enrichment.client_base: gtex HTTP 422: Unprocessable Entity
2026-06-06 12:18:06.349 [WARNING] src.enrichment.client_base: clinvar rate limited (429), retrying in 1s...
2026-06-06 12:18:06.470 [WARNING] src.enrichment.client_base: gnomad rate limited (429), retrying in 4s...
2026-06-06 12:18:06.588 [WARNING] src.enrichment.client_base: gnomad rate limited (429), retrying in 1s...
2026-06-06 12:18:06.749 [WARNING] src.enrichment.client_base: gnomad rate limited (429), retrying in 4s...
2026-06-06 12:18:06.802 [ERROR] src.enrichment.client_base: gtex HTTP 422: Unprocessable Entity
2026-06-06 12:18:06.850 [WARNING] src.enrichment.client_base: gnomad rate limited (429), retrying in 2s...
2026-06-06 12:18:06.881 [WARNING] src.enrichment.client_base: gnomad rate limited (429), retrying in 1s...
2026-06-06 12:18:06.923 [WARNING] src.enrichment.client_base: gnomad rate limited (429), retrying in 2s...
2026-06-06 12:18:06.945 [WARNING] src.enrichment.client_base: gnomad rate limited (429), retrying in 2s...
2026-06-06 12:18:06.957 [WARNING] src.enrichment.client_base: gnomad rate limited (429), retrying in 4s...
2026-06-06 12:18:07.115 [ERROR] src.enrichment.client_base: gtex HTTP 422: Unprocessable Entity
2026-06-06 12:18:07.121 [ERROR] src.enrichment.client_base: gtex HTTP 422: Unprocessable Entity
2026-06-06 12:18:07.216 [WARNING] src.enrichment.client_base: gnomad rate limited (429), retrying in 1s...
2026-06-06 12:18:07.281 [WARNING] src.enrichment.client_base: gnomad rate limited (429), retrying in 2s...
2026-06-06 12:18:07.336 [WARNING] src.enrichment.client_base: clinvar rate limited (429), retrying in 1s...
2026-06-06 12:18:07.414 [WARNING] src.enrichment.client_base: gnomad rate limited (429), retrying in 4s...
2026-06-06 12:18:07.791 [ERROR] src.enrichment.client_base: gtex HTTP 422: Unprocessable Entity
2026-06-06 12:18:07.841 [WARNING] src.enrichment.client_base: gnomad rate limited (429), retrying in 4s...
2026-06-06 12:18:07.892 [WARNING] src.enrichment.client_base: gnomad rate limited (429), retrying in 2s...
2026-06-06 12:18:08.106 [ERROR] src.enrichment.client_base: gtex HTTP 422: Unprocessable Entity
2026-06-06 12:18:08.149 [WARNING] src.enrichment.client_base: gnomad rate limited (429), retrying in 4s...
2026-06-06 12:18:08.190 [WARNING] src.enrichment.client_base: gnomad rate limited (429), retrying in 2s...
2026-06-06 12:18:08.259 [ERROR] src.enrichment.client_base: gtex HTTP 422: Unprocessable Entity
2026-06-06 12:18:08.445 [WARNING] src.enrichment.client_base: gnomad rate limited (429), retrying in 4s...
2026-06-06 12:18:08.542 [WARNING] src.enrichment.client_base: gnomad rate limited (429), retrying in 2s...
2026-06-06 12:18:08.595 [ERROR] src.enrichment.client_base: gtex HTTP 422: Unprocessable Entity
2026-06-06 12:18:08.629 [ERROR] src.enrichment.client_base: gtex HTTP 422: Unprocessable Entity
2026-06-06 12:18:08.650 [ERROR] src.enrichment.client_base: gtex HTTP 422: Unprocessable Entity
2026-06-06 12:18:09.040 [ERROR] src.enrichment.client_base: gtex HTTP 422: Unprocessable Entity
2026-06-06 12:18:09.101 [WARNING] src.enrichment.client_base: clinvar rate limited (429), retrying in 2s...
2026-06-06 12:18:09.119 [ERROR] src.enrichment.client_base: gtex HTTP 422: Unprocessable Entity
2026-06-06 12:18:09.182 [WARNING] src.enrichment.client_base: gnomad rate limited (429), retrying in 4s...
2026-06-06 12:18:09.257 [WARNING] src.enrichment.client_base: gnomad rate limited (429), retrying in 4s...
2026-06-06 12:18:09.280 [WARNING] src.enrichment.client_base: gnomad rate limited (429), retrying in 4s...
2026-06-06 12:18:09.309 [ERROR] src.enrichment.client_base: gtex HTTP 422: Unprocessable Entity
2026-06-06 12:18:09.471 [WARNING] src.enrichment.client_base: clinvar rate limited (429), retrying in 1s...
2026-06-06 12:18:09.547 [ERROR] src.enrichment.client_base: gtex HTTP 422: Unprocessable Entity
2026-06-06 12:18:09.593 [WARNING] src.enrichment.client_base: clinvar rate limited (429), retrying in 1s...
2026-06-06 12:18:09.604 [WARNING] src.enrichment.client_base: gnomad rate limited (429), retrying in 4s...
2026-06-06 12:18:09.678 [WARNING] src.enrichment.client_base: gnomad rate limited (429), retrying in 8s...
2026-06-06 12:18:09.792 [ERROR] src.enrichment.client_base: gtex HTTP 422: Unprocessable Entity
2026-06-06 12:18:10.091 [ERROR] src.enrichment.client_base: gtex HTTP 422: Unprocessable Entity
2026-06-06 12:18:10.213 [WARNING] src.enrichment.client_base: gnomad rate limited (429), retrying in 4s...
2026-06-06 12:18:10.257 [ERROR] src.enrichment.client_base: gtex HTTP 422: Unprocessable Entity
2026-06-06 12:18:10.509 [WARNING] src.enrichment.client_base: gnomad rate limited (429), retrying in 4s...
2026-06-06 12:18:10.597 [ERROR] src.enrichment.client_base: gtex HTTP 422: Unprocessable Entity
2026-06-06 12:18:10.599 [ERROR] src.enrichment.client_base: gtex HTTP 422: Unprocessable Entity
2026-06-06 12:18:10.638 [ERROR] src.enrichment.client_base: gtex HTTP 422: Unprocessable Entity
2026-06-06 12:18:10.760 [ERROR] src.enrichment.client_base: gtex HTTP 422: Unprocessable Entity
2026-06-06 12:18:10.847 [WARNING] src.enrichment.client_base: gnomad rate limited (429), retrying in 4s...
2026-06-06 12:18:11.017 [ERROR] src.enrichment.client_base: gtex HTTP 422: Unprocessable Entity
2026-06-06 12:18:11.054 [ERROR] src.enrichment.client_base: gtex HTTP 422: Unprocessable Entity
2026-06-06 12:18:11.084 [WARNING] src.enrichment.client_base: gnomad rate limited (429), retrying in 8s...
2026-06-06 12:18:11.130 [WARNING] src.enrichment.client_base: gnomad rate limited (429), retrying in 8s...
2026-06-06 12:18:11.144 [ERROR] src.enrichment.client_base: gtex HTTP 422: Unprocessable Entity
2026-06-06 12:18:11.262 [WARNING] src.enrichment.client_base: gnomad rate limited (429), retrying in 8s...
2026-06-06 12:18:11.286 [ERROR] src.enrichment.client_base: gtex HTTP 422: Unprocessable Entity
2026-06-06 12:18:11.455 [ERROR] src.enrichment.client_base: gtex HTTP 422: Unprocessable Entity
2026-06-06 12:18:11.582 [ERROR] src.enrichment.client_base: gtex HTTP 422: Unprocessable Entity
2026-06-06 12:18:11.762 [WARNING] src.enrichment.client_base: gnomad rate limited (429), retrying in 8s...
2026-06-06 12:18:12.049 [ERROR] src.enrichment.client_base: gtex HTTP 422: Unprocessable Entity
2026-06-06 12:18:12.080 [ERROR] src.enrichment.client_base: gnomad HTTP 400: Bad Request
2026-06-06 12:18:12.298 [ERROR] src.enrichment.client_base: gnomad HTTP 400: Bad Request
2026-06-06 12:18:12.404 [ERROR] src.enrichment.client_base: gnomad HTTP 400: Bad Request
2026-06-06 12:18:12.612 [ERROR] src.enrichment.client_base: gtex HTTP 422: Unprocessable Entity
2026-06-06 12:18:12.623 [ERROR] src.enrichment.client_base: gnomad HTTP 400: Bad Request
2026-06-06 12:18:12.696 [ERROR] src.enrichment.client_base: gnomad HTTP 400: Bad Request
2026-06-06 12:18:12.696 [ERROR] src.enrichment.client_base: gtex HTTP 422: Unprocessable Entity
2026-06-06 12:18:12.820 [WARNING] src.enrichment.client_base: clinvar rate limited (429), retrying in 1s...
2026-06-06 12:18:12.899 [WARNING] src.enrichment.client_base: clinvar rate limited (429), retrying in 1s...
2026-06-06 12:18:13.099 [WARNING] src.enrichment.client_base: clinvar rate limited (429), retrying in 4s...
2026-06-06 12:18:13.293 [ERROR] src.enrichment.client_base: gtex HTTP 422: Unprocessable Entity
2026-06-06 12:18:13.296 [ERROR] src.enrichment.client_base: gnomad HTTP 400: Bad Request
2026-06-06 12:18:13.411 [ERROR] src.enrichment.client_base: gnomad HTTP 400: Bad Request
2026-06-06 12:18:13.442 [ERROR] src.enrichment.client_base: gtex HTTP 422: Unprocessable Entity
2026-06-06 12:18:13.500 [ERROR] src.enrichment.client_base: gnomad HTTP 400: Bad Request
2026-06-06 12:18:13.512 [ERROR] src.enrichment.client_base: gnomad HTTP 400: Bad Request
2026-06-06 12:18:13.530 [ERROR] src.enrichment.client_base: gnomad HTTP 400: Bad Request
2026-06-06 12:18:13.532 [ERROR] src.enrichment.client_base: gtex HTTP 422: Unprocessable Entity
2026-06-06 12:18:13.621 [ERROR] src.enrichment.client_base: gnomad HTTP 400: Bad Request
2026-06-06 12:18:13.642 [ERROR] src.enrichment.client_base: gtex HTTP 422: Unprocessable Entity
2026-06-06 12:18:13.798 [ERROR] src.enrichment.client_base: gnomad HTTP 400: Bad Request
2026-06-06 12:18:13.825 [ERROR] src.enrichment.client_base: gnomad HTTP 400: Bad Request
2026-06-06 12:18:13.893 [ERROR] src.enrichment.client_base: gnomad HTTP 400: Bad Request
2026-06-06 12:18:14.198 [ERROR] src.enrichment.client_base: gnomad HTTP 400: Bad Request
2026-06-06 12:18:14.200 [ERROR] src.enrichment.client_base: gtex HTTP 422: Unprocessable Entity
2026-06-06 12:18:14.410 [ERROR] src.enrichment.client_base: gnomad HTTP 400: Bad Request
2026-06-06 12:18:14.445 [ERROR] src.enrichment.client_base: gnomad HTTP 400: Bad Request
2026-06-06 12:18:14.531 [ERROR] src.enrichment.client_base: gnomad HTTP 400: Bad Request
2026-06-06 12:18:14.661 [ERROR] src.enrichment.client_base: gnomad HTTP 400: Bad Request
2026-06-06 12:18:14.819 [ERROR] src.enrichment.client_base: gtex HTTP 422: Unprocessable Entity
2026-06-06 12:18:14.850 [ERROR] src.enrichment.client_base: gnomad HTTP 400: Bad Request
2026-06-06 12:18:15.055 [ERROR] src.enrichment.client_base: gnomad HTTP 400: Bad Request
2026-06-06 12:18:15.058 [ERROR] src.enrichment.client_base: gnomad HTTP 400: Bad Request
2026-06-06 12:18:15.095 [ERROR] src.enrichment.client_base: gnomad HTTP 400: Bad Request
2026-06-06 12:18:15.148 [ERROR] src.enrichment.client_base: gnomad HTTP 400: Bad Request
2026-06-06 12:18:15.246 [ERROR] src.enrichment.client_base: gtex HTTP 422: Unprocessable Entity
2026-06-06 12:18:15.422 [ERROR] src.enrichment.client_base: gnomad HTTP 400: Bad Request
2026-06-06 12:18:15.436 [ERROR] src.enrichment.client_base: gnomad HTTP 400: Bad Request
2026-06-06 12:18:15.448 [WARNING] src.enrichment.client_base: clinvar rate limited (429), retrying in 2s...
2026-06-06 12:18:15.515 [WARNING] src.enrichment.client_base: clinvar rate limited (429), retrying in 1s...
2026-06-06 12:18:15.629 [ERROR] src.enrichment.client_base: gnomad HTTP 400: Bad Request
2026-06-06 12:18:15.630 [ERROR] src.enrichment.client_base: gtex HTTP 422: Unprocessable Entity
2026-06-06 12:18:15.867 [ERROR] src.enrichment.client_base: gtex HTTP 422: Unprocessable Entity
2026-06-06 12:18:16.025 [ERROR] src.enrichment.client_base: gnomad HTTP 400: Bad Request
2026-06-06 12:18:16.030 [ERROR] src.enrichment.client_base: gtex HTTP 422: Unprocessable Entity
2026-06-06 12:18:16.122 [ERROR] src.enrichment.client_base: gnomad HTTP 400: Bad Request
2026-06-06 12:18:16.399 [ERROR] src.enrichment.client_base: gtex HTTP 422: Unprocessable Entity
2026-06-06 12:18:16.479 [ERROR] src.enrichment.client_base: gtex HTTP 422: Unprocessable Entity
2026-06-06 12:18:16.521 [ERROR] src.enrichment.client_base: gtex HTTP 422: Unprocessable Entity
2026-06-06 12:18:16.608 [ERROR] src.enrichment.client_base: gtex HTTP 422: Unprocessable Entity
2026-06-06 12:18:16.636 [ERROR] src.enrichment.client_base: gnomad HTTP 400: Bad Request
2026-06-06 12:18:16.659 [ERROR] src.enrichment.client_base: gnomad HTTP 400: Bad Request
2026-06-06 12:18:16.764 [ERROR] src.enrichment.client_base: gnomad HTTP 400: Bad Request
2026-06-06 12:18:17.039 [ERROR] src.enrichment.client_base: gnomad HTTP 400: Bad Request
2026-06-06 12:18:17.068 [ERROR] src.enrichment.client_base: gnomad HTTP 400: Bad Request
2026-06-06 12:18:17.111 [ERROR] src.enrichment.client_base: gtex HTTP 422: Unprocessable Entity
2026-06-06 12:18:17.285 [ERROR] src.enrichment.client_base: gnomad HTTP 400: Bad Request
2026-06-06 12:18:17.286 [ERROR] src.enrichment.client_base: gnomad HTTP 400: Bad Request
2026-06-06 12:18:17.592 [ERROR] src.enrichment.client_base: gtex HTTP 422: Unprocessable Entity
2026-06-06 12:18:17.850 [ERROR] src.enrichment.client_base: gnomad HTTP 400: Bad Request
2026-06-06 12:18:17.900 [ERROR] src.enrichment.client_base: gnomad HTTP 400: Bad Request
2026-06-06 12:18:17.915 [ERROR] src.enrichment.client_base: gtex HTTP 422: Unprocessable Entity
2026-06-06 12:18:18.049 [ERROR] src.enrichment.client_base: gtex HTTP 422: Unprocessable Entity
2026-06-06 12:18:18.255 [ERROR] src.enrichment.client_base: gnomad HTTP 400: Bad Request
2026-06-06 12:18:18.273 [ERROR] src.enrichment.client_base: gtex HTTP 422: Unprocessable Entity
2026-06-06 12:18:18.498 [WARNING] src.enrichment.client_base: clinvar rate limited (429), retrying in 1s...
2026-06-06 12:18:18.499 [ERROR] src.enrichment.client_base: gtex HTTP 422: Unprocessable Entity
2026-06-06 12:18:18.578 [ERROR] src.enrichment.client_base: gtex HTTP 422: Unprocessable Entity
2026-06-06 12:18:18.703 [ERROR] src.enrichment.client_base: gtex HTTP 422: Unprocessable Entity
2026-06-06 12:18:18.736 [WARNING] src.enrichment.client_base: clinvar rate limited (429), retrying in 1s...
2026-06-06 12:18:18.767 [ERROR] src.enrichment.client_base: gtex HTTP 422: Unprocessable Entity
2026-06-06 12:18:18.855 [WARNING] src.enrichment.client_base: clinvar rate limited (429), retrying in 4s...
2026-06-06 12:18:18.859 [ERROR] src.enrichment.client_base: gnomad HTTP 400: Bad Request
2026-06-06 12:18:19.062 [ERROR] src.enrichment.client_base: gtex HTTP 422: Unprocessable Entity
2026-06-06 12:18:19.114 [ERROR] src.enrichment.client_base: gnomad HTTP 400: Bad Request
2026-06-06 12:18:19.190 [ERROR] src.enrichment.client_base: gtex HTTP 422: Unprocessable Entity
2026-06-06 12:18:19.259 [ERROR] src.enrichment.client_base: gnomad HTTP 400: Bad Request
2026-06-06 12:18:19.340 [ERROR] src.enrichment.client_base: gnomad HTTP 400: Bad Request
2026-06-06 12:18:19.442 [ERROR] src.enrichment.client_base: gtex HTTP 422: Unprocessable Entity
2026-06-06 12:18:19.486 [ERROR] src.enrichment.client_base: gnomad HTTP 400: Bad Request
2026-06-06 12:18:19.767 [ERROR] src.enrichment.client_base: gnomad HTTP 400: Bad Request
2026-06-06 12:18:19.981 [ERROR] src.enrichment.client_base: gtex HTTP 422: Unprocessable Entity
2026-06-06 12:18:19.996 [ERROR] src.enrichment.client_base: gnomad HTTP 400: Bad Request
2026-06-06 12:18:20.247 [WARNING] src.enrichment.client_base: clinvar rate limited (429), retrying in 2s...
2026-06-06 12:18:20.279 [ERROR] src.enrichment.client_base: gtex HTTP 422: Unprocessable Entity
2026-06-06 12:18:20.544 [ERROR] src.enrichment.client_base: gtex HTTP 422: Unprocessable Entity
2026-06-06 12:18:20.610 [ERROR] src.enrichment.client_base: gnomad HTTP 400: Bad Request
2026-06-06 12:18:20.635 [WARNING] src.enrichment.client_base: clinvar rate limited (429), retrying in 1s...
2026-06-06 12:18:20.713 [ERROR] src.enrichment.client_base: gtex HTTP 422: Unprocessable Entity
2026-06-06 12:18:20.725 [ERROR] src.enrichment.client_base: gnomad HTTP 400: Bad Request
2026-06-06 12:18:20.753 [ERROR] src.enrichment.client_base: gtex HTTP 422: Unprocessable Entity
2026-06-06 12:18:20.798 [WARNING] src.enrichment.client_base: gnomad rate limited (429), retrying in 2s...
2026-06-06 12:18:20.884 [ERROR] src.enrichment.client_base: gtex HTTP 422: Unprocessable Entity
2026-06-06 12:18:20.998 [ERROR] src.enrichment.client_base: gtex HTTP 422: Unprocessable Entity
2026-06-06 12:18:21.035 [ERROR] src.enrichment.client_base: gtex HTTP 422: Unprocessable Entity
2026-06-06 12:18:21.044 [WARNING] src.enrichment.client_base: gnomad rate limited (429), retrying in 1s...
2026-06-06 12:18:21.082 [WARNING] src.enrichment.client_base: gnomad rate limited (429), retrying in 2s...
2026-06-06 12:18:21.086 [WARNING] src.enrichment.client_base: gnomad rate limited (429), retrying in 8s...
2026-06-06 12:18:21.313 [WARNING] src.enrichment.client_base: gnomad rate limited (429), retrying in 2s...
2026-06-06 12:18:21.364 [WARNING] src.enrichment.client_base: gnomad rate limited (429), retrying in 8s...
2026-06-06 12:18:21.365 [ERROR] src.enrichment.client_base: gtex HTTP 422: Unprocessable Entity
2026-06-06 12:18:21.374 [WARNING] src.enrichment.client_base: gnomad rate limited (429), retrying in 8s...
2026-06-06 12:18:21.421 [WARNING] src.enrichment.client_base: gnomad rate limited (429), retrying in 4s...
2026-06-06 12:18:21.591 [ERROR] src.enrichment.client_base: gtex HTTP 422: Unprocessable Entity
2026-06-06 12:18:21.591 [WARNING] src.enrichment.client_base: gnomad rate limited (429), retrying in 8s...
2026-06-06 12:18:21.606 [WARNING] src.enrichment.client_base: gnomad rate limited (429), retrying in 8s...
2026-06-06 12:18:22.018 [ERROR] src.enrichment.client_base: gtex HTTP 422: Unprocessable Entity
2026-06-06 12:18:22.181 [ERROR] src.enrichment.client_base: gtex HTTP 422: Unprocessable Entity
2026-06-06 12:18:22.415 [WARNING] src.enrichment.client_base: gnomad rate limited (429), retrying in 2s...
2026-06-06 12:18:22.490 [ERROR] src.enrichment.client_base: gtex HTTP 422: Unprocessable Entity
2026-06-06 12:18:22.572 [WARNING] src.enrichment.client_base: gnomad rate limited (429), retrying in 8s...
2026-06-06 12:18:22.839 [WARNING] src.enrichment.client_base: gnomad rate limited (429), retrying in 8s...
2026-06-06 12:18:22.876 [ERROR] src.enrichment.client_base: gtex HTTP 422: Unprocessable Entity
2026-06-06 12:18:22.942 [WARNING] src.enrichment.client_base: gnomad rate limited (429), retrying in 4s...
2026-06-06 12:18:23.009 [ERROR] src.enrichment.client_base: gtex HTTP 422: Unprocessable Entity
2026-06-06 12:18:23.125 [WARNING] src.enrichment.client_base: gnomad rate limited (429), retrying in 4s...
2026-06-06 12:18:23.167 [ERROR] src.enrichment.client_base: gtex HTTP 422: Unprocessable Entity
2026-06-06 12:18:23.171 [WARNING] src.enrichment.client_base: gnomad rate limited (429), retrying in 8s...
2026-06-06 12:18:23.203 [ERROR] src.enrichment.client_base: gtex HTTP 422: Unprocessable Entity
2026-06-06 12:18:23.234 [WARNING] src.enrichment.client_base: clinvar rate limited (429), retrying in 1s...
2026-06-06 12:18:23.300 [ERROR] src.enrichment.client_base: gtex HTTP 422: Unprocessable Entity
2026-06-06 12:18:23.406 [WARNING] src.enrichment.client_base: clinvar rate limited (429), retrying in 4s...
2026-06-06 12:18:23.428 [WARNING] src.enrichment.client_base: gnomad rate limited (429), retrying in 4s...
2026-06-06 12:18:23.598 [WARNING] src.enrichment.client_base: gnomad rate limited (429), retrying in 8s...
2026-06-06 12:18:23.629 [WARNING] src.enrichment.client_base: clinvar rate limited (429), retrying in 8s...
2026-06-06 12:18:23.963 [ERROR] src.enrichment.client_base: gtex HTTP 422: Unprocessable Entity
2026-06-06 12:18:24.016 [WARNING] src.enrichment.client_base: gnomad rate limited (429), retrying in 4s...
2026-06-06 12:18:24.740 [WARNING] src.enrichment.client_base: gnomad rate limited (429), retrying in 4s...
2026-06-06 12:18:25.247 [ERROR] src.enrichment.client_base: gtex HTTP 422: Unprocessable Entity
2026-06-06 12:18:25.396 [ERROR] src.enrichment.client_base: gtex HTTP 422: Unprocessable Entity
2026-06-06 12:18:25.515 [ERROR] src.enrichment.client_base: gtex HTTP 422: Unprocessable Entity
2026-06-06 12:18:25.712 [ERROR] src.enrichment.client_base: gtex HTTP 422: Unprocessable Entity
2026-06-06 12:18:25.748 [WARNING] src.enrichment.client_base: gnomad rate limited (429), retrying in 8s...
2026-06-06 12:18:25.775 [ERROR] src.enrichment.client_base: gtex HTTP 422: Unprocessable Entity
2026-06-06 12:18:25.846 [ERROR] src.enrichment.client_base: gtex HTTP 422: Unprocessable Entity
2026-06-06 12:18:26.013 [ERROR] src.enrichment.client_base: gtex HTTP 422: Unprocessable Entity
2026-06-06 12:18:26.317 [ERROR] src.enrichment.client_base: gtex HTTP 422: Unprocessable Entity
2026-06-06 12:18:26.469 [ERROR] src.enrichment.client_base: gtex HTTP 422: Unprocessable Entity
2026-06-06 12:18:26.643 [ERROR] src.enrichment.client_base: gtex HTTP 422: Unprocessable Entity
2026-06-06 12:18:27.119 [ERROR] src.enrichment.client_base: gtex HTTP 422: Unprocessable Entity
2026-06-06 12:18:27.199 [ERROR] src.enrichment.client_base: gtex HTTP 422: Unprocessable Entity
2026-06-06 12:18:27.249 [WARNING] src.enrichment.client_base: gnomad rate limited (429), retrying in 8s...
2026-06-06 12:18:27.431 [WARNING] src.enrichment.client_base: gnomad rate limited (429), retrying in 8s...
2026-06-06 12:18:27.501 [ERROR] src.enrichment.client_base: gtex HTTP 422: Unprocessable Entity
2026-06-06 12:18:27.516 [ERROR] src.enrichment.client_base: gtex HTTP 422: Unprocessable Entity
2026-06-06 12:18:27.662 [ERROR] src.enrichment.client_base: gtex HTTP 422: Unprocessable Entity
2026-06-06 12:18:27.664 [ERROR] src.enrichment.client_base: gtex HTTP 422: Unprocessable Entity
2026-06-06 12:18:27.733 [WARNING] src.enrichment.client_base: gnomad rate limited (429), retrying in 8s...
2026-06-06 12:18:27.779 [ERROR] src.enrichment.client_base: gtex HTTP 422: Unprocessable Entity
2026-06-06 12:18:27.953 [ERROR] src.enrichment.client_base: gtex HTTP 422: Unprocessable Entity
2026-06-06 12:18:28.147 [ERROR] src.enrichment.client_base: gtex HTTP 422: Unprocessable Entity
2026-06-06 12:18:28.155 [ERROR] src.enrichment.client_base: gtex HTTP 422: Unprocessable Entity
2026-06-06 12:18:28.334 [WARNING] src.enrichment.client_base: gnomad rate limited (429), retrying in 8s...
2026-06-06 12:18:28.388 [WARNING] src.enrichment.client_base: clinvar rate limited (429), retrying in 1s...
2026-06-06 12:18:28.449 [WARNING] src.enrichment.client_base: clinvar rate limited (429), retrying in 8s...
2026-06-06 12:18:28.584 [ERROR] src.enrichment.client_base: gtex HTTP 422: Unprocessable Entity
2026-06-06 12:18:29.096 [WARNING] src.enrichment.client_base: gnomad rate limited (429), retrying in 8s...
2026-06-06 12:18:29.400 [WARNING] src.enrichment.client_base: gnomad rate limited (429), retrying in 1s...
2026-06-06 12:18:29.492 [ERROR] src.enrichment.client_base: gtex HTTP 422: Unprocessable Entity
2026-06-06 12:18:29.610 [ERROR] src.enrichment.client_base: gtex HTTP 422: Unprocessable Entity
2026-06-06 12:18:29.634 [ERROR] src.enrichment.client_base: gtex HTTP 422: Unprocessable Entity
2026-06-06 12:18:29.682 [WARNING] src.enrichment.client_base: gnomad rate limited (429), retrying in 1s...
2026-06-06 12:18:29.820 [ERROR] src.enrichment.client_base: gtex HTTP 422: Unprocessable Entity
2026-06-06 12:18:29.915 [WARNING] src.enrichment.client_base: gnomad rate limited (429), retrying in 1s...
2026-06-06 12:18:29.916 [WARNING] src.enrichment.client_base: gnomad rate limited (429), retrying in 1s...
2026-06-06 12:18:30.201 [ERROR] src.enrichment.client_base: gtex HTTP 422: Unprocessable Entity
2026-06-06 12:18:30.204 [WARNING] src.enrichment.client_base: gnomad rate limited (429), retrying in 1s...
2026-06-06 12:18:30.241 [ERROR] src.enrichment.client_base: gtex HTTP 422: Unprocessable Entity
2026-06-06 12:18:30.302 [ERROR] src.enrichment.client_base: gtex HTTP 422: Unprocessable Entity
2026-06-06 12:18:30.394 [ERROR] src.enrichment.client_base: gtex HTTP 422: Unprocessable Entity
2026-06-06 12:18:30.777 [ERROR] src.enrichment.client_base: gtex HTTP 422: Unprocessable Entity
2026-06-06 12:18:30.853 [ERROR] src.enrichment.client_base: gtex HTTP 422: Unprocessable Entity
2026-06-06 12:18:30.892 [WARNING] src.enrichment.client_base: gnomad rate limited (429), retrying in 1s...
2026-06-06 12:18:30.945 [ERROR] src.enrichment.client_base: gtex HTTP 422: Unprocessable Entity
2026-06-06 12:18:31.004 [WARNING] src.enrichment.client_base: gnomad rate limited (429), retrying in 2s...
2026-06-06 12:18:31.097 [WARNING] src.enrichment.client_base: gnomad rate limited (429), retrying in 2s...
2026-06-06 12:18:31.103 [ERROR] src.enrichment.client_base: gtex HTTP 422: Unprocessable Entity
2026-06-06 12:18:31.175 [WARNING] src.enrichment.client_base: gnomad rate limited (429), retrying in 1s...
2026-06-06 12:18:31.220 [WARNING] src.enrichment.client_base: gnomad rate limited (429), retrying in 2s...
2026-06-06 12:18:31.234 [WARNING] src.enrichment.client_base: gnomad rate limited (429), retrying in 2s...
2026-06-06 12:18:31.432 [ERROR] src.enrichment.client_base: gtex HTTP 422: Unprocessable Entity
2026-06-06 12:18:31.479 [WARNING] src.enrichment.client_base: gnomad rate limited (429), retrying in 1s...
2026-06-06 12:18:31.507 [WARNING] src.enrichment.client_base: gnomad rate limited (429), retrying in 2s...
2026-06-06 12:18:31.918 [WARNING] src.enrichment.client_base: gnomad rate limited (429), retrying in 1s...
2026-06-06 12:18:31.972 [ERROR] src.enrichment.client_base: gtex HTTP 422: Unprocessable Entity
2026-06-06 12:18:32.109 [ERROR] src.enrichment.client_base: gtex HTTP 422: Unprocessable Entity
2026-06-06 12:18:32.239 [WARNING] src.enrichment.client_base: gnomad rate limited (429), retrying in 2s...
2026-06-06 12:18:32.243 [ERROR] src.enrichment.client_base: gtex HTTP 422: Unprocessable Entity
2026-06-06 12:18:32.489 [WARNING] src.enrichment.client_base: gnomad rate limited (429), retrying in 2s...
2026-06-06 12:18:32.563 [ERROR] src.enrichment.client_base: gtex HTTP 422: Unprocessable Entity
2026-06-06 12:18:32.642 [ERROR] src.enrichment.client_base: gtex HTTP 422: Unprocessable Entity
2026-06-06 12:18:32.903 [ERROR] src.enrichment.client_base: gtex HTTP 422: Unprocessable Entity
2026-06-06 12:18:33.241 [WARNING] src.enrichment.client_base: gnomad rate limited (429), retrying in 2s...
2026-06-06 12:18:33.329 [WARNING] src.enrichment.client_base: gnomad rate limited (429), retrying in 4s...
2026-06-06 12:18:33.436 [WARNING] src.enrichment.client_base: gnomad rate limited (429), retrying in 4s...
2026-06-06 12:18:33.479 [WARNING] src.enrichment.client_base: gnomad rate limited (429), retrying in 2s...
2026-06-06 12:18:33.535 [WARNING] src.enrichment.client_base: gnomad rate limited (429), retrying in 4s...
2026-06-06 12:18:33.554 [WARNING] src.enrichment.client_base: gnomad rate limited (429), retrying in 4s...
2026-06-06 12:18:33.832 [WARNING] src.enrichment.client_base: gnomad rate limited (429), retrying in 4s...
2026-06-06 12:18:34.066 [WARNING] src.enrichment.client_base: gnomad rate limited (429), retrying in 1s...
2026-06-06 12:18:34.293 [ERROR] src.enrichment.client_base: gtex HTTP 422: Unprocessable Entity
2026-06-06 12:18:34.546 [WARNING] src.enrichment.client_base: gnomad rate limited (429), retrying in 4s...
2026-06-06 12:18:34.699 [ERROR] src.enrichment.client_base: gtex HTTP 422: Unprocessable Entity
2026-06-06 12:18:34.721 [ERROR] src.enrichment.client_base: gtex HTTP 422: Unprocessable Entity
2026-06-06 12:18:34.764 [ERROR] src.enrichment.client_base: gtex HTTP 422: Unprocessable Entity
2026-06-06 12:18:34.812 [WARNING] src.enrichment.client_base: gnomad rate limited (429), retrying in 4s...
2026-06-06 12:18:35.019 [ERROR] src.enrichment.client_base: gtex HTTP 422: Unprocessable Entity
2026-06-06 12:18:35.114 [ERROR] src.enrichment.client_base: gtex HTTP 422: Unprocessable Entity
2026-06-06 12:18:35.216 [ERROR] src.enrichment.client_base: gtex HTTP 422: Unprocessable Entity
2026-06-06 12:18:35.380 [WARNING] src.enrichment.client_base: gnomad rate limited (429), retrying in 2s...
2026-06-06 12:18:35.398 [ERROR] src.enrichment.client_base: gtex HTTP 422: Unprocessable Entity
2026-06-06 12:18:35.568 [WARNING] src.enrichment.client_base: gnomad rate limited (429), retrying in 4s...
2026-06-06 12:18:35.596 [WARNING] src.enrichment.client_base: gnomad rate limited (429), retrying in 1s...
2026-06-06 12:18:35.679 [ERROR] src.enrichment.client_base: gtex HTTP 422: Unprocessable Entity
2026-06-06 12:18:35.785 [WARNING] src.enrichment.client_base: gnomad rate limited (429), retrying in 1s...
2026-06-06 12:18:35.796 [WARNING] src.enrichment.client_base: gnomad rate limited (429), retrying in 4s...
2026-06-06 12:18:36.061 [WARNING] src.enrichment.client_base: gnomad rate limited (429), retrying in 1s...
2026-06-06 12:18:36.129 [ERROR] src.enrichment.client_base: gtex HTTP 422: Unprocessable Entity
2026-06-06 12:18:36.163 [WARNING] src.enrichment.client_base: clinvar rate limited (429), retrying in 1s...
2026-06-06 12:18:36.240 [ERROR] src.enrichment.client_base: gtex HTTP 422: Unprocessable Entity
2026-06-06 12:18:36.458 [ERROR] src.enrichment.client_base: gtex HTTP 422: Unprocessable Entity
2026-06-06 12:18:36.577 [ERROR] src.enrichment.client_base: gtex HTTP 422: Unprocessable Entity
2026-06-06 12:18:36.650 [ERROR] src.enrichment.client_base: gtex HTTP 422: Unprocessable Entity
2026-06-06 12:18:36.650 [WARNING] src.enrichment.client_base: gnomad rate limited (429), retrying in 1s...
2026-06-06 12:18:36.929 [WARNING] src.enrichment.client_base: gnomad rate limited (429), retrying in 2s...
2026-06-06 12:18:36.934 [ERROR] src.enrichment.client_base: gtex HTTP 422: Unprocessable Entity
2026-06-06 12:18:37.092 [ERROR] src.enrichment.client_base: gtex HTTP 422: Unprocessable Entity
2026-06-06 12:18:37.097 [WARNING] src.enrichment.client_base: gnomad rate limited (429), retrying in 2s...
2026-06-06 12:18:37.187 [ERROR] src.enrichment.client_base: gtex HTTP 422: Unprocessable Entity
2026-06-06 12:18:37.233 [ERROR] src.enrichment.client_base: gtex HTTP 422: Unprocessable Entity
2026-06-06 12:18:37.389 [WARNING] src.enrichment.client_base: gnomad rate limited (429), retrying in 2s...
2026-06-06 12:18:37.422 [WARNING] src.enrichment.client_base: gnomad rate limited (429), retrying in 1s...
2026-06-06 12:18:37.654 [ERROR] src.enrichment.client_base: gtex HTTP 422: Unprocessable Entity
2026-06-06 12:18:37.697 [WARNING] src.enrichment.client_base: gnomad rate limited (429), retrying in 4s...
2026-06-06 12:18:37.735 [WARNING] src.enrichment.client_base: clinvar rate limited (429), retrying in 1s...
2026-06-06 12:18:37.741 [WARNING] src.enrichment.client_base: gnomad rate limited (429), retrying in 8s...
2026-06-06 12:18:37.857 [WARNING] src.enrichment.client_base: gnomad rate limited (429), retrying in 8s...
2026-06-06 12:18:37.862 [WARNING] src.enrichment.client_base: gnomad rate limited (429), retrying in 8s...
2026-06-06 12:18:37.976 [WARNING] src.enrichment.client_base: gnomad rate limited (429), retrying in 2s...
2026-06-06 12:18:38.154 [ERROR] src.enrichment.client_base: gtex HTTP 422: Unprocessable Entity
2026-06-06 12:18:38.165 [ERROR] src.enrichment.client_base: gtex HTTP 422: Unprocessable Entity
2026-06-06 12:18:38.392 [WARNING] src.enrichment.client_base: gnomad rate limited (429), retrying in 8s...
2026-06-06 12:18:38.455 [ERROR] src.enrichment.client_base: gtex HTTP 422: Unprocessable Entity
2026-06-06 12:18:38.523 [WARNING] src.enrichment.client_base: gnomad rate limited (429), retrying in 8s...
2026-06-06 12:18:38.574 [ERROR] src.enrichment.client_base: gtex HTTP 422: Unprocessable Entity
2026-06-06 12:18:38.732 [ERROR] src.enrichment.client_base: gtex HTTP 422: Unprocessable Entity
2026-06-06 12:18:38.775 [WARNING] src.enrichment.client_base: gnomad rate limited (429), retrying in 2s...
2026-06-06 12:18:38.878 [WARNING] src.enrichment.client_base: gnomad rate limited (429), retrying in 8s...
2026-06-06 12:18:39.192 [WARNING] src.enrichment.client_base: clinvar rate limited (429), retrying in 1s...
2026-06-06 12:18:39.239 [WARNING] src.enrichment.client_base: gnomad rate limited (429), retrying in 4s...
2026-06-06 12:18:39.432 [WARNING] src.enrichment.client_base: gnomad rate limited (429), retrying in 4s...
2026-06-06 12:18:39.483 [ERROR] src.enrichment.client_base: gtex HTTP 422: Unprocessable Entity
2026-06-06 12:18:39.510 [WARNING] src.enrichment.client_base: gnomad rate limited (429), retrying in 8s...
2026-06-06 12:18:39.638 [ERROR] src.enrichment.client_base: gtex HTTP 422: Unprocessable Entity
2026-06-06 12:18:39.649 [ERROR] src.enrichment.client_base: gtex HTTP 422: Unprocessable Entity
2026-06-06 12:18:39.696 [WARNING] src.enrichment.client_base: gnomad rate limited (429), retrying in 4s...
2026-06-06 12:18:39.696 [ERROR] src.enrichment.client_base: gtex HTTP 422: Unprocessable Entity
2026-06-06 12:18:39.883 [WARNING] src.enrichment.client_base: gnomad rate limited (429), retrying in 8s...
2026-06-06 12:18:39.886 [ERROR] src.enrichment.client_base: gtex HTTP 422: Unprocessable Entity
2026-06-06 12:18:39.945 [ERROR] src.enrichment.client_base: gtex HTTP 422: Unprocessable Entity
2026-06-06 12:18:40.123 [WARNING] src.enrichment.client_base: gnomad rate limited (429), retrying in 8s...
2026-06-06 12:18:40.163 [ERROR] src.enrichment.client_base: gtex HTTP 422: Unprocessable Entity
2026-06-06 12:18:40.292 [WARNING] src.enrichment.client_base: gnomad rate limited (429), retrying in 4s...
2026-06-06 12:18:40.358 [ERROR] src.enrichment.client_base: gtex HTTP 422: Unprocessable Entity
2026-06-06 12:18:40.475 [WARNING] src.enrichment.client_base: clinvar rate limited (429), retrying in 2s...
2026-06-06 12:18:40.719 [ERROR] src.enrichment.client_base: gtex HTTP 422: Unprocessable Entity
2026-06-06 12:18:40.775 [WARNING] src.enrichment.client_base: clinvar rate limited (429), retrying in 1s...
2026-06-06 12:18:40.934 [ERROR] src.enrichment.client_base: gtex HTTP 422: Unprocessable Entity
2026-06-06 12:18:40.988 [ERROR] src.enrichment.client_base: gtex HTTP 422: Unprocessable Entity
2026-06-06 12:18:41.091 [WARNING] src.enrichment.client_base: gnomad rate limited (429), retrying in 4s...
2026-06-06 12:18:41.105 [ERROR] src.enrichment.client_base: gtex HTTP 422: Unprocessable Entity
2026-06-06 12:18:41.806 [ERROR] src.enrichment.client_base: gtex HTTP 422: Unprocessable Entity
2026-06-06 12:18:41.824 [ERROR] src.enrichment.client_base: gtex HTTP 422: Unprocessable Entity
2026-06-06 12:18:42.030 [WARNING] src.enrichment.client_base: gnomad rate limited (429), retrying in 8s...
2026-06-06 12:18:42.153 [ERROR] src.enrichment.client_base: gtex HTTP 422: Unprocessable Entity
2026-06-06 12:18:42.210 [ERROR] src.enrichment.client_base: gtex HTTP 422: Unprocessable Entity
2026-06-06 12:18:42.766 [WARNING] src.enrichment.client_base: clinvar rate limited (429), retrying in 2s...
2026-06-06 12:18:43.196 [ERROR] src.enrichment.client_base: gtex HTTP 422: Unprocessable Entity
2026-06-06 12:18:43.557 [WARNING] src.enrichment.client_base: gnomad rate limited (429), retrying in 8s...
2026-06-06 12:18:43.682 [ERROR] src.enrichment.client_base: gtex HTTP 422: Unprocessable Entity
2026-06-06 12:18:43.743 [WARNING] src.enrichment.client_base: gnomad rate limited (429), retrying in 8s...
2026-06-06 12:18:44.018 [WARNING] src.enrichment.client_base: gnomad rate limited (429), retrying in 8s...
2026-06-06 12:18:44.199 [ERROR] src.enrichment.client_base: gtex HTTP 422: Unprocessable Entity
2026-06-06 12:18:44.303 [ERROR] src.enrichment.client_base: gtex HTTP 422: Unprocessable Entity
2026-06-06 12:18:44.491 [WARNING] src.enrichment.client_base: clinvar rate limited (429), retrying in 4s...
2026-06-06 12:18:44.611 [WARNING] src.enrichment.client_base: gnomad rate limited (429), retrying in 8s...
2026-06-06 12:18:44.622 [ERROR] src.enrichment.client_base: gtex HTTP 422: Unprocessable Entity
2026-06-06 12:18:44.707 [ERROR] src.enrichment.client_base: gtex HTTP 422: Unprocessable Entity
2026-06-06 12:18:44.713 [ERROR] src.enrichment.client_base: gtex HTTP 422: Unprocessable Entity
2026-06-06 12:18:45.128 [ERROR] src.enrichment.client_base: gtex HTTP 422: Unprocessable Entity
2026-06-06 12:18:45.157 [ERROR] src.enrichment.client_base: gtex HTTP 422: Unprocessable Entity
2026-06-06 12:18:45.440 [WARNING] src.enrichment.client_base: gnomad rate limited (429), retrying in 8s...
2026-06-06 12:18:45.492 [ERROR] src.enrichment.client_base: gtex HTTP 422: Unprocessable Entity
2026-06-06 12:18:45.576 [WARNING] src.enrichment.client_base: clinvar rate limited (429), retrying in 1s...
2026-06-06 12:18:45.626 [ERROR] src.enrichment.client_base: gtex HTTP 422: Unprocessable Entity
2026-06-06 12:18:45.750 [WARNING] src.enrichment.client_base: clinvar rate limited (429), retrying in 1s...
2026-06-06 12:18:45.964 [ERROR] src.enrichment.client_base: gtex HTTP 422: Unprocessable Entity
2026-06-06 12:18:46.076 [WARNING] src.enrichment.client_base: gnomad rate limited (429), retrying in 1s...
2026-06-06 12:18:46.116 [ERROR] src.enrichment.client_base: gtex HTTP 422: Unprocessable Entity
2026-06-06 12:18:46.168 [WARNING] src.enrichment.client_base: gnomad rate limited (429), retrying in 1s...
2026-06-06 12:18:46.180 [ERROR] src.enrichment.client_base: gtex HTTP 422: Unprocessable Entity
2026-06-06 12:18:46.196 [WARNING] src.enrichment.client_base: gnomad rate limited (429), retrying in 1s...
2026-06-06 12:18:46.607 [ERROR] src.enrichment.client_base: gtex HTTP 422: Unprocessable Entity
2026-06-06 12:18:46.687 [ERROR] src.enrichment.client_base: gtex HTTP 422: Unprocessable Entity
2026-06-06 12:18:46.717 [WARNING] src.enrichment.client_base: gnomad rate limited (429), retrying in 1s...
2026-06-06 12:18:46.799 [ERROR] src.enrichment.client_base: gtex HTTP 422: Unprocessable Entity
2026-06-06 12:18:46.831 [WARNING] src.enrichment.client_base: gnomad rate limited (429), retrying in 1s...
2026-06-06 12:18:47.099 [ERROR] src.enrichment.client_base: gtex HTTP 422: Unprocessable Entity
2026-06-06 12:18:47.153 [ERROR] src.enrichment.client_base: gtex HTTP 422: Unprocessable Entity
2026-06-06 12:18:47.196 [WARNING] src.enrichment.client_base: gnomad rate limited (429), retrying in 1s...
2026-06-06 12:18:47.209 [ERROR] src.enrichment.client_base: gtex HTTP 422: Unprocessable Entity
2026-06-06 12:18:47.232 [WARNING] src.enrichment.client_base: clinvar rate limited (429), retrying in 2s...
2026-06-06 12:18:47.352 [WARNING] src.enrichment.client_base: clinvar rate limited (429), retrying in 1s...
2026-06-06 12:18:47.409 [WARNING] src.enrichment.client_base: gnomad rate limited (429), retrying in 2s...
2026-06-06 12:18:47.437 [ERROR] src.enrichment.client_base: gtex HTTP 422: Unprocessable Entity
2026-06-06 12:18:47.501 [WARNING] src.enrichment.client_base: gnomad rate limited (429), retrying in 2s...
2026-06-06 12:18:47.501 [WARNING] src.enrichment.client_base: gnomad rate limited (429), retrying in 2s...
2026-06-06 12:18:47.637 [ERROR] src.enrichment.client_base: gtex HTTP 422: Unprocessable Entity
2026-06-06 12:18:47.832 [WARNING] src.enrichment.client_base: gnomad rate limited (429), retrying in 1s...
2026-06-06 12:18:48.025 [WARNING] src.enrichment.client_base: gnomad rate limited (429), retrying in 2s...
2026-06-06 12:18:48.135 [WARNING] src.enrichment.client_base: gnomad rate limited (429), retrying in 2s...
2026-06-06 12:18:48.447 [WARNING] src.enrichment.client_base: gnomad rate limited (429), retrying in 1s...
2026-06-06 12:18:48.545 [WARNING] src.enrichment.client_base: gnomad rate limited (429), retrying in 2s...
2026-06-06 12:18:48.579 [ERROR] src.enrichment.client_base: gtex HTTP 422: Unprocessable Entity
2026-06-06 12:18:48.580 [WARNING] src.enrichment.client_base: gnomad rate limited (429), retrying in 1s...
2026-06-06 12:18:48.662 [ERROR] src.enrichment.client_base: gtex HTTP 422: Unprocessable Entity
2026-06-06 12:18:48.773 [ERROR] src.enrichment.client_base: gtex HTTP 422: Unprocessable Entity
2026-06-06 12:18:48.958 [ERROR] src.enrichment.client_base: gtex HTTP 422: Unprocessable Entity
2026-06-06 12:18:49.070 [ERROR] src.enrichment.client_base: gtex HTTP 422: Unprocessable Entity
2026-06-06 12:18:49.145 [WARNING] src.enrichment.client_base: gnomad rate limited (429), retrying in 2s...
2026-06-06 12:18:49.189 [ERROR] src.enrichment.client_base: gtex HTTP 422: Unprocessable Entity
2026-06-06 12:18:49.296 [ERROR] src.enrichment.client_base: gtex HTTP 422: Unprocessable Entity
2026-06-06 12:18:49.689 [ERROR] src.enrichment.client_base: gtex HTTP 422: Unprocessable Entity
2026-06-06 12:18:49.720 [WARNING] src.enrichment.client_base: gnomad rate limited (429), retrying in 4s...
2026-06-06 12:18:49.782 [WARNING] src.enrichment.client_base: gnomad rate limited (429), retrying in 2s...
2026-06-06 12:18:49.807 [WARNING] src.enrichment.client_base: gnomad rate limited (429), retrying in 4s...
2026-06-06 12:18:49.825 [WARNING] src.enrichment.client_base: gnomad rate limited (429), retrying in 4s...
2026-06-06 12:18:49.897 [WARNING] src.enrichment.client_base: gnomad rate limited (429), retrying in 2s...
2026-06-06 12:18:49.934 [ERROR] src.enrichment.client_base: gtex HTTP 422: Unprocessable Entity
2026-06-06 12:18:50.074 [WARNING] src.enrichment.client_base: clinvar rate limited (429), retrying in 2s...
2026-06-06 12:18:50.344 [WARNING] src.enrichment.client_base: gnomad rate limited (429), retrying in 1s...
2026-06-06 12:18:50.347 [WARNING] src.enrichment.client_base: gnomad rate limited (429), retrying in 4s...
2026-06-06 12:18:50.452 [WARNING] src.enrichment.client_base: clinvar rate limited (429), retrying in 4s...
2026-06-06 12:18:50.474 [WARNING] src.enrichment.client_base: gnomad rate limited (429), retrying in 4s...
2026-06-06 12:18:50.564 [WARNING] src.enrichment.client_base: clinvar rate limited (429), retrying in 1s...
2026-06-06 12:18:50.665 [ERROR] src.enrichment.client_base: gtex HTTP 422: Unprocessable Entity
2026-06-06 12:18:50.893 [WARNING] src.enrichment.client_base: gnomad rate limited (429), retrying in 4s...
2026-06-06 12:18:50.989 [ERROR] src.enrichment.client_base: gtex HTTP 422: Unprocessable Entity
2026-06-06 12:18:51.129 [ERROR] src.enrichment.client_base: gtex HTTP 422: Unprocessable Entity
2026-06-06 12:18:51.131 [ERROR] src.enrichment.client_base: gtex HTTP 422: Unprocessable Entity
2026-06-06 12:18:51.409 [ERROR] src.enrichment.client_base: gtex HTTP 422: Unprocessable Entity
2026-06-06 12:18:51.457 [ERROR] src.enrichment.client_base: gtex HTTP 422: Unprocessable Entity
2026-06-06 12:18:51.458 [WARNING] src.enrichment.client_base: gnomad rate limited (429), retrying in 4s...
2026-06-06 12:18:51.472 [ERROR] src.enrichment.client_base: gtex HTTP 422: Unprocessable Entity
2026-06-06 12:18:51.876 [WARNING] src.enrichment.client_base: gnomad rate limited (429), retrying in 1s...
2026-06-06 12:18:51.999 [WARNING] src.enrichment.client_base: gnomad rate limited (429), retrying in 2s...
2026-06-06 12:18:52.090 [ERROR] src.enrichment.client_base: gtex HTTP 422: Unprocessable Entity
2026-06-06 12:18:52.104 [WARNING] src.enrichment.client_base: gnomad rate limited (429), retrying in 4s...
2026-06-06 12:18:52.113 [WARNING] src.enrichment.client_base: gnomad rate limited (429), retrying in 1s...
2026-06-06 12:18:52.212 [WARNING] src.enrichment.client_base: gnomad rate limited (429), retrying in 4s...
2026-06-06 12:18:52.329 [WARNING] src.enrichment.client_base: gnomad rate limited (429), retrying in 1s...
2026-06-06 12:18:52.460 [ERROR] src.enrichment.client_base: gtex HTTP 422: Unprocessable Entity
2026-06-06 12:18:52.593 [ERROR] src.enrichment.client_base: gtex HTTP 422: Unprocessable Entity
2026-06-06 12:18:52.603 [ERROR] src.enrichment.client_base: gtex HTTP 422: Unprocessable Entity
2026-06-06 12:18:52.948 [WARNING] src.enrichment.client_base: gnomad rate limited (429), retrying in 1s...
2026-06-06 12:18:53.136 [WARNING] src.enrichment.client_base: clinvar rate limited (429), retrying in 2s...
2026-06-06 12:18:53.423 [WARNING] src.enrichment.client_base: clinvar rate limited (429), retrying in 1s...
2026-06-06 12:18:53.516 [WARNING] src.enrichment.client_base: gnomad rate limited (429), retrying in 2s...
2026-06-06 12:18:53.544 [WARNING] src.enrichment.client_base: gnomad rate limited (429), retrying in 2s...
2026-06-06 12:18:53.658 [WARNING] src.enrichment.client_base: gnomad rate limited (429), retrying in 2s...
2026-06-06 12:18:53.759 [WARNING] src.enrichment.client_base: gnomad rate limited (429), retrying in 1s...
2026-06-06 12:18:53.801 [ERROR] src.enrichment.client_base: gtex HTTP 422: Unprocessable Entity
2026-06-06 12:18:53.889 [ERROR] src.enrichment.client_base: gtex HTTP 422: Unprocessable Entity
2026-06-06 12:18:53.925 [ERROR] src.enrichment.client_base: gtex HTTP 422: Unprocessable Entity
2026-06-06 12:18:54.047 [WARNING] src.enrichment.client_base: gnomad rate limited (429), retrying in 8s...
2026-06-06 12:18:54.093 [ERROR] src.enrichment.client_base: gtex HTTP 422: Unprocessable Entity
2026-06-06 12:18:54.113 [WARNING] src.enrichment.client_base: gnomad rate limited (429), retrying in 8s...
2026-06-06 12:18:54.149 [WARNING] src.enrichment.client_base: gnomad rate limited (429), retrying in 8s...
2026-06-06 12:18:54.253 [WARNING] src.enrichment.client_base: gnomad rate limited (429), retrying in 2s...
2026-06-06 12:18:54.420 [ERROR] src.enrichment.client_base: gtex HTTP 422: Unprocessable Entity
2026-06-06 12:18:54.653 [WARNING] src.enrichment.client_base: gnomad rate limited (429), retrying in 8s...
2026-06-06 12:18:54.691 [WARNING] src.enrichment.client_base: gnomad rate limited (429), retrying in 4s...
2026-06-06 12:18:54.796 [WARNING] src.enrichment.client_base: gnomad rate limited (429), retrying in 8s...
2026-06-06 12:18:54.811 [ERROR] src.enrichment.client_base: gtex HTTP 422: Unprocessable Entity
2026-06-06 12:18:54.878 [ERROR] src.enrichment.client_base: gtex HTTP 422: Unprocessable Entity
2026-06-06 12:18:54.935 [ERROR] src.enrichment.client_base: gtex HTTP 422: Unprocessable Entity
2026-06-06 12:18:54.938 [ERROR] src.enrichment.client_base: gtex HTTP 422: Unprocessable Entity
2026-06-06 12:18:55.106 [ERROR] src.enrichment.client_base: gtex HTTP 422: Unprocessable Entity
2026-06-06 12:18:55.140 [WARNING] src.enrichment.client_base: gnomad rate limited (429), retrying in 2s...
2026-06-06 12:18:55.225 [WARNING] src.enrichment.client_base: gnomad rate limited (429), retrying in 8s...
2026-06-06 12:18:55.771 [WARNING] src.enrichment.client_base: gnomad rate limited (429), retrying in 8s...
2026-06-06 12:18:55.831 [WARNING] src.enrichment.client_base: clinvar rate limited (429), retrying in 8s...
2026-06-06 12:18:55.852 [WARNING] src.enrichment.client_base: gnomad rate limited (429), retrying in 4s...
2026-06-06 12:18:55.868 [WARNING] src.enrichment.client_base: gnomad rate limited (429), retrying in 4s...
2026-06-06 12:18:55.922 [ERROR] src.enrichment.client_base: gtex HTTP 422: Unprocessable Entity
2026-06-06 12:18:55.952 [ERROR] src.enrichment.client_base: gtex HTTP 422: Unprocessable Entity
2026-06-06 12:18:55.978 [WARNING] src.enrichment.client_base: gnomad rate limited (429), retrying in 4s...
2026-06-06 12:18:56.046 [WARNING] src.enrichment.client_base: clinvar rate limited (429), retrying in 4s...
2026-06-06 12:18:56.176 [ERROR] src.enrichment.client_base: gtex HTTP 422: Unprocessable Entity
2026-06-06 12:18:56.345 [ERROR] src.enrichment.client_base: gtex HTTP 422: Unprocessable Entity
2026-06-06 12:18:56.353 [ERROR] src.enrichment.client_base: gtex HTTP 422: Unprocessable Entity
2026-06-06 12:18:56.394 [ERROR] src.enrichment.client_base: gtex HTTP 422: Unprocessable Entity
2026-06-06 12:18:56.428 [WARNING] src.enrichment.client_base: gnomad rate limited (429), retrying in 8s...
2026-06-06 12:18:56.438 [ERROR] src.enrichment.client_base: gtex HTTP 422: Unprocessable Entity
2026-06-06 12:18:56.444 [ERROR] src.enrichment.client_base: gtex HTTP 422: Unprocessable Entity
2026-06-06 12:18:56.532 [WARNING] src.enrichment.client_base: gnomad rate limited (429), retrying in 8s...
2026-06-06 12:18:56.598 [WARNING] src.enrichment.client_base: gnomad rate limited (429), retrying in 4s...
2026-06-06 12:18:56.619 [ERROR] src.enrichment.client_base: gtex HTTP 422: Unprocessable Entity
2026-06-06 12:18:56.688 [ERROR] src.enrichment.client_base: gtex HTTP 422: Unprocessable Entity
2026-06-06 12:18:57.805 [WARNING] src.enrichment.client_base: gnomad rate limited (429), retrying in 4s...
2026-06-06 12:18:57.903 [ERROR] src.enrichment.client_base: gtex HTTP 422: Unprocessable Entity
2026-06-06 12:18:58.022 [WARNING] src.enrichment.client_base: clinvar rate limited (429), retrying in 1s...
2026-06-06 12:18:58.151 [ERROR] src.enrichment.client_base: gtex HTTP 422: Unprocessable Entity
2026-06-06 12:18:58.429 [ERROR] src.enrichment.client_base: gtex HTTP 422: Unprocessable Entity
2026-06-06 12:18:58.521 [ERROR] src.enrichment.client_base: gtex HTTP 422: Unprocessable Entity
2026-06-06 12:18:58.822 [ERROR] src.enrichment.client_base: gtex HTTP 422: Unprocessable Entity
2026-06-06 12:18:58.840 [ERROR] src.enrichment.client_base: gtex HTTP 422: Unprocessable Entity
2026-06-06 12:18:58.908 [ERROR] src.enrichment.client_base: gtex HTTP 422: Unprocessable Entity
2026-06-06 12:18:58.930 [ERROR] src.enrichment.client_base: gtex HTTP 422: Unprocessable Entity
2026-06-06 12:18:59.013 [WARNING] src.enrichment.client_base: gnomad rate limited (429), retrying in 8s...
2026-06-06 12:18:59.437 [ERROR] src.enrichment.client_base: gtex HTTP 422: Unprocessable Entity
2026-06-06 12:18:59.664 [ERROR] src.enrichment.client_base: gtex HTTP 422: Unprocessable Entity
2026-06-06 12:18:59.910 [ERROR] src.enrichment.client_base: gtex HTTP 422: Unprocessable Entity
2026-06-06 12:19:00.108 [WARNING] src.enrichment.client_base: clinvar rate limited (429), retrying in 1s...
2026-06-06 12:19:00.179 [WARNING] src.enrichment.client_base: gnomad rate limited (429), retrying in 8s...
2026-06-06 12:19:00.182 [WARNING] src.enrichment.client_base: gnomad rate limited (429), retrying in 8s...
2026-06-06 12:19:00.387 [ERROR] src.enrichment.client_base: gtex HTTP 422: Unprocessable Entity
2026-06-06 12:19:00.638 [ERROR] src.enrichment.client_base: gtex HTTP 422: Unprocessable Entity
2026-06-06 12:19:00.670 [WARNING] src.enrichment.client_base: gnomad rate limited (429), retrying in 8s...
2026-06-06 12:19:00.720 [ERROR] src.enrichment.client_base: gtex HTTP 422: Unprocessable Entity
2026-06-06 12:19:00.766 [ERROR] src.enrichment.client_base: gtex HTTP 422: Unprocessable Entity
2026-06-06 12:19:00.950 [WARNING] src.enrichment.client_base: gnomad rate limited (429), retrying in 8s...
2026-06-06 12:19:01.027 [ERROR] src.enrichment.client_base: gtex HTTP 422: Unprocessable Entity
2026-06-06 12:19:01.404 [ERROR] src.enrichment.client_base: gtex HTTP 422: Unprocessable Entity
2026-06-06 12:19:01.658 [ERROR] src.enrichment.client_base: gtex HTTP 422: Unprocessable Entity
2026-06-06 12:19:01.869 [WARNING] src.enrichment.client_base: clinvar rate limited (429), retrying in 1s...
2026-06-06 12:19:02.107 [WARNING] src.enrichment.client_base: clinvar rate limited (429), retrying in 2s...
2026-06-06 12:19:02.153 [WARNING] src.enrichment.client_base: gnomad rate limited (429), retrying in 8s...
2026-06-06 12:19:02.184 [ERROR] src.enrichment.client_base: gtex HTTP 422: Unprocessable Entity
2026-06-06 12:19:02.358 [WARNING] src.enrichment.client_base: gnomad rate limited (429), retrying in 1s...
2026-06-06 12:19:02.392 [ERROR] src.enrichment.client_base: gtex HTTP 422: Unprocessable Entity
2026-06-06 12:19:02.423 [WARNING] src.enrichment.client_base: gnomad rate limited (429), retrying in 1s...
2026-06-06 12:19:02.481 [WARNING] src.enrichment.client_base: gnomad rate limited (429), retrying in 1s...
2026-06-06 12:19:02.975 [WARNING] src.enrichment.client_base: gnomad rate limited (429), retrying in 1s...
2026-06-06 12:19:03.098 [WARNING] src.enrichment.client_base: gnomad rate limited (429), retrying in 1s...
2026-06-06 12:19:03.242 [ERROR] src.enrichment.client_base: gtex HTTP 422: Unprocessable Entity
2026-06-06 12:19:03.292 [ERROR] src.enrichment.client_base: gtex HTTP 422: Unprocessable Entity
2026-06-06 12:19:03.310 [ERROR] src.enrichment.client_base: gtex HTTP 422: Unprocessable Entity
2026-06-06 12:19:03.450 [ERROR] src.enrichment.client_base: gtex HTTP 422: Unprocessable Entity
2026-06-06 12:19:03.538 [WARNING] src.enrichment.client_base: gnomad rate limited (429), retrying in 1s...
2026-06-06 12:19:03.652 [ERROR] src.enrichment.client_base: gtex HTTP 422: Unprocessable Entity
2026-06-06 12:19:03.672 [WARNING] src.enrichment.client_base: gnomad rate limited (429), retrying in 2s...
2026-06-06 12:19:03.746 [WARNING] src.enrichment.client_base: gnomad rate limited (429), retrying in 2s...
2026-06-06 12:19:03.783 [WARNING] src.enrichment.client_base: gnomad rate limited (429), retrying in 2s...
2026-06-06 12:19:03.873 [ERROR] src.enrichment.client_base: gtex HTTP 422: Unprocessable Entity
2026-06-06 12:19:03.969 [ERROR] src.enrichment.client_base: gtex HTTP 422: Unprocessable Entity
2026-06-06 12:19:04.101 [WARNING] src.enrichment.client_base: gnomad rate limited (429), retrying in 1s...
2026-06-06 12:19:04.149 [ERROR] src.enrichment.client_base: gtex HTTP 422: Unprocessable Entity
2026-06-06 12:19:04.281 [WARNING] src.enrichment.client_base: gnomad rate limited (429), retrying in 2s...
2026-06-06 12:19:04.402 [WARNING] src.enrichment.client_base: gnomad rate limited (429), retrying in 2s...
2026-06-06 12:19:04.579 [ERROR] src.enrichment.client_base: gtex HTTP 422: Unprocessable Entity
2026-06-06 12:19:04.696 [WARNING] src.enrichment.client_base: clinvar rate limited (429), retrying in 1s...
2026-06-06 12:19:04.746 [WARNING] src.enrichment.client_base: gnomad rate limited (429), retrying in 1s...
2026-06-06 12:19:04.839 [WARNING] src.enrichment.client_base: clinvar rate limited (429), retrying in 4s...
2026-06-06 12:19:04.840 [WARNING] src.enrichment.client_base: clinvar rate limited (429), retrying in 1s...
2026-06-06 12:19:04.846 [ERROR] src.enrichment.client_base: gtex HTTP 422: Unprocessable Entity
2026-06-06 12:19:04.863 [WARNING] src.enrichment.client_base: gnomad rate limited (429), retrying in 1s...
2026-06-06 12:19:04.891 [WARNING] src.enrichment.client_base: gnomad rate limited (429), retrying in 2s...
2026-06-06 12:19:04.896 [ERROR] src.enrichment.client_base: gtex HTTP 422: Unprocessable Entity
2026-06-06 12:19:05.134 [ERROR] src.enrichment.client_base: gtex HTTP 422: Unprocessable Entity
2026-06-06 12:19:05.373 [ERROR] src.enrichment.client_base: gtex HTTP 422: Unprocessable Entity
2026-06-06 12:19:05.412 [WARNING] src.enrichment.client_base: gnomad rate limited (429), retrying in 2s...
2026-06-06 12:19:05.439 [ERROR] src.enrichment.client_base: gtex HTTP 422: Unprocessable Entity
2026-06-06 12:19:05.602 [ERROR] src.enrichment.client_base: gtex HTTP 422: Unprocessable Entity
2026-06-06 12:19:05.649 [ERROR] src.enrichment.client_base: gtex HTTP 422: Unprocessable Entity
2026-06-06 12:19:05.980 [WARNING] src.enrichment.client_base: gnomad rate limited (429), retrying in 4s...
2026-06-06 12:19:06.071 [WARNING] src.enrichment.client_base: gnomad rate limited (429), retrying in 4s...
2026-06-06 12:19:06.081 [WARNING] src.enrichment.client_base: gnomad rate limited (429), retrying in 2s...
2026-06-06 12:19:06.163 [ERROR] src.enrichment.client_base: gtex HTTP 422: Unprocessable Entity
2026-06-06 12:19:06.188 [WARNING] src.enrichment.client_base: gnomad rate limited (429), retrying in 2s...
2026-06-06 12:19:06.274 [ERROR] src.enrichment.client_base: gtex HTTP 422: Unprocessable Entity
2026-06-06 12:19:06.432 [WARNING] src.enrichment.client_base: gnomad rate limited (429), retrying in 4s...
2026-06-06 12:19:06.645 [ERROR] src.enrichment.client_base: gtex HTTP 422: Unprocessable Entity
2026-06-06 12:19:06.727 [WARNING] src.enrichment.client_base: gnomad rate limited (429), retrying in 4s...
2026-06-06 12:19:06.741 [ERROR] src.enrichment.client_base: gtex HTTP 422: Unprocessable Entity
2026-06-06 12:19:07.197 [WARNING] src.enrichment.client_base: gnomad rate limited (429), retrying in 4s...
2026-06-06 12:19:07.332 [WARNING] src.enrichment.client_base: gnomad rate limited (429), retrying in 1s...
2026-06-06 12:19:07.590 [ERROR] src.enrichment.client_base: gtex HTTP 422: Unprocessable Entity
2026-06-06 12:19:07.625 [WARNING] src.enrichment.client_base: clinvar rate limited (429), retrying in 2s...
2026-06-06 12:19:07.630 [ERROR] src.enrichment.client_base: gtex HTTP 422: Unprocessable Entity
2026-06-06 12:19:07.731 [ERROR] src.enrichment.client_base: gtex HTTP 422: Unprocessable Entity
2026-06-06 12:19:07.876 [WARNING] src.enrichment.client_base: clinvar rate limited (429), retrying in 1s...
2026-06-06 12:19:07.900 [ERROR] src.enrichment.client_base: gtex HTTP 422: Unprocessable Entity
2026-06-06 12:19:08.067 [WARNING] src.enrichment.client_base: gnomad rate limited (429), retrying in 4s...
2026-06-06 12:19:08.114 [WARNING] src.enrichment.client_base: gnomad rate limited (429), retrying in 4s...
2026-06-06 12:19:08.137 [ERROR] src.enrichment.client_base: gtex HTTP 422: Unprocessable Entity
2026-06-06 12:19:08.203 [ERROR] src.enrichment.client_base: gtex HTTP 422: Unprocessable Entity
2026-06-06 12:19:08.342 [ERROR] src.enrichment.client_base: gtex HTTP 422: Unprocessable Entity
2026-06-06 12:19:08.384 [WARNING] src.enrichment.client_base: gnomad rate limited (429), retrying in 4s...
2026-06-06 12:19:08.496 [WARNING] src.enrichment.client_base: gnomad rate limited (429), retrying in 1s...
2026-06-06 12:19:08.501 [WARNING] src.enrichment.client_base: gnomad rate limited (429), retrying in 1s...
2026-06-06 12:19:08.535 [WARNING] src.enrichment.client_base: gnomad rate limited (429), retrying in 4s...
2026-06-06 12:19:08.644 [WARNING] src.enrichment.client_base: gnomad rate limited (429), retrying in 2s...
2026-06-06 12:19:08.650 [ERROR] src.enrichment.client_base: gtex HTTP 422: Unprocessable Entity
2026-06-06 12:19:08.811 [ERROR] src.enrichment.client_base: gtex HTTP 422: Unprocessable Entity
2026-06-06 12:19:08.979 [WARNING] src.enrichment.client_base: gnomad rate limited (429), retrying in 1s...
2026-06-06 12:19:09.155 [ERROR] src.enrichment.client_base: gtex HTTP 422: Unprocessable Entity
2026-06-06 12:19:09.621 [WARNING] src.enrichment.client_base: clinvar rate limited (429), retrying in 1s...
2026-06-06 12:19:09.646 [WARNING] src.enrichment.client_base: gnomad rate limited (429), retrying in 1s...
2026-06-06 12:19:09.693 [WARNING] src.enrichment.client_base: clinvar rate limited (429), retrying in 2s...
2026-06-06 12:19:09.814 [WARNING] src.enrichment.client_base: gnomad rate limited (429), retrying in 2s...
2026-06-06 12:19:09.829 [ERROR] src.enrichment.client_base: gtex HTTP 422: Unprocessable Entity
2026-06-06 12:19:10.094 [ERROR] src.enrichment.client_base: gtex HTTP 422: Unprocessable Entity
2026-06-06 12:19:10.094 [ERROR] src.enrichment.client_base: gtex HTTP 422: Unprocessable Entity
2026-06-06 12:19:10.138 [ERROR] src.enrichment.client_base: gtex HTTP 422: Unprocessable Entity
2026-06-06 12:19:10.206 [WARNING] src.enrichment.client_base: gnomad rate limited (429), retrying in 2s...
2026-06-06 12:19:10.281 [WARNING] src.enrichment.client_base: gnomad rate limited (429), retrying in 2s...
2026-06-06 12:19:10.301 [WARNING] src.enrichment.client_base: gnomad rate limited (429), retrying in 8s...
2026-06-06 12:19:10.303 [ERROR] src.enrichment.client_base: gtex HTTP 422: Unprocessable Entity
2026-06-06 12:19:10.377 [WARNING] src.enrichment.client_base: gnomad rate limited (429), retrying in 8s...
2026-06-06 12:19:10.474 [WARNING] src.enrichment.client_base: gnomad rate limited (429), retrying in 1s...
2026-06-06 12:19:10.633 [ERROR] src.enrichment.client_base: gtex HTTP 422: Unprocessable Entity
2026-06-06 12:19:10.654 [ERROR] src.enrichment.client_base: gtex HTTP 422: Unprocessable Entity
2026-06-06 12:19:10.715 [ERROR] src.enrichment.client_base: gtex HTTP 422: Unprocessable Entity
2026-06-06 12:19:10.741 [WARNING] src.enrichment.client_base: gnomad rate limited (429), retrying in 8s...
2026-06-06 12:19:10.949 [WARNING] src.enrichment.client_base: gnomad rate limited (429), retrying in 2s...
2026-06-06 12:19:11.044 [WARNING] src.enrichment.client_base: gnomad rate limited (429), retrying in 8s...
2026-06-06 12:19:11.089 [ERROR] src.enrichment.client_base: gtex HTTP 422: Unprocessable Entity
2026-06-06 12:19:11.330 [WARNING] src.enrichment.client_base: gnomad rate limited (429), retrying in 4s...
2026-06-06 12:19:11.640 [WARNING] src.enrichment.client_base: clinvar rate limited (429), retrying in 1s...
2026-06-06 12:19:11.824 [WARNING] src.enrichment.client_base: gnomad rate limited (429), retrying in 2s...
2026-06-06 12:19:11.889 [WARNING] src.enrichment.client_base: gnomad rate limited (429), retrying in 8s...
2026-06-06 12:19:12.074 [ERROR] src.enrichment.client_base: gtex HTTP 422: Unprocessable Entity
2026-06-06 12:19:12.126 [WARNING] src.enrichment.client_base: gnomad rate limited (429), retrying in 4s...
2026-06-06 12:19:12.289 [ERROR] src.enrichment.client_base: gnomad HTTP 400: Bad Request
2026-06-06 12:19:12.349 [ERROR] src.enrichment.client_base: gnomad HTTP 400: Bad Request
2026-06-06 12:19:12.428 [ERROR] src.enrichment.client_base: gnomad HTTP 400: Bad Request
2026-06-06 12:19:12.504 [ERROR] src.enrichment.client_base: gnomad HTTP 400: Bad Request
2026-06-06 12:19:12.535 [ERROR] src.enrichment.client_base: gnomad HTTP 400: Bad Request
2026-06-06 12:19:12.561 [ERROR] src.enrichment.client_base: gtex HTTP 422: Unprocessable Entity
2026-06-06 12:19:12.579 [ERROR] src.enrichment.client_base: gnomad HTTP 400: Bad Request
2026-06-06 12:19:12.591 [ERROR] src.enrichment.client_base: gtex HTTP 422: Unprocessable Entity
2026-06-06 12:19:12.595 [ERROR] src.enrichment.client_base: gnomad HTTP 400: Bad Request
2026-06-06 12:19:12.597 [ERROR] src.enrichment.client_base: gtex HTTP 422: Unprocessable Entity
2026-06-06 12:19:12.600 [ERROR] src.enrichment.client_base: gtex HTTP 422: Unprocessable Entity
2026-06-06 12:19:12.771 [ERROR] src.enrichment.client_base: gnomad HTTP 400: Bad Request
2026-06-06 12:19:12.806 [ERROR] src.enrichment.client_base: gnomad HTTP 400: Bad Request
2026-06-06 12:19:12.983 [ERROR] src.enrichment.client_base: gnomad HTTP 400: Bad Request
2026-06-06 12:19:13.088 [ERROR] src.enrichment.client_base: gtex HTTP 422: Unprocessable Entity
2026-06-06 12:19:13.133 [ERROR] src.enrichment.client_base: gtex HTTP 422: Unprocessable Entity
2026-06-06 12:19:13.195 [ERROR] src.enrichment.client_base: gnomad HTTP 400: Bad Request
2026-06-06 12:19:13.390 [WARNING] src.enrichment.client_base: clinvar rate limited (429), retrying in 2s...
2026-06-06 12:19:13.662 [ERROR] src.enrichment.client_base: gtex HTTP 422: Unprocessable Entity
2026-06-06 12:19:13.723 [ERROR] src.enrichment.client_base: gtex HTTP 422: Unprocessable Entity
2026-06-06 12:19:13.765 [ERROR] src.enrichment.client_base: gnomad HTTP 400: Bad Request
2026-06-06 12:19:13.850 [ERROR] src.enrichment.client_base: gnomad HTTP 400: Bad Request
2026-06-06 12:19:14.035 [ERROR] src.enrichment.client_base: gnomad HTTP 400: Bad Request
2026-06-06 12:19:14.046 [WARNING] src.enrichment.client_base: clinvar rate limited (429), retrying in 1s...
2026-06-06 12:19:14.049 [ERROR] src.enrichment.client_base: gnomad HTTP 400: Bad Request
2026-06-06 12:19:14.207 [ERROR] src.enrichment.client_base: gtex HTTP 422: Unprocessable Entity
2026-06-06 12:19:14.208 [ERROR] src.enrichment.client_base: gnomad HTTP 400: Bad Request
2026-06-06 12:19:14.225 [WARNING] src.enrichment.client_base: clinvar rate limited (429), retrying in 1s...
2026-06-06 12:19:14.841 [ERROR] src.enrichment.client_base: gtex HTTP 422: Unprocessable Entity
2026-06-06 12:19:14.950 [ERROR] src.enrichment.client_base: gtex HTTP 422: Unprocessable Entity
2026-06-06 12:19:15.032 [ERROR] src.enrichment.client_base: gtex HTTP 422: Unprocessable Entity
2026-06-06 12:19:15.113 [ERROR] src.enrichment.client_base: gtex HTTP 422: Unprocessable Entity
2026-06-06 12:19:15.158 [ERROR] src.enrichment.client_base: gtex HTTP 422: Unprocessable Entity
2026-06-06 12:19:15.229 [ERROR] src.enrichment.client_base: gtex HTTP 422: Unprocessable Entity
2026-06-06 12:19:15.415 [ERROR] src.enrichment.client_base: gtex HTTP 422: Unprocessable Entity
2026-06-06 12:19:15.430 [ERROR] src.enrichment.client_base: gtex HTTP 422: Unprocessable Entity
2026-06-06 12:19:15.783 [ERROR] src.enrichment.client_base: gtex HTTP 422: Unprocessable Entity
2026-06-06 12:19:15.934 [ERROR] src.enrichment.client_base: gnomad HTTP 400: Bad Request
2026-06-06 12:19:16.058 [ERROR] src.enrichment.client_base: gnomad HTTP 400: Bad Request
2026-06-06 12:19:16.076 [ERROR] src.enrichment.client_base: gtex HTTP 422: Unprocessable Entity
2026-06-06 12:19:16.166 [WARNING] src.enrichment.client_base: clinvar rate limited (429), retrying in 4s...
2026-06-06 12:19:16.173 [ERROR] src.enrichment.client_base: gnomad HTTP 400: Bad Request
2026-06-06 12:19:16.197 [ERROR] src.enrichment.client_base: gtex HTTP 422: Unprocessable Entity
2026-06-06 12:19:16.231 [WARNING] src.enrichment.client_base: clinvar rate limited (429), retrying in 1s...
2026-06-06 12:19:16.264 [ERROR] src.enrichment.client_base: gnomad HTTP 400: Bad Request
2026-06-06 12:19:16.359 [ERROR] src.enrichment.client_base: gnomad HTTP 400: Bad Request
2026-06-06 12:19:16.688 [ERROR] src.enrichment.client_base: gnomad HTTP 400: Bad Request
2026-06-06 12:19:16.748 [ERROR] src.enrichment.client_base: gnomad HTTP 400: Bad Request
2026-06-06 12:19:16.819 [ERROR] src.enrichment.client_base: gnomad HTTP 400: Bad Request
2026-06-06 12:19:16.906 [ERROR] src.enrichment.client_base: gtex HTTP 422: Unprocessable Entity
2026-06-06 12:19:16.912 [ERROR] src.enrichment.client_base: gnomad HTTP 400: Bad Request
2026-06-06 12:19:16.967 [ERROR] src.enrichment.client_base: gnomad HTTP 400: Bad Request
2026-06-06 12:19:16.995 [ERROR] src.enrichment.client_base: gnomad HTTP 400: Bad Request
2026-06-06 12:19:17.100 [ERROR] src.enrichment.client_base: gtex HTTP 422: Unprocessable Entity
2026-06-06 12:19:17.253 [ERROR] src.enrichment.client_base: gnomad HTTP 400: Bad Request
2026-06-06 12:19:17.286 [ERROR] src.enrichment.client_base: gtex HTTP 422: Unprocessable Entity
2026-06-06 12:19:17.307 [ERROR] src.enrichment.client_base: gtex HTTP 422: Unprocessable Entity
2026-06-06 12:19:17.403 [ERROR] src.enrichment.client_base: gnomad HTTP 400: Bad Request
2026-06-06 12:19:17.418 [ERROR] src.enrichment.client_base: gnomad HTTP 400: Bad Request
2026-06-06 12:19:17.472 [WARNING] src.enrichment.client_base: clinvar rate limited (429), retrying in 2s...
2026-06-06 12:19:17.558 [ERROR] src.enrichment.client_base: gtex HTTP 422: Unprocessable Entity
2026-06-06 12:19:17.585 [ERROR] src.enrichment.client_base: gtex HTTP 422: Unprocessable Entity
2026-06-06 12:19:17.611 [ERROR] src.enrichment.client_base: gtex HTTP 422: Unprocessable Entity
2026-06-06 12:19:17.633 [ERROR] src.enrichment.client_base: gnomad HTTP 400: Bad Request
2026-06-06 12:19:17.733 [ERROR] src.enrichment.client_base: gtex HTTP 422: Unprocessable Entity
2026-06-06 12:19:18.064 [ERROR] src.enrichment.client_base: gtex HTTP 422: Unprocessable Entity
2026-06-06 12:19:18.144 [ERROR] src.enrichment.client_base: gnomad HTTP 400: Bad Request
2026-06-06 12:19:18.181 [ERROR] src.enrichment.client_base: gnomad HTTP 400: Bad Request
2026-06-06 12:19:18.292 [ERROR] src.enrichment.client_base: gnomad HTTP 400: Bad Request
2026-06-06 12:19:18.506 [ERROR] src.enrichment.client_base: gnomad HTTP 400: Bad Request
2026-06-06 12:19:18.511 [ERROR] src.enrichment.client_base: gnomad HTTP 400: Bad Request
2026-06-06 12:19:18.516 [ERROR] src.enrichment.client_base: gnomad HTTP 400: Bad Request
2026-06-06 12:19:18.589 [ERROR] src.enrichment.client_base: gnomad HTTP 400: Bad Request
2026-06-06 12:19:18.671 [ERROR] src.enrichment.client_base: gtex HTTP 422: Unprocessable Entity
2026-06-06 12:19:18.861 [ERROR] src.enrichment.client_base: gnomad HTTP 400: Bad Request
2026-06-06 12:19:19.011 [ERROR] src.enrichment.client_base: gnomad HTTP 400: Bad Request
2026-06-06 12:19:19.094 [ERROR] src.enrichment.client_base: gtex HTTP 422: Unprocessable Entity
2026-06-06 12:19:19.321 [ERROR] src.enrichment.client_base: gnomad HTTP 400: Bad Request
2026-06-06 12:19:19.559 [ERROR] src.enrichment.client_base: gtex HTTP 422: Unprocessable Entity
2026-06-06 12:19:19.608 [ERROR] src.enrichment.client_base: gtex HTTP 422: Unprocessable Entity
2026-06-06 12:19:19.649 [ERROR] src.enrichment.client_base: gnomad HTTP 400: Bad Request
2026-06-06 12:19:19.760 [ERROR] src.enrichment.client_base: gnomad HTTP 400: Bad Request
2026-06-06 12:19:19.799 [ERROR] src.enrichment.client_base: gnomad HTTP 400: Bad Request
2026-06-06 12:19:19.843 [ERROR] src.enrichment.client_base: gtex HTTP 422: Unprocessable Entity
2026-06-06 12:19:19.845 [ERROR] src.enrichment.client_base: gnomad HTTP 400: Bad Request
2026-06-06 12:19:19.972 [ERROR] src.enrichment.client_base: gtex HTTP 422: Unprocessable Entity
2026-06-06 12:19:20.042 [ERROR] src.enrichment.client_base: gtex HTTP 422: Unprocessable Entity
2026-06-06 12:19:20.268 [ERROR] src.enrichment.client_base: gnomad HTTP 400: Bad Request
2026-06-06 12:19:20.307 [ERROR] src.enrichment.client_base: gtex HTTP 422: Unprocessable Entity
2026-06-06 12:19:20.393 [ERROR] src.enrichment.client_base: gnomad HTTP 400: Bad Request
2026-06-06 12:19:20.466 [ERROR] src.enrichment.client_base: gnomad HTTP 400: Bad Request
2026-06-06 12:19:20.490 [ERROR] src.enrichment.client_base: gnomad HTTP 400: Bad Request
2026-06-06 12:19:20.533 [ERROR] src.enrichment.client_base: gtex HTTP 422: Unprocessable Entity
2026-06-06 12:19:20.757 [ERROR] src.enrichment.client_base: gnomad HTTP 400: Bad Request
2026-06-06 12:19:20.844 [WARNING] src.enrichment.client_base: clinvar rate limited (429), retrying in 4s...
2026-06-06 12:19:20.892 [WARNING] src.enrichment.client_base: clinvar rate limited (429), retrying in 8s...
2026-06-06 12:19:20.975 [WARNING] src.enrichment.client_base: clinvar rate limited (429), retrying in 1s...
2026-06-06 12:19:21.084 [ERROR] src.enrichment.client_base: gnomad HTTP 400: Bad Request
2026-06-06 12:19:21.239 [ERROR] src.enrichment.client_base: gtex HTTP 422: Unprocessable Entity
2026-06-06 12:19:21.804 [ERROR] src.enrichment.client_base: gtex HTTP 422: Unprocessable Entity
2026-06-06 12:19:21.804 [WARNING] src.enrichment.client_base: gnomad rate limited (429), retrying in 2s...
2026-06-06 12:19:21.841 [WARNING] src.enrichment.client_base: gnomad rate limited (429), retrying in 2s...
2026-06-06 12:19:21.868 [ERROR] src.enrichment.client_base: gtex HTTP 422: Unprocessable Entity
2026-06-06 12:19:22.066 [ERROR] src.enrichment.client_base: gtex HTTP 422: Unprocessable Entity
2026-06-06 12:19:22.073 [ERROR] src.enrichment.client_base: gtex HTTP 422: Unprocessable Entity
2026-06-06 12:19:22.084 [WARNING] src.enrichment.client_base: gnomad rate limited (429), retrying in 4s...
2026-06-06 12:19:22.102 [WARNING] src.enrichment.client_base: gnomad rate limited (429), retrying in 4s...
2026-06-06 12:19:22.252 [ERROR] src.enrichment.client_base: gtex HTTP 422: Unprocessable Entity
2026-06-06 12:19:22.336 [ERROR] src.enrichment.client_base: gtex HTTP 422: Unprocessable Entity
2026-06-06 12:19:22.576 [ERROR] src.enrichment.client_base: gnomad HTTP 400: Bad Request
2026-06-06 12:19:22.586 [WARNING] src.enrichment.client_base: gnomad rate limited (429), retrying in 4s...
2026-06-06 12:19:22.626 [ERROR] src.enrichment.client_base: gnomad HTTP 400: Bad Request
2026-06-06 12:19:22.627 [ERROR] src.enrichment.client_base: gnomad HTTP 400: Bad Request
2026-06-06 12:19:22.629 [ERROR] src.enrichment.client_base: gnomad HTTP 400: Bad Request
2026-06-06 12:19:22.650 [ERROR] src.enrichment.client_base: gnomad HTTP 400: Bad Request
2026-06-06 12:19:22.658 [ERROR] src.enrichment.client_base: gnomad HTTP 400: Bad Request
2026-06-06 12:19:22.745 [ERROR] src.enrichment.client_base: gtex HTTP 422: Unprocessable Entity
2026-06-06 12:19:22.912 [ERROR] src.enrichment.client_base: gtex HTTP 422: Unprocessable Entity
2026-06-06 12:19:22.939 [WARNING] src.enrichment.client_base: gnomad rate limited (429), retrying in 1s...
2026-06-06 12:19:22.988 [WARNING] src.enrichment.client_base: gnomad rate limited (429), retrying in 1s...
2026-06-06 12:19:23.015 [WARNING] src.enrichment.client_base: gnomad rate limited (429), retrying in 1s...
2026-06-06 12:19:23.227 [WARNING] src.enrichment.client_base: clinvar rate limited (429), retrying in 1s...
2026-06-06 12:19:23.345 [ERROR] src.enrichment.client_base: gtex HTTP 422: Unprocessable Entity
2026-06-06 12:19:23.816 [ERROR] src.enrichment.client_base: gtex HTTP 422: Unprocessable Entity
2026-06-06 12:19:23.833 [ERROR] src.enrichment.client_base: gtex HTTP 422: Unprocessable Entity
2026-06-06 12:19:23.968 [WARNING] src.enrichment.client_base: gnomad rate limited (429), retrying in 8s...
2026-06-06 12:19:24.127 [WARNING] src.enrichment.client_base: gnomad rate limited (429), retrying in 4s...
2026-06-06 12:19:24.187 [WARNING] src.enrichment.client_base: gnomad rate limited (429), retrying in 4s...
2026-06-06 12:19:24.204 [ERROR] src.enrichment.client_base: gtex HTTP 422: Unprocessable Entity
2026-06-06 12:19:24.250 [WARNING] src.enrichment.client_base: gnomad rate limited (429), retrying in 2s...
2026-06-06 12:19:24.256 [ERROR] src.enrichment.client_base: gtex HTTP 422: Unprocessable Entity
2026-06-06 12:19:24.318 [WARNING] src.enrichment.client_base: gnomad rate limited (429), retrying in 2s...
2026-06-06 12:19:24.337 [WARNING] src.enrichment.client_base: gnomad rate limited (429), retrying in 2s...
2026-06-06 12:19:24.462 [ERROR] src.enrichment.client_base: gtex HTTP 422: Unprocessable Entity
2026-06-06 12:19:24.495 [ERROR] src.enrichment.client_base: gtex HTTP 422: Unprocessable Entity
2026-06-06 12:19:24.729 [WARNING] src.enrichment.client_base: gnomad rate limited (429), retrying in 8s...
2026-06-06 12:19:24.737 [ERROR] src.enrichment.client_base: gtex HTTP 422: Unprocessable Entity
2026-06-06 12:19:24.971 [ERROR] src.enrichment.client_base: gtex HTTP 422: Unprocessable Entity
2026-06-06 12:19:25.004 [ERROR] src.enrichment.client_base: gtex HTTP 422: Unprocessable Entity
2026-06-06 12:19:25.073 [WARNING] src.enrichment.client_base: gnomad rate limited (429), retrying in 8s...
2026-06-06 12:19:25.306 [ERROR] src.enrichment.client_base: gtex HTTP 422: Unprocessable Entity
2026-06-06 12:19:25.361 [WARNING] src.enrichment.client_base: gnomad rate limited (429), retrying in 4s...
2026-06-06 12:19:25.385 [WARNING] src.enrichment.client_base: gnomad rate limited (429), retrying in 4s...
2026-06-06 12:19:25.406 [WARNING] src.enrichment.client_base: gnomad rate limited (429), retrying in 8s...
2026-06-06 12:19:25.779 [ERROR] src.enrichment.client_base: gtex HTTP 422: Unprocessable Entity
2026-06-06 12:19:25.957 [WARNING] src.enrichment.client_base: clinvar rate limited (429), retrying in 8s...
2026-06-06 12:19:26.160 [ERROR] src.enrichment.client_base: gtex HTTP 422: Unprocessable Entity
2026-06-06 12:19:26.345 [ERROR] src.enrichment.client_base: gtex HTTP 422: Unprocessable Entity
2026-06-06 12:19:26.418 [WARNING] src.enrichment.client_base: gnomad rate limited (429), retrying in 8s...
2026-06-06 12:19:26.429 [WARNING] src.enrichment.client_base: gnomad rate limited (429), retrying in 8s...
2026-06-06 12:19:26.517 [ERROR] src.enrichment.client_base: gtex HTTP 422: Unprocessable Entity
2026-06-06 12:19:26.525 [ERROR] src.enrichment.client_base: gtex HTTP 422: Unprocessable Entity
2026-06-06 12:19:26.608 [WARNING] src.enrichment.client_base: gnomad rate limited (429), retrying in 4s...
2026-06-06 12:19:26.639 [WARNING] src.enrichment.client_base: gnomad rate limited (429), retrying in 4s...
2026-06-06 12:19:26.652 [ERROR] src.enrichment.client_base: gtex HTTP 422: Unprocessable Entity
2026-06-06 12:19:26.920 [WARNING] src.enrichment.client_base: gnomad rate limited (429), retrying in 8s...
2026-06-06 12:19:27.006 [WARNING] src.enrichment.client_base: gnomad rate limited (429), retrying in 8s...
2026-06-06 12:19:27.150 [ERROR] src.enrichment.client_base: gtex HTTP 422: Unprocessable Entity
2026-06-06 12:19:27.152 [ERROR] src.enrichment.client_base: gtex HTTP 422: Unprocessable Entity
2026-06-06 12:19:27.272 [ERROR] src.enrichment.client_base: gtex HTTP 422: Unprocessable Entity
2026-06-06 12:19:27.406 [WARNING] src.enrichment.client_base: gnomad rate limited (429), retrying in 4s...
2026-06-06 12:19:27.655 [ERROR] src.enrichment.client_base: gtex HTTP 422: Unprocessable Entity
2026-06-06 12:19:27.725 [WARNING] src.enrichment.client_base: clinvar rate limited (429), retrying in 1s...
2026-06-06 12:19:27.800 [ERROR] src.enrichment.client_base: gtex HTTP 422: Unprocessable Entity
2026-06-06 12:19:28.242 [ERROR] src.enrichment.client_base: gtex HTTP 422: Unprocessable Entity
2026-06-06 12:19:28.446 [WARNING] src.enrichment.client_base: gnomad rate limited (429), retrying in 8s...
2026-06-06 12:19:28.495 [WARNING] src.enrichment.client_base: gnomad rate limited (429), retrying in 8s...
2026-06-06 12:19:28.751 [ERROR] src.enrichment.client_base: gtex HTTP 422: Unprocessable Entity
2026-06-06 12:19:28.994 [ERROR] src.enrichment.client_base: gtex HTTP 422: Unprocessable Entity
2026-06-06 12:19:29.014 [ERROR] src.enrichment.client_base: gtex HTTP 422: Unprocessable Entity
2026-06-06 12:19:29.206 [ERROR] src.enrichment.client_base: gtex HTTP 422: Unprocessable Entity
2026-06-06 12:19:29.214 [ERROR] src.enrichment.client_base: gtex HTTP 422: Unprocessable Entity
2026-06-06 12:19:29.719 [WARNING] src.enrichment.client_base: gnomad rate limited (429), retrying in 8s...
2026-06-06 12:19:29.748 [ERROR] src.enrichment.client_base: gtex HTTP 422: Unprocessable Entity
2026-06-06 12:19:29.938 [WARNING] src.enrichment.client_base: clinvar rate limited (429), retrying in 1s...
2026-06-06 12:19:30.040 [WARNING] src.enrichment.client_base: clinvar rate limited (429), retrying in 1s...
2026-06-06 12:19:30.062 [WARNING] src.enrichment.client_base: gnomad rate limited (429), retrying in 8s...
2026-06-06 12:19:30.147 [ERROR] src.enrichment.client_base: gtex HTTP 422: Unprocessable Entity
2026-06-06 12:19:30.256 [ERROR] src.enrichment.client_base: gtex HTTP 422: Unprocessable Entity
2026-06-06 12:19:30.717 [ERROR] src.enrichment.client_base: gtex HTTP 422: Unprocessable Entity
2026-06-06 12:19:30.745 [ERROR] src.enrichment.client_base: gtex HTTP 422: Unprocessable Entity
2026-06-06 12:19:30.951 [WARNING] src.enrichment.client_base: gnomad rate limited (429), retrying in 8s...
2026-06-06 12:19:30.953 [WARNING] src.enrichment.client_base: gnomad rate limited (429), retrying in 8s...
2026-06-06 12:19:31.256 [ERROR] src.enrichment.client_base: gtex HTTP 422: Unprocessable Entity
2026-06-06 12:19:31.670 [ERROR] src.enrichment.client_base: gtex HTTP 422: Unprocessable Entity
2026-06-06 12:19:31.754 [ERROR] src.enrichment.client_base: gtex HTTP 422: Unprocessable Entity
2026-06-06 12:19:31.801 [ERROR] src.enrichment.client_base: gtex HTTP 422: Unprocessable Entity
2026-06-06 12:19:32.000 [WARNING] src.enrichment.client_base: clinvar rate limited (429), retrying in 1s...
2026-06-06 12:19:32.100 [WARNING] src.enrichment.client_base: gnomad rate limited (429), retrying in 8s...
2026-06-06 12:19:32.176 [WARNING] src.enrichment.client_base: clinvar rate limited (429), retrying in 2s...
2026-06-06 12:19:32.226 [ERROR] src.enrichment.client_base: gtex HTTP 422: Unprocessable Entity
2026-06-06 12:19:32.240 [ERROR] src.enrichment.client_base: gtex HTTP 422: Unprocessable Entity
2026-06-06 12:19:32.299 [WARNING] src.enrichment.client_base: gnomad rate limited (429), retrying in 1s...
2026-06-06 12:19:32.360 [ERROR] src.enrichment.client_base: gtex HTTP 422: Unprocessable Entity
2026-06-06 12:19:32.832 [ERROR] src.enrichment.client_base: gtex HTTP 422: Unprocessable Entity
2026-06-06 12:19:33.054 [WARNING] src.enrichment.client_base: gnomad rate limited (429), retrying in 1s...
2026-06-06 12:19:33.267 [ERROR] src.enrichment.client_base: gtex HTTP 422: Unprocessable Entity
2026-06-06 12:19:33.303 [ERROR] src.enrichment.client_base: gtex HTTP 422: Unprocessable Entity
2026-06-06 12:19:33.382 [WARNING] src.enrichment.client_base: gnomad rate limited (429), retrying in 1s...
2026-06-06 12:19:33.459 [ERROR] src.enrichment.client_base: gtex HTTP 422: Unprocessable Entity
2026-06-06 12:19:33.477 [ERROR] src.enrichment.client_base: gtex HTTP 422: Unprocessable Entity
2026-06-06 12:19:33.617 [WARNING] src.enrichment.client_base: gnomad rate limited (429), retrying in 2s...
2026-06-06 12:19:33.723 [WARNING] src.enrichment.client_base: gnomad rate limited (429), retrying in 1s...
2026-06-06 12:19:33.925 [ERROR] src.enrichment.client_base: gtex HTTP 422: Unprocessable Entity
2026-06-06 12:19:33.946 [ERROR] src.enrichment.client_base: gtex HTTP 422: Unprocessable Entity
2026-06-06 12:19:34.104 [ERROR] src.enrichment.client_base: gtex HTTP 422: Unprocessable Entity
2026-06-06 12:19:34.386 [WARNING] src.enrichment.client_base: gnomad rate limited (429), retrying in 2s...
2026-06-06 12:19:34.718 [ERROR] src.enrichment.client_base: gtex HTTP 422: Unprocessable Entity
2026-06-06 12:19:34.728 [WARNING] src.enrichment.client_base: gnomad rate limited (429), retrying in 1s...
2026-06-06 12:19:34.731 [WARNING] src.enrichment.client_base: gnomad rate limited (429), retrying in 2s...
2026-06-06 12:19:34.739 [WARNING] src.enrichment.client_base: gnomad rate limited (429), retrying in 1s...
2026-06-06 12:19:34.762 [ERROR] src.enrichment.client_base: gtex HTTP 422: Unprocessable Entity
2026-06-06 12:19:34.769 [ERROR] src.enrichment.client_base: gtex HTTP 422: Unprocessable Entity
2026-06-06 12:19:34.815 [WARNING] src.enrichment.client_base: clinvar rate limited (429), retrying in 1s...
2026-06-06 12:19:34.825 [ERROR] src.enrichment.client_base: gtex HTTP 422: Unprocessable Entity
2026-06-06 12:19:35.028 [WARNING] src.enrichment.client_base: gnomad rate limited (429), retrying in 2s...
2026-06-06 12:19:35.255 [WARNING] src.enrichment.client_base: gnomad rate limited (429), retrying in 1s...
2026-06-06 12:19:35.306 [ERROR] src.enrichment.client_base: gtex HTTP 422: Unprocessable Entity
2026-06-06 12:19:35.331 [WARNING] src.enrichment.client_base: gnomad rate limited (429), retrying in 1s...
2026-06-06 12:19:35.493 [ERROR] src.enrichment.client_base: gtex HTTP 422: Unprocessable Entity
2026-06-06 12:19:35.772 [ERROR] src.enrichment.client_base: gtex HTTP 422: Unprocessable Entity
2026-06-06 12:19:35.929 [WARNING] src.enrichment.client_base: gnomad rate limited (429), retrying in 4s...
2026-06-06 12:19:35.966 [ERROR] src.enrichment.client_base: gtex HTTP 422: Unprocessable Entity
2026-06-06 12:19:36.064 [WARNING] src.enrichment.client_base: gnomad rate limited (429), retrying in 2s...
2026-06-06 12:19:36.083 [WARNING] src.enrichment.client_base: gnomad rate limited (429), retrying in 2s...
2026-06-06 12:19:36.137 [ERROR] src.enrichment.client_base: gtex HTTP 422: Unprocessable Entity
2026-06-06 12:19:36.375 [WARNING] src.enrichment.client_base: clinvar rate limited (429), retrying in 1s...
2026-06-06 12:19:36.446 [WARNING] src.enrichment.client_base: clinvar rate limited (429), retrying in 4s...
2026-06-06 12:19:36.576 [WARNING] src.enrichment.client_base: gnomad rate limited (429), retrying in 2s...
2026-06-06 12:19:36.594 [ERROR] src.enrichment.client_base: gtex HTTP 422: Unprocessable Entity
2026-06-06 12:19:36.645 [WARNING] src.enrichment.client_base: gnomad rate limited (429), retrying in 2s...
2026-06-06 12:19:36.695 [WARNING] src.enrichment.client_base: gnomad rate limited (429), retrying in 4s...
2026-06-06 12:19:36.733 [ERROR] src.enrichment.client_base: gtex HTTP 422: Unprocessable Entity
2026-06-06 12:19:36.768 [WARNING] src.enrichment.client_base: gnomad rate limited (429), retrying in 1s...
2026-06-06 12:19:36.816 [WARNING] src.enrichment.client_base: gnomad rate limited (429), retrying in 1s...
2026-06-06 12:19:37.056 [WARNING] src.enrichment.client_base: gnomad rate limited (429), retrying in 4s...
2026-06-06 12:19:37.222 [ERROR] src.enrichment.client_base: gtex HTTP 422: Unprocessable Entity
2026-06-06 12:19:37.241 [ERROR] src.enrichment.client_base: gtex HTTP 422: Unprocessable Entity
2026-06-06 12:19:37.245 [ERROR] src.enrichment.client_base: gtex HTTP 422: Unprocessable Entity
2026-06-06 12:19:37.336 [WARNING] src.enrichment.client_base: gnomad rate limited (429), retrying in 4s...
2026-06-06 12:19:37.344 [ERROR] src.enrichment.client_base: gtex HTTP 422: Unprocessable Entity
2026-06-06 12:19:37.949 [ERROR] src.enrichment.client_base: gtex HTTP 422: Unprocessable Entity
2026-06-06 12:19:38.067 [WARNING] src.enrichment.client_base: gnomad rate limited (429), retrying in 1s...
2026-06-06 12:19:38.082 [ERROR] src.enrichment.client_base: gtex HTTP 422: Unprocessable Entity
2026-06-06 12:19:38.131 [WARNING] src.enrichment.client_base: gnomad rate limited (429), retrying in 2s...
2026-06-06 12:19:38.387 [WARNING] src.enrichment.client_base: gnomad rate limited (429), retrying in 4s...
2026-06-06 12:19:38.388 [WARNING] src.enrichment.client_base: gnomad rate limited (429), retrying in 4s...
2026-06-06 12:19:38.396 [WARNING] src.enrichment.client_base: gnomad rate limited (429), retrying in 1s...
2026-06-06 12:19:38.433 [WARNING] src.enrichment.client_base: clinvar rate limited (429), retrying in 2s...
2026-06-06 12:19:38.435 [WARNING] src.enrichment.client_base: gnomad rate limited (429), retrying in 2s...
2026-06-06 12:19:38.472 [ERROR] src.enrichment.client_base: gtex HTTP 422: Unprocessable Entity
2026-06-06 12:19:38.707 [ERROR] src.enrichment.client_base: gtex HTTP 422: Unprocessable Entity
2026-06-06 12:19:38.708 [WARNING] src.enrichment.client_base: clinvar rate limited (429), retrying in 1s...
2026-06-06 12:19:38.896 [WARNING] src.enrichment.client_base: gnomad rate limited (429), retrying in 4s...
2026-06-06 12:19:38.942 [ERROR] src.enrichment.client_base: gtex HTTP 422: Unprocessable Entity
2026-06-06 12:19:38.970 [WARNING] src.enrichment.client_base: gnomad rate limited (429), retrying in 4s...
2026-06-06 12:19:39.179 [ERROR] src.enrichment.client_base: gtex HTTP 422: Unprocessable Entity
2026-06-06 12:19:39.267 [WARNING] src.enrichment.client_base: gnomad rate limited (429), retrying in 1s...
2026-06-06 12:19:39.271 [WARNING] src.enrichment.client_base: gnomad rate limited (429), retrying in 1s...
2026-06-06 12:19:39.377 [WARNING] src.enrichment.client_base: gnomad rate limited (429), retrying in 2s...
2026-06-06 12:19:39.423 [ERROR] src.enrichment.client_base: gtex HTTP 422: Unprocessable Entity
2026-06-06 12:19:39.640 [ERROR] src.enrichment.client_base: gtex HTTP 422: Unprocessable Entity
2026-06-06 12:19:39.724 [WARNING] src.enrichment.client_base: gnomad rate limited (429), retrying in 2s...
2026-06-06 12:19:40.247 [WARNING] src.enrichment.client_base: gnomad rate limited (429), retrying in 8s...
2026-06-06 12:19:40.287 [ERROR] src.enrichment.client_base: gtex HTTP 422: Unprocessable Entity
2026-06-06 12:19:40.353 [ERROR] src.enrichment.client_base: gtex HTTP 422: Unprocessable Entity
2026-06-06 12:19:40.422 [WARNING] src.enrichment.client_base: gnomad rate limited (429), retrying in 1s...
2026-06-06 12:19:40.435 [WARNING] src.enrichment.client_base: gnomad rate limited (429), retrying in 4s...
2026-06-06 12:19:40.600 [WARNING] src.enrichment.client_base: gnomad rate limited (429), retrying in 2s...
2026-06-06 12:19:40.645 [WARNING] src.enrichment.client_base: gnomad rate limited (429), retrying in 2s...
2026-06-06 12:19:40.754 [ERROR] src.enrichment.client_base: gtex HTTP 422: Unprocessable Entity
2026-06-06 12:19:40.757 [WARNING] src.enrichment.client_base: gnomad rate limited (429), retrying in 4s...
2026-06-06 12:19:40.782 [ERROR] src.enrichment.client_base: gtex HTTP 422: Unprocessable Entity
2026-06-06 12:19:40.929 [ERROR] src.enrichment.client_base: gtex HTTP 422: Unprocessable Entity
2026-06-06 12:19:41.001 [WARNING] src.enrichment.client_base: gnomad rate limited (429), retrying in 8s...
2026-06-06 12:19:41.413 [WARNING] src.enrichment.client_base: gnomad rate limited (429), retrying in 8s...
2026-06-06 12:19:41.413 [WARNING] src.enrichment.client_base: clinvar rate limited (429), retrying in 8s...
2026-06-06 12:19:41.576 [ERROR] src.enrichment.client_base: gtex HTTP 422: Unprocessable Entity
2026-06-06 12:19:41.605 [WARNING] src.enrichment.client_base: clinvar rate limited (429), retrying in 4s...
2026-06-06 12:19:41.646 [WARNING] src.enrichment.client_base: gnomad rate limited (429), retrying in 8s...
2026-06-06 12:19:41.680 [WARNING] src.enrichment.client_base: gnomad rate limited (429), retrying in 4s...
2026-06-06 12:19:41.709 [ERROR] src.enrichment.client_base: gtex HTTP 422: Unprocessable Entity
2026-06-06 12:19:41.742 [ERROR] src.enrichment.client_base: gtex HTTP 422: Unprocessable Entity
2026-06-06 12:19:41.748 [WARNING] src.enrichment.client_base: gnomad rate limited (429), retrying in 2s...
2026-06-06 12:19:41.759 [WARNING] src.enrichment.client_base: clinvar rate limited (429), retrying in 1s...
2026-06-06 12:19:42.038 [WARNING] src.enrichment.client_base: gnomad rate limited (429), retrying in 4s...
2026-06-06 12:19:42.213 [ERROR] src.enrichment.client_base: gtex HTTP 422: Unprocessable Entity
2026-06-06 12:19:42.428 [ERROR] src.enrichment.client_base: gtex HTTP 422: Unprocessable Entity
2026-06-06 12:19:42.696 [WARNING] src.enrichment.client_base: gnomad rate limited (429), retrying in 8s...
2026-06-06 12:19:42.705 [WARNING] src.enrichment.client_base: gnomad rate limited (429), retrying in 8s...
2026-06-06 12:19:42.761 [ERROR] src.enrichment.client_base: gtex HTTP 422: Unprocessable Entity
2026-06-06 12:19:42.900 [ERROR] src.enrichment.client_base: gtex HTTP 422: Unprocessable Entity
2026-06-06 12:19:42.915 [WARNING] src.enrichment.client_base: gnomad rate limited (429), retrying in 4s...
2026-06-06 12:19:42.963 [WARNING] src.enrichment.client_base: gnomad rate limited (429), retrying in 4s...
2026-06-06 12:19:43.276 [WARNING] src.enrichment.client_base: gnomad rate limited (429), retrying in 8s...
2026-06-06 12:19:43.293 [ERROR] src.enrichment.client_base: gtex HTTP 422: Unprocessable Entity
2026-06-06 12:19:43.424 [ERROR] src.enrichment.client_base: gtex HTTP 422: Unprocessable Entity
2026-06-06 12:19:43.433 [ERROR] src.enrichment.client_base: gtex HTTP 422: Unprocessable Entity
2026-06-06 12:19:43.586 [WARNING] src.enrichment.client_base: gnomad rate limited (429), retrying in 8s...
2026-06-06 12:19:43.791 [ERROR] src.enrichment.client_base: gtex HTTP 422: Unprocessable Entity
2026-06-06 12:19:43.928 [ERROR] src.enrichment.client_base: gtex HTTP 422: Unprocessable Entity
2026-06-06 12:19:44.050 [ERROR] src.enrichment.client_base: gtex HTTP 422: Unprocessable Entity
2026-06-06 12:19:44.052 [WARNING] src.enrichment.client_base: gnomad rate limited (429), retrying in 4s...
2026-06-06 12:19:44.080 [ERROR] src.enrichment.client_base: gtex HTTP 422: Unprocessable Entity
2026-06-06 12:19:44.410 [ERROR] src.enrichment.client_base: gtex HTTP 422: Unprocessable Entity
2026-06-06 12:19:44.782 [WARNING] src.enrichment.client_base: gnomad rate limited (429), retrying in 8s...
2026-06-06 12:19:44.833 [ERROR] src.enrichment.client_base: gtex HTTP 422: Unprocessable Entity
2026-06-06 12:19:45.221 [ERROR] src.enrichment.client_base: gtex HTTP 422: Unprocessable Entity
2026-06-06 12:19:45.278 [ERROR] src.enrichment.client_base: gtex HTTP 422: Unprocessable Entity
2026-06-06 12:19:45.367 [ERROR] src.enrichment.client_base: gtex HTTP 422: Unprocessable Entity
2026-06-06 12:19:45.446 [WARNING] src.enrichment.client_base: gnomad rate limited (429), retrying in 8s...
2026-06-06 12:19:45.505 [WARNING] src.enrichment.client_base: clinvar rate limited (429), retrying in 1s...
2026-06-06 12:19:45.543 [ERROR] src.enrichment.client_base: gtex HTTP 422: Unprocessable Entity
2026-06-06 12:19:45.815 [ERROR] src.enrichment.client_base: gtex HTTP 422: Unprocessable Entity
2026-06-06 12:19:45.983 [WARNING] src.enrichment.client_base: gnomad rate limited (429), retrying in 8s...
2026-06-06 12:19:46.070 [ERROR] src.enrichment.client_base: gtex HTTP 422: Unprocessable Entity
2026-06-06 12:19:46.203 [ERROR] src.enrichment.client_base: gtex HTTP 422: Unprocessable Entity
2026-06-06 12:19:46.415 [WARNING] src.enrichment.client_base: gnomad rate limited (429), retrying in 8s...
2026-06-06 12:19:46.702 [ERROR] src.enrichment.client_base: gtex HTTP 422: Unprocessable Entity
2026-06-06 12:19:46.790 [ERROR] src.enrichment.client_base: gtex HTTP 422: Unprocessable Entity
2026-06-06 12:19:46.886 [ERROR] src.enrichment.client_base: gtex HTTP 422: Unprocessable Entity
2026-06-06 12:19:46.916 [ERROR] src.enrichment.client_base: gtex HTTP 422: Unprocessable Entity
2026-06-06 12:19:47.226 [WARNING] src.enrichment.client_base: gnomad rate limited (429), retrying in 8s...
2026-06-06 12:19:47.276 [WARNING] src.enrichment.client_base: gnomad rate limited (429), retrying in 8s...
2026-06-06 12:19:47.562 [ERROR] src.enrichment.client_base: gtex HTTP 422: Unprocessable Entity
2026-06-06 12:19:47.957 [ERROR] src.enrichment.client_base: gtex HTTP 422: Unprocessable Entity
2026-06-06 12:19:48.100 [ERROR] src.enrichment.client_base: gtex HTTP 422: Unprocessable Entity
2026-06-06 12:19:48.250 [ERROR] src.enrichment.client_base: gtex HTTP 422: Unprocessable Entity
2026-06-06 12:19:48.293 [ERROR] src.enrichment.client_base: gtex HTTP 422: Unprocessable Entity
2026-06-06 12:19:48.376 [WARNING] src.enrichment.client_base: gnomad rate limited (429), retrying in 8s...
2026-06-06 12:19:48.530 [ERROR] src.enrichment.client_base: gtex HTTP 422: Unprocessable Entity
2026-06-06 12:19:48.535 [WARNING] src.enrichment.client_base: clinvar rate limited (429), retrying in 2s...
2026-06-06 12:19:48.562 [WARNING] src.enrichment.client_base: gnomad rate limited (429), retrying in 1s...
2026-06-06 12:19:48.617 [WARNING] src.enrichment.client_base: clinvar rate limited (429), retrying in 1s...
2026-06-06 12:19:49.043 [ERROR] src.enrichment.client_base: gtex HTTP 422: Unprocessable Entity
2026-06-06 12:19:49.313 [WARNING] src.enrichment.client_base: gnomad rate limited (429), retrying in 1s...
2026-06-06 12:19:49.345 [ERROR] src.enrichment.client_base: gtex HTTP 422: Unprocessable Entity
2026-06-06 12:19:49.368 [ERROR] src.enrichment.client_base: gtex HTTP 422: Unprocessable Entity
2026-06-06 12:19:49.878 [WARNING] src.enrichment.client_base: gnomad rate limited (429), retrying in 2s...
2026-06-06 12:19:50.075 [ERROR] src.enrichment.client_base: gtex HTTP 422: Unprocessable Entity
2026-06-06 12:19:50.116 [WARNING] src.enrichment.client_base: gnomad rate limited (429), retrying in 1s...
2026-06-06 12:19:50.155 [WARNING] src.enrichment.client_base: clinvar rate limited (429), retrying in 2s...
2026-06-06 12:19:50.339 [WARNING] src.enrichment.client_base: gnomad rate limited (429), retrying in 1s...
2026-06-06 12:19:50.521 [ERROR] src.enrichment.client_base: gtex HTTP 422: Unprocessable Entity
2026-06-06 12:19:50.577 [ERROR] src.enrichment.client_base: gtex HTTP 422: Unprocessable Entity
2026-06-06 12:19:50.625 [WARNING] src.enrichment.client_base: gnomad rate limited (429), retrying in 2s...
2026-06-06 12:19:50.730 [ERROR] src.enrichment.client_base: gtex HTTP 422: Unprocessable Entity
2026-06-06 12:19:51.005 [WARNING] src.enrichment.client_base: gnomad rate limited (429), retrying in 1s...
2026-06-06 12:19:51.028 [WARNING] src.enrichment.client_base: gnomad rate limited (429), retrying in 1s...
2026-06-06 12:19:51.053 [ERROR] src.enrichment.client_base: gtex HTTP 422: Unprocessable Entity
2026-06-06 12:19:51.418 [ERROR] src.enrichment.client_base: gtex HTTP 422: Unprocessable Entity
2026-06-06 12:19:51.468 [WARNING] src.enrichment.client_base: gnomad rate limited (429), retrying in 2s...
2026-06-06 12:19:51.622 [WARNING] src.enrichment.client_base: gnomad rate limited (429), retrying in 1s...
2026-06-06 12:19:51.650 [WARNING] src.enrichment.client_base: clinvar rate limited (429), retrying in 4s...
2026-06-06 12:19:51.713 [WARNING] src.enrichment.client_base: clinvar rate limited (429), retrying in 1s...
2026-06-06 12:19:51.999 [WARNING] src.enrichment.client_base: gnomad rate limited (429), retrying in 2s...
2026-06-06 12:19:52.195 [WARNING] src.enrichment.client_base: gnomad rate limited (429), retrying in 4s...
2026-06-06 12:19:52.311 [WARNING] src.enrichment.client_base: gnomad rate limited (429), retrying in 2s...
2026-06-06 12:19:52.349 [WARNING] src.enrichment.client_base: gnomad rate limited (429), retrying in 2s...
2026-06-06 12:19:52.350 [ERROR] src.enrichment.client_base: gtex HTTP 422: Unprocessable Entity
2026-06-06 12:19:52.415 [WARNING] src.enrichment.client_base: gnomad rate limited (429), retrying in 1s...
2026-06-06 12:19:52.443 [ERROR] src.enrichment.client_base: gtex HTTP 422: Unprocessable Entity
2026-06-06 12:19:52.455 [ERROR] src.enrichment.client_base: gtex HTTP 422: Unprocessable Entity
2026-06-06 12:19:52.539 [ERROR] src.enrichment.client_base: gtex HTTP 422: Unprocessable Entity
2026-06-06 12:19:52.829 [ERROR] src.enrichment.client_base: gtex HTTP 422: Unprocessable Entity
2026-06-06 12:19:52.941 [ERROR] src.enrichment.client_base: gtex HTTP 422: Unprocessable Entity
2026-06-06 12:19:52.941 [WARNING] src.enrichment.client_base: gnomad rate limited (429), retrying in 4s...
2026-06-06 12:19:52.941 [WARNING] src.enrichment.client_base: gnomad rate limited (429), retrying in 2s...
2026-06-06 12:19:53.001 [ERROR] src.enrichment.client_base: gtex HTTP 422: Unprocessable Entity
2026-06-06 12:19:53.100 [WARNING] src.enrichment.client_base: gnomad rate limited (429), retrying in 1s...
2026-06-06 12:19:53.296 [ERROR] src.enrichment.client_base: gtex HTTP 422: Unprocessable Entity
2026-06-06 12:19:53.740 [WARNING] src.enrichment.client_base: gnomad rate limited (429), retrying in 2s...
2026-06-06 12:19:53.773 [WARNING] src.enrichment.client_base: gnomad rate limited (429), retrying in 1s...
2026-06-06 12:19:53.775 [WARNING] src.enrichment.client_base: gnomad rate limited (429), retrying in 4s...
2026-06-06 12:19:53.809 [ERROR] src.enrichment.client_base: gtex HTTP 422: Unprocessable Entity
2026-06-06 12:19:53.997 [WARNING] src.enrichment.client_base: clinvar rate limited (429), retrying in 1s...
2026-06-06 12:19:54.269 [ERROR] src.enrichment.client_base: gtex HTTP 422: Unprocessable Entity
2026-06-06 12:19:54.284 [WARNING] src.enrichment.client_base: gnomad rate limited (429), retrying in 1s...
2026-06-06 12:19:54.322 [WARNING] src.enrichment.client_base: gnomad rate limited (429), retrying in 4s...
2026-06-06 12:19:54.371 [ERROR] src.enrichment.client_base: gtex HTTP 422: Unprocessable Entity
2026-06-06 12:19:54.440 [ERROR] src.enrichment.client_base: gtex HTTP 422: Unprocessable Entity
2026-06-06 12:19:54.465 [WARNING] src.enrichment.client_base: gnomad rate limited (429), retrying in 2s...
2026-06-06 12:19:54.472 [ERROR] src.enrichment.client_base: gtex HTTP 422: Unprocessable Entity
2026-06-06 12:19:54.519 [WARNING] src.enrichment.client_base: clinvar rate limited (429), retrying in 1s...
2026-06-06 12:19:54.547 [ERROR] src.enrichment.client_base: gtex HTTP 422: Unprocessable Entity
2026-06-06 12:19:54.638 [WARNING] src.enrichment.client_base: gnomad rate limited (429), retrying in 4s...
2026-06-06 12:19:54.651 [WARNING] src.enrichment.client_base: gnomad rate limited (429), retrying in 4s...
2026-06-06 12:19:54.724 [WARNING] src.enrichment.client_base: gnomad rate limited (429), retrying in 1s...
2026-06-06 12:19:54.776 [ERROR] src.enrichment.client_base: gtex HTTP 422: Unprocessable Entity
2026-06-06 12:19:54.883 [ERROR] src.enrichment.client_base: gtex HTTP 422: Unprocessable Entity
2026-06-06 12:19:54.998 [ERROR] src.enrichment.client_base: gtex HTTP 422: Unprocessable Entity
2026-06-06 12:19:55.022 [ERROR] src.enrichment.client_base: gtex HTTP 422: Unprocessable Entity
2026-06-06 12:19:55.078 [WARNING] src.enrichment.client_base: gnomad rate limited (429), retrying in 2s...
2026-06-06 12:19:55.128 [ERROR] src.enrichment.client_base: gtex HTTP 422: Unprocessable Entity
2026-06-06 12:19:55.225 [ERROR] src.enrichment.client_base: gtex HTTP 422: Unprocessable Entity
2026-06-06 12:19:55.268 [WARNING] src.enrichment.client_base: gnomad rate limited (429), retrying in 4s...
2026-06-06 12:19:55.565 [WARNING] src.enrichment.client_base: gnomad rate limited (429), retrying in 1s...
2026-06-06 12:19:55.586 [WARNING] src.enrichment.client_base: gnomad rate limited (429), retrying in 1s...
2026-06-06 12:19:55.612 [WARNING] src.enrichment.client_base: gnomad rate limited (429), retrying in 2s...
2026-06-06 12:19:55.691 [ERROR] src.enrichment.client_base: gtex HTTP 422: Unprocessable Entity
2026-06-06 12:19:55.977 [ERROR] src.enrichment.client_base: gtex HTTP 422: Unprocessable Entity
2026-06-06 12:19:56.038 [WARNING] src.enrichment.client_base: gnomad rate limited (429), retrying in 2s...
2026-06-06 12:19:56.073 [WARNING] src.enrichment.client_base: gnomad rate limited (429), retrying in 4s...
2026-06-06 12:19:56.378 [ERROR] src.enrichment.client_base: gtex HTTP 422: Unprocessable Entity
2026-06-06 12:19:56.486 [WARNING] src.enrichment.client_base: clinvar rate limited (429), retrying in 2s...
2026-06-06 12:19:56.653 [WARNING] src.enrichment.client_base: clinvar rate limited (429), retrying in 8s...
2026-06-06 12:19:56.719 [WARNING] src.enrichment.client_base: clinvar rate limited (429), retrying in 1s...
2026-06-06 12:19:56.779 [WARNING] src.enrichment.client_base: gnomad rate limited (429), retrying in 4s...
2026-06-06 12:19:56.875 [WARNING] src.enrichment.client_base: gnomad rate limited (429), retrying in 8s...
2026-06-06 12:19:56.881 [ERROR] src.enrichment.client_base: gtex HTTP 422: Unprocessable Entity
2026-06-06 12:19:56.892 [WARNING] src.enrichment.client_base: gnomad rate limited (429), retrying in 2s...
2026-06-06 12:19:56.899 [ERROR] src.enrichment.client_base: gtex HTTP 422: Unprocessable Entity
2026-06-06 12:19:56.933 [WARNING] src.enrichment.client_base: gnomad rate limited (429), retrying in 2s...
2026-06-06 12:19:56.983 [ERROR] src.enrichment.client_base: gtex HTTP 422: Unprocessable Entity
2026-06-06 12:19:57.060 [WARNING] src.enrichment.client_base: gnomad rate limited (429), retrying in 1s...
2026-06-06 12:19:57.183 [ERROR] src.enrichment.client_base: gtex HTTP 422: Unprocessable Entity
2026-06-06 12:19:57.232 [ERROR] src.enrichment.client_base: gtex HTTP 422: Unprocessable Entity
2026-06-06 12:19:57.265 [WARNING] src.enrichment.client_base: gnomad rate limited (429), retrying in 8s...
2026-06-06 12:19:57.386 [WARNING] src.enrichment.client_base: gnomad rate limited (429), retrying in 4s...
2026-06-06 12:19:57.685 [ERROR] src.enrichment.client_base: gtex HTTP 422: Unprocessable Entity
2026-06-06 12:19:57.925 [WARNING] src.enrichment.client_base: gnomad rate limited (429), retrying in 4s...
2026-06-06 12:19:58.080 [WARNING] src.enrichment.client_base: gnomad rate limited (429), retrying in 8s...
2026-06-06 12:19:58.437 [ERROR] src.enrichment.client_base: gtex HTTP 422: Unprocessable Entity
2026-06-06 12:19:58.569 [ERROR] src.enrichment.client_base: gtex HTTP 422: Unprocessable Entity
2026-06-06 12:19:58.649 [WARNING] src.enrichment.client_base: gnomad rate limited (429), retrying in 8s...
2026-06-06 12:19:58.736 [WARNING] src.enrichment.client_base: gnomad rate limited (429), retrying in 4s...
2026-06-06 12:19:58.775 [WARNING] src.enrichment.client_base: gnomad rate limited (429), retrying in 2s...
2026-06-06 12:19:58.968 [WARNING] src.enrichment.client_base: gnomad rate limited (429), retrying in 8s...
2026-06-06 12:19:58.984 [WARNING] src.enrichment.client_base: gnomad rate limited (429), retrying in 8s...
2026-06-06 12:19:59.220 [WARNING] src.enrichment.client_base: gnomad rate limited (429), retrying in 4s...
2026-06-06 12:19:59.222 [ERROR] src.enrichment.client_base: gtex HTTP 422: Unprocessable Entity
2026-06-06 12:19:59.278 [WARNING] src.enrichment.client_base: gnomad rate limited (429), retrying in 4s...
2026-06-06 12:19:59.299 [WARNING] src.enrichment.client_base: clinvar rate limited (429), retrying in 4s...
2026-06-06 12:19:59.380 [WARNING] src.enrichment.client_base: clinvar rate limited (429), retrying in 1s...
2026-06-06 12:19:59.493 [ERROR] src.enrichment.client_base: gtex HTTP 422: Unprocessable Entity
2026-06-06 12:19:59.608 [ERROR] src.enrichment.client_base: gtex HTTP 422: Unprocessable Entity
2026-06-06 12:19:59.620 [ERROR] src.enrichment.client_base: gtex HTTP 422: Unprocessable Entity
2026-06-06 12:19:59.629 [WARNING] src.enrichment.client_base: gnomad rate limited (429), retrying in 8s...
2026-06-06 12:19:59.650 [ERROR] src.enrichment.client_base: gtex HTTP 422: Unprocessable Entity
2026-06-06 12:20:00.058 [ERROR] src.enrichment.client_base: gtex HTTP 422: Unprocessable Entity
2026-06-06 12:20:00.069 [ERROR] src.enrichment.client_base: gtex HTTP 422: Unprocessable Entity
2026-06-06 12:20:00.344 [ERROR] src.enrichment.client_base: gtex HTTP 422: Unprocessable Entity
2026-06-06 12:20:00.398 [WARNING] src.enrichment.client_base: gnomad rate limited (429), retrying in 8s...
2026-06-06 12:20:01.086 [WARNING] src.enrichment.client_base: gnomad rate limited (429), retrying in 8s...
2026-06-06 12:20:01.125 [WARNING] src.enrichment.client_base: gnomad rate limited (429), retrying in 4s...
2026-06-06 12:20:01.405 [ERROR] src.enrichment.client_base: gtex HTTP 422: Unprocessable Entity
2026-06-06 12:20:01.471 [ERROR] src.enrichment.client_base: gtex HTTP 422: Unprocessable Entity
2026-06-06 12:20:01.533 [ERROR] src.enrichment.client_base: gtex HTTP 422: Unprocessable Entity
2026-06-06 12:20:01.708 [WARNING] src.enrichment.client_base: gnomad rate limited (429), retrying in 8s...
2026-06-06 12:20:01.872 [ERROR] src.enrichment.client_base: gtex HTTP 422: Unprocessable Entity
2026-06-06 12:20:01.887 [ERROR] src.enrichment.client_base: gtex HTTP 422: Unprocessable Entity
2026-06-06 12:20:01.952 [ERROR] src.enrichment.client_base: gtex HTTP 422: Unprocessable Entity
2026-06-06 12:20:02.236 [WARNING] src.enrichment.client_base: gnomad rate limited (429), retrying in 8s...
2026-06-06 12:20:02.335 [WARNING] src.enrichment.client_base: clinvar rate limited (429), retrying in 1s...
2026-06-06 12:20:02.538 [ERROR] src.enrichment.client_base: gtex HTTP 422: Unprocessable Entity
2026-06-06 12:20:02.575 [ERROR] src.enrichment.client_base: gtex HTTP 422: Unprocessable Entity
2026-06-06 12:20:02.946 [ERROR] src.enrichment.client_base: gtex HTTP 422: Unprocessable Entity
2026-06-06 12:20:03.048 [WARNING] src.enrichment.client_base: gnomad rate limited (429), retrying in 8s...
2026-06-06 12:20:03.072 [ERROR] src.enrichment.client_base: gtex HTTP 422: Unprocessable Entity
2026-06-06 12:20:03.343 [ERROR] src.enrichment.client_base: gtex HTTP 422: Unprocessable Entity
2026-06-06 12:20:03.442 [ERROR] src.enrichment.client_base: gtex HTTP 422: Unprocessable Entity
2026-06-06 12:20:03.460 [ERROR] src.enrichment.client_base: gtex HTTP 422: Unprocessable Entity
2026-06-06 12:20:03.525 [WARNING] src.enrichment.client_base: gnomad rate limited (429), retrying in 8s...
2026-06-06 12:20:03.590 [WARNING] src.enrichment.client_base: gnomad rate limited (429), retrying in 8s...
2026-06-06 12:20:04.009 [ERROR] src.enrichment.client_base: gtex HTTP 422: Unprocessable Entity
2026-06-06 12:20:04.082 [ERROR] src.enrichment.client_base: gtex HTTP 422: Unprocessable Entity
2026-06-06 12:20:04.128 [ERROR] src.enrichment.client_base: gtex HTTP 422: Unprocessable Entity
2026-06-06 12:20:04.372 [ERROR] src.enrichment.client_base: gtex HTTP 422: Unprocessable Entity
2026-06-06 12:20:04.575 [ERROR] src.enrichment.client_base: gtex HTTP 422: Unprocessable Entity
2026-06-06 12:20:04.590 [ERROR] src.enrichment.client_base: gtex HTTP 422: Unprocessable Entity
2026-06-06 12:20:04.603 [ERROR] src.enrichment.client_base: gtex HTTP 422: Unprocessable Entity
2026-06-06 12:20:04.649 [ERROR] src.enrichment.client_base: gtex HTTP 422: Unprocessable Entity
2026-06-06 12:20:04.894 [WARNING] src.enrichment.client_base: clinvar rate limited (429), retrying in 1s...
2026-06-06 12:20:04.953 [ERROR] src.enrichment.client_base: gtex HTTP 422: Unprocessable Entity
2026-06-06 12:20:05.199 [WARNING] src.enrichment.client_base: gnomad rate limited (429), retrying in 1s...
2026-06-06 12:20:05.459 [WARNING] src.enrichment.client_base: gnomad rate limited (429), retrying in 8s...
2026-06-06 12:20:05.527 [ERROR] src.enrichment.client_base: gtex HTTP 422: Unprocessable Entity
2026-06-06 12:20:05.594 [WARNING] src.enrichment.client_base: gnomad rate limited (429), retrying in 1s...
2026-06-06 12:20:05.689 [WARNING] src.enrichment.client_base: clinvar rate limited (429), retrying in 1s...
2026-06-06 12:20:05.914 [ERROR] src.enrichment.client_base: gtex HTTP 422: Unprocessable Entity
2026-06-06 12:20:05.930 [WARNING] src.enrichment.client_base: clinvar rate limited (429), retrying in 1s...
2026-06-06 12:20:06.031 [ERROR] src.enrichment.client_base: gtex HTTP 422: Unprocessable Entity
2026-06-06 12:20:06.101 [ERROR] src.enrichment.client_base: gtex HTTP 422: Unprocessable Entity
2026-06-06 12:20:06.128 [WARNING] src.enrichment.client_base: clinvar rate limited (429), retrying in 2s...
2026-06-06 12:20:06.406 [WARNING] src.enrichment.client_base: gnomad rate limited (429), retrying in 1s...
2026-06-06 12:20:06.524 [WARNING] src.enrichment.client_base: gnomad rate limited (429), retrying in 2s...
2026-06-06 12:20:06.627 [ERROR] src.enrichment.client_base: gtex HTTP 422: Unprocessable Entity
2026-06-06 12:20:06.898 [WARNING] src.enrichment.client_base: gnomad rate limited (429), retrying in 2s...
2026-06-06 12:20:07.047 [ERROR] src.enrichment.client_base: gtex HTTP 422: Unprocessable Entity
2026-06-06 12:20:07.077 [ERROR] src.enrichment.client_base: gtex HTTP 422: Unprocessable Entity
2026-06-06 12:20:07.290 [WARNING] src.enrichment.client_base: gnomad rate limited (429), retrying in 1s...
2026-06-06 12:20:07.294 [WARNING] src.enrichment.client_base: gnomad rate limited (429), retrying in 1s...
2026-06-06 12:20:07.331 [WARNING] src.enrichment.client_base: gnomad rate limited (429), retrying in 1s...
2026-06-06 12:20:07.389 [ERROR] src.enrichment.client_base: gtex HTTP 422: Unprocessable Entity
2026-06-06 12:20:07.542 [ERROR] src.enrichment.client_base: gtex HTTP 422: Unprocessable Entity
2026-06-06 12:20:07.656 [ERROR] src.enrichment.client_base: gtex HTTP 422: Unprocessable Entity
2026-06-06 12:20:07.766 [WARNING] src.enrichment.client_base: gnomad rate limited (429), retrying in 2s...
2026-06-06 12:20:07.953 [WARNING] src.enrichment.client_base: gnomad rate limited (429), retrying in 1s...
2026-06-06 12:20:08.076 [WARNING] src.enrichment.client_base: clinvar rate limited (429), retrying in 1s...
2026-06-06 12:20:08.498 [ERROR] src.enrichment.client_base: gtex HTTP 422: Unprocessable Entity
2026-06-06 12:20:08.594 [WARNING] src.enrichment.client_base: gnomad rate limited (429), retrying in 2s...
2026-06-06 12:20:08.595 [ERROR] src.enrichment.client_base: gtex HTTP 422: Unprocessable Entity
2026-06-06 12:20:08.607 [WARNING] src.enrichment.client_base: gnomad rate limited (429), retrying in 2s...
2026-06-06 12:20:08.643 [WARNING] src.enrichment.client_base: gnomad rate limited (429), retrying in 2s...
2026-06-06 12:20:08.847 [WARNING] src.enrichment.client_base: gnomad rate limited (429), retrying in 4s...
2026-06-06 12:20:08.895 [ERROR] src.enrichment.client_base: gtex HTTP 422: Unprocessable Entity
2026-06-06 12:20:08.949 [ERROR] src.enrichment.client_base: gtex HTTP 422: Unprocessable Entity
2026-06-06 12:20:09.016 [ERROR] src.enrichment.client_base: gtex HTTP 422: Unprocessable Entity
2026-06-06 12:20:09.076 [WARNING] src.enrichment.client_base: gnomad rate limited (429), retrying in 1s...
2026-06-06 12:20:09.132 [ERROR] src.enrichment.client_base: gtex HTTP 422: Unprocessable Entity
2026-06-06 12:20:09.245 [WARNING] src.enrichment.client_base: gnomad rate limited (429), retrying in 4s...
2026-06-06 12:20:09.274 [WARNING] src.enrichment.client_base: gnomad rate limited (429), retrying in 2s...
2026-06-06 12:20:09.350 [ERROR] src.enrichment.client_base: gtex HTTP 422: Unprocessable Entity
2026-06-06 12:20:09.428 [WARNING] src.enrichment.client_base: gnomad rate limited (429), retrying in 1s...
2026-06-06 12:20:09.666 [WARNING] src.enrichment.client_base: clinvar rate limited (429), retrying in 1s...
2026-06-06 12:20:10.028 [WARNING] src.enrichment.client_base: gnomad rate limited (429), retrying in 1s...
2026-06-06 12:20:10.077 [WARNING] src.enrichment.client_base: gnomad rate limited (429), retrying in 4s...
2026-06-06 12:20:10.141 [WARNING] src.enrichment.client_base: clinvar rate limited (429), retrying in 2s...
2026-06-06 12:20:10.402 [ERROR] src.enrichment.client_base: gtex HTTP 422: Unprocessable Entity
2026-06-06 12:20:10.440 [WARNING] src.enrichment.client_base: gnomad rate limited (429), retrying in 2s...
2026-06-06 12:20:10.502 [ERROR] src.enrichment.client_base: gtex HTTP 422: Unprocessable Entity
2026-06-06 12:20:10.544 [WARNING] src.enrichment.client_base: gnomad rate limited (429), retrying in 1s...
2026-06-06 12:20:10.747 [WARNING] src.enrichment.client_base: gnomad rate limited (429), retrying in 2s...
2026-06-06 12:20:10.861 [ERROR] src.enrichment.client_base: gtex HTTP 422: Unprocessable Entity
2026-06-06 12:20:10.873 [ERROR] src.enrichment.client_base: gtex HTTP 422: Unprocessable Entity
2026-06-06 12:20:10.878 [ERROR] src.enrichment.client_base: gtex HTTP 422: Unprocessable Entity
2026-06-06 12:20:10.930 [WARNING] src.enrichment.client_base: gnomad rate limited (429), retrying in 4s...
2026-06-06 12:20:10.946 [WARNING] src.enrichment.client_base: gnomad rate limited (429), retrying in 4s...
2026-06-06 12:20:10.955 [WARNING] src.enrichment.client_base: gnomad rate limited (429), retrying in 4s...
2026-06-06 12:20:11.335 [ERROR] src.enrichment.client_base: gtex HTTP 422: Unprocessable Entity
2026-06-06 12:20:11.355 [WARNING] src.enrichment.client_base: gnomad rate limited (429), retrying in 1s...
2026-06-06 12:20:11.537 [ERROR] src.enrichment.client_base: gtex HTTP 422: Unprocessable Entity
2026-06-06 12:20:11.613 [WARNING] src.enrichment.client_base: gnomad rate limited (429), retrying in 4s...
2026-06-06 12:20:11.692 [WARNING] src.enrichment.client_base: gnomad rate limited (429), retrying in 2s...
2026-06-06 12:20:11.838 [WARNING] src.enrichment.client_base: gnomad rate limited (429), retrying in 1s...
2026-06-06 12:20:11.889 [WARNING] src.enrichment.client_base: gnomad rate limited (429), retrying in 2s...
2026-06-06 12:20:11.916 [WARNING] src.enrichment.client_base: gnomad rate limited (429), retrying in 1s...
2026-06-06 12:20:12.059 [ERROR] src.enrichment.client_base: gtex HTTP 422: Unprocessable Entity
2026-06-06 12:20:12.111 [ERROR] src.enrichment.client_base: gtex HTTP 422: Unprocessable Entity
2026-06-06 12:20:12.468 [WARNING] src.enrichment.client_base: clinvar rate limited (429), retrying in 1s...
2026-06-06 12:20:12.592 [ERROR] src.enrichment.client_base: gnomad HTTP 400: Bad Request
2026-06-06 12:20:12.672 [ERROR] src.enrichment.client_base: gnomad HTTP 400: Bad Request
2026-06-06 12:20:12.962 [ERROR] src.enrichment.client_base: gnomad HTTP 400: Bad Request
2026-06-06 12:20:13.015 [WARNING] src.enrichment.client_base: clinvar rate limited (429), retrying in 1s...
2026-06-06 12:20:13.087 [ERROR] src.enrichment.client_base: gnomad HTTP 400: Bad Request
2026-06-06 12:20:13.094 [ERROR] src.enrichment.client_base: gnomad HTTP 400: Bad Request
2026-06-06 12:20:13.133 [ERROR] src.enrichment.client_base: gtex HTTP 422: Unprocessable Entity
2026-06-06 12:20:13.143 [ERROR] src.enrichment.client_base: gnomad HTTP 400: Bad Request
2026-06-06 12:20:13.162 [ERROR] src.enrichment.client_base: gtex HTTP 422: Unprocessable Entity
2026-06-06 12:20:13.215 [WARNING] src.enrichment.client_base: clinvar rate limited (429), retrying in 4s...
2026-06-06 12:20:13.314 [ERROR] src.enrichment.client_base: gnomad HTTP 400: Bad Request
2026-06-06 12:20:13.351 [ERROR] src.enrichment.client_base: gtex HTTP 422: Unprocessable Entity
2026-06-06 12:20:13.506 [ERROR] src.enrichment.client_base: gnomad HTTP 400: Bad Request
2026-06-06 12:20:13.646 [ERROR] src.enrichment.client_base: gtex HTTP 422: Unprocessable Entity
2026-06-06 12:20:13.699 [ERROR] src.enrichment.client_base: gnomad HTTP 400: Bad Request
2026-06-06 12:20:13.910 [ERROR] src.enrichment.client_base: gnomad HTTP 400: Bad Request
2026-06-06 12:20:14.118 [ERROR] src.enrichment.client_base: gnomad HTTP 400: Bad Request
2026-06-06 12:20:14.168 [ERROR] src.enrichment.client_base: gtex HTTP 422: Unprocessable Entity
2026-06-06 12:20:14.297 [ERROR] src.enrichment.client_base: gnomad HTTP 400: Bad Request
2026-06-06 12:20:14.535 [ERROR] src.enrichment.client_base: gnomad HTTP 400: Bad Request
2026-06-06 12:20:14.834 [ERROR] src.enrichment.client_base: gnomad HTTP 400: Bad Request
2026-06-06 12:20:14.927 [ERROR] src.enrichment.client_base: gnomad HTTP 400: Bad Request
2026-06-06 12:20:15.146 [WARNING] src.enrichment.client_base: clinvar rate limited (429), retrying in 1s...
2026-06-06 12:20:15.163 [ERROR] src.enrichment.client_base: gnomad HTTP 400: Bad Request
2026-06-06 12:20:15.181 [ERROR] src.enrichment.client_base: gnomad HTTP 400: Bad Request
2026-06-06 12:20:15.308 [ERROR] src.enrichment.client_base: gnomad HTTP 400: Bad Request
2026-06-06 12:20:15.354 [ERROR] src.enrichment.client_base: gtex HTTP 422: Unprocessable Entity
2026-06-06 12:20:15.372 [ERROR] src.enrichment.client_base: gnomad HTTP 400: Bad Request
2026-06-06 12:20:15.708 [ERROR] src.enrichment.client_base: gtex HTTP 422: Unprocessable Entity
2026-06-06 12:20:15.841 [ERROR] src.enrichment.client_base: gnomad HTTP 400: Bad Request
2026-06-06 12:20:16.579 [ERROR] src.enrichment.client_base: gtex HTTP 422: Unprocessable Entity
2026-06-06 12:20:16.799 [ERROR] src.enrichment.client_base: gnomad HTTP 400: Bad Request
2026-06-06 12:20:17.055 [ERROR] src.enrichment.client_base: gnomad HTTP 400: Bad Request
2026-06-06 12:20:17.845 [ERROR] src.enrichment.client_base: gtex HTTP 422: Unprocessable Entity
2026-06-06 12:20:18.122 [ERROR] src.enrichment.client_base: gnomad HTTP 400: Bad Request
2026-06-06 12:20:18.290 [WARNING] src.enrichment.client_base: clinvar rate limited (429), retrying in 8s...
2026-06-06 12:20:18.341 [ERROR] src.enrichment.client_base: gnomad HTTP 400: Bad Request
2026-06-06 12:20:18.377 [ERROR] src.enrichment.client_base: gnomad HTTP 400: Bad Request
2026-06-06 12:20:18.385 [ERROR] src.enrichment.client_base: gnomad HTTP 400: Bad Request
2026-06-06 12:20:18.413 [ERROR] src.enrichment.client_base: gnomad HTTP 400: Bad Request
2026-06-06 12:20:18.668 [ERROR] src.enrichment.client_base: gtex HTTP 422: Unprocessable Entity
2026-06-06 12:20:18.796 [WARNING] src.enrichment.client_base: clinvar rate limited (429), retrying in 2s...
2026-06-06 12:20:20.172 [ERROR] src.enrichment.client_base: gtex HTTP 422: Unprocessable Entity
2026-06-06 12:20:20.316 [ERROR] src.enrichment.client_base: gnomad HTTP 400: Bad Request
2026-06-06 12:20:20.352 [ERROR] src.enrichment.client_base: gnomad HTTP 400: Bad Request
2026-06-06 12:20:20.731 [ERROR] src.enrichment.client_base: gnomad HTTP 400: Bad Request
2026-06-06 12:20:21.008 [ERROR] src.enrichment.client_base: gnomad HTTP 400: Bad Request
2026-06-06 12:20:21.033 [WARNING] src.enrichment.client_base: clinvar rate limited (429), retrying in 4s...
2026-06-06 12:20:21.618 [WARNING] src.enrichment.client_base: clinvar rate limited (429), retrying in 1s...
2026-06-06 12:20:22.610 [ERROR] src.enrichment.client_base: gnomad HTTP 400: Bad Request
2026-06-06 12:20:25.791 [WARNING] src.enrichment.client_base: clinvar rate limited (429), retrying in 1s...
2026-06-06 12:20:27.563 [WARNING] src.enrichment.client_base: clinvar rate limited (429), retrying in 2s...
2026-06-06 12:20:28.144 [WARNING] src.enrichment.client_base: clinvar rate limited (429), retrying in 1s...
2026-06-06 12:20:28.729 [WARNING] src.enrichment.client_base: clinvar rate limited (429), retrying in 1s...
2026-06-06 12:20:30.007 [WARNING] src.enrichment.client_base: clinvar rate limited (429), retrying in 2s...
2026-06-06 12:20:30.061 [WARNING] src.enrichment.client_base: clinvar rate limited (429), retrying in 4s...
2026-06-06 12:20:30.211 [WARNING] src.enrichment.client_base: clinvar rate limited (429), retrying in 1s...
2026-06-06 12:20:33.617 [WARNING] src.enrichment.client_base: clinvar rate limited (429), retrying in 4s...
2026-06-06 12:20:33.761 [WARNING] src.enrichment.client_base: clinvar rate limited (429), retrying in 1s...
2026-06-06 12:20:36.723 [WARNING] src.enrichment.client_base: clinvar rate limited (429), retrying in 1s...
2026-06-06 12:20:36.789 [WARNING] src.enrichment.client_base: clinvar rate limited (429), retrying in 2s...
2026-06-06 12:20:39.312 [WARNING] src.enrichment.client_base: clinvar rate limited (429), retrying in 1s...
2026-06-06 12:20:40.096 [WARNING] src.enrichment.client_base: clinvar rate limited (429), retrying in 2s...
2026-06-06 12:20:41.222 [WARNING] src.enrichment.client_base: clinvar rate limited (429), retrying in 4s...
2026-06-06 12:20:41.644 [WARNING] src.enrichment.client_base: clinvar rate limited (429), retrying in 1s...
2026-06-06 12:20:43.158 [WARNING] src.enrichment.client_base: clinvar rate limited (429), retrying in 1s...
2026-06-06 12:20:44.943 [WARNING] src.enrichment.client_base: clinvar rate limited (429), retrying in 2s...
2026-06-06 12:20:45.162 [WARNING] src.enrichment.client_base: clinvar rate limited (429), retrying in 1s...
2026-06-06 12:20:46.915 [WARNING] src.enrichment.client_base: clinvar rate limited (429), retrying in 2s...
2026-06-06 12:20:47.192 [WARNING] src.enrichment.client_base: clinvar rate limited (429), retrying in 4s...
2026-06-06 12:20:47.265 [WARNING] src.enrichment.client_base: clinvar rate limited (429), retrying in 1s...
2026-06-06 12:20:50.625 [WARNING] src.enrichment.client_base: clinvar rate limited (429), retrying in 1s...
2026-06-06 12:20:50.773 [WARNING] src.enrichment.client_base: clinvar rate limited (429), retrying in 2s...
2026-06-06 12:20:53.842 [WARNING] src.enrichment.client_base: clinvar rate limited (429), retrying in 2s...
2026-06-06 12:20:53.957 [WARNING] src.enrichment.client_base: clinvar rate limited (429), retrying in 4s...
2026-06-06 12:20:59.143 [WARNING] src.enrichment.client_base: clinvar rate limited (429), retrying in 1s...
2026-06-06 12:20:59.411 [WARNING] src.enrichment.client_base: clinvar rate limited (429), retrying in 1s...
2026-06-06 12:21:00.443 [WARNING] src.enrichment.client_base: clinvar rate limited (429), retrying in 2s...
2026-06-06 12:21:00.718 [WARNING] src.enrichment.client_base: clinvar rate limited (429), retrying in 1s...
2026-06-06 12:21:02.817 [WARNING] src.enrichment.client_base: clinvar rate limited (429), retrying in 2s...
2026-06-06 12:21:02.986 [WARNING] src.enrichment.client_base: clinvar rate limited (429), retrying in 1s...
2026-06-06 12:21:04.798 [WARNING] src.enrichment.client_base: clinvar rate limited (429), retrying in 1s...
2026-06-06 12:21:06.171 [WARNING] src.enrichment.client_base: clinvar rate limited (429), retrying in 1s...
2026-06-06 12:21:07.686 [WARNING] src.enrichment.client_base: clinvar rate limited (429), retrying in 2s...
2026-06-06 12:21:07.894 [WARNING] src.enrichment.client_base: clinvar rate limited (429), retrying in 2s...
2026-06-06 12:21:10.006 [WARNING] src.enrichment.client_base: clinvar rate limited (429), retrying in 1s...
2026-06-06 12:21:10.193 [WARNING] src.enrichment.client_base: clinvar rate limited (429), retrying in 4s...
2026-06-06 12:21:11.252 [WARNING] src.enrichment.client_base: clinvar rate limited (429), retrying in 2s...
2026-06-06 12:21:11.431 [WARNING] src.enrichment.client_base: clinvar rate limited (429), retrying in 1s...
2026-06-06 12:21:14.645 [WARNING] src.enrichment.client_base: clinvar rate limited (429), retrying in 4s...
2026-06-06 12:21:15.037 [WARNING] src.enrichment.client_base: clinvar rate limited (429), retrying in 1s...
2026-06-06 12:21:15.203 [WARNING] src.enrichment.client_base: clinvar rate limited (429), retrying in 8s...
2026-06-06 12:21:17.071 [WARNING] src.enrichment.client_base: clinvar rate limited (429), retrying in 1s...
2026-06-06 12:21:19.607 [WARNING] src.enrichment.client_base: clinvar rate limited (429), retrying in 1s...
2026-06-06 12:21:19.839 [WARNING] src.enrichment.client_base: clinvar rate limited (429), retrying in 8s...
2026-06-06 12:21:22.615 [WARNING] src.enrichment.client_base: clinvar rate limited (429), retrying in 1s...
2026-06-06 12:21:24.483 [WARNING] src.enrichment.client_base: clinvar rate limited (429), retrying in 1s...
2026-06-06 12:21:24.837 [WARNING] src.enrichment.client_base: clinvar rate limited (429), retrying in 2s...
2026-06-06 12:21:28.709 [WARNING] src.enrichment.client_base: clinvar rate limited (429), retrying in 1s...
2026-06-06 12:21:28.804 [WARNING] src.enrichment.client_base: clinvar rate limited (429), retrying in 4s...
2026-06-06 12:21:30.012 [WARNING] src.enrichment.client_base: clinvar rate limited (429), retrying in 2s...
2026-06-06 12:21:33.419 [WARNING] src.enrichment.client_base: clinvar rate limited (429), retrying in 1s...
2026-06-06 12:21:33.550 [WARNING] src.enrichment.client_base: clinvar rate limited (429), retrying in 1s...
2026-06-06 12:21:33.590 [WARNING] src.enrichment.client_base: clinvar rate limited (429), retrying in 8s...
2026-06-06 12:21:35.470 [WARNING] src.enrichment.client_base: clinvar rate limited (429), retrying in 1s...
2026-06-06 12:21:37.689 [WARNING] src.enrichment.client_base: clinvar rate limited (429), retrying in 1s...
2026-06-06 12:21:38.041 [WARNING] src.enrichment.client_base: clinvar rate limited (429), retrying in 1s...
2026-06-06 12:21:40.356 [WARNING] src.enrichment.client_base: clinvar rate limited (429), retrying in 1s...
2026-06-06 12:21:42.244 [WARNING] src.enrichment.client_base: clinvar rate limited (429), retrying in 1s...
2026-06-06 12:21:42.872 [WARNING] src.enrichment.client_base: clinvar rate limited (429), retrying in 1s...
2026-06-06 12:21:43.058 [WARNING] src.enrichment.client_base: clinvar rate limited (429), retrying in 1s...
2026-06-06 12:21:44.925 [WARNING] src.enrichment.client_base: clinvar rate limited (429), retrying in 1s...
2026-06-06 12:21:45.168 [WARNING] src.enrichment.client_base: clinvar rate limited (429), retrying in 2s...
2026-06-06 12:21:45.384 [WARNING] src.enrichment.client_base: clinvar rate limited (429), retrying in 1s...
2026-06-06 12:21:48.002 [WARNING] src.enrichment.client_base: clinvar rate limited (429), retrying in 2s...
2026-06-06 12:21:50.562 [INFO] main: Stage 6 complete: enriched 352 genes
2026-06-06 12:21:50.571 [INFO] main: Stage 7 complete: report built
2026-06-06 12:21:50.571 [INFO] main: Pipeline completed successfully
2026-06-06 12:21:51.776 [INFO] main: Reports saved: markdown=/Users/zhaorongli/WorkBuddy/2026-06-06-10-32-52/output_v3/sensory_report_20260606_122151.md, json=/Users/zhaorongli/WorkBuddy/2026-06-06-10-32-52/output_v3/sensory_report_20260606_122151.json
